region_code;time;region_name;Electricity demand
ZA;2023-01-01 00:00:00;South Africa;20647.699000000
ZA;2023-01-01 01:00:00;South Africa;19963.180000000
ZA;2023-01-01 02:00:00;South Africa;19354.487000000
ZA;2023-01-01 03:00:00;South Africa;19064.915000000
ZA;2023-01-01 04:00:00;South Africa;18979.814000000
ZA;2023-01-01 05:00:00;South Africa;19050.408000000
ZA;2023-01-01 06:00:00;South Africa;19645.320000000
ZA;2023-01-01 07:00:00;South Africa;20885.546000000
ZA;2023-01-01 08:00:00;South Africa;22169.413000000
ZA;2023-01-01 09:00:00;South Africa;23031.669000000
ZA;2023-01-01 10:00:00;South Africa;23632.593000000
ZA;2023-01-01 11:00:00;South Africa;23651.941000000
ZA;2023-01-01 12:00:00;South Africa;23484.630000000
ZA;2023-01-01 13:00:00;South Africa;23070.400000000
ZA;2023-01-01 14:00:00;South Africa;22550.982000000
ZA;2023-01-01 15:00:00;South Africa;22201.700000000
ZA;2023-01-01 16:00:00;South Africa;22286.848000000
ZA;2023-01-01 17:00:00;South Africa;22129.989000000
ZA;2023-01-01 18:00:00;South Africa;22799.702000000
ZA;2023-01-01 19:00:00;South Africa;23834.207000000
ZA;2023-01-01 20:00:00;South Africa;23698.986000000
ZA;2023-01-01 21:00:00;South Africa;22182.059000000
ZA;2023-01-01 22:00:00;South Africa;20962.572000000
ZA;2023-01-01 23:00:00;South Africa;20087.457000000
ZA;2023-01-02 00:00:00;South Africa;18744.562000000
ZA;2023-01-02 01:00:00;South Africa;18336.440000000
ZA;2023-01-02 02:00:00;South Africa;18272.642000000
ZA;2023-01-02 03:00:00;South Africa;18122.072000000
ZA;2023-01-02 04:00:00;South Africa;18395.054000000
ZA;2023-01-02 05:00:00;South Africa;18732.621000000
ZA;2023-01-02 06:00:00;South Africa;19409.925000000
ZA;2023-01-02 07:00:00;South Africa;20834.654000000
ZA;2023-01-02 08:00:00;South Africa;22138.471000000
ZA;2023-01-02 09:00:00;South Africa;23155.379000000
ZA;2023-01-02 10:00:00;South Africa;23589.401000000
ZA;2023-01-02 11:00:00;South Africa;24171.752000000
ZA;2023-01-02 12:00:00;South Africa;24076.139000000
ZA;2023-01-02 13:00:00;South Africa;23725.342000000
ZA;2023-01-02 14:00:00;South Africa;23417.468000000
ZA;2023-01-02 15:00:00;South Africa;23304.260000000
ZA;2023-01-02 16:00:00;South Africa;23361.604000000
ZA;2023-01-02 17:00:00;South Africa;23644.552000000
ZA;2023-01-02 18:00:00;South Africa;24074.276000000
ZA;2023-01-02 19:00:00;South Africa;25086.468000000
ZA;2023-01-02 20:00:00;South Africa;24543.528000000
ZA;2023-01-02 21:00:00;South Africa;22900.234000000
ZA;2023-01-02 22:00:00;South Africa;21232.358000000
ZA;2023-01-02 23:00:00;South Africa;19977.484000000
ZA;2023-01-03 00:00:00;South Africa;19650.946000000
ZA;2023-01-03 01:00:00;South Africa;19261.347000000
ZA;2023-01-03 02:00:00;South Africa;19046.763000000
ZA;2023-01-03 03:00:00;South Africa;19122.421000000
ZA;2023-01-03 04:00:00;South Africa;19702.467000000
ZA;2023-01-03 05:00:00;South Africa;20547.350000000
ZA;2023-01-03 06:00:00;South Africa;21514.679000000
ZA;2023-01-03 07:00:00;South Africa;22922.959000000
ZA;2023-01-03 08:00:00;South Africa;24404.841000000
ZA;2023-01-03 09:00:00;South Africa;24773.207000000
ZA;2023-01-03 10:00:00;South Africa;25232.164000000
ZA;2023-01-03 11:00:00;South Africa;25481.001000000
ZA;2023-01-03 12:00:00;South Africa;25292.502000000
ZA;2023-01-03 13:00:00;South Africa;25176.646000000
ZA;2023-01-03 14:00:00;South Africa;25496.438000000
ZA;2023-01-03 15:00:00;South Africa;25690.239000000
ZA;2023-01-03 16:00:00;South Africa;25954.485000000
ZA;2023-01-03 17:00:00;South Africa;26023.396000000
ZA;2023-01-03 18:00:00;South Africa;26075.940000000
ZA;2023-01-03 19:00:00;South Africa;26612.049000000
ZA;2023-01-03 20:00:00;South Africa;25743.684000000
ZA;2023-01-03 21:00:00;South Africa;23865.108000000
ZA;2023-01-03 22:00:00;South Africa;22382.977000000
ZA;2023-01-03 23:00:00;South Africa;21313.351000000
ZA;2023-01-04 00:00:00;South Africa;20713.947000000
ZA;2023-01-04 01:00:00;South Africa;20435.436000000
ZA;2023-01-04 02:00:00;South Africa;20204.869000000
ZA;2023-01-04 03:00:00;South Africa;20248.937000000
ZA;2023-01-04 04:00:00;South Africa;20754.029000000
ZA;2023-01-04 05:00:00;South Africa;21745.941000000
ZA;2023-01-04 06:00:00;South Africa;22703.759000000
ZA;2023-01-04 07:00:00;South Africa;23852.681000000
ZA;2023-01-04 08:00:00;South Africa;25513.044000000
ZA;2023-01-04 09:00:00;South Africa;26023.089000000
ZA;2023-01-04 10:00:00;South Africa;26078.122000000
ZA;2023-01-04 11:00:00;South Africa;26110.094000000
ZA;2023-01-04 12:00:00;South Africa;26255.914000000
ZA;2023-01-04 13:00:00;South Africa;26125.173000000
ZA;2023-01-04 14:00:00;South Africa;26125.184000000
ZA;2023-01-04 15:00:00;South Africa;26629.703000000
ZA;2023-01-04 16:00:00;South Africa;26954.287000000
ZA;2023-01-04 17:00:00;South Africa;26866.975000000
ZA;2023-01-04 18:00:00;South Africa;27169.054000000
ZA;2023-01-04 19:00:00;South Africa;27696.460000000
ZA;2023-01-04 20:00:00;South Africa;26452.935000000
ZA;2023-01-04 21:00:00;South Africa;24632.435000000
ZA;2023-01-04 22:00:00;South Africa;22975.133000000
ZA;2023-01-04 23:00:00;South Africa;21616.140000000
ZA;2023-01-05 00:00:00;South Africa;21169.640000000
ZA;2023-01-05 01:00:00;South Africa;20824.388000000
ZA;2023-01-05 02:00:00;South Africa;20779.088000000
ZA;2023-01-05 03:00:00;South Africa;20711.651000000
ZA;2023-01-05 04:00:00;South Africa;21244.958000000
ZA;2023-01-05 05:00:00;South Africa;22223.025000000
ZA;2023-01-05 06:00:00;South Africa;23276.569000000
ZA;2023-01-05 07:00:00;South Africa;24482.311000000
ZA;2023-01-05 08:00:00;South Africa;26038.874000000
ZA;2023-01-05 09:00:00;South Africa;26736.044000000
ZA;2023-01-05 10:00:00;South Africa;27100.038000000
ZA;2023-01-05 11:00:00;South Africa;27107.990000000
ZA;2023-01-05 12:00:00;South Africa;27189.258000000
ZA;2023-01-05 13:00:00;South Africa;27322.267000000
ZA;2023-01-05 14:00:00;South Africa;27328.063000000
ZA;2023-01-05 15:00:00;South Africa;27550.518000000
ZA;2023-01-05 16:00:00;South Africa;27883.624000000
ZA;2023-01-05 17:00:00;South Africa;28070.152000000
ZA;2023-01-05 18:00:00;South Africa;28082.029000000
ZA;2023-01-05 19:00:00;South Africa;28276.109000000
ZA;2023-01-05 20:00:00;South Africa;27342.502000000
ZA;2023-01-05 21:00:00;South Africa;25306.713000000
ZA;2023-01-05 22:00:00;South Africa;23648.714000000
ZA;2023-01-05 23:00:00;South Africa;22400.895000000
ZA;2023-01-06 00:00:00;South Africa;21682.677000000
ZA;2023-01-06 01:00:00;South Africa;21312.824000000
ZA;2023-01-06 02:00:00;South Africa;21073.712000000
ZA;2023-01-06 03:00:00;South Africa;21244.183000000
ZA;2023-01-06 04:00:00;South Africa;21768.119000000
ZA;2023-01-06 05:00:00;South Africa;22663.545000000
ZA;2023-01-06 06:00:00;South Africa;23848.832000000
ZA;2023-01-06 07:00:00;South Africa;25373.269000000
ZA;2023-01-06 08:00:00;South Africa;27019.149000000
ZA;2023-01-06 09:00:00;South Africa;27590.626000000
ZA;2023-01-06 10:00:00;South Africa;27497.786000000
ZA;2023-01-06 11:00:00;South Africa;27491.511000000
ZA;2023-01-06 12:00:00;South Africa;27649.027000000
ZA;2023-01-06 13:00:00;South Africa;27165.344000000
ZA;2023-01-06 14:00:00;South Africa;27385.390000000
ZA;2023-01-06 15:00:00;South Africa;27561.521000000
ZA;2023-01-06 16:00:00;South Africa;27994.894000000
ZA;2023-01-06 17:00:00;South Africa;27898.270000000
ZA;2023-01-06 18:00:00;South Africa;27795.772000000
ZA;2023-01-06 19:00:00;South Africa;28138.315000000
ZA;2023-01-06 20:00:00;South Africa;27461.934000000
ZA;2023-01-06 21:00:00;South Africa;25786.221000000
ZA;2023-01-06 22:00:00;South Africa;24218.536000000
ZA;2023-01-06 23:00:00;South Africa;22925.525000000
ZA;2023-01-07 00:00:00;South Africa;22108.612000000
ZA;2023-01-07 01:00:00;South Africa;21635.402000000
ZA;2023-01-07 02:00:00;South Africa;21317.620000000
ZA;2023-01-07 03:00:00;South Africa;21293.679000000
ZA;2023-01-07 04:00:00;South Africa;21640.299000000
ZA;2023-01-07 05:00:00;South Africa;22026.500000000
ZA;2023-01-07 06:00:00;South Africa;22908.293000000
ZA;2023-01-07 07:00:00;South Africa;24242.678000000
ZA;2023-01-07 08:00:00;South Africa;25885.489000000
ZA;2023-01-07 09:00:00;South Africa;26411.074000000
ZA;2023-01-07 10:00:00;South Africa;26372.871000000
ZA;2023-01-07 11:00:00;South Africa;26226.842000000
ZA;2023-01-07 12:00:00;South Africa;26123.331000000
ZA;2023-01-07 13:00:00;South Africa;25704.585000000
ZA;2023-01-07 14:00:00;South Africa;25390.492000000
ZA;2023-01-07 15:00:00;South Africa;25344.753000000
ZA;2023-01-07 16:00:00;South Africa;25690.120000000
ZA;2023-01-07 17:00:00;South Africa;25855.408000000
ZA;2023-01-07 18:00:00;South Africa;25905.866000000
ZA;2023-01-07 19:00:00;South Africa;26753.406000000
ZA;2023-01-07 20:00:00;South Africa;26400.521000000
ZA;2023-01-07 21:00:00;South Africa;24812.295000000
ZA;2023-01-07 22:00:00;South Africa;23320.484000000
ZA;2023-01-07 23:00:00;South Africa;21944.597000000
ZA;2023-01-08 00:00:00;South Africa;21177.380000000
ZA;2023-01-08 01:00:00;South Africa;20713.175000000
ZA;2023-01-08 02:00:00;South Africa;20428.540000000
ZA;2023-01-08 03:00:00;South Africa;20435.577000000
ZA;2023-01-08 04:00:00;South Africa;20730.031000000
ZA;2023-01-08 05:00:00;South Africa;21014.892000000
ZA;2023-01-08 06:00:00;South Africa;22066.963000000
ZA;2023-01-08 07:00:00;South Africa;23770.932000000
ZA;2023-01-08 08:00:00;South Africa;25061.600000000
ZA;2023-01-08 09:00:00;South Africa;25778.259000000
ZA;2023-01-08 10:00:00;South Africa;25729.249000000
ZA;2023-01-08 11:00:00;South Africa;25585.309000000
ZA;2023-01-08 12:00:00;South Africa;25594.608000000
ZA;2023-01-08 13:00:00;South Africa;25285.084000000
ZA;2023-01-08 14:00:00;South Africa;24916.158000000
ZA;2023-01-08 15:00:00;South Africa;24723.797000000
ZA;2023-01-08 16:00:00;South Africa;25088.015000000
ZA;2023-01-08 17:00:00;South Africa;25212.685000000
ZA;2023-01-08 18:00:00;South Africa;25683.884000000
ZA;2023-01-08 19:00:00;South Africa;26766.424000000
ZA;2023-01-08 20:00:00;South Africa;26395.563000000
ZA;2023-01-08 21:00:00;South Africa;24607.189000000
ZA;2023-01-08 22:00:00;South Africa;22974.569000000
ZA;2023-01-08 23:00:00;South Africa;21641.863000000
ZA;2023-01-09 00:00:00;South Africa;21097.022000000
ZA;2023-01-09 01:00:00;South Africa;20683.907000000
ZA;2023-01-09 02:00:00;South Africa;20666.066000000
ZA;2023-01-09 03:00:00;South Africa;20855.618000000
ZA;2023-01-09 04:00:00;South Africa;21648.148000000
ZA;2023-01-09 05:00:00;South Africa;23068.677000000
ZA;2023-01-09 06:00:00;South Africa;24217.186000000
ZA;2023-01-09 07:00:00;South Africa;25261.583000000
ZA;2023-01-09 08:00:00;South Africa;26562.871000000
ZA;2023-01-09 09:00:00;South Africa;27164.591000000
ZA;2023-01-09 10:00:00;South Africa;27380.695000000
ZA;2023-01-09 11:00:00;South Africa;27468.545000000
ZA;2023-01-09 12:00:00;South Africa;27437.071000000
ZA;2023-01-09 13:00:00;South Africa;27298.368000000
ZA;2023-01-09 14:00:00;South Africa;27377.709000000
ZA;2023-01-09 15:00:00;South Africa;27775.884000000
ZA;2023-01-09 16:00:00;South Africa;27852.803000000
ZA;2023-01-09 17:00:00;South Africa;27827.539000000
ZA;2023-01-09 18:00:00;South Africa;27741.713000000
ZA;2023-01-09 19:00:00;South Africa;28615.794000000
ZA;2023-01-09 20:00:00;South Africa;27933.107000000
ZA;2023-01-09 21:00:00;South Africa;25646.827000000
ZA;2023-01-09 22:00:00;South Africa;23839.929000000
ZA;2023-01-09 23:00:00;South Africa;22507.227000000
ZA;2023-01-10 00:00:00;South Africa;21735.485000000
ZA;2023-01-10 01:00:00;South Africa;21436.865000000
ZA;2023-01-10 02:00:00;South Africa;21283.159000000
ZA;2023-01-10 03:00:00;South Africa;21437.237000000
ZA;2023-01-10 04:00:00;South Africa;22225.160000000
ZA;2023-01-10 05:00:00;South Africa;23400.186000000
ZA;2023-01-10 06:00:00;South Africa;24418.578000000
ZA;2023-01-10 07:00:00;South Africa;25607.976000000
ZA;2023-01-10 08:00:00;South Africa;26905.816000000
ZA;2023-01-10 09:00:00;South Africa;27298.089000000
ZA;2023-01-10 10:00:00;South Africa;27577.618000000
ZA;2023-01-10 11:00:00;South Africa;27623.558000000
ZA;2023-01-10 12:00:00;South Africa;27669.105000000
ZA;2023-01-10 13:00:00;South Africa;27745.309000000
ZA;2023-01-10 14:00:00;South Africa;27900.958000000
ZA;2023-01-10 15:00:00;South Africa;28213.241000000
ZA;2023-01-10 16:00:00;South Africa;28393.682000000
ZA;2023-01-10 17:00:00;South Africa;28200.288000000
ZA;2023-01-10 18:00:00;South Africa;28135.070000000
ZA;2023-01-10 19:00:00;South Africa;28636.021000000
ZA;2023-01-10 20:00:00;South Africa;28076.337000000
ZA;2023-01-10 21:00:00;South Africa;26057.724000000
ZA;2023-01-10 22:00:00;South Africa;24169.988000000
ZA;2023-01-10 23:00:00;South Africa;22929.048000000
ZA;2023-01-11 00:00:00;South Africa;22049.834000000
ZA;2023-01-11 01:00:00;South Africa;21751.693000000
ZA;2023-01-11 02:00:00;South Africa;21541.692000000
ZA;2023-01-11 03:00:00;South Africa;21665.880000000
ZA;2023-01-11 04:00:00;South Africa;22859.077000000
ZA;2023-01-11 05:00:00;South Africa;25048.378000000
ZA;2023-01-11 06:00:00;South Africa;25761.015000000
ZA;2023-01-11 07:00:00;South Africa;25627.630000000
ZA;2023-01-11 08:00:00;South Africa;26506.155000000
ZA;2023-01-11 09:00:00;South Africa;26937.966000000
ZA;2023-01-11 10:00:00;South Africa;27328.135000000
ZA;2023-01-11 11:00:00;South Africa;27597.678000000
ZA;2023-01-11 12:00:00;South Africa;27663.141000000
ZA;2023-01-11 13:00:00;South Africa;27484.801000000
ZA;2023-01-11 14:00:00;South Africa;27754.787000000
ZA;2023-01-11 15:00:00;South Africa;28166.806000000
ZA;2023-01-11 16:00:00;South Africa;28506.434000000
ZA;2023-01-11 17:00:00;South Africa;28478.585000000
ZA;2023-01-11 18:00:00;South Africa;28493.491000000
ZA;2023-01-11 19:00:00;South Africa;29268.921000000
ZA;2023-01-11 20:00:00;South Africa;28533.666000000
ZA;2023-01-11 21:00:00;South Africa;26488.387000000
ZA;2023-01-11 22:00:00;South Africa;24623.998000000
ZA;2023-01-11 23:00:00;South Africa;23221.315000000
ZA;2023-01-12 00:00:00;South Africa;22342.136000000
ZA;2023-01-12 01:00:00;South Africa;22036.860000000
ZA;2023-01-12 02:00:00;South Africa;21921.682000000
ZA;2023-01-12 03:00:00;South Africa;22031.938000000
ZA;2023-01-12 04:00:00;South Africa;23175.814000000
ZA;2023-01-12 05:00:00;South Africa;25264.352000000
ZA;2023-01-12 06:00:00;South Africa;26145.325000000
ZA;2023-01-12 07:00:00;South Africa;26273.971000000
ZA;2023-01-12 08:00:00;South Africa;27291.412000000
ZA;2023-01-12 09:00:00;South Africa;27680.514000000
ZA;2023-01-12 10:00:00;South Africa;28060.819000000
ZA;2023-01-12 11:00:00;South Africa;28295.238000000
ZA;2023-01-12 12:00:00;South Africa;28338.302000000
ZA;2023-01-12 13:00:00;South Africa;28003.160000000
ZA;2023-01-12 14:00:00;South Africa;28027.161000000
ZA;2023-01-12 15:00:00;South Africa;28381.586000000
ZA;2023-01-12 16:00:00;South Africa;28496.319000000
ZA;2023-01-12 17:00:00;South Africa;28417.338000000
ZA;2023-01-12 18:00:00;South Africa;28379.819000000
ZA;2023-01-12 19:00:00;South Africa;29271.307000000
ZA;2023-01-12 20:00:00;South Africa;28596.500000000
ZA;2023-01-12 21:00:00;South Africa;26321.520000000
ZA;2023-01-12 22:00:00;South Africa;24573.351000000
ZA;2023-01-12 23:00:00;South Africa;23342.956000000
ZA;2023-01-13 00:00:00;South Africa;22422.233000000
ZA;2023-01-13 01:00:00;South Africa;21912.242000000
ZA;2023-01-13 02:00:00;South Africa;21793.273000000
ZA;2023-01-13 03:00:00;South Africa;21825.498000000
ZA;2023-01-13 04:00:00;South Africa;22977.016000000
ZA;2023-01-13 05:00:00;South Africa;25381.619000000
ZA;2023-01-13 06:00:00;South Africa;26122.383000000
ZA;2023-01-13 07:00:00;South Africa;26373.185000000
ZA;2023-01-13 08:00:00;South Africa;27481.101000000
ZA;2023-01-13 09:00:00;South Africa;27919.994000000
ZA;2023-01-13 10:00:00;South Africa;28202.674000000
ZA;2023-01-13 11:00:00;South Africa;28236.656000000
ZA;2023-01-13 12:00:00;South Africa;28381.155000000
ZA;2023-01-13 13:00:00;South Africa;28090.472000000
ZA;2023-01-13 14:00:00;South Africa;28153.753000000
ZA;2023-01-13 15:00:00;South Africa;28185.379000000
ZA;2023-01-13 16:00:00;South Africa;28066.896000000
ZA;2023-01-13 17:00:00;South Africa;28050.456000000
ZA;2023-01-13 18:00:00;South Africa;27793.878000000
ZA;2023-01-13 19:00:00;South Africa;28363.769000000
ZA;2023-01-13 20:00:00;South Africa;28227.912000000
ZA;2023-01-13 21:00:00;South Africa;26164.785000000
ZA;2023-01-13 22:00:00;South Africa;24727.028000000
ZA;2023-01-13 23:00:00;South Africa;23351.766000000
ZA;2023-01-14 00:00:00;South Africa;22692.047000000
ZA;2023-01-14 01:00:00;South Africa;22111.875000000
ZA;2023-01-14 02:00:00;South Africa;21891.771000000
ZA;2023-01-14 03:00:00;South Africa;21839.406000000
ZA;2023-01-14 04:00:00;South Africa;22173.591000000
ZA;2023-01-14 05:00:00;South Africa;22821.453000000
ZA;2023-01-14 06:00:00;South Africa;23833.556000000
ZA;2023-01-14 07:00:00;South Africa;25452.282000000
ZA;2023-01-14 08:00:00;South Africa;26811.221000000
ZA;2023-01-14 09:00:00;South Africa;27308.958000000
ZA;2023-01-14 10:00:00;South Africa;27342.739000000
ZA;2023-01-14 11:00:00;South Africa;27168.564000000
ZA;2023-01-14 12:00:00;South Africa;27196.149000000
ZA;2023-01-14 13:00:00;South Africa;26897.742000000
ZA;2023-01-14 14:00:00;South Africa;26583.510000000
ZA;2023-01-14 15:00:00;South Africa;26414.049000000
ZA;2023-01-14 16:00:00;South Africa;26519.870000000
ZA;2023-01-14 17:00:00;South Africa;26658.748000000
ZA;2023-01-14 18:00:00;South Africa;26886.712000000
ZA;2023-01-14 19:00:00;South Africa;27998.317000000
ZA;2023-01-14 20:00:00;South Africa;27136.645000000
ZA;2023-01-14 21:00:00;South Africa;25297.684000000
ZA;2023-01-14 22:00:00;South Africa;23687.954000000
ZA;2023-01-14 23:00:00;South Africa;22548.307000000
ZA;2023-01-15 00:00:00;South Africa;21898.173000000
ZA;2023-01-15 01:00:00;South Africa;21405.080000000
ZA;2023-01-15 02:00:00;South Africa;21189.147000000
ZA;2023-01-15 03:00:00;South Africa;21174.675000000
ZA;2023-01-15 04:00:00;South Africa;21492.362000000
ZA;2023-01-15 05:00:00;South Africa;21829.792000000
ZA;2023-01-15 06:00:00;South Africa;22925.262000000
ZA;2023-01-15 07:00:00;South Africa;24913.966000000
ZA;2023-01-15 08:00:00;South Africa;26206.682000000
ZA;2023-01-15 09:00:00;South Africa;26569.301000000
ZA;2023-01-15 10:00:00;South Africa;26371.990000000
ZA;2023-01-15 11:00:00;South Africa;26346.702000000
ZA;2023-01-15 12:00:00;South Africa;26438.486000000
ZA;2023-01-15 13:00:00;South Africa;26147.934000000
ZA;2023-01-15 14:00:00;South Africa;25663.950000000
ZA;2023-01-15 15:00:00;South Africa;25524.153000000
ZA;2023-01-15 16:00:00;South Africa;25681.468000000
ZA;2023-01-15 17:00:00;South Africa;25996.376000000
ZA;2023-01-15 18:00:00;South Africa;26519.680000000
ZA;2023-01-15 19:00:00;South Africa;27530.130000000
ZA;2023-01-15 20:00:00;South Africa;27445.900000000
ZA;2023-01-15 21:00:00;South Africa;25457.577000000
ZA;2023-01-15 22:00:00;South Africa;23685.951000000
ZA;2023-01-15 23:00:00;South Africa;22369.050000000
ZA;2023-01-16 00:00:00;South Africa;21831.891000000
ZA;2023-01-16 01:00:00;South Africa;21534.889000000
ZA;2023-01-16 02:00:00;South Africa;21371.722000000
ZA;2023-01-16 03:00:00;South Africa;21540.754000000
ZA;2023-01-16 04:00:00;South Africa;22561.846000000
ZA;2023-01-16 05:00:00;South Africa;25123.902000000
ZA;2023-01-16 06:00:00;South Africa;26110.315000000
ZA;2023-01-16 07:00:00;South Africa;26367.902000000
ZA;2023-01-16 08:00:00;South Africa;27830.373000000
ZA;2023-01-16 09:00:00;South Africa;28317.241000000
ZA;2023-01-16 10:00:00;South Africa;28722.657000000
ZA;2023-01-16 11:00:00;South Africa;28844.767000000
ZA;2023-01-16 12:00:00;South Africa;28693.811000000
ZA;2023-01-16 13:00:00;South Africa;28654.782000000
ZA;2023-01-16 14:00:00;South Africa;28651.377000000
ZA;2023-01-16 15:00:00;South Africa;28962.601000000
ZA;2023-01-16 16:00:00;South Africa;28971.808000000
ZA;2023-01-16 17:00:00;South Africa;28644.783000000
ZA;2023-01-16 18:00:00;South Africa;28791.825000000
ZA;2023-01-16 19:00:00;South Africa;29845.421000000
ZA;2023-01-16 20:00:00;South Africa;29069.560000000
ZA;2023-01-16 21:00:00;South Africa;26898.771000000
ZA;2023-01-16 22:00:00;South Africa;24870.565000000
ZA;2023-01-16 23:00:00;South Africa;23309.686000000
ZA;2023-01-17 00:00:00;South Africa;22737.625000000
ZA;2023-01-17 01:00:00;South Africa;22369.043000000
ZA;2023-01-17 02:00:00;South Africa;22375.755000000
ZA;2023-01-17 03:00:00;South Africa;22574.608000000
ZA;2023-01-17 04:00:00;South Africa;23724.342000000
ZA;2023-01-17 05:00:00;South Africa;25979.987000000
ZA;2023-01-17 06:00:00;South Africa;26800.908000000
ZA;2023-01-17 07:00:00;South Africa;27002.790000000
ZA;2023-01-17 08:00:00;South Africa;27857.369000000
ZA;2023-01-17 09:00:00;South Africa;27657.200000000
ZA;2023-01-17 10:00:00;South Africa;28158.583000000
ZA;2023-01-17 11:00:00;South Africa;28280.808000000
ZA;2023-01-17 12:00:00;South Africa;28125.323000000
ZA;2023-01-17 13:00:00;South Africa;28077.387000000
ZA;2023-01-17 14:00:00;South Africa;28343.180000000
ZA;2023-01-17 15:00:00;South Africa;28700.241000000
ZA;2023-01-17 16:00:00;South Africa;29117.107000000
ZA;2023-01-17 17:00:00;South Africa;28801.949000000
ZA;2023-01-17 18:00:00;South Africa;28965.034000000
ZA;2023-01-17 19:00:00;South Africa;29713.656000000
ZA;2023-01-17 20:00:00;South Africa;28927.193000000
ZA;2023-01-17 21:00:00;South Africa;26807.468000000
ZA;2023-01-17 22:00:00;South Africa;25029.129000000
ZA;2023-01-17 23:00:00;South Africa;23614.329000000
ZA;2023-01-18 00:00:00;South Africa;23132.178000000
ZA;2023-01-18 01:00:00;South Africa;22792.439000000
ZA;2023-01-18 02:00:00;South Africa;22616.558000000
ZA;2023-01-18 03:00:00;South Africa;22795.903000000
ZA;2023-01-18 04:00:00;South Africa;24114.865000000
ZA;2023-01-18 05:00:00;South Africa;26543.414000000
ZA;2023-01-18 06:00:00;South Africa;27291.711000000
ZA;2023-01-18 07:00:00;South Africa;26922.457000000
ZA;2023-01-18 08:00:00;South Africa;27881.732000000
ZA;2023-01-18 09:00:00;South Africa;28281.646000000
ZA;2023-01-18 10:00:00;South Africa;28553.778000000
ZA;2023-01-18 11:00:00;South Africa;28738.739000000
ZA;2023-01-18 12:00:00;South Africa;28568.627000000
ZA;2023-01-18 13:00:00;South Africa;28268.954000000
ZA;2023-01-18 14:00:00;South Africa;28270.414000000
ZA;2023-01-18 15:00:00;South Africa;28785.356000000
ZA;2023-01-18 16:00:00;South Africa;29033.468000000
ZA;2023-01-18 17:00:00;South Africa;28826.987000000
ZA;2023-01-18 18:00:00;South Africa;28952.508000000
ZA;2023-01-18 19:00:00;South Africa;29809.497000000
ZA;2023-01-18 20:00:00;South Africa;28964.923000000
ZA;2023-01-18 21:00:00;South Africa;26814.396000000
ZA;2023-01-18 22:00:00;South Africa;24953.480000000
ZA;2023-01-18 23:00:00;South Africa;23518.733000000
ZA;2023-01-19 00:00:00;South Africa;22954.264000000
ZA;2023-01-19 01:00:00;South Africa;22540.737000000
ZA;2023-01-19 02:00:00;South Africa;22504.183000000
ZA;2023-01-19 03:00:00;South Africa;22646.361000000
ZA;2023-01-19 04:00:00;South Africa;23846.161000000
ZA;2023-01-19 05:00:00;South Africa;25985.563000000
ZA;2023-01-19 06:00:00;South Africa;26908.409000000
ZA;2023-01-19 07:00:00;South Africa;26863.801000000
ZA;2023-01-19 08:00:00;South Africa;28089.290000000
ZA;2023-01-19 09:00:00;South Africa;28248.676000000
ZA;2023-01-19 10:00:00;South Africa;28566.975000000
ZA;2023-01-19 11:00:00;South Africa;28794.892000000
ZA;2023-01-19 12:00:00;South Africa;28568.060000000
ZA;2023-01-19 13:00:00;South Africa;28297.317000000
ZA;2023-01-19 14:00:00;South Africa;28639.895000000
ZA;2023-01-19 15:00:00;South Africa;29110.633000000
ZA;2023-01-19 16:00:00;South Africa;29299.619000000
ZA;2023-01-19 17:00:00;South Africa;29182.664000000
ZA;2023-01-19 18:00:00;South Africa;29024.219000000
ZA;2023-01-19 19:00:00;South Africa;29864.606000000
ZA;2023-01-19 20:00:00;South Africa;29134.779000000
ZA;2023-01-19 21:00:00;South Africa;26911.793000000
ZA;2023-01-19 22:00:00;South Africa;25004.237000000
ZA;2023-01-19 23:00:00;South Africa;23612.155000000
ZA;2023-01-20 00:00:00;South Africa;22970.146000000
ZA;2023-01-20 01:00:00;South Africa;22494.045000000
ZA;2023-01-20 02:00:00;South Africa;22654.146000000
ZA;2023-01-20 03:00:00;South Africa;22743.819000000
ZA;2023-01-20 04:00:00;South Africa;23654.474000000
ZA;2023-01-20 05:00:00;South Africa;25888.964000000
ZA;2023-01-20 06:00:00;South Africa;26872.790000000
ZA;2023-01-20 07:00:00;South Africa;26777.521000000
ZA;2023-01-20 08:00:00;South Africa;28083.403000000
ZA;2023-01-20 09:00:00;South Africa;28250.779000000
ZA;2023-01-20 10:00:00;South Africa;28485.165000000
ZA;2023-01-20 11:00:00;South Africa;28775.726000000
ZA;2023-01-20 12:00:00;South Africa;28634.448000000
ZA;2023-01-20 13:00:00;South Africa;28508.347000000
ZA;2023-01-20 14:00:00;South Africa;28481.561000000
ZA;2023-01-20 15:00:00;South Africa;28465.222000000
ZA;2023-01-20 16:00:00;South Africa;28468.385000000
ZA;2023-01-20 17:00:00;South Africa;28067.676000000
ZA;2023-01-20 18:00:00;South Africa;27936.749000000
ZA;2023-01-20 19:00:00;South Africa;28922.196000000
ZA;2023-01-20 20:00:00;South Africa;28173.578000000
ZA;2023-01-20 21:00:00;South Africa;26366.237000000
ZA;2023-01-20 22:00:00;South Africa;24934.632000000
ZA;2023-01-20 23:00:00;South Africa;23634.470000000
ZA;2023-01-21 00:00:00;South Africa;23104.519000000
ZA;2023-01-21 01:00:00;South Africa;22603.610000000
ZA;2023-01-21 02:00:00;South Africa;22290.369000000
ZA;2023-01-21 03:00:00;South Africa;22086.454000000
ZA;2023-01-21 04:00:00;South Africa;22462.529000000
ZA;2023-01-21 05:00:00;South Africa;22862.136000000
ZA;2023-01-21 06:00:00;South Africa;23953.884000000
ZA;2023-01-21 07:00:00;South Africa;25448.774000000
ZA;2023-01-21 08:00:00;South Africa;27057.076000000
ZA;2023-01-21 09:00:00;South Africa;27597.076000000
ZA;2023-01-21 10:00:00;South Africa;27512.347000000
ZA;2023-01-21 11:00:00;South Africa;27214.474000000
ZA;2023-01-21 12:00:00;South Africa;27127.707000000
ZA;2023-01-21 13:00:00;South Africa;26825.648000000
ZA;2023-01-21 14:00:00;South Africa;26625.082000000
ZA;2023-01-21 15:00:00;South Africa;26568.636000000
ZA;2023-01-21 16:00:00;South Africa;26967.584000000
ZA;2023-01-21 17:00:00;South Africa;27071.324000000
ZA;2023-01-21 18:00:00;South Africa;27276.042000000
ZA;2023-01-21 19:00:00;South Africa;28124.031000000
ZA;2023-01-21 20:00:00;South Africa;27559.064000000
ZA;2023-01-21 21:00:00;South Africa;25355.246000000
ZA;2023-01-21 22:00:00;South Africa;23872.001000000
ZA;2023-01-21 23:00:00;South Africa;22745.175000000
ZA;2023-01-22 00:00:00;South Africa;22248.649000000
ZA;2023-01-22 01:00:00;South Africa;21734.487000000
ZA;2023-01-22 02:00:00;South Africa;21480.038000000
ZA;2023-01-22 03:00:00;South Africa;21416.850000000
ZA;2023-01-22 04:00:00;South Africa;21650.573000000
ZA;2023-01-22 05:00:00;South Africa;21897.537000000
ZA;2023-01-22 06:00:00;South Africa;23007.251000000
ZA;2023-01-22 07:00:00;South Africa;24815.342000000
ZA;2023-01-22 08:00:00;South Africa;26293.958000000
ZA;2023-01-22 09:00:00;South Africa;26765.859000000
ZA;2023-01-22 10:00:00;South Africa;26644.222000000
ZA;2023-01-22 11:00:00;South Africa;26430.520000000
ZA;2023-01-22 12:00:00;South Africa;26467.226000000
ZA;2023-01-22 13:00:00;South Africa;26246.333000000
ZA;2023-01-22 14:00:00;South Africa;25904.846000000
ZA;2023-01-22 15:00:00;South Africa;25823.062000000
ZA;2023-01-22 16:00:00;South Africa;26060.720000000
ZA;2023-01-22 17:00:00;South Africa;26351.763000000
ZA;2023-01-22 18:00:00;South Africa;26836.220000000
ZA;2023-01-22 19:00:00;South Africa;28031.101000000
ZA;2023-01-22 20:00:00;South Africa;27647.088000000
ZA;2023-01-22 21:00:00;South Africa;25549.762000000
ZA;2023-01-22 22:00:00;South Africa;23952.684000000
ZA;2023-01-22 23:00:00;South Africa;22724.467000000
ZA;2023-01-23 00:00:00;South Africa;22089.193000000
ZA;2023-01-23 01:00:00;South Africa;21690.094000000
ZA;2023-01-23 02:00:00;South Africa;21543.067000000
ZA;2023-01-23 03:00:00;South Africa;21672.732000000
ZA;2023-01-23 04:00:00;South Africa;22926.702000000
ZA;2023-01-23 05:00:00;South Africa;25802.539000000
ZA;2023-01-23 06:00:00;South Africa;26892.674000000
ZA;2023-01-23 07:00:00;South Africa;26621.440000000
ZA;2023-01-23 08:00:00;South Africa;27855.096000000
ZA;2023-01-23 09:00:00;South Africa;28287.407000000
ZA;2023-01-23 10:00:00;South Africa;28600.963000000
ZA;2023-01-23 11:00:00;South Africa;28617.725000000
ZA;2023-01-23 12:00:00;South Africa;28484.317000000
ZA;2023-01-23 13:00:00;South Africa;28367.965000000
ZA;2023-01-23 14:00:00;South Africa;28633.808000000
ZA;2023-01-23 15:00:00;South Africa;29017.037000000
ZA;2023-01-23 16:00:00;South Africa;29176.277000000
ZA;2023-01-23 17:00:00;South Africa;29040.238000000
ZA;2023-01-23 18:00:00;South Africa;28965.631000000
ZA;2023-01-23 19:00:00;South Africa;30016.444000000
ZA;2023-01-23 20:00:00;South Africa;29445.846000000
ZA;2023-01-23 21:00:00;South Africa;27430.746000000
ZA;2023-01-23 22:00:00;South Africa;25550.926000000
ZA;2023-01-23 23:00:00;South Africa;24122.134000000
ZA;2023-01-24 00:00:00;South Africa;23482.398000000
ZA;2023-01-24 01:00:00;South Africa;23061.142000000
ZA;2023-01-24 02:00:00;South Africa;22860.024000000
ZA;2023-01-24 03:00:00;South Africa;22955.754000000
ZA;2023-01-24 04:00:00;South Africa;24130.261000000
ZA;2023-01-24 05:00:00;South Africa;26562.945000000
ZA;2023-01-24 06:00:00;South Africa;27434.850000000
ZA;2023-01-24 07:00:00;South Africa;27098.889000000
ZA;2023-01-24 08:00:00;South Africa;27990.082000000
ZA;2023-01-24 09:00:00;South Africa;28129.132000000
ZA;2023-01-24 10:00:00;South Africa;28418.236000000
ZA;2023-01-24 11:00:00;South Africa;28359.820000000
ZA;2023-01-24 12:00:00;South Africa;28197.053000000
ZA;2023-01-24 13:00:00;South Africa;28153.449000000
ZA;2023-01-24 14:00:00;South Africa;28355.631000000
ZA;2023-01-24 15:00:00;South Africa;28885.728000000
ZA;2023-01-24 16:00:00;South Africa;29221.985000000
ZA;2023-01-24 17:00:00;South Africa;28989.263000000
ZA;2023-01-24 18:00:00;South Africa;29168.807000000
ZA;2023-01-24 19:00:00;South Africa;29920.781000000
ZA;2023-01-24 20:00:00;South Africa;29324.453000000
ZA;2023-01-24 21:00:00;South Africa;27159.536000000
ZA;2023-01-24 22:00:00;South Africa;25104.601000000
ZA;2023-01-24 23:00:00;South Africa;23700.117000000
ZA;2023-01-25 00:00:00;South Africa;23215.357000000
ZA;2023-01-25 01:00:00;South Africa;22967.946000000
ZA;2023-01-25 02:00:00;South Africa;22834.365000000
ZA;2023-01-25 03:00:00;South Africa;22895.323000000
ZA;2023-01-25 04:00:00;South Africa;24220.926000000
ZA;2023-01-25 05:00:00;South Africa;26732.555000000
ZA;2023-01-25 06:00:00;South Africa;27572.870000000
ZA;2023-01-25 07:00:00;South Africa;27171.799000000
ZA;2023-01-25 08:00:00;South Africa;27968.608000000
ZA;2023-01-25 09:00:00;South Africa;28190.246000000
ZA;2023-01-25 10:00:00;South Africa;28263.413000000
ZA;2023-01-25 11:00:00;South Africa;28369.952000000
ZA;2023-01-25 12:00:00;South Africa;28187.104000000
ZA;2023-01-25 13:00:00;South Africa;28077.891000000
ZA;2023-01-25 14:00:00;South Africa;28294.677000000
ZA;2023-01-25 15:00:00;South Africa;28917.798000000
ZA;2023-01-25 16:00:00;South Africa;29004.175000000
ZA;2023-01-25 17:00:00;South Africa;28875.566000000
ZA;2023-01-25 18:00:00;South Africa;29031.190000000
ZA;2023-01-25 19:00:00;South Africa;29883.469000000
ZA;2023-01-25 20:00:00;South Africa;29056.039000000
ZA;2023-01-25 21:00:00;South Africa;26753.018000000
ZA;2023-01-25 22:00:00;South Africa;24849.496000000
ZA;2023-01-25 23:00:00;South Africa;23590.752000000
ZA;2023-01-26 00:00:00;South Africa;23191.990000000
ZA;2023-01-26 01:00:00;South Africa;22716.229000000
ZA;2023-01-26 02:00:00;South Africa;22620.641000000
ZA;2023-01-26 03:00:00;South Africa;22811.841000000
ZA;2023-01-26 04:00:00;South Africa;23892.823000000
ZA;2023-01-26 05:00:00;South Africa;26696.161000000
ZA;2023-01-26 06:00:00;South Africa;27616.041000000
ZA;2023-01-26 07:00:00;South Africa;27470.051000000
ZA;2023-01-26 08:00:00;South Africa;28454.214000000
ZA;2023-01-26 09:00:00;South Africa;28440.869000000
ZA;2023-01-26 10:00:00;South Africa;28525.798000000
ZA;2023-01-26 11:00:00;South Africa;28650.775000000
ZA;2023-01-26 12:00:00;South Africa;28526.469000000
ZA;2023-01-26 13:00:00;South Africa;28326.123000000
ZA;2023-01-26 14:00:00;South Africa;28523.752000000
ZA;2023-01-26 15:00:00;South Africa;28894.358000000
ZA;2023-01-26 16:00:00;South Africa;29095.384000000
ZA;2023-01-26 17:00:00;South Africa;28944.484000000
ZA;2023-01-26 18:00:00;South Africa;29123.939000000
ZA;2023-01-26 19:00:00;South Africa;30171.537000000
ZA;2023-01-26 20:00:00;South Africa;29331.756000000
ZA;2023-01-26 21:00:00;South Africa;27153.778000000
ZA;2023-01-26 22:00:00;South Africa;25387.770000000
ZA;2023-01-26 23:00:00;South Africa;24012.897000000
ZA;2023-01-27 00:00:00;South Africa;23187.652000000
ZA;2023-01-27 01:00:00;South Africa;22699.238000000
ZA;2023-01-27 02:00:00;South Africa;22645.057000000
ZA;2023-01-27 03:00:00;South Africa;22763.618000000
ZA;2023-01-27 04:00:00;South Africa;23971.007000000
ZA;2023-01-27 05:00:00;South Africa;26563.303000000
ZA;2023-01-27 06:00:00;South Africa;27530.775000000
ZA;2023-01-27 07:00:00;South Africa;27300.772000000
ZA;2023-01-27 08:00:00;South Africa;28353.971000000
ZA;2023-01-27 09:00:00;South Africa;28625.005000000
ZA;2023-01-27 10:00:00;South Africa;28897.294000000
ZA;2023-01-27 11:00:00;South Africa;28780.736000000
ZA;2023-01-27 12:00:00;South Africa;28762.366000000
ZA;2023-01-27 13:00:00;South Africa;28469.899000000
ZA;2023-01-27 14:00:00;South Africa;28514.921000000
ZA;2023-01-27 15:00:00;South Africa;28647.540000000
ZA;2023-01-27 16:00:00;South Africa;28510.887000000
ZA;2023-01-27 17:00:00;South Africa;28280.223000000
ZA;2023-01-27 18:00:00;South Africa;28456.729000000
ZA;2023-01-27 19:00:00;South Africa;29123.234000000
ZA;2023-01-27 20:00:00;South Africa;27974.098000000
ZA;2023-01-27 21:00:00;South Africa;26253.874000000
ZA;2023-01-27 22:00:00;South Africa;24945.367000000
ZA;2023-01-27 23:00:00;South Africa;23681.690000000
ZA;2023-01-28 00:00:00;South Africa;22958.118000000
ZA;2023-01-28 01:00:00;South Africa;22560.711000000
ZA;2023-01-28 02:00:00;South Africa;22345.132000000
ZA;2023-01-28 03:00:00;South Africa;22331.072000000
ZA;2023-01-28 04:00:00;South Africa;22703.371000000
ZA;2023-01-28 05:00:00;South Africa;23168.138000000
ZA;2023-01-28 06:00:00;South Africa;24243.326000000
ZA;2023-01-28 07:00:00;South Africa;25571.783000000
ZA;2023-01-28 08:00:00;South Africa;26672.695000000
ZA;2023-01-28 09:00:00;South Africa;27128.383000000
ZA;2023-01-28 10:00:00;South Africa;27183.007000000
ZA;2023-01-28 11:00:00;South Africa;26911.198000000
ZA;2023-01-28 12:00:00;South Africa;26766.240000000
ZA;2023-01-28 13:00:00;South Africa;26456.936000000
ZA;2023-01-28 14:00:00;South Africa;26274.180000000
ZA;2023-01-28 15:00:00;South Africa;26212.285000000
ZA;2023-01-28 16:00:00;South Africa;26494.167000000
ZA;2023-01-28 17:00:00;South Africa;26480.103000000
ZA;2023-01-28 18:00:00;South Africa;27083.329000000
ZA;2023-01-28 19:00:00;South Africa;27968.645000000
ZA;2023-01-28 20:00:00;South Africa;27350.736000000
ZA;2023-01-28 21:00:00;South Africa;25305.538000000
ZA;2023-01-28 22:00:00;South Africa;23983.806000000
ZA;2023-01-28 23:00:00;South Africa;22901.283000000
ZA;2023-01-29 00:00:00;South Africa;22337.658000000
ZA;2023-01-29 01:00:00;South Africa;21853.294000000
ZA;2023-01-29 02:00:00;South Africa;21587.281000000
ZA;2023-01-29 03:00:00;South Africa;21437.680000000
ZA;2023-01-29 04:00:00;South Africa;21639.505000000
ZA;2023-01-29 05:00:00;South Africa;21762.233000000
ZA;2023-01-29 06:00:00;South Africa;22734.855000000
ZA;2023-01-29 07:00:00;South Africa;24558.289000000
ZA;2023-01-29 08:00:00;South Africa;26088.496000000
ZA;2023-01-29 09:00:00;South Africa;26644.566000000
ZA;2023-01-29 10:00:00;South Africa;26442.921000000
ZA;2023-01-29 11:00:00;South Africa;26361.520000000
ZA;2023-01-29 12:00:00;South Africa;26449.145000000
ZA;2023-01-29 13:00:00;South Africa;26337.604000000
ZA;2023-01-29 14:00:00;South Africa;25948.577000000
ZA;2023-01-29 15:00:00;South Africa;25943.526000000
ZA;2023-01-29 16:00:00;South Africa;26532.658000000
ZA;2023-01-29 17:00:00;South Africa;26764.995000000
ZA;2023-01-29 18:00:00;South Africa;27414.693000000
ZA;2023-01-29 19:00:00;South Africa;28315.738000000
ZA;2023-01-29 20:00:00;South Africa;27955.940000000
ZA;2023-01-29 21:00:00;South Africa;25970.752000000
ZA;2023-01-29 22:00:00;South Africa;24226.193000000
ZA;2023-01-29 23:00:00;South Africa;22908.145000000
ZA;2023-01-30 00:00:00;South Africa;22379.092000000
ZA;2023-01-30 01:00:00;South Africa;22042.144000000
ZA;2023-01-30 02:00:00;South Africa;21921.193000000
ZA;2023-01-30 03:00:00;South Africa;22018.587000000
ZA;2023-01-30 04:00:00;South Africa;23351.450000000
ZA;2023-01-30 05:00:00;South Africa;26063.536000000
ZA;2023-01-30 06:00:00;South Africa;26826.417000000
ZA;2023-01-30 07:00:00;South Africa;26636.857000000
ZA;2023-01-30 08:00:00;South Africa;27894.375000000
ZA;2023-01-30 09:00:00;South Africa;28226.479000000
ZA;2023-01-30 10:00:00;South Africa;28472.306000000
ZA;2023-01-30 11:00:00;South Africa;28427.145000000
ZA;2023-01-30 12:00:00;South Africa;28475.954000000
ZA;2023-01-30 13:00:00;South Africa;28358.947000000
ZA;2023-01-30 14:00:00;South Africa;28524.628000000
ZA;2023-01-30 15:00:00;South Africa;28908.575000000
ZA;2023-01-30 16:00:00;South Africa;29126.483000000
ZA;2023-01-30 17:00:00;South Africa;29153.463000000
ZA;2023-01-30 18:00:00;South Africa;29501.997000000
ZA;2023-01-30 19:00:00;South Africa;30372.977000000
ZA;2023-01-30 20:00:00;South Africa;29513.691000000
ZA;2023-01-30 21:00:00;South Africa;27078.795000000
ZA;2023-01-30 22:00:00;South Africa;24970.690000000
ZA;2023-01-30 23:00:00;South Africa;23595.712000000
ZA;2023-01-31 00:00:00;South Africa;23004.796000000
ZA;2023-01-31 01:00:00;South Africa;22691.682000000
ZA;2023-01-31 02:00:00;South Africa;22635.227000000
ZA;2023-01-31 03:00:00;South Africa;22715.544000000
ZA;2023-01-31 04:00:00;South Africa;23990.136000000
ZA;2023-01-31 05:00:00;South Africa;26830.520000000
ZA;2023-01-31 06:00:00;South Africa;27572.696000000
ZA;2023-01-31 07:00:00;South Africa;27084.758000000
ZA;2023-01-31 08:00:00;South Africa;28036.671000000
ZA;2023-01-31 09:00:00;South Africa;28149.403000000
ZA;2023-01-31 10:00:00;South Africa;28328.937000000
ZA;2023-01-31 11:00:00;South Africa;28169.707000000
ZA;2023-01-31 12:00:00;South Africa;28365.228000000
ZA;2023-01-31 13:00:00;South Africa;28349.150000000
ZA;2023-01-31 14:00:00;South Africa;28487.198000000
ZA;2023-01-31 15:00:00;South Africa;28911.918000000
ZA;2023-01-31 16:00:00;South Africa;29240.812000000
ZA;2023-01-31 17:00:00;South Africa;29245.215000000
ZA;2023-01-31 18:00:00;South Africa;29436.582000000
ZA;2023-01-31 19:00:00;South Africa;30284.586000000
ZA;2023-01-31 20:00:00;South Africa;29313.519000000
ZA;2023-01-31 21:00:00;South Africa;27108.804000000
ZA;2023-01-31 22:00:00;South Africa;24888.093000000
ZA;2023-01-31 23:00:00;South Africa;23584.381000000
ZA;2023-02-01 00:00:00;South Africa;23064.695000000
ZA;2023-02-01 01:00:00;South Africa;22692.853000000
ZA;2023-02-01 02:00:00;South Africa;22690.229000000
ZA;2023-02-01 03:00:00;South Africa;22849.093000000
ZA;2023-02-01 04:00:00;South Africa;24111.244000000
ZA;2023-02-01 05:00:00;South Africa;26838.130000000
ZA;2023-02-01 06:00:00;South Africa;27544.016000000
ZA;2023-02-01 07:00:00;South Africa;27037.061000000
ZA;2023-02-01 08:00:00;South Africa;28075.094000000
ZA;2023-02-01 09:00:00;South Africa;28276.655000000
ZA;2023-02-01 10:00:00;South Africa;28503.970000000
ZA;2023-02-01 11:00:00;South Africa;28579.548000000
ZA;2023-02-01 12:00:00;South Africa;28467.335000000
ZA;2023-02-01 13:00:00;South Africa;28413.090000000
ZA;2023-02-01 14:00:00;South Africa;28603.048000000
ZA;2023-02-01 15:00:00;South Africa;29129.061000000
ZA;2023-02-01 16:00:00;South Africa;29397.176000000
ZA;2023-02-01 17:00:00;South Africa;29171.342000000
ZA;2023-02-01 18:00:00;South Africa;29686.219000000
ZA;2023-02-01 19:00:00;South Africa;30380.390000000
ZA;2023-02-01 20:00:00;South Africa;29133.850000000
ZA;2023-02-01 21:00:00;South Africa;26583.988000000
ZA;2023-02-01 22:00:00;South Africa;24816.251000000
ZA;2023-02-01 23:00:00;South Africa;23576.174000000
ZA;2023-02-02 00:00:00;South Africa;23150.939000000
ZA;2023-02-02 01:00:00;South Africa;22879.129000000
ZA;2023-02-02 02:00:00;South Africa;22807.320000000
ZA;2023-02-02 03:00:00;South Africa;23013.090000000
ZA;2023-02-02 04:00:00;South Africa;24049.698000000
ZA;2023-02-02 05:00:00;South Africa;26659.363000000
ZA;2023-02-02 06:00:00;South Africa;27690.282000000
ZA;2023-02-02 07:00:00;South Africa;27305.047000000
ZA;2023-02-02 08:00:00;South Africa;28330.438000000
ZA;2023-02-02 09:00:00;South Africa;28319.470000000
ZA;2023-02-02 10:00:00;South Africa;28544.128000000
ZA;2023-02-02 11:00:00;South Africa;28669.223000000
ZA;2023-02-02 12:00:00;South Africa;28579.286000000
ZA;2023-02-02 13:00:00;South Africa;28614.006000000
ZA;2023-02-02 14:00:00;South Africa;28915.269000000
ZA;2023-02-02 15:00:00;South Africa;29394.978000000
ZA;2023-02-02 16:00:00;South Africa;29763.542000000
ZA;2023-02-02 17:00:00;South Africa;29743.716000000
ZA;2023-02-02 18:00:00;South Africa;29900.773000000
ZA;2023-02-02 19:00:00;South Africa;30508.105000000
ZA;2023-02-02 20:00:00;South Africa;29453.003000000
ZA;2023-02-02 21:00:00;South Africa;26932.038000000
ZA;2023-02-02 22:00:00;South Africa;25001.684000000
ZA;2023-02-02 23:00:00;South Africa;23614.050000000
ZA;2023-02-03 00:00:00;South Africa;22897.807000000
ZA;2023-02-03 01:00:00;South Africa;22419.509000000
ZA;2023-02-03 02:00:00;South Africa;22421.754000000
ZA;2023-02-03 03:00:00;South Africa;22595.626000000
ZA;2023-02-03 04:00:00;South Africa;23763.286000000
ZA;2023-02-03 05:00:00;South Africa;26366.188000000
ZA;2023-02-03 06:00:00;South Africa;27428.233000000
ZA;2023-02-03 07:00:00;South Africa;26971.913000000
ZA;2023-02-03 08:00:00;South Africa;28113.456000000
ZA;2023-02-03 09:00:00;South Africa;28328.158000000
ZA;2023-02-03 10:00:00;South Africa;28591.853000000
ZA;2023-02-03 11:00:00;South Africa;28700.232000000
ZA;2023-02-03 12:00:00;South Africa;28426.661000000
ZA;2023-02-03 13:00:00;South Africa;28316.617000000
ZA;2023-02-03 14:00:00;South Africa;28395.400000000
ZA;2023-02-03 15:00:00;South Africa;28451.853000000
ZA;2023-02-03 16:00:00;South Africa;28434.464000000
ZA;2023-02-03 17:00:00;South Africa;28323.722000000
ZA;2023-02-03 18:00:00;South Africa;28352.566000000
ZA;2023-02-03 19:00:00;South Africa;29032.812000000
ZA;2023-02-03 20:00:00;South Africa;28057.528000000
ZA;2023-02-03 21:00:00;South Africa;26056.855000000
ZA;2023-02-03 22:00:00;South Africa;24450.512000000
ZA;2023-02-03 23:00:00;South Africa;23367.618000000
ZA;2023-02-04 00:00:00;South Africa;22737.928000000
ZA;2023-02-04 01:00:00;South Africa;22196.017000000
ZA;2023-02-04 02:00:00;South Africa;21928.859000000
ZA;2023-02-04 03:00:00;South Africa;21873.012000000
ZA;2023-02-04 04:00:00;South Africa;22227.559000000
ZA;2023-02-04 05:00:00;South Africa;22828.747000000
ZA;2023-02-04 06:00:00;South Africa;23931.956000000
ZA;2023-02-04 07:00:00;South Africa;25356.516000000
ZA;2023-02-04 08:00:00;South Africa;26906.951000000
ZA;2023-02-04 09:00:00;South Africa;27211.490000000
ZA;2023-02-04 10:00:00;South Africa;27219.163000000
ZA;2023-02-04 11:00:00;South Africa;27157.400000000
ZA;2023-02-04 12:00:00;South Africa;26949.035000000
ZA;2023-02-04 13:00:00;South Africa;26554.787000000
ZA;2023-02-04 14:00:00;South Africa;26298.126000000
ZA;2023-02-04 15:00:00;South Africa;26291.789000000
ZA;2023-02-04 16:00:00;South Africa;26476.669000000
ZA;2023-02-04 17:00:00;South Africa;26814.234000000
ZA;2023-02-04 18:00:00;South Africa;27251.313000000
ZA;2023-02-04 19:00:00;South Africa;28189.840000000
ZA;2023-02-04 20:00:00;South Africa;27035.564000000
ZA;2023-02-04 21:00:00;South Africa;25206.854000000
ZA;2023-02-04 22:00:00;South Africa;23602.273000000
ZA;2023-02-04 23:00:00;South Africa;22455.158000000
ZA;2023-02-05 00:00:00;South Africa;21770.708000000
ZA;2023-02-05 01:00:00;South Africa;21239.080000000
ZA;2023-02-05 02:00:00;South Africa;21013.230000000
ZA;2023-02-05 03:00:00;South Africa;20990.306000000
ZA;2023-02-05 04:00:00;South Africa;21926.841000000
ZA;2023-02-05 05:00:00;South Africa;21311.969000000
ZA;2023-02-05 06:00:00;South Africa;22490.126000000
ZA;2023-02-05 07:00:00;South Africa;24336.643000000
ZA;2023-02-05 08:00:00;South Africa;25440.462000000
ZA;2023-02-05 09:00:00;South Africa;25680.140000000
ZA;2023-02-05 10:00:00;South Africa;25496.914000000
ZA;2023-02-05 11:00:00;South Africa;25493.558000000
ZA;2023-02-05 12:00:00;South Africa;25450.508000000
ZA;2023-02-05 13:00:00;South Africa;25248.697000000
ZA;2023-02-05 14:00:00;South Africa;24979.958000000
ZA;2023-02-05 15:00:00;South Africa;24970.378000000
ZA;2023-02-05 16:00:00;South Africa;25777.311000000
ZA;2023-02-05 17:00:00;South Africa;26227.578000000
ZA;2023-02-05 18:00:00;South Africa;26754.018000000
ZA;2023-02-05 19:00:00;South Africa;27768.479000000
ZA;2023-02-05 20:00:00;South Africa;26911.686000000
ZA;2023-02-05 21:00:00;South Africa;24778.458000000
ZA;2023-02-05 22:00:00;South Africa;23142.084000000
ZA;2023-02-05 23:00:00;South Africa;21885.460000000
ZA;2023-02-06 00:00:00;South Africa;21368.594000000
ZA;2023-02-06 01:00:00;South Africa;21077.869000000
ZA;2023-02-06 02:00:00;South Africa;21021.207000000
ZA;2023-02-06 03:00:00;South Africa;21258.038000000
ZA;2023-02-06 04:00:00;South Africa;22482.585000000
ZA;2023-02-06 05:00:00;South Africa;25391.139000000
ZA;2023-02-06 06:00:00;South Africa;26461.017000000
ZA;2023-02-06 07:00:00;South Africa;26193.468000000
ZA;2023-02-06 08:00:00;South Africa;27314.942000000
ZA;2023-02-06 09:00:00;South Africa;27519.477000000
ZA;2023-02-06 10:00:00;South Africa;27621.415000000
ZA;2023-02-06 11:00:00;South Africa;27736.579000000
ZA;2023-02-06 12:00:00;South Africa;27691.520000000
ZA;2023-02-06 13:00:00;South Africa;27741.522000000
ZA;2023-02-06 14:00:00;South Africa;27922.716000000
ZA;2023-02-06 15:00:00;South Africa;28163.246000000
ZA;2023-02-06 16:00:00;South Africa;28548.776000000
ZA;2023-02-06 17:00:00;South Africa;28539.779000000
ZA;2023-02-06 18:00:00;South Africa;28947.555000000
ZA;2023-02-06 19:00:00;South Africa;29973.394000000
ZA;2023-02-06 20:00:00;South Africa;29122.192000000
ZA;2023-02-06 21:00:00;South Africa;26928.806000000
ZA;2023-02-06 22:00:00;South Africa;24842.391000000
ZA;2023-02-06 23:00:00;South Africa;23337.658000000
ZA;2023-02-07 00:00:00;South Africa;22628.101000000
ZA;2023-02-07 01:00:00;South Africa;22379.674000000
ZA;2023-02-07 02:00:00;South Africa;22210.787000000
ZA;2023-02-07 03:00:00;South Africa;22283.273000000
ZA;2023-02-07 04:00:00;South Africa;23574.062000000
ZA;2023-02-07 05:00:00;South Africa;26527.422000000
ZA;2023-02-07 06:00:00;South Africa;27400.340000000
ZA;2023-02-07 07:00:00;South Africa;26786.714000000
ZA;2023-02-07 08:00:00;South Africa;27490.339000000
ZA;2023-02-07 09:00:00;South Africa;27460.329000000
ZA;2023-02-07 10:00:00;South Africa;27568.393000000
ZA;2023-02-07 11:00:00;South Africa;27566.389000000
ZA;2023-02-07 12:00:00;South Africa;27671.426000000
ZA;2023-02-07 13:00:00;South Africa;27737.185000000
ZA;2023-02-07 14:00:00;South Africa;27785.925000000
ZA;2023-02-07 15:00:00;South Africa;28423.612000000
ZA;2023-02-07 16:00:00;South Africa;28735.040000000
ZA;2023-02-07 17:00:00;South Africa;28818.777000000
ZA;2023-02-07 18:00:00;South Africa;29081.718000000
ZA;2023-02-07 19:00:00;South Africa;29984.268000000
ZA;2023-02-07 20:00:00;South Africa;28901.913000000
ZA;2023-02-07 21:00:00;South Africa;26596.408000000
ZA;2023-02-07 22:00:00;South Africa;24748.190000000
ZA;2023-02-07 23:00:00;South Africa;23381.551000000
ZA;2023-02-08 00:00:00;South Africa;22535.871000000
ZA;2023-02-08 01:00:00;South Africa;22264.498000000
ZA;2023-02-08 02:00:00;South Africa;22117.822000000
ZA;2023-02-08 03:00:00;South Africa;22269.802000000
ZA;2023-02-08 04:00:00;South Africa;23526.088000000
ZA;2023-02-08 05:00:00;South Africa;26188.598000000
ZA;2023-02-08 06:00:00;South Africa;27222.187000000
ZA;2023-02-08 07:00:00;South Africa;26695.019000000
ZA;2023-02-08 08:00:00;South Africa;27337.039000000
ZA;2023-02-08 09:00:00;South Africa;27684.745000000
ZA;2023-02-08 10:00:00;South Africa;27606.383000000
ZA;2023-02-08 11:00:00;South Africa;27715.256000000
ZA;2023-02-08 12:00:00;South Africa;27795.939000000
ZA;2023-02-08 13:00:00;South Africa;27828.037000000
ZA;2023-02-08 14:00:00;South Africa;28051.127000000
ZA;2023-02-08 15:00:00;South Africa;28654.789000000
ZA;2023-02-08 16:00:00;South Africa;29015.968000000
ZA;2023-02-08 17:00:00;South Africa;29038.485000000
ZA;2023-02-08 18:00:00;South Africa;29333.853000000
ZA;2023-02-08 19:00:00;South Africa;29963.561000000
ZA;2023-02-08 20:00:00;South Africa;28917.291000000
ZA;2023-02-08 21:00:00;South Africa;26563.678000000
ZA;2023-02-08 22:00:00;South Africa;24837.332000000
ZA;2023-02-08 23:00:00;South Africa;23585.884000000
ZA;2023-02-09 00:00:00;South Africa;22987.004000000
ZA;2023-02-09 01:00:00;South Africa;22645.739000000
ZA;2023-02-09 02:00:00;South Africa;22688.459000000
ZA;2023-02-09 03:00:00;South Africa;22948.631000000
ZA;2023-02-09 04:00:00;South Africa;24047.477000000
ZA;2023-02-09 05:00:00;South Africa;26742.806000000
ZA;2023-02-09 06:00:00;South Africa;27832.789000000
ZA;2023-02-09 07:00:00;South Africa;27290.657000000
ZA;2023-02-09 08:00:00;South Africa;28174.853000000
ZA;2023-02-09 09:00:00;South Africa;28298.453000000
ZA;2023-02-09 10:00:00;South Africa;28235.219000000
ZA;2023-02-09 11:00:00;South Africa;28328.231000000
ZA;2023-02-09 12:00:00;South Africa;28236.665000000
ZA;2023-02-09 13:00:00;South Africa;28367.768000000
ZA;2023-02-09 14:00:00;South Africa;28733.803000000
ZA;2023-02-09 15:00:00;South Africa;29236.303000000
ZA;2023-02-09 16:00:00;South Africa;29666.707000000
ZA;2023-02-09 17:00:00;South Africa;29732.734000000
ZA;2023-02-09 18:00:00;South Africa;29936.252000000
ZA;2023-02-09 19:00:00;South Africa;30345.445000000
ZA;2023-02-09 20:00:00;South Africa;29323.865000000
ZA;2023-02-09 21:00:00;South Africa;27028.216000000
ZA;2023-02-09 22:00:00;South Africa;25140.415000000
ZA;2023-02-09 23:00:00;South Africa;23834.991000000
ZA;2023-02-10 00:00:00;South Africa;23063.487000000
ZA;2023-02-10 01:00:00;South Africa;22630.993000000
ZA;2023-02-10 02:00:00;South Africa;22611.417000000
ZA;2023-02-10 03:00:00;South Africa;22820.083000000
ZA;2023-02-10 04:00:00;South Africa;23983.117000000
ZA;2023-02-10 05:00:00;South Africa;26566.903000000
ZA;2023-02-10 06:00:00;South Africa;27682.722000000
ZA;2023-02-10 07:00:00;South Africa;27630.848000000
ZA;2023-02-10 08:00:00;South Africa;28555.105000000
ZA;2023-02-10 09:00:00;South Africa;28935.011000000
ZA;2023-02-10 10:00:00;South Africa;29313.536000000
ZA;2023-02-10 11:00:00;South Africa;29460.125000000
ZA;2023-02-10 12:00:00;South Africa;29264.909000000
ZA;2023-02-10 13:00:00;South Africa;29107.099000000
ZA;2023-02-10 14:00:00;South Africa;29223.709000000
ZA;2023-02-10 15:00:00;South Africa;29143.213000000
ZA;2023-02-10 16:00:00;South Africa;29127.410000000
ZA;2023-02-10 17:00:00;South Africa;29050.696000000
ZA;2023-02-10 18:00:00;South Africa;28979.585000000
ZA;2023-02-10 19:00:00;South Africa;29398.696000000
ZA;2023-02-10 20:00:00;South Africa;28330.726000000
ZA;2023-02-10 21:00:00;South Africa;26498.172000000
ZA;2023-02-10 22:00:00;South Africa;25016.802000000
ZA;2023-02-10 23:00:00;South Africa;23806.894000000
ZA;2023-02-11 00:00:00;South Africa;22971.240000000
ZA;2023-02-11 01:00:00;South Africa;22581.197000000
ZA;2023-02-11 02:00:00;South Africa;22368.228000000
ZA;2023-02-11 03:00:00;South Africa;22285.597000000
ZA;2023-02-11 04:00:00;South Africa;22630.617000000
ZA;2023-02-11 05:00:00;South Africa;23152.848000000
ZA;2023-02-11 06:00:00;South Africa;24480.878000000
ZA;2023-02-11 07:00:00;South Africa;26257.782000000
ZA;2023-02-11 08:00:00;South Africa;27733.938000000
ZA;2023-02-11 09:00:00;South Africa;28157.759000000
ZA;2023-02-11 10:00:00;South Africa;28231.151000000
ZA;2023-02-11 11:00:00;South Africa;28063.322000000
ZA;2023-02-11 12:00:00;South Africa;27921.964000000
ZA;2023-02-11 13:00:00;South Africa;27671.400000000
ZA;2023-02-11 14:00:00;South Africa;27309.497000000
ZA;2023-02-11 15:00:00;South Africa;27029.001000000
ZA;2023-02-11 16:00:00;South Africa;27046.500000000
ZA;2023-02-11 17:00:00;South Africa;27382.730000000
ZA;2023-02-11 18:00:00;South Africa;27865.746000000
ZA;2023-02-11 19:00:00;South Africa;28770.327000000
ZA;2023-02-11 20:00:00;South Africa;27414.243000000
ZA;2023-02-11 21:00:00;South Africa;25381.199000000
ZA;2023-02-11 22:00:00;South Africa;24073.933000000
ZA;2023-02-11 23:00:00;South Africa;22938.439000000
ZA;2023-02-12 00:00:00;South Africa;22121.164000000
ZA;2023-02-12 01:00:00;South Africa;21697.623000000
ZA;2023-02-12 02:00:00;South Africa;21470.890000000
ZA;2023-02-12 03:00:00;South Africa;21373.647000000
ZA;2023-02-12 04:00:00;South Africa;21584.349000000
ZA;2023-02-12 05:00:00;South Africa;22152.799000000
ZA;2023-02-12 06:00:00;South Africa;23181.244000000
ZA;2023-02-12 07:00:00;South Africa;25037.551000000
ZA;2023-02-12 08:00:00;South Africa;26326.441000000
ZA;2023-02-12 09:00:00;South Africa;26747.900000000
ZA;2023-02-12 10:00:00;South Africa;26681.987000000
ZA;2023-02-12 11:00:00;South Africa;26604.203000000
ZA;2023-02-12 12:00:00;South Africa;26466.739000000
ZA;2023-02-12 13:00:00;South Africa;26303.510000000
ZA;2023-02-12 14:00:00;South Africa;26005.739000000
ZA;2023-02-12 15:00:00;South Africa;26169.302000000
ZA;2023-02-12 16:00:00;South Africa;26208.292000000
ZA;2023-02-12 17:00:00;South Africa;26583.143000000
ZA;2023-02-12 18:00:00;South Africa;27169.076000000
ZA;2023-02-12 19:00:00;South Africa;28282.791000000
ZA;2023-02-12 20:00:00;South Africa;27601.037000000
ZA;2023-02-12 21:00:00;South Africa;25423.445000000
ZA;2023-02-12 22:00:00;South Africa;23683.902000000
ZA;2023-02-12 23:00:00;South Africa;22517.233000000
ZA;2023-02-13 00:00:00;South Africa;21890.998000000
ZA;2023-02-13 01:00:00;South Africa;21564.143000000
ZA;2023-02-13 02:00:00;South Africa;21489.228000000
ZA;2023-02-13 03:00:00;South Africa;21632.733000000
ZA;2023-02-13 04:00:00;South Africa;22954.937000000
ZA;2023-02-13 05:00:00;South Africa;25892.467000000
ZA;2023-02-13 06:00:00;South Africa;27005.258000000
ZA;2023-02-13 07:00:00;South Africa;26774.756000000
ZA;2023-02-13 08:00:00;South Africa;28059.336000000
ZA;2023-02-13 09:00:00;South Africa;28509.330000000
ZA;2023-02-13 10:00:00;South Africa;28688.900000000
ZA;2023-02-13 11:00:00;South Africa;28625.487000000
ZA;2023-02-13 12:00:00;South Africa;28666.102000000
ZA;2023-02-13 13:00:00;South Africa;28773.124000000
ZA;2023-02-13 14:00:00;South Africa;28949.991000000
ZA;2023-02-13 15:00:00;South Africa;29373.927000000
ZA;2023-02-13 16:00:00;South Africa;29781.917000000
ZA;2023-02-13 17:00:00;South Africa;29774.094000000
ZA;2023-02-13 18:00:00;South Africa;29923.986000000
ZA;2023-02-13 19:00:00;South Africa;30500.425000000
ZA;2023-02-13 20:00:00;South Africa;29324.850000000
ZA;2023-02-13 21:00:00;South Africa;26950.245000000
ZA;2023-02-13 22:00:00;South Africa;24628.889000000
ZA;2023-02-13 23:00:00;South Africa;23221.576000000
ZA;2023-02-14 00:00:00;South Africa;22364.388000000
ZA;2023-02-14 01:00:00;South Africa;22115.996000000
ZA;2023-02-14 02:00:00;South Africa;22032.328000000
ZA;2023-02-14 03:00:00;South Africa;22086.293000000
ZA;2023-02-14 04:00:00;South Africa;23323.100000000
ZA;2023-02-14 05:00:00;South Africa;26335.715000000
ZA;2023-02-14 06:00:00;South Africa;27489.868000000
ZA;2023-02-14 07:00:00;South Africa;27094.966000000
ZA;2023-02-14 08:00:00;South Africa;28035.576000000
ZA;2023-02-14 09:00:00;South Africa;28165.236000000
ZA;2023-02-14 10:00:00;South Africa;28169.369000000
ZA;2023-02-14 11:00:00;South Africa;28175.961000000
ZA;2023-02-14 12:00:00;South Africa;28245.882000000
ZA;2023-02-14 13:00:00;South Africa;28319.132000000
ZA;2023-02-14 14:00:00;South Africa;28452.996000000
ZA;2023-02-14 15:00:00;South Africa;28795.235000000
ZA;2023-02-14 16:00:00;South Africa;29142.760000000
ZA;2023-02-14 17:00:00;South Africa;29050.772000000
ZA;2023-02-14 18:00:00;South Africa;29633.459000000
ZA;2023-02-14 19:00:00;South Africa;30422.212000000
ZA;2023-02-14 20:00:00;South Africa;29146.281000000
ZA;2023-02-14 21:00:00;South Africa;26270.689000000
ZA;2023-02-14 22:00:00;South Africa;24325.706000000
ZA;2023-02-14 23:00:00;South Africa;23067.080000000
ZA;2023-02-15 00:00:00;South Africa;22530.105000000
ZA;2023-02-15 01:00:00;South Africa;22125.633000000
ZA;2023-02-15 02:00:00;South Africa;22065.042000000
ZA;2023-02-15 03:00:00;South Africa;22192.952000000
ZA;2023-02-15 04:00:00;South Africa;23506.099000000
ZA;2023-02-15 05:00:00;South Africa;26243.219000000
ZA;2023-02-15 06:00:00;South Africa;27283.694000000
ZA;2023-02-15 07:00:00;South Africa;26864.811000000
ZA;2023-02-15 08:00:00;South Africa;27849.024000000
ZA;2023-02-15 09:00:00;South Africa;27923.021000000
ZA;2023-02-15 10:00:00;South Africa;28010.491000000
ZA;2023-02-15 11:00:00;South Africa;27972.153000000
ZA;2023-02-15 12:00:00;South Africa;27871.974000000
ZA;2023-02-15 13:00:00;South Africa;27795.738000000
ZA;2023-02-15 14:00:00;South Africa;28092.182000000
ZA;2023-02-15 15:00:00;South Africa;28634.066000000
ZA;2023-02-15 16:00:00;South Africa;29327.771000000
ZA;2023-02-15 17:00:00;South Africa;29524.388000000
ZA;2023-02-15 18:00:00;South Africa;29830.914000000
ZA;2023-02-15 19:00:00;South Africa;30461.639000000
ZA;2023-02-15 20:00:00;South Africa;29308.291000000
ZA;2023-02-15 21:00:00;South Africa;27000.800000000
ZA;2023-02-15 22:00:00;South Africa;24899.113000000
ZA;2023-02-15 23:00:00;South Africa;23317.407000000
ZA;2023-02-16 00:00:00;South Africa;22682.517000000
ZA;2023-02-16 01:00:00;South Africa;22358.995000000
ZA;2023-02-16 02:00:00;South Africa;22236.065000000
ZA;2023-02-16 03:00:00;South Africa;22294.013000000
ZA;2023-02-16 04:00:00;South Africa;23388.577000000
ZA;2023-02-16 05:00:00;South Africa;25972.898000000
ZA;2023-02-16 06:00:00;South Africa;27238.553000000
ZA;2023-02-16 07:00:00;South Africa;26874.564000000
ZA;2023-02-16 08:00:00;South Africa;27777.202000000
ZA;2023-02-16 09:00:00;South Africa;27993.968000000
ZA;2023-02-16 10:00:00;South Africa;28049.919000000
ZA;2023-02-16 11:00:00;South Africa;28086.374000000
ZA;2023-02-16 12:00:00;South Africa;28141.872000000
ZA;2023-02-16 13:00:00;South Africa;28120.278000000
ZA;2023-02-16 14:00:00;South Africa;28414.433000000
ZA;2023-02-16 15:00:00;South Africa;28909.458000000
ZA;2023-02-16 16:00:00;South Africa;29572.636000000
ZA;2023-02-16 17:00:00;South Africa;29774.741000000
ZA;2023-02-16 18:00:00;South Africa;30072.981000000
ZA;2023-02-16 19:00:00;South Africa;30338.849000000
ZA;2023-02-16 20:00:00;South Africa;29233.502000000
ZA;2023-02-16 21:00:00;South Africa;27156.795000000
ZA;2023-02-16 22:00:00;South Africa;25266.303000000
ZA;2023-02-16 23:00:00;South Africa;23976.430000000
ZA;2023-02-17 00:00:00;South Africa;23326.385000000
ZA;2023-02-17 01:00:00;South Africa;22842.048000000
ZA;2023-02-17 02:00:00;South Africa;22781.187000000
ZA;2023-02-17 03:00:00;South Africa;22850.387000000
ZA;2023-02-17 04:00:00;South Africa;23892.665000000
ZA;2023-02-17 05:00:00;South Africa;26451.360000000
ZA;2023-02-17 06:00:00;South Africa;27730.798000000
ZA;2023-02-17 07:00:00;South Africa;27489.684000000
ZA;2023-02-17 08:00:00;South Africa;28466.934000000
ZA;2023-02-17 09:00:00;South Africa;28466.156000000
ZA;2023-02-17 10:00:00;South Africa;28464.076000000
ZA;2023-02-17 11:00:00;South Africa;28494.966000000
ZA;2023-02-17 12:00:00;South Africa;28277.628000000
ZA;2023-02-17 13:00:00;South Africa;28182.209000000
ZA;2023-02-17 14:00:00;South Africa;28393.251000000
ZA;2023-02-17 15:00:00;South Africa;28339.091000000
ZA;2023-02-17 16:00:00;South Africa;28513.825000000
ZA;2023-02-17 17:00:00;South Africa;28482.058000000
ZA;2023-02-17 18:00:00;South Africa;28605.240000000
ZA;2023-02-17 19:00:00;South Africa;29305.019000000
ZA;2023-02-17 20:00:00;South Africa;28063.870000000
ZA;2023-02-17 21:00:00;South Africa;26290.440000000
ZA;2023-02-17 22:00:00;South Africa;24891.005000000
ZA;2023-02-17 23:00:00;South Africa;23795.656000000
ZA;2023-02-18 00:00:00;South Africa;22922.360000000
ZA;2023-02-18 01:00:00;South Africa;22382.296000000
ZA;2023-02-18 02:00:00;South Africa;22119.017000000
ZA;2023-02-18 03:00:00;South Africa;22102.379000000
ZA;2023-02-18 04:00:00;South Africa;22333.852000000
ZA;2023-02-18 05:00:00;South Africa;22822.279000000
ZA;2023-02-18 06:00:00;South Africa;24075.359000000
ZA;2023-02-18 07:00:00;South Africa;25756.846000000
ZA;2023-02-18 08:00:00;South Africa;27310.236000000
ZA;2023-02-18 09:00:00;South Africa;27817.878000000
ZA;2023-02-18 10:00:00;South Africa;27915.048000000
ZA;2023-02-18 11:00:00;South Africa;27637.613000000
ZA;2023-02-18 12:00:00;South Africa;27491.490000000
ZA;2023-02-18 13:00:00;South Africa;26997.050000000
ZA;2023-02-18 14:00:00;South Africa;26817.236000000
ZA;2023-02-18 15:00:00;South Africa;26875.084000000
ZA;2023-02-18 16:00:00;South Africa;26949.501000000
ZA;2023-02-18 17:00:00;South Africa;27084.967000000
ZA;2023-02-18 18:00:00;South Africa;27570.516000000
ZA;2023-02-18 19:00:00;South Africa;28492.560000000
ZA;2023-02-18 20:00:00;South Africa;26814.289000000
ZA;2023-02-18 21:00:00;South Africa;25332.671000000
ZA;2023-02-18 22:00:00;South Africa;24100.080000000
ZA;2023-02-18 23:00:00;South Africa;22991.487000000
ZA;2023-02-19 00:00:00;South Africa;22239.036000000
ZA;2023-02-19 01:00:00;South Africa;21861.597000000
ZA;2023-02-19 02:00:00;South Africa;21586.033000000
ZA;2023-02-19 03:00:00;South Africa;21445.663000000
ZA;2023-02-19 04:00:00;South Africa;21746.133000000
ZA;2023-02-19 05:00:00;South Africa;22058.445000000
ZA;2023-02-19 06:00:00;South Africa;23181.300000000
ZA;2023-02-19 07:00:00;South Africa;25041.253000000
ZA;2023-02-19 08:00:00;South Africa;26438.031000000
ZA;2023-02-19 09:00:00;South Africa;26818.315000000
ZA;2023-02-19 10:00:00;South Africa;26902.082000000
ZA;2023-02-19 11:00:00;South Africa;26870.003000000
ZA;2023-02-19 12:00:00;South Africa;26751.397000000
ZA;2023-02-19 13:00:00;South Africa;26467.738000000
ZA;2023-02-19 14:00:00;South Africa;26164.316000000
ZA;2023-02-19 15:00:00;South Africa;26206.613000000
ZA;2023-02-19 16:00:00;South Africa;26536.830000000
ZA;2023-02-19 17:00:00;South Africa;26735.115000000
ZA;2023-02-19 18:00:00;South Africa;27412.549000000
ZA;2023-02-19 19:00:00;South Africa;28509.064000000
ZA;2023-02-19 20:00:00;South Africa;27664.303000000
ZA;2023-02-19 21:00:00;South Africa;25646.059000000
ZA;2023-02-19 22:00:00;South Africa;24071.077000000
ZA;2023-02-19 23:00:00;South Africa;22913.895000000
ZA;2023-02-20 00:00:00;South Africa;22498.680000000
ZA;2023-02-20 01:00:00;South Africa;22107.508000000
ZA;2023-02-20 02:00:00;South Africa;22016.058000000
ZA;2023-02-20 03:00:00;South Africa;22214.770000000
ZA;2023-02-20 04:00:00;South Africa;23477.471000000
ZA;2023-02-20 05:00:00;South Africa;26165.471000000
ZA;2023-02-20 06:00:00;South Africa;27449.433000000
ZA;2023-02-20 07:00:00;South Africa;27236.488000000
ZA;2023-02-20 08:00:00;South Africa;28146.953000000
ZA;2023-02-20 09:00:00;South Africa;27995.522000000
ZA;2023-02-20 10:00:00;South Africa;28309.598000000
ZA;2023-02-20 11:00:00;South Africa;28507.930000000
ZA;2023-02-20 12:00:00;South Africa;28468.952000000
ZA;2023-02-20 13:00:00;South Africa;28509.657000000
ZA;2023-02-20 14:00:00;South Africa;28370.460000000
ZA;2023-02-20 15:00:00;South Africa;28627.143000000
ZA;2023-02-20 16:00:00;South Africa;28818.557000000
ZA;2023-02-20 17:00:00;South Africa;29189.914000000
ZA;2023-02-20 18:00:00;South Africa;29799.207000000
ZA;2023-02-20 19:00:00;South Africa;30495.068000000
ZA;2023-02-20 20:00:00;South Africa;28983.424000000
ZA;2023-02-20 21:00:00;South Africa;26777.537000000
ZA;2023-02-20 22:00:00;South Africa;24948.356000000
ZA;2023-02-20 23:00:00;South Africa;23757.684000000
ZA;2023-02-21 00:00:00;South Africa;23089.380000000
ZA;2023-02-21 01:00:00;South Africa;22837.395000000
ZA;2023-02-21 02:00:00;South Africa;22753.601000000
ZA;2023-02-21 03:00:00;South Africa;22909.849000000
ZA;2023-02-21 04:00:00;South Africa;24138.834000000
ZA;2023-02-21 05:00:00;South Africa;27013.346000000
ZA;2023-02-21 06:00:00;South Africa;28362.995000000
ZA;2023-02-21 07:00:00;South Africa;27809.117000000
ZA;2023-02-21 08:00:00;South Africa;28343.970000000
ZA;2023-02-21 09:00:00;South Africa;28139.372000000
ZA;2023-02-21 10:00:00;South Africa;28102.445000000
ZA;2023-02-21 11:00:00;South Africa;28071.499000000
ZA;2023-02-21 12:00:00;South Africa;27850.746000000
ZA;2023-02-21 13:00:00;South Africa;27801.613000000
ZA;2023-02-21 14:00:00;South Africa;27956.756000000
ZA;2023-02-21 15:00:00;South Africa;28516.824000000
ZA;2023-02-21 16:00:00;South Africa;29411.155000000
ZA;2023-02-21 17:00:00;South Africa;29586.973000000
ZA;2023-02-21 18:00:00;South Africa;29953.288000000
ZA;2023-02-21 19:00:00;South Africa;30662.983000000
ZA;2023-02-21 20:00:00;South Africa;29379.019000000
ZA;2023-02-21 21:00:00;South Africa;27075.798000000
ZA;2023-02-21 22:00:00;South Africa;24968.411000000
ZA;2023-02-21 23:00:00;South Africa;23573.530000000
ZA;2023-02-22 00:00:00;South Africa;22885.420000000
ZA;2023-02-22 01:00:00;South Africa;22503.586000000
ZA;2023-02-22 02:00:00;South Africa;22360.853000000
ZA;2023-02-22 03:00:00;South Africa;22453.302000000
ZA;2023-02-22 04:00:00;South Africa;23806.990000000
ZA;2023-02-22 05:00:00;South Africa;26613.914000000
ZA;2023-02-22 06:00:00;South Africa;27972.114000000
ZA;2023-02-22 07:00:00;South Africa;27467.600000000
ZA;2023-02-22 08:00:00;South Africa;28433.868000000
ZA;2023-02-22 09:00:00;South Africa;28539.077000000
ZA;2023-02-22 10:00:00;South Africa;28418.543000000
ZA;2023-02-22 11:00:00;South Africa;28349.119000000
ZA;2023-02-22 12:00:00;South Africa;28227.307000000
ZA;2023-02-22 13:00:00;South Africa;28150.533000000
ZA;2023-02-22 14:00:00;South Africa;28416.059000000
ZA;2023-02-22 15:00:00;South Africa;28898.421000000
ZA;2023-02-22 16:00:00;South Africa;29405.560000000
ZA;2023-02-22 17:00:00;South Africa;29531.281000000
ZA;2023-02-22 18:00:00;South Africa;29686.927000000
ZA;2023-02-22 19:00:00;South Africa;30394.317000000
ZA;2023-02-22 20:00:00;South Africa;29172.239000000
ZA;2023-02-22 21:00:00;South Africa;26764.823000000
ZA;2023-02-22 22:00:00;South Africa;24903.614000000
ZA;2023-02-22 23:00:00;South Africa;23499.379000000
ZA;2023-02-23 00:00:00;South Africa;22974.664000000
ZA;2023-02-23 01:00:00;South Africa;22601.674000000
ZA;2023-02-23 02:00:00;South Africa;22499.910000000
ZA;2023-02-23 03:00:00;South Africa;22646.426000000
ZA;2023-02-23 04:00:00;South Africa;23962.271000000
ZA;2023-02-23 05:00:00;South Africa;26629.609000000
ZA;2023-02-23 06:00:00;South Africa;28017.342000000
ZA;2023-02-23 07:00:00;South Africa;27549.559000000
ZA;2023-02-23 08:00:00;South Africa;28361.982000000
ZA;2023-02-23 09:00:00;South Africa;28274.472000000
ZA;2023-02-23 10:00:00;South Africa;28175.296000000
ZA;2023-02-23 11:00:00;South Africa;28109.490000000
ZA;2023-02-23 12:00:00;South Africa;28196.102000000
ZA;2023-02-23 13:00:00;South Africa;28127.336000000
ZA;2023-02-23 14:00:00;South Africa;28362.243000000
ZA;2023-02-23 15:00:00;South Africa;28771.588000000
ZA;2023-02-23 16:00:00;South Africa;29387.824000000
ZA;2023-02-23 17:00:00;South Africa;29528.980000000
ZA;2023-02-23 18:00:00;South Africa;29841.736000000
ZA;2023-02-23 19:00:00;South Africa;30514.209000000
ZA;2023-02-23 20:00:00;South Africa;29130.193000000
ZA;2023-02-23 21:00:00;South Africa;26754.136000000
ZA;2023-02-23 22:00:00;South Africa;24928.731000000
ZA;2023-02-23 23:00:00;South Africa;23647.102000000
ZA;2023-02-24 00:00:00;South Africa;23244.440000000
ZA;2023-02-24 01:00:00;South Africa;22724.303000000
ZA;2023-02-24 02:00:00;South Africa;22693.052000000
ZA;2023-02-24 03:00:00;South Africa;22919.032000000
ZA;2023-02-24 04:00:00;South Africa;24138.768000000
ZA;2023-02-24 05:00:00;South Africa;26509.895000000
ZA;2023-02-24 06:00:00;South Africa;27948.697000000
ZA;2023-02-24 07:00:00;South Africa;27747.285000000
ZA;2023-02-24 08:00:00;South Africa;28592.247000000
ZA;2023-02-24 09:00:00;South Africa;28576.921000000
ZA;2023-02-24 10:00:00;South Africa;28599.545000000
ZA;2023-02-24 11:00:00;South Africa;28609.429000000
ZA;2023-02-24 12:00:00;South Africa;28570.693000000
ZA;2023-02-24 13:00:00;South Africa;28318.058000000
ZA;2023-02-24 14:00:00;South Africa;28434.336000000
ZA;2023-02-24 15:00:00;South Africa;28576.899000000
ZA;2023-02-24 16:00:00;South Africa;28716.295000000
ZA;2023-02-24 17:00:00;South Africa;28855.380000000
ZA;2023-02-24 18:00:00;South Africa;28794.599000000
ZA;2023-02-24 19:00:00;South Africa;29436.779000000
ZA;2023-02-24 20:00:00;South Africa;28183.183000000
ZA;2023-02-24 21:00:00;South Africa;26240.405000000
ZA;2023-02-24 22:00:00;South Africa;24708.975000000
ZA;2023-02-24 23:00:00;South Africa;23536.991000000
ZA;2023-02-25 00:00:00;South Africa;23272.290000000
ZA;2023-02-25 01:00:00;South Africa;22884.389000000
ZA;2023-02-25 02:00:00;South Africa;22680.961000000
ZA;2023-02-25 03:00:00;South Africa;22601.191000000
ZA;2023-02-25 04:00:00;South Africa;22875.652000000
ZA;2023-02-25 05:00:00;South Africa;23323.324000000
ZA;2023-02-25 06:00:00;South Africa;24571.418000000
ZA;2023-02-25 07:00:00;South Africa;26106.198000000
ZA;2023-02-25 08:00:00;South Africa;27443.932000000
ZA;2023-02-25 09:00:00;South Africa;27813.504000000
ZA;2023-02-25 10:00:00;South Africa;27677.060000000
ZA;2023-02-25 11:00:00;South Africa;27448.858000000
ZA;2023-02-25 12:00:00;South Africa;27313.823000000
ZA;2023-02-25 13:00:00;South Africa;27065.975000000
ZA;2023-02-25 14:00:00;South Africa;26809.471000000
ZA;2023-02-25 15:00:00;South Africa;26799.216000000
ZA;2023-02-25 16:00:00;South Africa;27156.942000000
ZA;2023-02-25 17:00:00;South Africa;27327.254000000
ZA;2023-02-25 18:00:00;South Africa;27877.592000000
ZA;2023-02-25 19:00:00;South Africa;28715.123000000
ZA;2023-02-25 20:00:00;South Africa;27591.223000000
ZA;2023-02-25 21:00:00;South Africa;25707.416000000
ZA;2023-02-25 22:00:00;South Africa;24411.338000000
ZA;2023-02-25 23:00:00;South Africa;23295.649000000
ZA;2023-02-26 00:00:00;South Africa;22395.605000000
ZA;2023-02-26 01:00:00;South Africa;21876.244000000
ZA;2023-02-26 02:00:00;South Africa;21596.859000000
ZA;2023-02-26 03:00:00;South Africa;21504.790000000
ZA;2023-02-26 04:00:00;South Africa;21879.633000000
ZA;2023-02-26 05:00:00;South Africa;22085.414000000
ZA;2023-02-26 06:00:00;South Africa;23320.280000000
ZA;2023-02-26 07:00:00;South Africa;25334.378000000
ZA;2023-02-26 08:00:00;South Africa;26627.020000000
ZA;2023-02-26 09:00:00;South Africa;26869.809000000
ZA;2023-02-26 10:00:00;South Africa;26965.466000000
ZA;2023-02-26 11:00:00;South Africa;26768.710000000
ZA;2023-02-26 12:00:00;South Africa;26710.642000000
ZA;2023-02-26 13:00:00;South Africa;26387.410000000
ZA;2023-02-26 14:00:00;South Africa;26077.022000000
ZA;2023-02-26 15:00:00;South Africa;26252.593000000
ZA;2023-02-26 16:00:00;South Africa;26680.374000000
ZA;2023-02-26 17:00:00;South Africa;26932.289000000
ZA;2023-02-26 18:00:00;South Africa;27685.244000000
ZA;2023-02-26 19:00:00;South Africa;28598.998000000
ZA;2023-02-26 20:00:00;South Africa;27489.224000000
ZA;2023-02-26 21:00:00;South Africa;25394.936000000
ZA;2023-02-26 22:00:00;South Africa;23771.585000000
ZA;2023-02-26 23:00:00;South Africa;22778.858000000
ZA;2023-02-27 00:00:00;South Africa;22041.451000000
ZA;2023-02-27 01:00:00;South Africa;21705.144000000
ZA;2023-02-27 02:00:00;South Africa;21723.259000000
ZA;2023-02-27 03:00:00;South Africa;21877.783000000
ZA;2023-02-27 04:00:00;South Africa;23171.942000000
ZA;2023-02-27 05:00:00;South Africa;26048.919000000
ZA;2023-02-27 06:00:00;South Africa;27522.221000000
ZA;2023-02-27 07:00:00;South Africa;27231.702000000
ZA;2023-02-27 08:00:00;South Africa;28227.621000000
ZA;2023-02-27 09:00:00;South Africa;28325.248000000
ZA;2023-02-27 10:00:00;South Africa;28378.681000000
ZA;2023-02-27 11:00:00;South Africa;28228.896000000
ZA;2023-02-27 12:00:00;South Africa;28117.007000000
ZA;2023-02-27 13:00:00;South Africa;28079.393000000
ZA;2023-02-27 14:00:00;South Africa;28304.209000000
ZA;2023-02-27 15:00:00;South Africa;28843.226000000
ZA;2023-02-27 16:00:00;South Africa;29403.362000000
ZA;2023-02-27 17:00:00;South Africa;29669.925000000
ZA;2023-02-27 18:00:00;South Africa;30222.107000000
ZA;2023-02-27 19:00:00;South Africa;30538.218000000
ZA;2023-02-27 20:00:00;South Africa;29347.787000000
ZA;2023-02-27 21:00:00;South Africa;26900.877000000
ZA;2023-02-27 22:00:00;South Africa;25099.056000000
ZA;2023-02-27 23:00:00;South Africa;23817.509000000
ZA;2023-02-28 00:00:00;South Africa;23092.552000000
ZA;2023-02-28 01:00:00;South Africa;22736.344000000
ZA;2023-02-28 02:00:00;South Africa;22608.542000000
ZA;2023-02-28 03:00:00;South Africa;22786.746000000
ZA;2023-02-28 04:00:00;South Africa;24127.863000000
ZA;2023-02-28 05:00:00;South Africa;26452.577000000
ZA;2023-02-28 06:00:00;South Africa;27820.460000000
ZA;2023-02-28 07:00:00;South Africa;27400.131000000
ZA;2023-02-28 08:00:00;South Africa;27542.081000000
ZA;2023-02-28 09:00:00;South Africa;27430.421000000
ZA;2023-02-28 10:00:00;South Africa;27363.598000000
ZA;2023-02-28 11:00:00;South Africa;27334.278000000
ZA;2023-02-28 12:00:00;South Africa;27310.541000000
ZA;2023-02-28 13:00:00;South Africa;27327.553000000
ZA;2023-02-28 14:00:00;South Africa;27796.531000000
ZA;2023-02-28 15:00:00;South Africa;28363.419000000
ZA;2023-02-28 16:00:00;South Africa;28818.594000000
ZA;2023-02-28 17:00:00;South Africa;29085.133000000
ZA;2023-02-28 18:00:00;South Africa;29500.843000000
ZA;2023-02-28 19:00:00;South Africa;30278.262000000
ZA;2023-02-28 20:00:00;South Africa;29008.460000000
ZA;2023-02-28 21:00:00;South Africa;25966.736000000
ZA;2023-02-28 22:00:00;South Africa;24616.355000000
ZA;2023-02-28 23:00:00;South Africa;23277.459000000
ZA;2023-03-01 00:00:00;South Africa;22973.330000000
ZA;2023-03-01 01:00:00;South Africa;22552.050000000
ZA;2023-03-01 02:00:00;South Africa;22288.030000000
ZA;2023-03-01 03:00:00;South Africa;22509.348000000
ZA;2023-03-01 04:00:00;South Africa;23865.018000000
ZA;2023-03-01 05:00:00;South Africa;26467.501000000
ZA;2023-03-01 06:00:00;South Africa;27757.665000000
ZA;2023-03-01 07:00:00;South Africa;27289.303000000
ZA;2023-03-01 08:00:00;South Africa;28046.249000000
ZA;2023-03-01 09:00:00;South Africa;28026.906000000
ZA;2023-03-01 10:00:00;South Africa;27992.251000000
ZA;2023-03-01 11:00:00;South Africa;28022.774000000
ZA;2023-03-01 12:00:00;South Africa;27864.129000000
ZA;2023-03-01 13:00:00;South Africa;27880.954000000
ZA;2023-03-01 14:00:00;South Africa;28316.522000000
ZA;2023-03-01 15:00:00;South Africa;28683.434000000
ZA;2023-03-01 16:00:00;South Africa;29261.356000000
ZA;2023-03-01 17:00:00;South Africa;29295.904000000
ZA;2023-03-01 18:00:00;South Africa;29758.397000000
ZA;2023-03-01 19:00:00;South Africa;30558.460000000
ZA;2023-03-01 20:00:00;South Africa;28889.055000000
ZA;2023-03-01 21:00:00;South Africa;26661.879000000
ZA;2023-03-01 22:00:00;South Africa;24927.268000000
ZA;2023-03-01 23:00:00;South Africa;23554.913000000
ZA;2023-03-02 00:00:00;South Africa;23129.117000000
ZA;2023-03-02 01:00:00;South Africa;22735.408000000
ZA;2023-03-02 02:00:00;South Africa;22579.337000000
ZA;2023-03-02 03:00:00;South Africa;22847.274000000
ZA;2023-03-02 04:00:00;South Africa;24194.747000000
ZA;2023-03-02 05:00:00;South Africa;26734.467000000
ZA;2023-03-02 06:00:00;South Africa;28139.668000000
ZA;2023-03-02 07:00:00;South Africa;27552.039000000
ZA;2023-03-02 08:00:00;South Africa;28232.255000000
ZA;2023-03-02 09:00:00;South Africa;28047.906000000
ZA;2023-03-02 10:00:00;South Africa;27898.300000000
ZA;2023-03-02 11:00:00;South Africa;27773.231000000
ZA;2023-03-02 12:00:00;South Africa;27679.060000000
ZA;2023-03-02 13:00:00;South Africa;27684.936000000
ZA;2023-03-02 14:00:00;South Africa;28088.482000000
ZA;2023-03-02 15:00:00;South Africa;28704.356000000
ZA;2023-03-02 16:00:00;South Africa;29116.958000000
ZA;2023-03-02 17:00:00;South Africa;29265.942000000
ZA;2023-03-02 18:00:00;South Africa;29923.515000000
ZA;2023-03-02 19:00:00;South Africa;30467.626000000
ZA;2023-03-02 20:00:00;South Africa;29129.021000000
ZA;2023-03-02 21:00:00;South Africa;26840.213000000
ZA;2023-03-02 22:00:00;South Africa;25099.021000000
ZA;2023-03-02 23:00:00;South Africa;23747.688000000
ZA;2023-03-03 00:00:00;South Africa;23183.514000000
ZA;2023-03-03 01:00:00;South Africa;22706.161000000
ZA;2023-03-03 02:00:00;South Africa;22685.212000000
ZA;2023-03-03 03:00:00;South Africa;22872.715000000
ZA;2023-03-03 04:00:00;South Africa;24073.423000000
ZA;2023-03-03 05:00:00;South Africa;26583.908000000
ZA;2023-03-03 06:00:00;South Africa;27867.897000000
ZA;2023-03-03 07:00:00;South Africa;27616.634000000
ZA;2023-03-03 08:00:00;South Africa;28239.681000000
ZA;2023-03-03 09:00:00;South Africa;28118.170000000
ZA;2023-03-03 10:00:00;South Africa;28115.185000000
ZA;2023-03-03 11:00:00;South Africa;28006.706000000
ZA;2023-03-03 12:00:00;South Africa;27720.066000000
ZA;2023-03-03 13:00:00;South Africa;27514.688000000
ZA;2023-03-03 14:00:00;South Africa;27682.341000000
ZA;2023-03-03 15:00:00;South Africa;27873.545000000
ZA;2023-03-03 16:00:00;South Africa;28037.406000000
ZA;2023-03-03 17:00:00;South Africa;27897.492000000
ZA;2023-03-03 18:00:00;South Africa;28293.067000000
ZA;2023-03-03 19:00:00;South Africa;29044.607000000
ZA;2023-03-03 20:00:00;South Africa;27882.692000000
ZA;2023-03-03 21:00:00;South Africa;25994.159000000
ZA;2023-03-03 22:00:00;South Africa;24631.912000000
ZA;2023-03-03 23:00:00;South Africa;23488.964000000
ZA;2023-03-04 00:00:00;South Africa;22827.890000000
ZA;2023-03-04 01:00:00;South Africa;22336.429000000
ZA;2023-03-04 02:00:00;South Africa;22257.772000000
ZA;2023-03-04 03:00:00;South Africa;22208.280000000
ZA;2023-03-04 04:00:00;South Africa;22453.013000000
ZA;2023-03-04 05:00:00;South Africa;23035.897000000
ZA;2023-03-04 06:00:00;South Africa;24354.871000000
ZA;2023-03-04 07:00:00;South Africa;25772.750000000
ZA;2023-03-04 08:00:00;South Africa;26895.067000000
ZA;2023-03-04 09:00:00;South Africa;26971.656000000
ZA;2023-03-04 10:00:00;South Africa;26904.813000000
ZA;2023-03-04 11:00:00;South Africa;26721.275000000
ZA;2023-03-04 12:00:00;South Africa;26435.755000000
ZA;2023-03-04 13:00:00;South Africa;26230.262000000
ZA;2023-03-04 14:00:00;South Africa;26049.350000000
ZA;2023-03-04 15:00:00;South Africa;25995.552000000
ZA;2023-03-04 16:00:00;South Africa;26435.899000000
ZA;2023-03-04 17:00:00;South Africa;26559.641000000
ZA;2023-03-04 18:00:00;South Africa;27349.048000000
ZA;2023-03-04 19:00:00;South Africa;28131.249000000
ZA;2023-03-04 20:00:00;South Africa;26783.577000000
ZA;2023-03-04 21:00:00;South Africa;24973.462000000
ZA;2023-03-04 22:00:00;South Africa;23789.424000000
ZA;2023-03-04 23:00:00;South Africa;22693.761000000
ZA;2023-03-05 00:00:00;South Africa;21787.985000000
ZA;2023-03-05 01:00:00;South Africa;21380.544000000
ZA;2023-03-05 02:00:00;South Africa;21050.340000000
ZA;2023-03-05 03:00:00;South Africa;21017.920000000
ZA;2023-03-05 04:00:00;South Africa;21438.038000000
ZA;2023-03-05 05:00:00;South Africa;21611.104000000
ZA;2023-03-05 06:00:00;South Africa;22805.796000000
ZA;2023-03-05 07:00:00;South Africa;24757.188000000
ZA;2023-03-05 08:00:00;South Africa;26050.371000000
ZA;2023-03-05 09:00:00;South Africa;26264.960000000
ZA;2023-03-05 10:00:00;South Africa;26266.191000000
ZA;2023-03-05 11:00:00;South Africa;26226.717000000
ZA;2023-03-05 12:00:00;South Africa;26086.117000000
ZA;2023-03-05 13:00:00;South Africa;25812.768000000
ZA;2023-03-05 14:00:00;South Africa;25571.666000000
ZA;2023-03-05 15:00:00;South Africa;25565.923000000
ZA;2023-03-05 16:00:00;South Africa;26214.183000000
ZA;2023-03-05 17:00:00;South Africa;26623.298000000
ZA;2023-03-05 18:00:00;South Africa;27430.472000000
ZA;2023-03-05 19:00:00;South Africa;28397.835000000
ZA;2023-03-05 20:00:00;South Africa;27174.970000000
ZA;2023-03-05 21:00:00;South Africa;25067.781000000
ZA;2023-03-05 22:00:00;South Africa;23427.959000000
ZA;2023-03-05 23:00:00;South Africa;22165.895000000
ZA;2023-03-06 00:00:00;South Africa;21585.334000000
ZA;2023-03-06 01:00:00;South Africa;21327.661000000
ZA;2023-03-06 02:00:00;South Africa;21258.350000000
ZA;2023-03-06 03:00:00;South Africa;21461.296000000
ZA;2023-03-06 04:00:00;South Africa;22808.824000000
ZA;2023-03-06 05:00:00;South Africa;25611.949000000
ZA;2023-03-06 06:00:00;South Africa;27003.735000000
ZA;2023-03-06 07:00:00;South Africa;26448.183000000
ZA;2023-03-06 08:00:00;South Africa;27478.566000000
ZA;2023-03-06 09:00:00;South Africa;27688.013000000
ZA;2023-03-06 10:00:00;South Africa;27594.649000000
ZA;2023-03-06 11:00:00;South Africa;27691.368000000
ZA;2023-03-06 12:00:00;South Africa;27804.743000000
ZA;2023-03-06 13:00:00;South Africa;27791.805000000
ZA;2023-03-06 14:00:00;South Africa;28122.707000000
ZA;2023-03-06 15:00:00;South Africa;28465.165000000
ZA;2023-03-06 16:00:00;South Africa;29000.763000000
ZA;2023-03-06 17:00:00;South Africa;29039.231000000
ZA;2023-03-06 18:00:00;South Africa;29669.633000000
ZA;2023-03-06 19:00:00;South Africa;30076.142000000
ZA;2023-03-06 20:00:00;South Africa;28577.544000000
ZA;2023-03-06 21:00:00;South Africa;26501.969000000
ZA;2023-03-06 22:00:00;South Africa;24464.195000000
ZA;2023-03-06 23:00:00;South Africa;23296.644000000
ZA;2023-03-07 00:00:00;South Africa;23102.046000000
ZA;2023-03-07 01:00:00;South Africa;22714.182000000
ZA;2023-03-07 02:00:00;South Africa;22564.047000000
ZA;2023-03-07 03:00:00;South Africa;22677.162000000
ZA;2023-03-07 04:00:00;South Africa;24007.071000000
ZA;2023-03-07 05:00:00;South Africa;26621.092000000
ZA;2023-03-07 06:00:00;South Africa;27984.650000000
ZA;2023-03-07 07:00:00;South Africa;27377.717000000
ZA;2023-03-07 08:00:00;South Africa;27890.980000000
ZA;2023-03-07 09:00:00;South Africa;27820.914000000
ZA;2023-03-07 10:00:00;South Africa;27872.692000000
ZA;2023-03-07 11:00:00;South Africa;27874.963000000
ZA;2023-03-07 12:00:00;South Africa;27884.246000000
ZA;2023-03-07 13:00:00;South Africa;28012.719000000
ZA;2023-03-07 14:00:00;South Africa;28234.039000000
ZA;2023-03-07 15:00:00;South Africa;28795.908000000
ZA;2023-03-07 16:00:00;South Africa;29627.195000000
ZA;2023-03-07 17:00:00;South Africa;29665.921000000
ZA;2023-03-07 18:00:00;South Africa;29818.959000000
ZA;2023-03-07 19:00:00;South Africa;30281.903000000
ZA;2023-03-07 20:00:00;South Africa;28773.781000000
ZA;2023-03-07 21:00:00;South Africa;26448.690000000
ZA;2023-03-07 22:00:00;South Africa;24860.060000000
ZA;2023-03-07 23:00:00;South Africa;23656.255000000
ZA;2023-03-08 00:00:00;South Africa;23219.997000000
ZA;2023-03-08 01:00:00;South Africa;22838.888000000
ZA;2023-03-08 02:00:00;South Africa;22624.155000000
ZA;2023-03-08 03:00:00;South Africa;22818.723000000
ZA;2023-03-08 04:00:00;South Africa;24357.768000000
ZA;2023-03-08 05:00:00;South Africa;26871.378000000
ZA;2023-03-08 06:00:00;South Africa;28048.398000000
ZA;2023-03-08 07:00:00;South Africa;27512.383000000
ZA;2023-03-08 08:00:00;South Africa;28015.849000000
ZA;2023-03-08 09:00:00;South Africa;27844.920000000
ZA;2023-03-08 10:00:00;South Africa;27924.748000000
ZA;2023-03-08 11:00:00;South Africa;27943.523000000
ZA;2023-03-08 12:00:00;South Africa;27925.387000000
ZA;2023-03-08 13:00:00;South Africa;27857.008000000
ZA;2023-03-08 14:00:00;South Africa;28234.618000000
ZA;2023-03-08 15:00:00;South Africa;28826.767000000
ZA;2023-03-08 16:00:00;South Africa;29338.610000000
ZA;2023-03-08 17:00:00;South Africa;29279.763000000
ZA;2023-03-08 18:00:00;South Africa;29463.258000000
ZA;2023-03-08 19:00:00;South Africa;30417.734000000
ZA;2023-03-08 20:00:00;South Africa;28874.729000000
ZA;2023-03-08 21:00:00;South Africa;26735.905000000
ZA;2023-03-08 22:00:00;South Africa;25053.651000000
ZA;2023-03-08 23:00:00;South Africa;23710.697000000
ZA;2023-03-09 00:00:00;South Africa;23144.018000000
ZA;2023-03-09 01:00:00;South Africa;22930.356000000
ZA;2023-03-09 02:00:00;South Africa;22893.211000000
ZA;2023-03-09 03:00:00;South Africa;23144.669000000
ZA;2023-03-09 04:00:00;South Africa;24499.052000000
ZA;2023-03-09 05:00:00;South Africa;27177.969000000
ZA;2023-03-09 06:00:00;South Africa;28674.554000000
ZA;2023-03-09 07:00:00;South Africa;28053.239000000
ZA;2023-03-09 08:00:00;South Africa;28457.935000000
ZA;2023-03-09 09:00:00;South Africa;28344.724000000
ZA;2023-03-09 10:00:00;South Africa;28319.707000000
ZA;2023-03-09 11:00:00;South Africa;28347.534000000
ZA;2023-03-09 12:00:00;South Africa;28307.595000000
ZA;2023-03-09 13:00:00;South Africa;28317.971000000
ZA;2023-03-09 14:00:00;South Africa;28759.581000000
ZA;2023-03-09 15:00:00;South Africa;29274.429000000
ZA;2023-03-09 16:00:00;South Africa;29732.317000000
ZA;2023-03-09 17:00:00;South Africa;29665.522000000
ZA;2023-03-09 18:00:00;South Africa;30002.751000000
ZA;2023-03-09 19:00:00;South Africa;30464.534000000
ZA;2023-03-09 20:00:00;South Africa;28992.029000000
ZA;2023-03-09 21:00:00;South Africa;26682.980000000
ZA;2023-03-09 22:00:00;South Africa;24947.080000000
ZA;2023-03-09 23:00:00;South Africa;23721.481000000
ZA;2023-03-10 00:00:00;South Africa;23265.228000000
ZA;2023-03-10 01:00:00;South Africa;22886.356000000
ZA;2023-03-10 02:00:00;South Africa;22914.005000000
ZA;2023-03-10 03:00:00;South Africa;23114.369000000
ZA;2023-03-10 04:00:00;South Africa;24344.345000000
ZA;2023-03-10 05:00:00;South Africa;26772.920000000
ZA;2023-03-10 06:00:00;South Africa;28307.049000000
ZA;2023-03-10 07:00:00;South Africa;28093.242000000
ZA;2023-03-10 08:00:00;South Africa;28641.999000000
ZA;2023-03-10 09:00:00;South Africa;28624.323000000
ZA;2023-03-10 10:00:00;South Africa;28682.235000000
ZA;2023-03-10 11:00:00;South Africa;28684.677000000
ZA;2023-03-10 12:00:00;South Africa;28457.211000000
ZA;2023-03-10 13:00:00;South Africa;28353.603000000
ZA;2023-03-10 14:00:00;South Africa;28598.615000000
ZA;2023-03-10 15:00:00;South Africa;28805.174000000
ZA;2023-03-10 16:00:00;South Africa;28811.119000000
ZA;2023-03-10 17:00:00;South Africa;28840.476000000
ZA;2023-03-10 18:00:00;South Africa;29060.628000000
ZA;2023-03-10 19:00:00;South Africa;29640.358000000
ZA;2023-03-10 20:00:00;South Africa;28352.867000000
ZA;2023-03-10 21:00:00;South Africa;26746.323000000
ZA;2023-03-10 22:00:00;South Africa;25494.668000000
ZA;2023-03-10 23:00:00;South Africa;24203.428000000
ZA;2023-03-11 00:00:00;South Africa;23459.509000000
ZA;2023-03-11 01:00:00;South Africa;23058.467000000
ZA;2023-03-11 02:00:00;South Africa;22952.660000000
ZA;2023-03-11 03:00:00;South Africa;22864.134000000
ZA;2023-03-11 04:00:00;South Africa;23183.154000000
ZA;2023-03-11 05:00:00;South Africa;23636.853000000
ZA;2023-03-11 06:00:00;South Africa;24895.771000000
ZA;2023-03-11 07:00:00;South Africa;26385.373000000
ZA;2023-03-11 08:00:00;South Africa;27611.008000000
ZA;2023-03-11 09:00:00;South Africa;27793.738000000
ZA;2023-03-11 10:00:00;South Africa;27808.236000000
ZA;2023-03-11 11:00:00;South Africa;27559.953000000
ZA;2023-03-11 12:00:00;South Africa;27482.113000000
ZA;2023-03-11 13:00:00;South Africa;27224.486000000
ZA;2023-03-11 14:00:00;South Africa;26954.482000000
ZA;2023-03-11 15:00:00;South Africa;26927.553000000
ZA;2023-03-11 16:00:00;South Africa;27050.176000000
ZA;2023-03-11 17:00:00;South Africa;27229.811000000
ZA;2023-03-11 18:00:00;South Africa;27926.460000000
ZA;2023-03-11 19:00:00;South Africa;28592.826000000
ZA;2023-03-11 20:00:00;South Africa;27301.936000000
ZA;2023-03-11 21:00:00;South Africa;25491.939000000
ZA;2023-03-11 22:00:00;South Africa;24273.365000000
ZA;2023-03-11 23:00:00;South Africa;23223.889000000
ZA;2023-03-12 00:00:00;South Africa;22465.113000000
ZA;2023-03-12 01:00:00;South Africa;21975.864000000
ZA;2023-03-12 02:00:00;South Africa;21681.090000000
ZA;2023-03-12 03:00:00;South Africa;21517.435000000
ZA;2023-03-12 04:00:00;South Africa;21786.988000000
ZA;2023-03-12 05:00:00;South Africa;21933.791000000
ZA;2023-03-12 06:00:00;South Africa;23139.122000000
ZA;2023-03-12 07:00:00;South Africa;24926.154000000
ZA;2023-03-12 08:00:00;South Africa;26404.067000000
ZA;2023-03-12 09:00:00;South Africa;26797.213000000
ZA;2023-03-12 10:00:00;South Africa;26756.664000000
ZA;2023-03-12 11:00:00;South Africa;26698.679000000
ZA;2023-03-12 12:00:00;South Africa;26657.069000000
ZA;2023-03-12 13:00:00;South Africa;26375.398000000
ZA;2023-03-12 14:00:00;South Africa;26182.795000000
ZA;2023-03-12 15:00:00;South Africa;26342.942000000
ZA;2023-03-12 16:00:00;South Africa;27008.642000000
ZA;2023-03-12 17:00:00;South Africa;27319.667000000
ZA;2023-03-12 18:00:00;South Africa;28527.558000000
ZA;2023-03-12 19:00:00;South Africa;28616.497000000
ZA;2023-03-12 20:00:00;South Africa;27546.876000000
ZA;2023-03-12 21:00:00;South Africa;25588.567000000
ZA;2023-03-12 22:00:00;South Africa;23956.093000000
ZA;2023-03-12 23:00:00;South Africa;22770.772000000
ZA;2023-03-13 00:00:00;South Africa;22007.830000000
ZA;2023-03-13 01:00:00;South Africa;21657.968000000
ZA;2023-03-13 02:00:00;South Africa;21593.990000000
ZA;2023-03-13 03:00:00;South Africa;21219.785000000
ZA;2023-03-13 04:00:00;South Africa;22525.943000000
ZA;2023-03-13 05:00:00;South Africa;25971.832000000
ZA;2023-03-13 06:00:00;South Africa;27496.529000000
ZA;2023-03-13 07:00:00;South Africa;27153.792000000
ZA;2023-03-13 08:00:00;South Africa;28058.171000000
ZA;2023-03-13 09:00:00;South Africa;28231.250000000
ZA;2023-03-13 10:00:00;South Africa;28277.654000000
ZA;2023-03-13 11:00:00;South Africa;28202.210000000
ZA;2023-03-13 12:00:00;South Africa;28217.550000000
ZA;2023-03-13 13:00:00;South Africa;28213.570000000
ZA;2023-03-13 14:00:00;South Africa;28179.840000000
ZA;2023-03-13 15:00:00;South Africa;28797.481000000
ZA;2023-03-13 16:00:00;South Africa;29279.089000000
ZA;2023-03-13 17:00:00;South Africa;29641.230000000
ZA;2023-03-13 18:00:00;South Africa;30333.493000000
ZA;2023-03-13 19:00:00;South Africa;30491.494000000
ZA;2023-03-13 20:00:00;South Africa;28778.299000000
ZA;2023-03-13 21:00:00;South Africa;26579.008000000
ZA;2023-03-13 22:00:00;South Africa;24769.236000000
ZA;2023-03-13 23:00:00;South Africa;23536.806000000
ZA;2023-03-14 00:00:00;South Africa;22937.638000000
ZA;2023-03-14 01:00:00;South Africa;22583.879000000
ZA;2023-03-14 02:00:00;South Africa;22479.284000000
ZA;2023-03-14 03:00:00;South Africa;22649.299000000
ZA;2023-03-14 04:00:00;South Africa;24045.807000000
ZA;2023-03-14 05:00:00;South Africa;26584.975000000
ZA;2023-03-14 06:00:00;South Africa;27987.017000000
ZA;2023-03-14 07:00:00;South Africa;27598.174000000
ZA;2023-03-14 08:00:00;South Africa;28287.371000000
ZA;2023-03-14 09:00:00;South Africa;28348.952000000
ZA;2023-03-14 10:00:00;South Africa;28222.310000000
ZA;2023-03-14 11:00:00;South Africa;28179.758000000
ZA;2023-03-14 12:00:00;South Africa;28147.768000000
ZA;2023-03-14 13:00:00;South Africa;28124.251000000
ZA;2023-03-14 14:00:00;South Africa;28320.585000000
ZA;2023-03-14 15:00:00;South Africa;28772.672000000
ZA;2023-03-14 16:00:00;South Africa;29283.601000000
ZA;2023-03-14 17:00:00;South Africa;29492.940000000
ZA;2023-03-14 18:00:00;South Africa;30231.677000000
ZA;2023-03-14 19:00:00;South Africa;30346.380000000
ZA;2023-03-14 20:00:00;South Africa;28632.567000000
ZA;2023-03-14 21:00:00;South Africa;26392.786000000
ZA;2023-03-14 22:00:00;South Africa;24582.553000000
ZA;2023-03-14 23:00:00;South Africa;23454.589000000
ZA;2023-03-15 00:00:00;South Africa;23231.775000000
ZA;2023-03-15 01:00:00;South Africa;22793.235000000
ZA;2023-03-15 02:00:00;South Africa;22585.294000000
ZA;2023-03-15 03:00:00;South Africa;22707.230000000
ZA;2023-03-15 04:00:00;South Africa;24190.714000000
ZA;2023-03-15 05:00:00;South Africa;26724.680000000
ZA;2023-03-15 06:00:00;South Africa;27970.397000000
ZA;2023-03-15 07:00:00;South Africa;27525.063000000
ZA;2023-03-15 08:00:00;South Africa;28203.246000000
ZA;2023-03-15 09:00:00;South Africa;28182.744000000
ZA;2023-03-15 10:00:00;South Africa;28140.531000000
ZA;2023-03-15 11:00:00;South Africa;28150.239000000
ZA;2023-03-15 12:00:00;South Africa;28148.629000000
ZA;2023-03-15 13:00:00;South Africa;28056.189000000
ZA;2023-03-15 14:00:00;South Africa;28271.409000000
ZA;2023-03-15 15:00:00;South Africa;28835.348000000
ZA;2023-03-15 16:00:00;South Africa;29454.972000000
ZA;2023-03-15 17:00:00;South Africa;29732.154000000
ZA;2023-03-15 18:00:00;South Africa;30280.217000000
ZA;2023-03-15 19:00:00;South Africa;30308.924000000
ZA;2023-03-15 20:00:00;South Africa;28810.926000000
ZA;2023-03-15 21:00:00;South Africa;26752.068000000
ZA;2023-03-15 22:00:00;South Africa;25072.273000000
ZA;2023-03-15 23:00:00;South Africa;23692.192000000
ZA;2023-03-16 00:00:00;South Africa;23084.563000000
ZA;2023-03-16 01:00:00;South Africa;22768.272000000
ZA;2023-03-16 02:00:00;South Africa;22660.998000000
ZA;2023-03-16 03:00:00;South Africa;22866.046000000
ZA;2023-03-16 04:00:00;South Africa;24192.295000000
ZA;2023-03-16 05:00:00;South Africa;26856.579000000
ZA;2023-03-16 06:00:00;South Africa;28196.679000000
ZA;2023-03-16 07:00:00;South Africa;27549.135000000
ZA;2023-03-16 08:00:00;South Africa;28165.405000000
ZA;2023-03-16 09:00:00;South Africa;27994.077000000
ZA;2023-03-16 10:00:00;South Africa;27824.985000000
ZA;2023-03-16 11:00:00;South Africa;27871.614000000
ZA;2023-03-16 12:00:00;South Africa;28013.081000000
ZA;2023-03-16 13:00:00;South Africa;27966.649000000
ZA;2023-03-16 14:00:00;South Africa;28201.731000000
ZA;2023-03-16 15:00:00;South Africa;28857.106000000
ZA;2023-03-16 16:00:00;South Africa;29519.085000000
ZA;2023-03-16 17:00:00;South Africa;29611.183000000
ZA;2023-03-16 18:00:00;South Africa;30004.044000000
ZA;2023-03-16 19:00:00;South Africa;30173.857000000
ZA;2023-03-16 20:00:00;South Africa;28787.835000000
ZA;2023-03-16 21:00:00;South Africa;26638.607000000
ZA;2023-03-16 22:00:00;South Africa;24876.398000000
ZA;2023-03-16 23:00:00;South Africa;23646.919000000
ZA;2023-03-17 00:00:00;South Africa;23260.428000000
ZA;2023-03-17 01:00:00;South Africa;22765.263000000
ZA;2023-03-17 02:00:00;South Africa;22698.918000000
ZA;2023-03-17 03:00:00;South Africa;22923.602000000
ZA;2023-03-17 04:00:00;South Africa;24183.573000000
ZA;2023-03-17 05:00:00;South Africa;26575.823000000
ZA;2023-03-17 06:00:00;South Africa;28023.925000000
ZA;2023-03-17 07:00:00;South Africa;27753.454000000
ZA;2023-03-17 08:00:00;South Africa;28275.498000000
ZA;2023-03-17 09:00:00;South Africa;28191.521000000
ZA;2023-03-17 10:00:00;South Africa;28391.617000000
ZA;2023-03-17 11:00:00;South Africa;28355.731000000
ZA;2023-03-17 12:00:00;South Africa;28011.621000000
ZA;2023-03-17 13:00:00;South Africa;27816.746000000
ZA;2023-03-17 14:00:00;South Africa;27922.255000000
ZA;2023-03-17 15:00:00;South Africa;28111.477000000
ZA;2023-03-17 16:00:00;South Africa;28286.666000000
ZA;2023-03-17 17:00:00;South Africa;28215.198000000
ZA;2023-03-17 18:00:00;South Africa;28559.289000000
ZA;2023-03-17 19:00:00;South Africa;28950.437000000
ZA;2023-03-17 20:00:00;South Africa;27486.365000000
ZA;2023-03-17 21:00:00;South Africa;25803.945000000
ZA;2023-03-17 22:00:00;South Africa;24438.865000000
ZA;2023-03-17 23:00:00;South Africa;23282.818000000
ZA;2023-03-18 00:00:00;South Africa;22739.354000000
ZA;2023-03-18 01:00:00;South Africa;22325.264000000
ZA;2023-03-18 02:00:00;South Africa;22176.572000000
ZA;2023-03-18 03:00:00;South Africa;22160.674000000
ZA;2023-03-18 04:00:00;South Africa;22427.276000000
ZA;2023-03-18 05:00:00;South Africa;22826.927000000
ZA;2023-03-18 06:00:00;South Africa;24265.020000000
ZA;2023-03-18 07:00:00;South Africa;25549.300000000
ZA;2023-03-18 08:00:00;South Africa;26830.654000000
ZA;2023-03-18 09:00:00;South Africa;27146.798000000
ZA;2023-03-18 10:00:00;South Africa;27077.889000000
ZA;2023-03-18 11:00:00;South Africa;26832.563000000
ZA;2023-03-18 12:00:00;South Africa;26561.368000000
ZA;2023-03-18 13:00:00;South Africa;26294.182000000
ZA;2023-03-18 14:00:00;South Africa;25991.440000000
ZA;2023-03-18 15:00:00;South Africa;26034.306000000
ZA;2023-03-18 16:00:00;South Africa;26165.249000000
ZA;2023-03-18 17:00:00;South Africa;26306.209000000
ZA;2023-03-18 18:00:00;South Africa;27241.485000000
ZA;2023-03-18 19:00:00;South Africa;27598.971000000
ZA;2023-03-18 20:00:00;South Africa;26018.825000000
ZA;2023-03-18 21:00:00;South Africa;24417.331000000
ZA;2023-03-18 22:00:00;South Africa;23260.854000000
ZA;2023-03-18 23:00:00;South Africa;22191.771000000
ZA;2023-03-19 00:00:00;South Africa;21596.543000000
ZA;2023-03-19 01:00:00;South Africa;21145.139000000
ZA;2023-03-19 02:00:00;South Africa;20947.597000000
ZA;2023-03-19 03:00:00;South Africa;20855.296000000
ZA;2023-03-19 04:00:00;South Africa;21084.008000000
ZA;2023-03-19 05:00:00;South Africa;21273.147000000
ZA;2023-03-19 06:00:00;South Africa;22598.888000000
ZA;2023-03-19 07:00:00;South Africa;24400.546000000
ZA;2023-03-19 08:00:00;South Africa;25556.317000000
ZA;2023-03-19 09:00:00;South Africa;25747.298000000
ZA;2023-03-19 10:00:00;South Africa;25395.423000000
ZA;2023-03-19 11:00:00;South Africa;25173.461000000
ZA;2023-03-19 12:00:00;South Africa;25006.952000000
ZA;2023-03-19 13:00:00;South Africa;24647.744000000
ZA;2023-03-19 14:00:00;South Africa;24423.277000000
ZA;2023-03-19 15:00:00;South Africa;24582.520000000
ZA;2023-03-19 16:00:00;South Africa;25042.078000000
ZA;2023-03-19 17:00:00;South Africa;25639.056000000
ZA;2023-03-19 18:00:00;South Africa;26662.610000000
ZA;2023-03-19 19:00:00;South Africa;26285.333000000
ZA;2023-03-19 20:00:00;South Africa;24856.252000000
ZA;2023-03-19 21:00:00;South Africa;23686.280000000
ZA;2023-03-19 22:00:00;South Africa;22455.197000000
ZA;2023-03-19 23:00:00;South Africa;21575.708000000
ZA;2023-03-20 00:00:00;South Africa;20928.803000000
ZA;2023-03-20 01:00:00;South Africa;20690.266000000
ZA;2023-03-20 02:00:00;South Africa;20498.370000000
ZA;2023-03-20 03:00:00;South Africa;20679.621000000
ZA;2023-03-20 04:00:00;South Africa;20954.357000000
ZA;2023-03-20 05:00:00;South Africa;21945.513000000
ZA;2023-03-20 06:00:00;South Africa;23091.720000000
ZA;2023-03-20 07:00:00;South Africa;24263.434000000
ZA;2023-03-20 08:00:00;South Africa;25884.165000000
ZA;2023-03-20 09:00:00;South Africa;26037.289000000
ZA;2023-03-20 10:00:00;South Africa;26333.340000000
ZA;2023-03-20 11:00:00;South Africa;26238.870000000
ZA;2023-03-20 12:00:00;South Africa;26027.021000000
ZA;2023-03-20 13:00:00;South Africa;26079.243000000
ZA;2023-03-20 14:00:00;South Africa;26007.898000000
ZA;2023-03-20 15:00:00;South Africa;26323.303000000
ZA;2023-03-20 16:00:00;South Africa;26703.317000000
ZA;2023-03-20 17:00:00;South Africa;27078.823000000
ZA;2023-03-20 18:00:00;South Africa;27518.424000000
ZA;2023-03-20 19:00:00;South Africa;26959.921000000
ZA;2023-03-20 20:00:00;South Africa;25073.882000000
ZA;2023-03-20 21:00:00;South Africa;23664.947000000
ZA;2023-03-20 22:00:00;South Africa;22414.795000000
ZA;2023-03-20 23:00:00;South Africa;21437.679000000
ZA;2023-03-21 00:00:00;South Africa;20881.695000000
ZA;2023-03-21 01:00:00;South Africa;20568.772000000
ZA;2023-03-21 02:00:00;South Africa;20309.335000000
ZA;2023-03-21 03:00:00;South Africa;20324.788000000
ZA;2023-03-21 04:00:00;South Africa;20838.703000000
ZA;2023-03-21 05:00:00;South Africa;21374.385000000
ZA;2023-03-21 06:00:00;South Africa;22350.419000000
ZA;2023-03-21 07:00:00;South Africa;23826.711000000
ZA;2023-03-21 08:00:00;South Africa;25271.796000000
ZA;2023-03-21 09:00:00;South Africa;26014.865000000
ZA;2023-03-21 10:00:00;South Africa;26012.612000000
ZA;2023-03-21 11:00:00;South Africa;25993.839000000
ZA;2023-03-21 12:00:00;South Africa;25759.156000000
ZA;2023-03-21 13:00:00;South Africa;25549.316000000
ZA;2023-03-21 14:00:00;South Africa;26044.823000000
ZA;2023-03-21 15:00:00;South Africa;25807.161000000
ZA;2023-03-21 16:00:00;South Africa;25933.093000000
ZA;2023-03-21 17:00:00;South Africa;26682.171000000
ZA;2023-03-21 18:00:00;South Africa;27762.468000000
ZA;2023-03-21 19:00:00;South Africa;27614.633000000
ZA;2023-03-21 20:00:00;South Africa;25910.114000000
ZA;2023-03-21 21:00:00;South Africa;24126.530000000
ZA;2023-03-21 22:00:00;South Africa;22657.382000000
ZA;2023-03-21 23:00:00;South Africa;21512.311000000
ZA;2023-03-22 00:00:00;South Africa;20956.139000000
ZA;2023-03-22 01:00:00;South Africa;20776.581000000
ZA;2023-03-22 02:00:00;South Africa;20767.968000000
ZA;2023-03-22 03:00:00;South Africa;20883.067000000
ZA;2023-03-22 04:00:00;South Africa;22039.673000000
ZA;2023-03-22 05:00:00;South Africa;24636.160000000
ZA;2023-03-22 06:00:00;South Africa;26400.610000000
ZA;2023-03-22 07:00:00;South Africa;26283.790000000
ZA;2023-03-22 08:00:00;South Africa;26938.520000000
ZA;2023-03-22 09:00:00;South Africa;27092.264000000
ZA;2023-03-22 10:00:00;South Africa;27169.411000000
ZA;2023-03-22 11:00:00;South Africa;27278.302000000
ZA;2023-03-22 12:00:00;South Africa;27323.170000000
ZA;2023-03-22 13:00:00;South Africa;27258.048000000
ZA;2023-03-22 14:00:00;South Africa;27479.830000000
ZA;2023-03-22 15:00:00;South Africa;27808.709000000
ZA;2023-03-22 16:00:00;South Africa;28429.780000000
ZA;2023-03-22 17:00:00;South Africa;28682.257000000
ZA;2023-03-22 18:00:00;South Africa;29297.106000000
ZA;2023-03-22 19:00:00;South Africa;29376.130000000
ZA;2023-03-22 20:00:00;South Africa;27401.705000000
ZA;2023-03-22 21:00:00;South Africa;25772.801000000
ZA;2023-03-22 22:00:00;South Africa;24265.296000000
ZA;2023-03-22 23:00:00;South Africa;23014.886000000
ZA;2023-03-23 00:00:00;South Africa;22403.947000000
ZA;2023-03-23 01:00:00;South Africa;22125.093000000
ZA;2023-03-23 02:00:00;South Africa;21999.009000000
ZA;2023-03-23 03:00:00;South Africa;22217.630000000
ZA;2023-03-23 04:00:00;South Africa;23407.979000000
ZA;2023-03-23 05:00:00;South Africa;25565.275000000
ZA;2023-03-23 06:00:00;South Africa;27133.959000000
ZA;2023-03-23 07:00:00;South Africa;26988.510000000
ZA;2023-03-23 08:00:00;South Africa;27872.544000000
ZA;2023-03-23 09:00:00;South Africa;27468.077000000
ZA;2023-03-23 10:00:00;South Africa;27122.586000000
ZA;2023-03-23 11:00:00;South Africa;27139.745000000
ZA;2023-03-23 12:00:00;South Africa;27231.144000000
ZA;2023-03-23 13:00:00;South Africa;27132.054000000
ZA;2023-03-23 14:00:00;South Africa;27332.932000000
ZA;2023-03-23 15:00:00;South Africa;27789.861000000
ZA;2023-03-23 16:00:00;South Africa;28540.608000000
ZA;2023-03-23 17:00:00;South Africa;29006.391000000
ZA;2023-03-23 18:00:00;South Africa;29798.822000000
ZA;2023-03-23 19:00:00;South Africa;29656.162000000
ZA;2023-03-23 20:00:00;South Africa;28059.543000000
ZA;2023-03-23 21:00:00;South Africa;26047.417000000
ZA;2023-03-23 22:00:00;South Africa;24375.201000000
ZA;2023-03-23 23:00:00;South Africa;22999.603000000
ZA;2023-03-24 00:00:00;South Africa;22556.978000000
ZA;2023-03-24 01:00:00;South Africa;22292.159000000
ZA;2023-03-24 02:00:00;South Africa;22086.412000000
ZA;2023-03-24 03:00:00;South Africa;22209.036000000
ZA;2023-03-24 04:00:00;South Africa;23286.096000000
ZA;2023-03-24 05:00:00;South Africa;25314.235000000
ZA;2023-03-24 06:00:00;South Africa;26878.739000000
ZA;2023-03-24 07:00:00;South Africa;27331.685000000
ZA;2023-03-24 08:00:00;South Africa;28304.882000000
ZA;2023-03-24 09:00:00;South Africa;28298.095000000
ZA;2023-03-24 10:00:00;South Africa;28018.976000000
ZA;2023-03-24 11:00:00;South Africa;27791.752000000
ZA;2023-03-24 12:00:00;South Africa;27656.235000000
ZA;2023-03-24 13:00:00;South Africa;27421.367000000
ZA;2023-03-24 14:00:00;South Africa;27581.908000000
ZA;2023-03-24 15:00:00;South Africa;27702.003000000
ZA;2023-03-24 16:00:00;South Africa;28296.812000000
ZA;2023-03-24 17:00:00;South Africa;28358.802000000
ZA;2023-03-24 18:00:00;South Africa;28730.419000000
ZA;2023-03-24 19:00:00;South Africa;28062.873000000
ZA;2023-03-24 20:00:00;South Africa;26864.495000000
ZA;2023-03-24 21:00:00;South Africa;25256.526000000
ZA;2023-03-24 22:00:00;South Africa;24043.137000000
ZA;2023-03-24 23:00:00;South Africa;22861.443000000
ZA;2023-03-25 00:00:00;South Africa;22214.420000000
ZA;2023-03-25 01:00:00;South Africa;21800.452000000
ZA;2023-03-25 02:00:00;South Africa;21681.837000000
ZA;2023-03-25 03:00:00;South Africa;21599.971000000
ZA;2023-03-25 04:00:00;South Africa;21967.903000000
ZA;2023-03-25 05:00:00;South Africa;22382.670000000
ZA;2023-03-25 06:00:00;South Africa;23416.797000000
ZA;2023-03-25 07:00:00;South Africa;24876.043000000
ZA;2023-03-25 08:00:00;South Africa;25902.063000000
ZA;2023-03-25 09:00:00;South Africa;26259.878000000
ZA;2023-03-25 10:00:00;South Africa;26520.954000000
ZA;2023-03-25 11:00:00;South Africa;26347.796000000
ZA;2023-03-25 12:00:00;South Africa;26238.069000000
ZA;2023-03-25 13:00:00;South Africa;25778.914000000
ZA;2023-03-25 14:00:00;South Africa;25726.261000000
ZA;2023-03-25 15:00:00;South Africa;25792.822000000
ZA;2023-03-25 16:00:00;South Africa;26070.281000000
ZA;2023-03-25 17:00:00;South Africa;26263.283000000
ZA;2023-03-25 18:00:00;South Africa;27215.853000000
ZA;2023-03-25 19:00:00;South Africa;27379.703000000
ZA;2023-03-25 20:00:00;South Africa;25871.139000000
ZA;2023-03-25 21:00:00;South Africa;24269.626000000
ZA;2023-03-25 22:00:00;South Africa;23191.606000000
ZA;2023-03-25 23:00:00;South Africa;22183.503000000
ZA;2023-03-26 00:00:00;South Africa;21030.446000000
ZA;2023-03-26 01:00:00;South Africa;20530.724000000
ZA;2023-03-26 02:00:00;South Africa;20361.564000000
ZA;2023-03-26 03:00:00;South Africa;20229.792000000
ZA;2023-03-26 04:00:00;South Africa;20578.533000000
ZA;2023-03-26 05:00:00;South Africa;20744.630000000
ZA;2023-03-26 06:00:00;South Africa;21697.882000000
ZA;2023-03-26 07:00:00;South Africa;23743.375000000
ZA;2023-03-26 08:00:00;South Africa;25214.561000000
ZA;2023-03-26 09:00:00;South Africa;25700.801000000
ZA;2023-03-26 10:00:00;South Africa;25311.563000000
ZA;2023-03-26 11:00:00;South Africa;25184.364000000
ZA;2023-03-26 12:00:00;South Africa;24862.510000000
ZA;2023-03-26 13:00:00;South Africa;24595.600000000
ZA;2023-03-26 14:00:00;South Africa;24230.121000000
ZA;2023-03-26 15:00:00;South Africa;24482.217000000
ZA;2023-03-26 16:00:00;South Africa;25133.074000000
ZA;2023-03-26 17:00:00;South Africa;25690.143000000
ZA;2023-03-26 18:00:00;South Africa;26800.725000000
ZA;2023-03-26 19:00:00;South Africa;26872.414000000
ZA;2023-03-26 20:00:00;South Africa;25344.925000000
ZA;2023-03-26 21:00:00;South Africa;23620.804000000
ZA;2023-03-26 22:00:00;South Africa;22177.891000000
ZA;2023-03-26 23:00:00;South Africa;21162.890000000
ZA;2023-03-27 00:00:00;South Africa;20414.404000000
ZA;2023-03-27 01:00:00;South Africa;19862.458000000
ZA;2023-03-27 02:00:00;South Africa;19827.743000000
ZA;2023-03-27 03:00:00;South Africa;20166.471000000
ZA;2023-03-27 04:00:00;South Africa;21236.516000000
ZA;2023-03-27 05:00:00;South Africa;23321.405000000
ZA;2023-03-27 06:00:00;South Africa;25306.762000000
ZA;2023-03-27 07:00:00;South Africa;26253.427000000
ZA;2023-03-27 08:00:00;South Africa;27467.081000000
ZA;2023-03-27 09:00:00;South Africa;27878.763000000
ZA;2023-03-27 10:00:00;South Africa;27852.832000000
ZA;2023-03-27 11:00:00;South Africa;27924.970000000
ZA;2023-03-27 12:00:00;South Africa;28075.711000000
ZA;2023-03-27 13:00:00;South Africa;27930.598000000
ZA;2023-03-27 14:00:00;South Africa;27935.074000000
ZA;2023-03-27 15:00:00;South Africa;28518.738000000
ZA;2023-03-27 16:00:00;South Africa;28977.703000000
ZA;2023-03-27 17:00:00;South Africa;29056.374000000
ZA;2023-03-27 18:00:00;South Africa;30101.306000000
ZA;2023-03-27 19:00:00;South Africa;29715.740000000
ZA;2023-03-27 20:00:00;South Africa;27482.618000000
ZA;2023-03-27 21:00:00;South Africa;25425.167000000
ZA;2023-03-27 22:00:00;South Africa;23922.742000000
ZA;2023-03-27 23:00:00;South Africa;22743.133000000
ZA;2023-03-28 00:00:00;South Africa;21880.752000000
ZA;2023-03-28 01:00:00;South Africa;21521.186000000
ZA;2023-03-28 02:00:00;South Africa;21446.685000000
ZA;2023-03-28 03:00:00;South Africa;21598.617000000
ZA;2023-03-28 04:00:00;South Africa;22627.947000000
ZA;2023-03-28 05:00:00;South Africa;24368.726000000
ZA;2023-03-28 06:00:00;South Africa;26372.264000000
ZA;2023-03-28 07:00:00;South Africa;27144.780000000
ZA;2023-03-28 08:00:00;South Africa;28118.681000000
ZA;2023-03-28 09:00:00;South Africa;27869.938000000
ZA;2023-03-28 10:00:00;South Africa;27746.547000000
ZA;2023-03-28 11:00:00;South Africa;27581.465000000
ZA;2023-03-28 12:00:00;South Africa;27338.549000000
ZA;2023-03-28 13:00:00;South Africa;27394.115000000
ZA;2023-03-28 14:00:00;South Africa;27622.421000000
ZA;2023-03-28 15:00:00;South Africa;28079.736000000
ZA;2023-03-28 16:00:00;South Africa;28744.440000000
ZA;2023-03-28 17:00:00;South Africa;29054.517000000
ZA;2023-03-28 18:00:00;South Africa;30392.638000000
ZA;2023-03-28 19:00:00;South Africa;30028.403000000
ZA;2023-03-28 20:00:00;South Africa;27846.399000000
ZA;2023-03-28 21:00:00;South Africa;25862.898000000
ZA;2023-03-28 22:00:00;South Africa;24159.366000000
ZA;2023-03-28 23:00:00;South Africa;22906.018000000
ZA;2023-03-29 00:00:00;South Africa;22152.295000000
ZA;2023-03-29 01:00:00;South Africa;21704.286000000
ZA;2023-03-29 02:00:00;South Africa;21613.658000000
ZA;2023-03-29 03:00:00;South Africa;21780.582000000
ZA;2023-03-29 04:00:00;South Africa;22960.052000000
ZA;2023-03-29 05:00:00;South Africa;25067.937000000
ZA;2023-03-29 06:00:00;South Africa;26609.308000000
ZA;2023-03-29 07:00:00;South Africa;27476.357000000
ZA;2023-03-29 08:00:00;South Africa;28399.693000000
ZA;2023-03-29 09:00:00;South Africa;27849.385000000
ZA;2023-03-29 10:00:00;South Africa;27697.721000000
ZA;2023-03-29 11:00:00;South Africa;27377.106000000
ZA;2023-03-29 12:00:00;South Africa;27476.439000000
ZA;2023-03-29 13:00:00;South Africa;27420.509000000
ZA;2023-03-29 14:00:00;South Africa;27882.758000000
ZA;2023-03-29 15:00:00;South Africa;28085.943000000
ZA;2023-03-29 16:00:00;South Africa;28689.885000000
ZA;2023-03-29 17:00:00;South Africa;28910.984000000
ZA;2023-03-29 18:00:00;South Africa;30459.894000000
ZA;2023-03-29 19:00:00;South Africa;30112.784000000
ZA;2023-03-29 20:00:00;South Africa;28114.088000000
ZA;2023-03-29 21:00:00;South Africa;26028.100000000
ZA;2023-03-29 22:00:00;South Africa;24261.991000000
ZA;2023-03-29 23:00:00;South Africa;23059.904000000
ZA;2023-03-30 00:00:00;South Africa;22449.682000000
ZA;2023-03-30 01:00:00;South Africa;22041.434000000
ZA;2023-03-30 02:00:00;South Africa;21942.704000000
ZA;2023-03-30 03:00:00;South Africa;21967.705000000
ZA;2023-03-30 04:00:00;South Africa;23278.765000000
ZA;2023-03-30 05:00:00;South Africa;24855.036000000
ZA;2023-03-30 06:00:00;South Africa;26468.551000000
ZA;2023-03-30 07:00:00;South Africa;27315.157000000
ZA;2023-03-30 08:00:00;South Africa;28364.172000000
ZA;2023-03-30 09:00:00;South Africa;28337.371000000
ZA;2023-03-30 10:00:00;South Africa;28185.278000000
ZA;2023-03-30 11:00:00;South Africa;28011.377000000
ZA;2023-03-30 12:00:00;South Africa;28002.367000000
ZA;2023-03-30 13:00:00;South Africa;27965.848000000
ZA;2023-03-30 14:00:00;South Africa;28171.758000000
ZA;2023-03-30 15:00:00;South Africa;28653.703000000
ZA;2023-03-30 16:00:00;South Africa;29218.387000000
ZA;2023-03-30 17:00:00;South Africa;29409.482000000
ZA;2023-03-30 18:00:00;South Africa;30284.350000000
ZA;2023-03-30 19:00:00;South Africa;29594.569000000
ZA;2023-03-30 20:00:00;South Africa;27935.637000000
ZA;2023-03-30 21:00:00;South Africa;26056.751000000
ZA;2023-03-30 22:00:00;South Africa;24475.564000000
ZA;2023-03-30 23:00:00;South Africa;23310.891000000
ZA;2023-03-31 00:00:00;South Africa;22542.427000000
ZA;2023-03-31 01:00:00;South Africa;22299.766000000
ZA;2023-03-31 02:00:00;South Africa;22238.398000000
ZA;2023-03-31 03:00:00;South Africa;22389.078000000
ZA;2023-03-31 04:00:00;South Africa;23479.235000000
ZA;2023-03-31 05:00:00;South Africa;25000.836000000
ZA;2023-03-31 06:00:00;South Africa;26456.063000000
ZA;2023-03-31 07:00:00;South Africa;27806.072000000
ZA;2023-03-31 08:00:00;South Africa;28969.795000000
ZA;2023-03-31 09:00:00;South Africa;29038.146000000
ZA;2023-03-31 10:00:00;South Africa;28970.556000000
ZA;2023-03-31 11:00:00;South Africa;28708.768000000
ZA;2023-03-31 12:00:00;South Africa;28645.378000000
ZA;2023-03-31 13:00:00;South Africa;28617.049000000
ZA;2023-03-31 14:00:00;South Africa;28373.344000000
ZA;2023-03-31 15:00:00;South Africa;28261.336000000
ZA;2023-03-31 16:00:00;South Africa;28593.674000000
ZA;2023-03-31 17:00:00;South Africa;28856.895000000
ZA;2023-03-31 18:00:00;South Africa;29641.474000000
ZA;2023-03-31 19:00:00;South Africa;29208.329000000
ZA;2023-03-31 20:00:00;South Africa;27847.296000000
ZA;2023-03-31 21:00:00;South Africa;26627.621000000
ZA;2023-03-31 22:00:00;South Africa;25091.807000000
ZA;2023-03-31 23:00:00;South Africa;23694.436000000
ZA;2023-04-01 00:00:00;South Africa;22506.405000000
ZA;2023-04-01 01:00:00;South Africa;22145.511000000
ZA;2023-04-01 02:00:00;South Africa;21990.412000000
ZA;2023-04-01 03:00:00;South Africa;21878.130000000
ZA;2023-04-01 04:00:00;South Africa;22229.384000000
ZA;2023-04-01 05:00:00;South Africa;23137.285000000
ZA;2023-04-01 06:00:00;South Africa;24391.750000000
ZA;2023-04-01 07:00:00;South Africa;26020.212000000
ZA;2023-04-01 08:00:00;South Africa;27441.253000000
ZA;2023-04-01 09:00:00;South Africa;27712.255000000
ZA;2023-04-01 10:00:00;South Africa;27555.044000000
ZA;2023-04-01 11:00:00;South Africa;27230.489000000
ZA;2023-04-01 12:00:00;South Africa;26877.002000000
ZA;2023-04-01 13:00:00;South Africa;26510.067000000
ZA;2023-04-01 14:00:00;South Africa;26254.233000000
ZA;2023-04-01 15:00:00;South Africa;26407.553000000
ZA;2023-04-01 16:00:00;South Africa;26884.297000000
ZA;2023-04-01 17:00:00;South Africa;27175.667000000
ZA;2023-04-01 18:00:00;South Africa;28322.351000000
ZA;2023-04-01 19:00:00;South Africa;28197.670000000
ZA;2023-04-01 20:00:00;South Africa;26661.779000000
ZA;2023-04-01 21:00:00;South Africa;25167.231000000
ZA;2023-04-01 22:00:00;South Africa;23712.672000000
ZA;2023-04-01 23:00:00;South Africa;22580.861000000
ZA;2023-04-02 00:00:00;South Africa;21657.009000000
ZA;2023-04-02 01:00:00;South Africa;21158.497000000
ZA;2023-04-02 02:00:00;South Africa;21050.148000000
ZA;2023-04-02 03:00:00;South Africa;21075.747000000
ZA;2023-04-02 04:00:00;South Africa;21407.760000000
ZA;2023-04-02 05:00:00;South Africa;21857.612000000
ZA;2023-04-02 06:00:00;South Africa;23009.145000000
ZA;2023-04-02 07:00:00;South Africa;25005.875000000
ZA;2023-04-02 08:00:00;South Africa;26578.517000000
ZA;2023-04-02 09:00:00;South Africa;27012.709000000
ZA;2023-04-02 10:00:00;South Africa;27008.174000000
ZA;2023-04-02 11:00:00;South Africa;26754.262000000
ZA;2023-04-02 12:00:00;South Africa;26490.763000000
ZA;2023-04-02 13:00:00;South Africa;26154.828000000
ZA;2023-04-02 14:00:00;South Africa;25922.417000000
ZA;2023-04-02 15:00:00;South Africa;26157.044000000
ZA;2023-04-02 16:00:00;South Africa;26604.705000000
ZA;2023-04-02 17:00:00;South Africa;27143.878000000
ZA;2023-04-02 18:00:00;South Africa;28495.962000000
ZA;2023-04-02 19:00:00;South Africa;27945.643000000
ZA;2023-04-02 20:00:00;South Africa;26099.691000000
ZA;2023-04-02 21:00:00;South Africa;24443.960000000
ZA;2023-04-02 22:00:00;South Africa;23071.040000000
ZA;2023-04-02 23:00:00;South Africa;21800.663000000
ZA;2023-04-03 00:00:00;South Africa;21306.678000000
ZA;2023-04-03 01:00:00;South Africa;20771.800000000
ZA;2023-04-03 02:00:00;South Africa;20819.862000000
ZA;2023-04-03 03:00:00;South Africa;20967.867000000
ZA;2023-04-03 04:00:00;South Africa;21989.969000000
ZA;2023-04-03 05:00:00;South Africa;23670.470000000
ZA;2023-04-03 06:00:00;South Africa;25602.389000000
ZA;2023-04-03 07:00:00;South Africa;26856.266000000
ZA;2023-04-03 08:00:00;South Africa;28260.652000000
ZA;2023-04-03 09:00:00;South Africa;28509.183000000
ZA;2023-04-03 10:00:00;South Africa;28677.501000000
ZA;2023-04-03 11:00:00;South Africa;28468.942000000
ZA;2023-04-03 12:00:00;South Africa;28336.356000000
ZA;2023-04-03 13:00:00;South Africa;28241.484000000
ZA;2023-04-03 14:00:00;South Africa;28568.314000000
ZA;2023-04-03 15:00:00;South Africa;28853.346000000
ZA;2023-04-03 16:00:00;South Africa;29267.626000000
ZA;2023-04-03 17:00:00;South Africa;29474.845000000
ZA;2023-04-03 18:00:00;South Africa;30699.808000000
ZA;2023-04-03 19:00:00;South Africa;29989.375000000
ZA;2023-04-03 20:00:00;South Africa;27763.506000000
ZA;2023-04-03 21:00:00;South Africa;25728.074000000
ZA;2023-04-03 22:00:00;South Africa;24154.093000000
ZA;2023-04-03 23:00:00;South Africa;22904.094000000
ZA;2023-04-04 00:00:00;South Africa;21957.140000000
ZA;2023-04-04 01:00:00;South Africa;21482.473000000
ZA;2023-04-04 02:00:00;South Africa;21401.944000000
ZA;2023-04-04 03:00:00;South Africa;21532.487000000
ZA;2023-04-04 04:00:00;South Africa;22480.615000000
ZA;2023-04-04 05:00:00;South Africa;24017.878000000
ZA;2023-04-04 06:00:00;South Africa;25594.980000000
ZA;2023-04-04 07:00:00;South Africa;26647.969000000
ZA;2023-04-04 08:00:00;South Africa;27532.766000000
ZA;2023-04-04 09:00:00;South Africa;27626.486000000
ZA;2023-04-04 10:00:00;South Africa;27609.300000000
ZA;2023-04-04 11:00:00;South Africa;27469.412000000
ZA;2023-04-04 12:00:00;South Africa;27334.173000000
ZA;2023-04-04 13:00:00;South Africa;27294.020000000
ZA;2023-04-04 14:00:00;South Africa;27838.588000000
ZA;2023-04-04 15:00:00;South Africa;28188.313000000
ZA;2023-04-04 16:00:00;South Africa;28787.472000000
ZA;2023-04-04 17:00:00;South Africa;28988.938000000
ZA;2023-04-04 18:00:00;South Africa;30184.010000000
ZA;2023-04-04 19:00:00;South Africa;29647.859000000
ZA;2023-04-04 20:00:00;South Africa;27618.226000000
ZA;2023-04-04 21:00:00;South Africa;25708.891000000
ZA;2023-04-04 22:00:00;South Africa;23807.245000000
ZA;2023-04-04 23:00:00;South Africa;22572.641000000
ZA;2023-04-05 00:00:00;South Africa;21913.712000000
ZA;2023-04-05 01:00:00;South Africa;21469.635000000
ZA;2023-04-05 02:00:00;South Africa;21396.656000000
ZA;2023-04-05 03:00:00;South Africa;21487.693000000
ZA;2023-04-05 04:00:00;South Africa;22646.316000000
ZA;2023-04-05 05:00:00;South Africa;24244.597000000
ZA;2023-04-05 06:00:00;South Africa;25791.281000000
ZA;2023-04-05 07:00:00;South Africa;26915.856000000
ZA;2023-04-05 08:00:00;South Africa;28008.404000000
ZA;2023-04-05 09:00:00;South Africa;27810.032000000
ZA;2023-04-05 10:00:00;South Africa;27611.486000000
ZA;2023-04-05 11:00:00;South Africa;27302.822000000
ZA;2023-04-05 12:00:00;South Africa;27319.237000000
ZA;2023-04-05 13:00:00;South Africa;27145.266000000
ZA;2023-04-05 14:00:00;South Africa;27632.704000000
ZA;2023-04-05 15:00:00;South Africa;27863.812000000
ZA;2023-04-05 16:00:00;South Africa;28529.065000000
ZA;2023-04-05 17:00:00;South Africa;28742.920000000
ZA;2023-04-05 18:00:00;South Africa;30063.272000000
ZA;2023-04-05 19:00:00;South Africa;29688.243000000
ZA;2023-04-05 20:00:00;South Africa;27908.918000000
ZA;2023-04-05 21:00:00;South Africa;25787.740000000
ZA;2023-04-05 22:00:00;South Africa;23868.336000000
ZA;2023-04-05 23:00:00;South Africa;22559.464000000
ZA;2023-04-06 00:00:00;South Africa;21601.246000000
ZA;2023-04-06 01:00:00;South Africa;21290.256000000
ZA;2023-04-06 02:00:00;South Africa;21322.532000000
ZA;2023-04-06 03:00:00;South Africa;21430.488000000
ZA;2023-04-06 04:00:00;South Africa;22354.451000000
ZA;2023-04-06 05:00:00;South Africa;24209.487000000
ZA;2023-04-06 06:00:00;South Africa;26063.984000000
ZA;2023-04-06 07:00:00;South Africa;27358.919000000
ZA;2023-04-06 08:00:00;South Africa;28414.084000000
ZA;2023-04-06 09:00:00;South Africa;28321.843000000
ZA;2023-04-06 10:00:00;South Africa;28053.967000000
ZA;2023-04-06 11:00:00;South Africa;27787.349000000
ZA;2023-04-06 12:00:00;South Africa;27522.391000000
ZA;2023-04-06 13:00:00;South Africa;27267.611000000
ZA;2023-04-06 14:00:00;South Africa;27084.659000000
ZA;2023-04-06 15:00:00;South Africa;27077.198000000
ZA;2023-04-06 16:00:00;South Africa;27503.526000000
ZA;2023-04-06 17:00:00;South Africa;27685.839000000
ZA;2023-04-06 18:00:00;South Africa;28782.678000000
ZA;2023-04-06 19:00:00;South Africa;28136.757000000
ZA;2023-04-06 20:00:00;South Africa;26580.656000000
ZA;2023-04-06 21:00:00;South Africa;24909.153000000
ZA;2023-04-06 22:00:00;South Africa;23264.559000000
ZA;2023-04-06 23:00:00;South Africa;21969.546000000
ZA;2023-04-07 00:00:00;South Africa;21124.526000000
ZA;2023-04-07 01:00:00;South Africa;20670.348000000
ZA;2023-04-07 02:00:00;South Africa;20603.212000000
ZA;2023-04-07 03:00:00;South Africa;20893.434000000
ZA;2023-04-07 04:00:00;South Africa;21671.272000000
ZA;2023-04-07 05:00:00;South Africa;21587.234000000
ZA;2023-04-07 06:00:00;South Africa;22696.251000000
ZA;2023-04-07 07:00:00;South Africa;24310.342000000
ZA;2023-04-07 08:00:00;South Africa;25244.123000000
ZA;2023-04-07 09:00:00;South Africa;25482.305000000
ZA;2023-04-07 10:00:00;South Africa;25311.139000000
ZA;2023-04-07 11:00:00;South Africa;25135.133000000
ZA;2023-04-07 12:00:00;South Africa;24879.546000000
ZA;2023-04-07 13:00:00;South Africa;24440.278000000
ZA;2023-04-07 14:00:00;South Africa;24099.026000000
ZA;2023-04-07 15:00:00;South Africa;24110.438000000
ZA;2023-04-07 16:00:00;South Africa;24727.285000000
ZA;2023-04-07 17:00:00;South Africa;25234.021000000
ZA;2023-04-07 18:00:00;South Africa;26336.840000000
ZA;2023-04-07 19:00:00;South Africa;25605.953000000
ZA;2023-04-07 20:00:00;South Africa;24329.462000000
ZA;2023-04-07 21:00:00;South Africa;22907.431000000
ZA;2023-04-07 22:00:00;South Africa;21750.839000000
ZA;2023-04-07 23:00:00;South Africa;20793.473000000
ZA;2023-04-08 00:00:00;South Africa;20243.338000000
ZA;2023-04-08 01:00:00;South Africa;19914.200000000
ZA;2023-04-08 02:00:00;South Africa;19733.455000000
ZA;2023-04-08 03:00:00;South Africa;19903.446000000
ZA;2023-04-08 04:00:00;South Africa;20207.750000000
ZA;2023-04-08 05:00:00;South Africa;20789.874000000
ZA;2023-04-08 06:00:00;South Africa;21823.651000000
ZA;2023-04-08 07:00:00;South Africa;23553.820000000
ZA;2023-04-08 08:00:00;South Africa;25156.974000000
ZA;2023-04-08 09:00:00;South Africa;25460.985000000
ZA;2023-04-08 10:00:00;South Africa;25110.904000000
ZA;2023-04-08 11:00:00;South Africa;25129.808000000
ZA;2023-04-08 12:00:00;South Africa;24986.150000000
ZA;2023-04-08 13:00:00;South Africa;24750.047000000
ZA;2023-04-08 14:00:00;South Africa;24589.517000000
ZA;2023-04-08 15:00:00;South Africa;24616.346000000
ZA;2023-04-08 16:00:00;South Africa;25638.215000000
ZA;2023-04-08 17:00:00;South Africa;25901.139000000
ZA;2023-04-08 18:00:00;South Africa;27039.354000000
ZA;2023-04-08 19:00:00;South Africa;26103.227000000
ZA;2023-04-08 20:00:00;South Africa;24728.418000000
ZA;2023-04-08 21:00:00;South Africa;23310.666000000
ZA;2023-04-08 22:00:00;South Africa;22009.966000000
ZA;2023-04-08 23:00:00;South Africa;20963.025000000
ZA;2023-04-09 00:00:00;South Africa;20375.270000000
ZA;2023-04-09 01:00:00;South Africa;19878.309000000
ZA;2023-04-09 02:00:00;South Africa;19747.879000000
ZA;2023-04-09 03:00:00;South Africa;19822.278000000
ZA;2023-04-09 04:00:00;South Africa;20084.409000000
ZA;2023-04-09 05:00:00;South Africa;20517.923000000
ZA;2023-04-09 06:00:00;South Africa;21501.804000000
ZA;2023-04-09 07:00:00;South Africa;23199.223000000
ZA;2023-04-09 08:00:00;South Africa;24438.784000000
ZA;2023-04-09 09:00:00;South Africa;24788.193000000
ZA;2023-04-09 10:00:00;South Africa;24545.660000000
ZA;2023-04-09 11:00:00;South Africa;24369.977000000
ZA;2023-04-09 12:00:00;South Africa;24328.626000000
ZA;2023-04-09 13:00:00;South Africa;23912.549000000
ZA;2023-04-09 14:00:00;South Africa;23656.568000000
ZA;2023-04-09 15:00:00;South Africa;23772.176000000
ZA;2023-04-09 16:00:00;South Africa;24452.767000000
ZA;2023-04-09 17:00:00;South Africa;25445.639000000
ZA;2023-04-09 18:00:00;South Africa;26840.813000000
ZA;2023-04-09 19:00:00;South Africa;25798.537000000
ZA;2023-04-09 20:00:00;South Africa;24305.856000000
ZA;2023-04-09 21:00:00;South Africa;22563.768000000
ZA;2023-04-09 22:00:00;South Africa;21325.549000000
ZA;2023-04-09 23:00:00;South Africa;20303.876000000
ZA;2023-04-10 00:00:00;South Africa;19430.510000000
ZA;2023-04-10 01:00:00;South Africa;18816.854000000
ZA;2023-04-10 02:00:00;South Africa;18720.104000000
ZA;2023-04-10 03:00:00;South Africa;18790.075000000
ZA;2023-04-10 04:00:00;South Africa;19122.999000000
ZA;2023-04-10 05:00:00;South Africa;19594.530000000
ZA;2023-04-10 06:00:00;South Africa;20649.111000000
ZA;2023-04-10 07:00:00;South Africa;22330.038000000
ZA;2023-04-10 08:00:00;South Africa;24373.002000000
ZA;2023-04-10 09:00:00;South Africa;25435.741000000
ZA;2023-04-10 10:00:00;South Africa;25728.681000000
ZA;2023-04-10 11:00:00;South Africa;25561.030000000
ZA;2023-04-10 12:00:00;South Africa;25467.259000000
ZA;2023-04-10 13:00:00;South Africa;25294.690000000
ZA;2023-04-10 14:00:00;South Africa;24917.204000000
ZA;2023-04-10 15:00:00;South Africa;25392.414000000
ZA;2023-04-10 16:00:00;South Africa;26208.704000000
ZA;2023-04-10 17:00:00;South Africa;27222.534000000
ZA;2023-04-10 18:00:00;South Africa;28669.170000000
ZA;2023-04-10 19:00:00;South Africa;27914.404000000
ZA;2023-04-10 20:00:00;South Africa;26046.997000000
ZA;2023-04-10 21:00:00;South Africa;24109.669000000
ZA;2023-04-10 22:00:00;South Africa;22390.574000000
ZA;2023-04-10 23:00:00;South Africa;21221.674000000
ZA;2023-04-11 00:00:00;South Africa;21187.804000000
ZA;2023-04-11 01:00:00;South Africa;20703.289000000
ZA;2023-04-11 02:00:00;South Africa;20657.207000000
ZA;2023-04-11 03:00:00;South Africa;20910.670000000
ZA;2023-04-11 04:00:00;South Africa;21849.079000000
ZA;2023-04-11 05:00:00;South Africa;23405.575000000
ZA;2023-04-11 06:00:00;South Africa;25240.443000000
ZA;2023-04-11 07:00:00;South Africa;26582.728000000
ZA;2023-04-11 08:00:00;South Africa;28039.664000000
ZA;2023-04-11 09:00:00;South Africa;28548.594000000
ZA;2023-04-11 10:00:00;South Africa;28508.609000000
ZA;2023-04-11 11:00:00;South Africa;28134.583000000
ZA;2023-04-11 12:00:00;South Africa;28326.368000000
ZA;2023-04-11 13:00:00;South Africa;28014.864000000
ZA;2023-04-11 14:00:00;South Africa;28365.668000000
ZA;2023-04-11 15:00:00;South Africa;29047.905000000
ZA;2023-04-11 16:00:00;South Africa;29525.459000000
ZA;2023-04-11 17:00:00;South Africa;29816.478000000
ZA;2023-04-11 18:00:00;South Africa;30955.403000000
ZA;2023-04-11 19:00:00;South Africa;30134.676000000
ZA;2023-04-11 20:00:00;South Africa;28153.943000000
ZA;2023-04-11 21:00:00;South Africa;26017.661000000
ZA;2023-04-11 22:00:00;South Africa;24246.788000000
ZA;2023-04-11 23:00:00;South Africa;22998.417000000
ZA;2023-04-12 00:00:00;South Africa;21903.781000000
ZA;2023-04-12 01:00:00;South Africa;21600.301000000
ZA;2023-04-12 02:00:00;South Africa;21502.617000000
ZA;2023-04-12 03:00:00;South Africa;21859.431000000
ZA;2023-04-12 04:00:00;South Africa;23118.575000000
ZA;2023-04-12 05:00:00;South Africa;25888.118000000
ZA;2023-04-12 06:00:00;South Africa;27947.759000000
ZA;2023-04-12 07:00:00;South Africa;27314.682000000
ZA;2023-04-12 08:00:00;South Africa;27932.286000000
ZA;2023-04-12 09:00:00;South Africa;27878.253000000
ZA;2023-04-12 10:00:00;South Africa;27732.563000000
ZA;2023-04-12 11:00:00;South Africa;27568.018000000
ZA;2023-04-12 12:00:00;South Africa;27437.547000000
ZA;2023-04-12 13:00:00;South Africa;27295.057000000
ZA;2023-04-12 14:00:00;South Africa;27578.505000000
ZA;2023-04-12 15:00:00;South Africa;28259.280000000
ZA;2023-04-12 16:00:00;South Africa;28818.060000000
ZA;2023-04-12 17:00:00;South Africa;29396.379000000
ZA;2023-04-12 18:00:00;South Africa;30680.309000000
ZA;2023-04-12 19:00:00;South Africa;29732.636000000
ZA;2023-04-12 20:00:00;South Africa;27702.504000000
ZA;2023-04-12 21:00:00;South Africa;25408.683000000
ZA;2023-04-12 22:00:00;South Africa;23483.013000000
ZA;2023-04-12 23:00:00;South Africa;22294.780000000
ZA;2023-04-13 00:00:00;South Africa;22353.368000000
ZA;2023-04-13 01:00:00;South Africa;21859.085000000
ZA;2023-04-13 02:00:00;South Africa;21822.339000000
ZA;2023-04-13 03:00:00;South Africa;21980.515000000
ZA;2023-04-13 04:00:00;South Africa;23569.935000000
ZA;2023-04-13 05:00:00;South Africa;26713.928000000
ZA;2023-04-13 06:00:00;South Africa;28767.377000000
ZA;2023-04-13 07:00:00;South Africa;28208.569000000
ZA;2023-04-13 08:00:00;South Africa;28488.559000000
ZA;2023-04-13 09:00:00;South Africa;28206.940000000
ZA;2023-04-13 10:00:00;South Africa;28017.769000000
ZA;2023-04-13 11:00:00;South Africa;27951.531000000
ZA;2023-04-13 12:00:00;South Africa;27829.031000000
ZA;2023-04-13 13:00:00;South Africa;27676.155000000
ZA;2023-04-13 14:00:00;South Africa;28128.151000000
ZA;2023-04-13 15:00:00;South Africa;28927.511000000
ZA;2023-04-13 16:00:00;South Africa;29751.165000000
ZA;2023-04-13 17:00:00;South Africa;30315.917000000
ZA;2023-04-13 18:00:00;South Africa;31578.372000000
ZA;2023-04-13 19:00:00;South Africa;30593.420000000
ZA;2023-04-13 20:00:00;South Africa;28716.726000000
ZA;2023-04-13 21:00:00;South Africa;26594.169000000
ZA;2023-04-13 22:00:00;South Africa;24108.192000000
ZA;2023-04-13 23:00:00;South Africa;22992.068000000
ZA;2023-04-14 00:00:00;South Africa;22417.144000000
ZA;2023-04-14 01:00:00;South Africa;22146.465000000
ZA;2023-04-14 02:00:00;South Africa;22097.673000000
ZA;2023-04-14 03:00:00;South Africa;22327.918000000
ZA;2023-04-14 04:00:00;South Africa;23881.798000000
ZA;2023-04-14 05:00:00;South Africa;26803.350000000
ZA;2023-04-14 06:00:00;South Africa;29010.054000000
ZA;2023-04-14 07:00:00;South Africa;28764.035000000
ZA;2023-04-14 08:00:00;South Africa;29118.109000000
ZA;2023-04-14 09:00:00;South Africa;29095.218000000
ZA;2023-04-14 10:00:00;South Africa;29007.610000000
ZA;2023-04-14 11:00:00;South Africa;28926.495000000
ZA;2023-04-14 12:00:00;South Africa;28695.791000000
ZA;2023-04-14 13:00:00;South Africa;28531.688000000
ZA;2023-04-14 14:00:00;South Africa;28704.310000000
ZA;2023-04-14 15:00:00;South Africa;28861.722000000
ZA;2023-04-14 16:00:00;South Africa;29367.044000000
ZA;2023-04-14 17:00:00;South Africa;29912.731000000
ZA;2023-04-14 18:00:00;South Africa;30834.765000000
ZA;2023-04-14 19:00:00;South Africa;29969.182000000
ZA;2023-04-14 20:00:00;South Africa;28452.519000000
ZA;2023-04-14 21:00:00;South Africa;26566.007000000
ZA;2023-04-14 22:00:00;South Africa;24788.202000000
ZA;2023-04-14 23:00:00;South Africa;23366.774000000
ZA;2023-04-15 00:00:00;South Africa;22930.040000000
ZA;2023-04-15 01:00:00;South Africa;22475.964000000
ZA;2023-04-15 02:00:00;South Africa;22284.990000000
ZA;2023-04-15 03:00:00;South Africa;22369.504000000
ZA;2023-04-15 04:00:00;South Africa;22775.036000000
ZA;2023-04-15 05:00:00;South Africa;23362.655000000
ZA;2023-04-15 06:00:00;South Africa;24840.154000000
ZA;2023-04-15 07:00:00;South Africa;26582.943000000
ZA;2023-04-15 08:00:00;South Africa;28140.768000000
ZA;2023-04-15 09:00:00;South Africa;28610.124000000
ZA;2023-04-15 10:00:00;South Africa;28404.750000000
ZA;2023-04-15 11:00:00;South Africa;27972.554000000
ZA;2023-04-15 12:00:00;South Africa;27706.286000000
ZA;2023-04-15 13:00:00;South Africa;27293.591000000
ZA;2023-04-15 14:00:00;South Africa;27011.607000000
ZA;2023-04-15 15:00:00;South Africa;26915.835000000
ZA;2023-04-15 16:00:00;South Africa;27279.229000000
ZA;2023-04-15 17:00:00;South Africa;27974.996000000
ZA;2023-04-15 18:00:00;South Africa;29712.919000000
ZA;2023-04-15 19:00:00;South Africa;28662.419000000
ZA;2023-04-15 20:00:00;South Africa;27254.539000000
ZA;2023-04-15 21:00:00;South Africa;25337.191000000
ZA;2023-04-15 22:00:00;South Africa;23539.223000000
ZA;2023-04-15 23:00:00;South Africa;22148.873000000
ZA;2023-04-16 00:00:00;South Africa;22011.583000000
ZA;2023-04-16 01:00:00;South Africa;21532.585000000
ZA;2023-04-16 02:00:00;South Africa;21270.756000000
ZA;2023-04-16 03:00:00;South Africa;21097.303000000
ZA;2023-04-16 04:00:00;South Africa;21448.096000000
ZA;2023-04-16 05:00:00;South Africa;21911.920000000
ZA;2023-04-16 06:00:00;South Africa;23264.555000000
ZA;2023-04-16 07:00:00;South Africa;25491.706000000
ZA;2023-04-16 08:00:00;South Africa;27227.251000000
ZA;2023-04-16 09:00:00;South Africa;27554.503000000
ZA;2023-04-16 10:00:00;South Africa;27368.075000000
ZA;2023-04-16 11:00:00;South Africa;26866.796000000
ZA;2023-04-16 12:00:00;South Africa;26516.880000000
ZA;2023-04-16 13:00:00;South Africa;26098.968000000
ZA;2023-04-16 14:00:00;South Africa;25869.411000000
ZA;2023-04-16 15:00:00;South Africa;25915.485000000
ZA;2023-04-16 16:00:00;South Africa;26745.818000000
ZA;2023-04-16 17:00:00;South Africa;28035.513000000
ZA;2023-04-16 18:00:00;South Africa;29767.109000000
ZA;2023-04-16 19:00:00;South Africa;28664.755000000
ZA;2023-04-16 20:00:00;South Africa;26757.890000000
ZA;2023-04-16 21:00:00;South Africa;24665.615000000
ZA;2023-04-16 22:00:00;South Africa;22886.705000000
ZA;2023-04-16 23:00:00;South Africa;21694.197000000
ZA;2023-04-17 00:00:00;South Africa;21249.314000000
ZA;2023-04-17 01:00:00;South Africa;21114.631000000
ZA;2023-04-17 02:00:00;South Africa;21088.376000000
ZA;2023-04-17 03:00:00;South Africa;21368.048000000
ZA;2023-04-17 04:00:00;South Africa;22635.393000000
ZA;2023-04-17 05:00:00;South Africa;25528.844000000
ZA;2023-04-17 06:00:00;South Africa;27955.893000000
ZA;2023-04-17 07:00:00;South Africa;27431.238000000
ZA;2023-04-17 08:00:00;South Africa;27768.647000000
ZA;2023-04-17 09:00:00;South Africa;27809.643000000
ZA;2023-04-17 10:00:00;South Africa;27778.529000000
ZA;2023-04-17 11:00:00;South Africa;27585.959000000
ZA;2023-04-17 12:00:00;South Africa;27556.313000000
ZA;2023-04-17 13:00:00;South Africa;27265.374000000
ZA;2023-04-17 14:00:00;South Africa;27890.504000000
ZA;2023-04-17 15:00:00;South Africa;28589.748000000
ZA;2023-04-17 16:00:00;South Africa;29228.165000000
ZA;2023-04-17 17:00:00;South Africa;30331.033000000
ZA;2023-04-17 18:00:00;South Africa;31770.620000000
ZA;2023-04-17 19:00:00;South Africa;30286.575000000
ZA;2023-04-17 20:00:00;South Africa;28165.289000000
ZA;2023-04-17 21:00:00;South Africa;25862.361000000
ZA;2023-04-17 22:00:00;South Africa;23639.311000000
ZA;2023-04-17 23:00:00;South Africa;22273.965000000
ZA;2023-04-18 00:00:00;South Africa;22106.355000000
ZA;2023-04-18 01:00:00;South Africa;21790.722000000
ZA;2023-04-18 02:00:00;South Africa;21799.535000000
ZA;2023-04-18 03:00:00;South Africa;22048.620000000
ZA;2023-04-18 04:00:00;South Africa;23499.530000000
ZA;2023-04-18 05:00:00;South Africa;26442.309000000
ZA;2023-04-18 06:00:00;South Africa;28935.815000000
ZA;2023-04-18 07:00:00;South Africa;28185.331000000
ZA;2023-04-18 08:00:00;South Africa;28376.093000000
ZA;2023-04-18 09:00:00;South Africa;27978.130000000
ZA;2023-04-18 10:00:00;South Africa;27928.453000000
ZA;2023-04-18 11:00:00;South Africa;27728.936000000
ZA;2023-04-18 12:00:00;South Africa;27497.238000000
ZA;2023-04-18 13:00:00;South Africa;27286.799000000
ZA;2023-04-18 14:00:00;South Africa;27769.464000000
ZA;2023-04-18 15:00:00;South Africa;28341.800000000
ZA;2023-04-18 16:00:00;South Africa;29167.084000000
ZA;2023-04-18 17:00:00;South Africa;30150.570000000
ZA;2023-04-18 18:00:00;South Africa;31993.718000000
ZA;2023-04-18 19:00:00;South Africa;30536.771000000
ZA;2023-04-18 20:00:00;South Africa;28437.010000000
ZA;2023-04-18 21:00:00;South Africa;26171.471000000
ZA;2023-04-18 22:00:00;South Africa;24017.762000000
ZA;2023-04-18 23:00:00;South Africa;22751.085000000
ZA;2023-04-19 00:00:00;South Africa;22390.988000000
ZA;2023-04-19 01:00:00;South Africa;22043.376000000
ZA;2023-04-19 02:00:00;South Africa;22042.263000000
ZA;2023-04-19 03:00:00;South Africa;22412.579000000
ZA;2023-04-19 04:00:00;South Africa;23914.370000000
ZA;2023-04-19 05:00:00;South Africa;26707.723000000
ZA;2023-04-19 06:00:00;South Africa;29053.936000000
ZA;2023-04-19 07:00:00;South Africa;28348.828000000
ZA;2023-04-19 08:00:00;South Africa;28703.904000000
ZA;2023-04-19 09:00:00;South Africa;28370.384000000
ZA;2023-04-19 10:00:00;South Africa;28264.157000000
ZA;2023-04-19 11:00:00;South Africa;28001.323000000
ZA;2023-04-19 12:00:00;South Africa;27689.306000000
ZA;2023-04-19 13:00:00;South Africa;27545.117000000
ZA;2023-04-19 14:00:00;South Africa;27998.160000000
ZA;2023-04-19 15:00:00;South Africa;28550.688000000
ZA;2023-04-19 16:00:00;South Africa;29189.520000000
ZA;2023-04-19 17:00:00;South Africa;30228.373000000
ZA;2023-04-19 18:00:00;South Africa;31960.308000000
ZA;2023-04-19 19:00:00;South Africa;30617.460000000
ZA;2023-04-19 20:00:00;South Africa;28651.633000000
ZA;2023-04-19 21:00:00;South Africa;26425.587000000
ZA;2023-04-19 22:00:00;South Africa;24449.294000000
ZA;2023-04-19 23:00:00;South Africa;23083.011000000
ZA;2023-04-20 00:00:00;South Africa;22687.798000000
ZA;2023-04-20 01:00:00;South Africa;22285.418000000
ZA;2023-04-20 02:00:00;South Africa;22297.271000000
ZA;2023-04-20 03:00:00;South Africa;22586.598000000
ZA;2023-04-20 04:00:00;South Africa;24143.853000000
ZA;2023-04-20 05:00:00;South Africa;27136.773000000
ZA;2023-04-20 06:00:00;South Africa;29522.465000000
ZA;2023-04-20 07:00:00;South Africa;28915.148000000
ZA;2023-04-20 08:00:00;South Africa;29185.291000000
ZA;2023-04-20 09:00:00;South Africa;28754.216000000
ZA;2023-04-20 10:00:00;South Africa;28483.430000000
ZA;2023-04-20 11:00:00;South Africa;28440.750000000
ZA;2023-04-20 12:00:00;South Africa;28241.125000000
ZA;2023-04-20 13:00:00;South Africa;27928.394000000
ZA;2023-04-20 14:00:00;South Africa;28417.737000000
ZA;2023-04-20 15:00:00;South Africa;28869.224000000
ZA;2023-04-20 16:00:00;South Africa;29708.608000000
ZA;2023-04-20 17:00:00;South Africa;30745.726000000
ZA;2023-04-20 18:00:00;South Africa;32239.859000000
ZA;2023-04-20 19:00:00;South Africa;30920.425000000
ZA;2023-04-20 20:00:00;South Africa;28927.438000000
ZA;2023-04-20 21:00:00;South Africa;26820.035000000
ZA;2023-04-20 22:00:00;South Africa;24717.876000000
ZA;2023-04-20 23:00:00;South Africa;23378.038000000
ZA;2023-04-21 00:00:00;South Africa;22854.353000000
ZA;2023-04-21 01:00:00;South Africa;22402.869000000
ZA;2023-04-21 02:00:00;South Africa;22280.853000000
ZA;2023-04-21 03:00:00;South Africa;22451.095000000
ZA;2023-04-21 04:00:00;South Africa;23948.684000000
ZA;2023-04-21 05:00:00;South Africa;27048.451000000
ZA;2023-04-21 06:00:00;South Africa;29365.343000000
ZA;2023-04-21 07:00:00;South Africa;28914.343000000
ZA;2023-04-21 08:00:00;South Africa;29129.152000000
ZA;2023-04-21 09:00:00;South Africa;28742.402000000
ZA;2023-04-21 10:00:00;South Africa;28390.658000000
ZA;2023-04-21 11:00:00;South Africa;28232.586000000
ZA;2023-04-21 12:00:00;South Africa;28116.636000000
ZA;2023-04-21 13:00:00;South Africa;27905.964000000
ZA;2023-04-21 14:00:00;South Africa;28171.326000000
ZA;2023-04-21 15:00:00;South Africa;28449.428000000
ZA;2023-04-21 16:00:00;South Africa;29266.229000000
ZA;2023-04-21 17:00:00;South Africa;29903.127000000
ZA;2023-04-21 18:00:00;South Africa;30904.884000000
ZA;2023-04-21 19:00:00;South Africa;29795.961000000
ZA;2023-04-21 20:00:00;South Africa;28168.345000000
ZA;2023-04-21 21:00:00;South Africa;26270.666000000
ZA;2023-04-21 22:00:00;South Africa;24725.533000000
ZA;2023-04-21 23:00:00;South Africa;23227.743000000
ZA;2023-04-22 00:00:00;South Africa;22876.462000000
ZA;2023-04-22 01:00:00;South Africa;22387.900000000
ZA;2023-04-22 02:00:00;South Africa;22118.034000000
ZA;2023-04-22 03:00:00;South Africa;22037.853000000
ZA;2023-04-22 04:00:00;South Africa;22715.331000000
ZA;2023-04-22 05:00:00;South Africa;23175.083000000
ZA;2023-04-22 06:00:00;South Africa;24618.282000000
ZA;2023-04-22 07:00:00;South Africa;26420.068000000
ZA;2023-04-22 08:00:00;South Africa;27946.317000000
ZA;2023-04-22 09:00:00;South Africa;28218.553000000
ZA;2023-04-22 10:00:00;South Africa;27962.865000000
ZA;2023-04-22 11:00:00;South Africa;27543.440000000
ZA;2023-04-22 12:00:00;South Africa;27258.727000000
ZA;2023-04-22 13:00:00;South Africa;26880.627000000
ZA;2023-04-22 14:00:00;South Africa;26704.212000000
ZA;2023-04-22 15:00:00;South Africa;26725.875000000
ZA;2023-04-22 16:00:00;South Africa;27651.936000000
ZA;2023-04-22 17:00:00;South Africa;28463.347000000
ZA;2023-04-22 18:00:00;South Africa;29731.513000000
ZA;2023-04-22 19:00:00;South Africa;28474.511000000
ZA;2023-04-22 20:00:00;South Africa;26967.740000000
ZA;2023-04-22 21:00:00;South Africa;25209.992000000
ZA;2023-04-22 22:00:00;South Africa;23634.715000000
ZA;2023-04-22 23:00:00;South Africa;22407.875000000
ZA;2023-04-23 00:00:00;South Africa;21695.885000000
ZA;2023-04-23 01:00:00;South Africa;21305.620000000
ZA;2023-04-23 02:00:00;South Africa;21019.719000000
ZA;2023-04-23 03:00:00;South Africa;20944.153000000
ZA;2023-04-23 04:00:00;South Africa;21352.685000000
ZA;2023-04-23 05:00:00;South Africa;21678.613000000
ZA;2023-04-23 06:00:00;South Africa;22999.689000000
ZA;2023-04-23 07:00:00;South Africa;25119.381000000
ZA;2023-04-23 08:00:00;South Africa;26773.620000000
ZA;2023-04-23 09:00:00;South Africa;27162.926000000
ZA;2023-04-23 10:00:00;South Africa;27010.461000000
ZA;2023-04-23 11:00:00;South Africa;26567.248000000
ZA;2023-04-23 12:00:00;South Africa;26364.719000000
ZA;2023-04-23 13:00:00;South Africa;26056.215000000
ZA;2023-04-23 14:00:00;South Africa;25875.726000000
ZA;2023-04-23 15:00:00;South Africa;26011.406000000
ZA;2023-04-23 16:00:00;South Africa;26767.965000000
ZA;2023-04-23 17:00:00;South Africa;28043.445000000
ZA;2023-04-23 18:00:00;South Africa;29629.489000000
ZA;2023-04-23 19:00:00;South Africa;28498.439000000
ZA;2023-04-23 20:00:00;South Africa;26552.628000000
ZA;2023-04-23 21:00:00;South Africa;24526.106000000
ZA;2023-04-23 22:00:00;South Africa;22809.338000000
ZA;2023-04-23 23:00:00;South Africa;21644.491000000
ZA;2023-04-24 00:00:00;South Africa;21205.061000000
ZA;2023-04-24 01:00:00;South Africa;20909.180000000
ZA;2023-04-24 02:00:00;South Africa;20852.106000000
ZA;2023-04-24 03:00:00;South Africa;21155.692000000
ZA;2023-04-24 04:00:00;South Africa;22718.836000000
ZA;2023-04-24 05:00:00;South Africa;25781.508000000
ZA;2023-04-24 06:00:00;South Africa;27989.977000000
ZA;2023-04-24 07:00:00;South Africa;27644.249000000
ZA;2023-04-24 08:00:00;South Africa;28051.518000000
ZA;2023-04-24 09:00:00;South Africa;27973.609000000
ZA;2023-04-24 10:00:00;South Africa;27809.904000000
ZA;2023-04-24 11:00:00;South Africa;27668.783000000
ZA;2023-04-24 12:00:00;South Africa;27550.463000000
ZA;2023-04-24 13:00:00;South Africa;27305.029000000
ZA;2023-04-24 14:00:00;South Africa;27670.376000000
ZA;2023-04-24 15:00:00;South Africa;28422.338000000
ZA;2023-04-24 16:00:00;South Africa;29334.635000000
ZA;2023-04-24 17:00:00;South Africa;30448.605000000
ZA;2023-04-24 18:00:00;South Africa;31970.343000000
ZA;2023-04-24 19:00:00;South Africa;30509.585000000
ZA;2023-04-24 20:00:00;South Africa;28434.338000000
ZA;2023-04-24 21:00:00;South Africa;26095.003000000
ZA;2023-04-24 22:00:00;South Africa;24237.320000000
ZA;2023-04-24 23:00:00;South Africa;22717.016000000
ZA;2023-04-25 00:00:00;South Africa;22218.246000000
ZA;2023-04-25 01:00:00;South Africa;22121.012000000
ZA;2023-04-25 02:00:00;South Africa;22027.418000000
ZA;2023-04-25 03:00:00;South Africa;22170.649000000
ZA;2023-04-25 04:00:00;South Africa;23751.721000000
ZA;2023-04-25 05:00:00;South Africa;26627.788000000
ZA;2023-04-25 06:00:00;South Africa;28997.451000000
ZA;2023-04-25 07:00:00;South Africa;28156.594000000
ZA;2023-04-25 08:00:00;South Africa;28150.795000000
ZA;2023-04-25 09:00:00;South Africa;27701.308000000
ZA;2023-04-25 10:00:00;South Africa;27750.311000000
ZA;2023-04-25 11:00:00;South Africa;27494.345000000
ZA;2023-04-25 12:00:00;South Africa;27260.755000000
ZA;2023-04-25 13:00:00;South Africa;27099.988000000
ZA;2023-04-25 14:00:00;South Africa;27466.464000000
ZA;2023-04-25 15:00:00;South Africa;28172.162000000
ZA;2023-04-25 16:00:00;South Africa;29084.571000000
ZA;2023-04-25 17:00:00;South Africa;30318.003000000
ZA;2023-04-25 18:00:00;South Africa;31977.192000000
ZA;2023-04-25 19:00:00;South Africa;30573.640000000
ZA;2023-04-25 20:00:00;South Africa;28577.736000000
ZA;2023-04-25 21:00:00;South Africa;26181.522000000
ZA;2023-04-25 22:00:00;South Africa;24083.266000000
ZA;2023-04-25 23:00:00;South Africa;22657.541000000
ZA;2023-04-26 00:00:00;South Africa;21986.228000000
ZA;2023-04-26 01:00:00;South Africa;21615.009000000
ZA;2023-04-26 02:00:00;South Africa;21569.950000000
ZA;2023-04-26 03:00:00;South Africa;21818.251000000
ZA;2023-04-26 04:00:00;South Africa;23927.683000000
ZA;2023-04-26 05:00:00;South Africa;26126.453000000
ZA;2023-04-26 06:00:00;South Africa;28326.598000000
ZA;2023-04-26 07:00:00;South Africa;27944.710000000
ZA;2023-04-26 08:00:00;South Africa;28153.039000000
ZA;2023-04-26 09:00:00;South Africa;27880.008000000
ZA;2023-04-26 10:00:00;South Africa;27833.362000000
ZA;2023-04-26 11:00:00;South Africa;27618.776000000
ZA;2023-04-26 12:00:00;South Africa;27455.532000000
ZA;2023-04-26 13:00:00;South Africa;27200.688000000
ZA;2023-04-26 14:00:00;South Africa;27478.283000000
ZA;2023-04-26 15:00:00;South Africa;27790.701000000
ZA;2023-04-26 16:00:00;South Africa;28247.593000000
ZA;2023-04-26 17:00:00;South Africa;29076.661000000
ZA;2023-04-26 18:00:00;South Africa;30285.648000000
ZA;2023-04-26 19:00:00;South Africa;29044.770000000
ZA;2023-04-26 20:00:00;South Africa;27477.782000000
ZA;2023-04-26 21:00:00;South Africa;25906.125000000
ZA;2023-04-26 22:00:00;South Africa;24121.494000000
ZA;2023-04-26 23:00:00;South Africa;22800.057000000
ZA;2023-04-27 00:00:00;South Africa;22124.125000000
ZA;2023-04-27 01:00:00;South Africa;21604.964000000
ZA;2023-04-27 02:00:00;South Africa;21636.381000000
ZA;2023-04-27 03:00:00;South Africa;21648.722000000
ZA;2023-04-27 04:00:00;South Africa;22580.336000000
ZA;2023-04-27 05:00:00;South Africa;22806.094000000
ZA;2023-04-27 06:00:00;South Africa;24035.874000000
ZA;2023-04-27 07:00:00;South Africa;25819.514000000
ZA;2023-04-27 08:00:00;South Africa;27303.402000000
ZA;2023-04-27 09:00:00;South Africa;27678.122000000
ZA;2023-04-27 10:00:00;South Africa;27553.609000000
ZA;2023-04-27 11:00:00;South Africa;27265.721000000
ZA;2023-04-27 12:00:00;South Africa;26849.034000000
ZA;2023-04-27 13:00:00;South Africa;26542.022000000
ZA;2023-04-27 14:00:00;South Africa;26405.597000000
ZA;2023-04-27 15:00:00;South Africa;26535.786000000
ZA;2023-04-27 16:00:00;South Africa;27249.232000000
ZA;2023-04-27 17:00:00;South Africa;28100.022000000
ZA;2023-04-27 18:00:00;South Africa;29508.794000000
ZA;2023-04-27 19:00:00;South Africa;28197.790000000
ZA;2023-04-27 20:00:00;South Africa;26651.665000000
ZA;2023-04-27 21:00:00;South Africa;24861.914000000
ZA;2023-04-27 22:00:00;South Africa;23242.972000000
ZA;2023-04-27 23:00:00;South Africa;21987.831000000
ZA;2023-04-28 00:00:00;South Africa;21391.645000000
ZA;2023-04-28 01:00:00;South Africa;20971.148000000
ZA;2023-04-28 02:00:00;South Africa;21012.306000000
ZA;2023-04-28 03:00:00;South Africa;21061.209000000
ZA;2023-04-28 04:00:00;South Africa;21966.747000000
ZA;2023-04-28 05:00:00;South Africa;23335.511000000
ZA;2023-04-28 06:00:00;South Africa;24839.040000000
ZA;2023-04-28 07:00:00;South Africa;26384.560000000
ZA;2023-04-28 08:00:00;South Africa;27553.272000000
ZA;2023-04-28 09:00:00;South Africa;27914.149000000
ZA;2023-04-28 10:00:00;South Africa;27922.225000000
ZA;2023-04-28 11:00:00;South Africa;27694.641000000
ZA;2023-04-28 12:00:00;South Africa;27443.388000000
ZA;2023-04-28 13:00:00;South Africa;27133.258000000
ZA;2023-04-28 14:00:00;South Africa;27057.662000000
ZA;2023-04-28 15:00:00;South Africa;27004.302000000
ZA;2023-04-28 16:00:00;South Africa;27639.364000000
ZA;2023-04-28 17:00:00;South Africa;28600.416000000
ZA;2023-04-28 18:00:00;South Africa;29456.781000000
ZA;2023-04-28 19:00:00;South Africa;27972.891000000
ZA;2023-04-28 20:00:00;South Africa;26376.284000000
ZA;2023-04-28 21:00:00;South Africa;24830.582000000
ZA;2023-04-28 22:00:00;South Africa;23328.995000000
ZA;2023-04-28 23:00:00;South Africa;21942.073000000
ZA;2023-04-29 00:00:00;South Africa;21480.665000000
ZA;2023-04-29 01:00:00;South Africa;21030.843000000
ZA;2023-04-29 02:00:00;South Africa;21080.812000000
ZA;2023-04-29 03:00:00;South Africa;20901.773000000
ZA;2023-04-29 04:00:00;South Africa;21398.283000000
ZA;2023-04-29 05:00:00;South Africa;22005.362000000
ZA;2023-04-29 06:00:00;South Africa;23234.455000000
ZA;2023-04-29 07:00:00;South Africa;25265.227000000
ZA;2023-04-29 08:00:00;South Africa;26643.819000000
ZA;2023-04-29 09:00:00;South Africa;26683.006000000
ZA;2023-04-29 10:00:00;South Africa;26601.234000000
ZA;2023-04-29 11:00:00;South Africa;26215.722000000
ZA;2023-04-29 12:00:00;South Africa;26027.624000000
ZA;2023-04-29 13:00:00;South Africa;25659.490000000
ZA;2023-04-29 14:00:00;South Africa;25271.319000000
ZA;2023-04-29 15:00:00;South Africa;25306.359000000
ZA;2023-04-29 16:00:00;South Africa;25937.150000000
ZA;2023-04-29 17:00:00;South Africa;26914.282000000
ZA;2023-04-29 18:00:00;South Africa;28387.159000000
ZA;2023-04-29 19:00:00;South Africa;27358.163000000
ZA;2023-04-29 20:00:00;South Africa;25884.513000000
ZA;2023-04-29 21:00:00;South Africa;24295.715000000
ZA;2023-04-29 22:00:00;South Africa;22900.478000000
ZA;2023-04-29 23:00:00;South Africa;21752.522000000
ZA;2023-04-30 00:00:00;South Africa;21588.257000000
ZA;2023-04-30 01:00:00;South Africa;21368.849000000
ZA;2023-04-30 02:00:00;South Africa;20261.537000000
ZA;2023-04-30 03:00:00;South Africa;20271.913000000
ZA;2023-04-30 04:00:00;South Africa;20576.164000000
ZA;2023-04-30 05:00:00;South Africa;21226.846000000
ZA;2023-04-30 06:00:00;South Africa;22468.180000000
ZA;2023-04-30 07:00:00;South Africa;24445.171000000
ZA;2023-04-30 08:00:00;South Africa;26020.201000000
ZA;2023-04-30 09:00:00;South Africa;26395.125000000
ZA;2023-04-30 10:00:00;South Africa;25868.889000000
ZA;2023-04-30 11:00:00;South Africa;25470.145000000
ZA;2023-04-30 12:00:00;South Africa;25327.035000000
ZA;2023-04-30 13:00:00;South Africa;25158.197000000
ZA;2023-04-30 14:00:00;South Africa;24945.572000000
ZA;2023-04-30 15:00:00;South Africa;25067.256000000
ZA;2023-04-30 16:00:00;South Africa;25664.072000000
ZA;2023-04-30 17:00:00;South Africa;26804.977000000
ZA;2023-04-30 18:00:00;South Africa;28316.290000000
ZA;2023-04-30 19:00:00;South Africa;27177.327000000
ZA;2023-04-30 20:00:00;South Africa;25424.327000000
ZA;2023-04-30 21:00:00;South Africa;23770.434000000
ZA;2023-04-30 22:00:00;South Africa;22292.974000000
ZA;2023-04-30 23:00:00;South Africa;21123.108000000
ZA;2023-05-01 00:00:00;South Africa;20856.589000000
ZA;2023-05-01 01:00:00;South Africa;20716.939000000
ZA;2023-05-01 02:00:00;South Africa;20647.377000000
ZA;2023-05-01 03:00:00;South Africa;20428.828000000
ZA;2023-05-01 04:00:00;South Africa;20953.125000000
ZA;2023-05-01 05:00:00;South Africa;20758.073000000
ZA;2023-05-01 06:00:00;South Africa;22192.797000000
ZA;2023-05-01 07:00:00;South Africa;24140.718000000
ZA;2023-05-01 08:00:00;South Africa;25963.008000000
ZA;2023-05-01 09:00:00;South Africa;26785.229000000
ZA;2023-05-01 10:00:00;South Africa;27015.180000000
ZA;2023-05-01 11:00:00;South Africa;26207.687000000
ZA;2023-05-01 12:00:00;South Africa;25939.875000000
ZA;2023-05-01 13:00:00;South Africa;25631.245000000
ZA;2023-05-01 14:00:00;South Africa;25497.028000000
ZA;2023-05-01 15:00:00;South Africa;25904.073000000
ZA;2023-05-01 16:00:00;South Africa;27129.263000000
ZA;2023-05-01 17:00:00;South Africa;28584.871000000
ZA;2023-05-01 18:00:00;South Africa;29931.372000000
ZA;2023-05-01 19:00:00;South Africa;28492.949000000
ZA;2023-05-01 20:00:00;South Africa;26713.703000000
ZA;2023-05-01 21:00:00;South Africa;24364.148000000
ZA;2023-05-01 22:00:00;South Africa;22439.177000000
ZA;2023-05-01 23:00:00;South Africa;21015.160000000
ZA;2023-05-02 00:00:00;South Africa;20745.822000000
ZA;2023-05-02 01:00:00;South Africa;20421.602000000
ZA;2023-05-02 02:00:00;South Africa;20445.616000000
ZA;2023-05-02 03:00:00;South Africa;20708.638000000
ZA;2023-05-02 04:00:00;South Africa;22279.944000000
ZA;2023-05-02 05:00:00;South Africa;25259.679000000
ZA;2023-05-02 06:00:00;South Africa;27566.293000000
ZA;2023-05-02 07:00:00;South Africa;27322.095000000
ZA;2023-05-02 08:00:00;South Africa;27808.979000000
ZA;2023-05-02 09:00:00;South Africa;27498.972000000
ZA;2023-05-02 10:00:00;South Africa;27254.473000000
ZA;2023-05-02 11:00:00;South Africa;26927.568000000
ZA;2023-05-02 12:00:00;South Africa;26773.182000000
ZA;2023-05-02 13:00:00;South Africa;26570.002000000
ZA;2023-05-02 14:00:00;South Africa;26832.302000000
ZA;2023-05-02 15:00:00;South Africa;27501.024000000
ZA;2023-05-02 16:00:00;South Africa;28551.308000000
ZA;2023-05-02 17:00:00;South Africa;29947.712000000
ZA;2023-05-02 18:00:00;South Africa;31484.902000000
ZA;2023-05-02 19:00:00;South Africa;29974.066000000
ZA;2023-05-02 20:00:00;South Africa;28201.693000000
ZA;2023-05-02 21:00:00;South Africa;26005.511000000
ZA;2023-05-02 22:00:00;South Africa;23916.434000000
ZA;2023-05-02 23:00:00;South Africa;22419.796000000
ZA;2023-05-03 00:00:00;South Africa;21628.279000000
ZA;2023-05-03 01:00:00;South Africa;21244.520000000
ZA;2023-05-03 02:00:00;South Africa;21316.118000000
ZA;2023-05-03 03:00:00;South Africa;21556.784000000
ZA;2023-05-03 04:00:00;South Africa;23066.189000000
ZA;2023-05-03 05:00:00;South Africa;25859.396000000
ZA;2023-05-03 06:00:00;South Africa;28185.417000000
ZA;2023-05-03 07:00:00;South Africa;27638.319000000
ZA;2023-05-03 08:00:00;South Africa;27855.064000000
ZA;2023-05-03 09:00:00;South Africa;27447.372000000
ZA;2023-05-03 10:00:00;South Africa;27229.790000000
ZA;2023-05-03 11:00:00;South Africa;26836.602000000
ZA;2023-05-03 12:00:00;South Africa;26605.591000000
ZA;2023-05-03 13:00:00;South Africa;26438.344000000
ZA;2023-05-03 14:00:00;South Africa;26846.916000000
ZA;2023-05-03 15:00:00;South Africa;27510.821000000
ZA;2023-05-03 16:00:00;South Africa;28460.615000000
ZA;2023-05-03 17:00:00;South Africa;30102.104000000
ZA;2023-05-03 18:00:00;South Africa;31572.584000000
ZA;2023-05-03 19:00:00;South Africa;30115.933000000
ZA;2023-05-03 20:00:00;South Africa;28122.576000000
ZA;2023-05-03 21:00:00;South Africa;25895.594000000
ZA;2023-05-03 22:00:00;South Africa;23750.304000000
ZA;2023-05-03 23:00:00;South Africa;22210.578000000
ZA;2023-05-04 00:00:00;South Africa;21747.375000000
ZA;2023-05-04 01:00:00;South Africa;21432.781000000
ZA;2023-05-04 02:00:00;South Africa;21413.790000000
ZA;2023-05-04 03:00:00;South Africa;21883.358000000
ZA;2023-05-04 04:00:00;South Africa;23396.833000000
ZA;2023-05-04 05:00:00;South Africa;26341.584000000
ZA;2023-05-04 06:00:00;South Africa;28475.263000000
ZA;2023-05-04 07:00:00;South Africa;27847.932000000
ZA;2023-05-04 08:00:00;South Africa;27911.854000000
ZA;2023-05-04 09:00:00;South Africa;27482.410000000
ZA;2023-05-04 10:00:00;South Africa;27248.761000000
ZA;2023-05-04 11:00:00;South Africa;27051.019000000
ZA;2023-05-04 12:00:00;South Africa;26805.463000000
ZA;2023-05-04 13:00:00;South Africa;26639.431000000
ZA;2023-05-04 14:00:00;South Africa;27009.740000000
ZA;2023-05-04 15:00:00;South Africa;27728.274000000
ZA;2023-05-04 16:00:00;South Africa;28811.943000000
ZA;2023-05-04 17:00:00;South Africa;30624.102000000
ZA;2023-05-04 18:00:00;South Africa;31784.766000000
ZA;2023-05-04 19:00:00;South Africa;30118.390000000
ZA;2023-05-04 20:00:00;South Africa;28219.786000000
ZA;2023-05-04 21:00:00;South Africa;25868.590000000
ZA;2023-05-04 22:00:00;South Africa;23841.914000000
ZA;2023-05-04 23:00:00;South Africa;22403.831000000
ZA;2023-05-05 00:00:00;South Africa;21851.239000000
ZA;2023-05-05 01:00:00;South Africa;21647.840000000
ZA;2023-05-05 02:00:00;South Africa;21537.111000000
ZA;2023-05-05 03:00:00;South Africa;21846.861000000
ZA;2023-05-05 04:00:00;South Africa;23489.291000000
ZA;2023-05-05 05:00:00;South Africa;26282.516000000
ZA;2023-05-05 06:00:00;South Africa;28307.844000000
ZA;2023-05-05 07:00:00;South Africa;27998.356000000
ZA;2023-05-05 08:00:00;South Africa;28372.405000000
ZA;2023-05-05 09:00:00;South Africa;28070.528000000
ZA;2023-05-05 10:00:00;South Africa;27701.956000000
ZA;2023-05-05 11:00:00;South Africa;27570.444000000
ZA;2023-05-05 12:00:00;South Africa;27412.618000000
ZA;2023-05-05 13:00:00;South Africa;27177.874000000
ZA;2023-05-05 14:00:00;South Africa;27288.595000000
ZA;2023-05-05 15:00:00;South Africa;27590.250000000
ZA;2023-05-05 16:00:00;South Africa;28306.466000000
ZA;2023-05-05 17:00:00;South Africa;29377.594000000
ZA;2023-05-05 18:00:00;South Africa;30112.612000000
ZA;2023-05-05 19:00:00;South Africa;28719.713000000
ZA;2023-05-05 20:00:00;South Africa;27345.682000000
ZA;2023-05-05 21:00:00;South Africa;25572.094000000
ZA;2023-05-05 22:00:00;South Africa;24062.448000000
ZA;2023-05-05 23:00:00;South Africa;22558.738000000
ZA;2023-05-06 00:00:00;South Africa;21992.726000000
ZA;2023-05-06 01:00:00;South Africa;21475.250000000
ZA;2023-05-06 02:00:00;South Africa;21202.641000000
ZA;2023-05-06 03:00:00;South Africa;21246.581000000
ZA;2023-05-06 04:00:00;South Africa;21865.181000000
ZA;2023-05-06 05:00:00;South Africa;22585.273000000
ZA;2023-05-06 06:00:00;South Africa;24167.239000000
ZA;2023-05-06 07:00:00;South Africa;26070.858000000
ZA;2023-05-06 08:00:00;South Africa;27361.572000000
ZA;2023-05-06 09:00:00;South Africa;27553.240000000
ZA;2023-05-06 10:00:00;South Africa;27198.122000000
ZA;2023-05-06 11:00:00;South Africa;26696.853000000
ZA;2023-05-06 12:00:00;South Africa;26420.705000000
ZA;2023-05-06 13:00:00;South Africa;26004.289000000
ZA;2023-05-06 14:00:00;South Africa;25791.886000000
ZA;2023-05-06 15:00:00;South Africa;25723.384000000
ZA;2023-05-06 16:00:00;South Africa;26577.869000000
ZA;2023-05-06 17:00:00;South Africa;27968.026000000
ZA;2023-05-06 18:00:00;South Africa;29036.655000000
ZA;2023-05-06 19:00:00;South Africa;27617.155000000
ZA;2023-05-06 20:00:00;South Africa;26055.526000000
ZA;2023-05-06 21:00:00;South Africa;24399.734000000
ZA;2023-05-06 22:00:00;South Africa;23093.501000000
ZA;2023-05-06 23:00:00;South Africa;21827.276000000
ZA;2023-05-07 00:00:00;South Africa;20979.043000000
ZA;2023-05-07 01:00:00;South Africa;20353.212000000
ZA;2023-05-07 02:00:00;South Africa;20258.402000000
ZA;2023-05-07 03:00:00;South Africa;20138.623000000
ZA;2023-05-07 04:00:00;South Africa;20568.997000000
ZA;2023-05-07 05:00:00;South Africa;21118.521000000
ZA;2023-05-07 06:00:00;South Africa;22463.079000000
ZA;2023-05-07 07:00:00;South Africa;24816.900000000
ZA;2023-05-07 08:00:00;South Africa;26515.398000000
ZA;2023-05-07 09:00:00;South Africa;27139.670000000
ZA;2023-05-07 10:00:00;South Africa;26945.676000000
ZA;2023-05-07 11:00:00;South Africa;26422.577000000
ZA;2023-05-07 12:00:00;South Africa;26517.232000000
ZA;2023-05-07 13:00:00;South Africa;26318.017000000
ZA;2023-05-07 14:00:00;South Africa;26220.820000000
ZA;2023-05-07 15:00:00;South Africa;26483.626000000
ZA;2023-05-07 16:00:00;South Africa;27461.894000000
ZA;2023-05-07 17:00:00;South Africa;28993.238000000
ZA;2023-05-07 18:00:00;South Africa;30047.711000000
ZA;2023-05-07 19:00:00;South Africa;28697.010000000
ZA;2023-05-07 20:00:00;South Africa;26885.475000000
ZA;2023-05-07 21:00:00;South Africa;24616.414000000
ZA;2023-05-07 22:00:00;South Africa;22830.121000000
ZA;2023-05-07 23:00:00;South Africa;21247.204000000
ZA;2023-05-08 00:00:00;South Africa;20853.606000000
ZA;2023-05-08 01:00:00;South Africa;20573.321000000
ZA;2023-05-08 02:00:00;South Africa;20472.756000000
ZA;2023-05-08 03:00:00;South Africa;20858.631000000
ZA;2023-05-08 04:00:00;South Africa;22599.187000000
ZA;2023-05-08 05:00:00;South Africa;25858.166000000
ZA;2023-05-08 06:00:00;South Africa;28412.803000000
ZA;2023-05-08 07:00:00;South Africa;28055.411000000
ZA;2023-05-08 08:00:00;South Africa;28406.318000000
ZA;2023-05-08 09:00:00;South Africa;28374.184000000
ZA;2023-05-08 10:00:00;South Africa;28265.996000000
ZA;2023-05-08 11:00:00;South Africa;28328.801000000
ZA;2023-05-08 12:00:00;South Africa;28300.677000000
ZA;2023-05-08 13:00:00;South Africa;28062.200000000
ZA;2023-05-08 14:00:00;South Africa;28363.557000000
ZA;2023-05-08 15:00:00;South Africa;28959.569000000
ZA;2023-05-08 16:00:00;South Africa;29992.777000000
ZA;2023-05-08 17:00:00;South Africa;31239.246000000
ZA;2023-05-08 18:00:00;South Africa;32467.807000000
ZA;2023-05-08 19:00:00;South Africa;30897.418000000
ZA;2023-05-08 20:00:00;South Africa;28868.987000000
ZA;2023-05-08 21:00:00;South Africa;26445.116000000
ZA;2023-05-08 22:00:00;South Africa;24425.817000000
ZA;2023-05-08 23:00:00;South Africa;22858.756000000
ZA;2023-05-09 00:00:00;South Africa;22083.652000000
ZA;2023-05-09 01:00:00;South Africa;21715.279000000
ZA;2023-05-09 02:00:00;South Africa;21595.515000000
ZA;2023-05-09 03:00:00;South Africa;21776.703000000
ZA;2023-05-09 04:00:00;South Africa;23428.156000000
ZA;2023-05-09 05:00:00;South Africa;26429.040000000
ZA;2023-05-09 06:00:00;South Africa;28845.165000000
ZA;2023-05-09 07:00:00;South Africa;28205.049000000
ZA;2023-05-09 08:00:00;South Africa;28171.042000000
ZA;2023-05-09 09:00:00;South Africa;27895.352000000
ZA;2023-05-09 10:00:00;South Africa;27761.961000000
ZA;2023-05-09 11:00:00;South Africa;27416.933000000
ZA;2023-05-09 12:00:00;South Africa;27237.472000000
ZA;2023-05-09 13:00:00;South Africa;27081.849000000
ZA;2023-05-09 14:00:00;South Africa;27620.025000000
ZA;2023-05-09 15:00:00;South Africa;28330.322000000
ZA;2023-05-09 16:00:00;South Africa;29147.012000000
ZA;2023-05-09 17:00:00;South Africa;30676.807000000
ZA;2023-05-09 18:00:00;South Africa;32048.500000000
ZA;2023-05-09 19:00:00;South Africa;30520.832000000
ZA;2023-05-09 20:00:00;South Africa;28604.254000000
ZA;2023-05-09 21:00:00;South Africa;26302.625000000
ZA;2023-05-09 22:00:00;South Africa;23936.481000000
ZA;2023-05-09 23:00:00;South Africa;22462.672000000
ZA;2023-05-10 00:00:00;South Africa;21862.445000000
ZA;2023-05-10 01:00:00;South Africa;21418.530000000
ZA;2023-05-10 02:00:00;South Africa;21506.960000000
ZA;2023-05-10 03:00:00;South Africa;21896.400000000
ZA;2023-05-10 04:00:00;South Africa;23650.949000000
ZA;2023-05-10 05:00:00;South Africa;26486.182000000
ZA;2023-05-10 06:00:00;South Africa;28894.475000000
ZA;2023-05-10 07:00:00;South Africa;28270.281000000
ZA;2023-05-10 08:00:00;South Africa;28387.780000000
ZA;2023-05-10 09:00:00;South Africa;27962.195000000
ZA;2023-05-10 10:00:00;South Africa;27633.199000000
ZA;2023-05-10 11:00:00;South Africa;27294.209000000
ZA;2023-05-10 12:00:00;South Africa;27111.537000000
ZA;2023-05-10 13:00:00;South Africa;26917.040000000
ZA;2023-05-10 14:00:00;South Africa;27584.570000000
ZA;2023-05-10 15:00:00;South Africa;28350.970000000
ZA;2023-05-10 16:00:00;South Africa;29226.733000000
ZA;2023-05-10 17:00:00;South Africa;30698.565000000
ZA;2023-05-10 18:00:00;South Africa;32231.557000000
ZA;2023-05-10 19:00:00;South Africa;30548.528000000
ZA;2023-05-10 20:00:00;South Africa;28627.195000000
ZA;2023-05-10 21:00:00;South Africa;26249.252000000
ZA;2023-05-10 22:00:00;South Africa;24240.542000000
ZA;2023-05-10 23:00:00;South Africa;22629.578000000
ZA;2023-05-11 00:00:00;South Africa;22458.686000000
ZA;2023-05-11 01:00:00;South Africa;22346.387000000
ZA;2023-05-11 02:00:00;South Africa;22280.055000000
ZA;2023-05-11 03:00:00;South Africa;22673.927000000
ZA;2023-05-11 04:00:00;South Africa;23999.087000000
ZA;2023-05-11 05:00:00;South Africa;27192.515000000
ZA;2023-05-11 06:00:00;South Africa;29431.420000000
ZA;2023-05-11 07:00:00;South Africa;28585.790000000
ZA;2023-05-11 08:00:00;South Africa;28673.971000000
ZA;2023-05-11 09:00:00;South Africa;28167.443000000
ZA;2023-05-11 10:00:00;South Africa;27737.238000000
ZA;2023-05-11 11:00:00;South Africa;27442.067000000
ZA;2023-05-11 12:00:00;South Africa;27242.820000000
ZA;2023-05-11 13:00:00;South Africa;27163.744000000
ZA;2023-05-11 14:00:00;South Africa;27441.164000000
ZA;2023-05-11 15:00:00;South Africa;28226.659000000
ZA;2023-05-11 16:00:00;South Africa;29216.348000000
ZA;2023-05-11 17:00:00;South Africa;30785.207000000
ZA;2023-05-11 18:00:00;South Africa;32023.963000000
ZA;2023-05-11 19:00:00;South Africa;30249.672000000
ZA;2023-05-11 20:00:00;South Africa;28539.126000000
ZA;2023-05-11 21:00:00;South Africa;26193.337000000
ZA;2023-05-11 22:00:00;South Africa;24276.160000000
ZA;2023-05-11 23:00:00;South Africa;22924.902000000
ZA;2023-05-12 00:00:00;South Africa;22556.517000000
ZA;2023-05-12 01:00:00;South Africa;22146.019000000
ZA;2023-05-12 02:00:00;South Africa;22161.491000000
ZA;2023-05-12 03:00:00;South Africa;22409.436000000
ZA;2023-05-12 04:00:00;South Africa;24214.771000000
ZA;2023-05-12 05:00:00;South Africa;27281.224000000
ZA;2023-05-12 06:00:00;South Africa;29450.490000000
ZA;2023-05-12 07:00:00;South Africa;28836.920000000
ZA;2023-05-12 08:00:00;South Africa;29023.931000000
ZA;2023-05-12 09:00:00;South Africa;28757.764000000
ZA;2023-05-12 10:00:00;South Africa;28285.559000000
ZA;2023-05-12 11:00:00;South Africa;27879.775000000
ZA;2023-05-12 12:00:00;South Africa;27615.937000000
ZA;2023-05-12 13:00:00;South Africa;27398.734000000
ZA;2023-05-12 14:00:00;South Africa;27695.363000000
ZA;2023-05-12 15:00:00;South Africa;28191.713000000
ZA;2023-05-12 16:00:00;South Africa;28933.469000000
ZA;2023-05-12 17:00:00;South Africa;30080.435000000
ZA;2023-05-12 18:00:00;South Africa;30993.881000000
ZA;2023-05-12 19:00:00;South Africa;29457.021000000
ZA;2023-05-12 20:00:00;South Africa;28072.244000000
ZA;2023-05-12 21:00:00;South Africa;26168.442000000
ZA;2023-05-12 22:00:00;South Africa;24463.802000000
ZA;2023-05-12 23:00:00;South Africa;22923.967000000
ZA;2023-05-13 00:00:00;South Africa;22155.030000000
ZA;2023-05-13 01:00:00;South Africa;21576.252000000
ZA;2023-05-13 02:00:00;South Africa;21457.993000000
ZA;2023-05-13 03:00:00;South Africa;21513.154000000
ZA;2023-05-13 04:00:00;South Africa;22097.213000000
ZA;2023-05-13 05:00:00;South Africa;22684.052000000
ZA;2023-05-13 06:00:00;South Africa;24125.945000000
ZA;2023-05-13 07:00:00;South Africa;26233.867000000
ZA;2023-05-13 08:00:00;South Africa;27415.787000000
ZA;2023-05-13 09:00:00;South Africa;27796.970000000
ZA;2023-05-13 10:00:00;South Africa;27653.402000000
ZA;2023-05-13 11:00:00;South Africa;26924.637000000
ZA;2023-05-13 12:00:00;South Africa;26629.975000000
ZA;2023-05-13 13:00:00;South Africa;26449.394000000
ZA;2023-05-13 14:00:00;South Africa;26132.749000000
ZA;2023-05-13 15:00:00;South Africa;26305.254000000
ZA;2023-05-13 16:00:00;South Africa;27272.291000000
ZA;2023-05-13 17:00:00;South Africa;28639.731000000
ZA;2023-05-13 18:00:00;South Africa;29743.534000000
ZA;2023-05-13 19:00:00;South Africa;28372.880000000
ZA;2023-05-13 20:00:00;South Africa;26845.783000000
ZA;2023-05-13 21:00:00;South Africa;25211.559000000
ZA;2023-05-13 22:00:00;South Africa;23601.231000000
ZA;2023-05-13 23:00:00;South Africa;22355.398000000
ZA;2023-05-14 00:00:00;South Africa;21544.472000000
ZA;2023-05-14 01:00:00;South Africa;20713.927000000
ZA;2023-05-14 02:00:00;South Africa;20486.517000000
ZA;2023-05-14 03:00:00;South Africa;20473.743000000
ZA;2023-05-14 04:00:00;South Africa;20583.212000000
ZA;2023-05-14 05:00:00;South Africa;20989.330000000
ZA;2023-05-14 06:00:00;South Africa;22422.796000000
ZA;2023-05-14 07:00:00;South Africa;25302.649000000
ZA;2023-05-14 08:00:00;South Africa;27049.399000000
ZA;2023-05-14 09:00:00;South Africa;27725.423000000
ZA;2023-05-14 10:00:00;South Africa;27526.315000000
ZA;2023-05-14 11:00:00;South Africa;27300.947000000
ZA;2023-05-14 12:00:00;South Africa;27241.851000000
ZA;2023-05-14 13:00:00;South Africa;26822.707000000
ZA;2023-05-14 14:00:00;South Africa;26466.280000000
ZA;2023-05-14 15:00:00;South Africa;26594.496000000
ZA;2023-05-14 16:00:00;South Africa;27636.938000000
ZA;2023-05-14 17:00:00;South Africa;29186.458000000
ZA;2023-05-14 18:00:00;South Africa;30604.995000000
ZA;2023-05-14 19:00:00;South Africa;29058.016000000
ZA;2023-05-14 20:00:00;South Africa;27299.134000000
ZA;2023-05-14 21:00:00;South Africa;25077.656000000
ZA;2023-05-14 22:00:00;South Africa;23222.750000000
ZA;2023-05-14 23:00:00;South Africa;22223.922000000
ZA;2023-05-15 00:00:00;South Africa;22011.947000000
ZA;2023-05-15 01:00:00;South Africa;21621.276000000
ZA;2023-05-15 02:00:00;South Africa;22173.017000000
ZA;2023-05-15 03:00:00;South Africa;22317.685000000
ZA;2023-05-15 04:00:00;South Africa;24296.235000000
ZA;2023-05-15 05:00:00;South Africa;26067.273000000
ZA;2023-05-15 06:00:00;South Africa;28376.870000000
ZA;2023-05-15 07:00:00;South Africa;28075.649000000
ZA;2023-05-15 08:00:00;South Africa;28688.257000000
ZA;2023-05-15 09:00:00;South Africa;28735.487000000
ZA;2023-05-15 10:00:00;South Africa;28762.868000000
ZA;2023-05-15 11:00:00;South Africa;28488.356000000
ZA;2023-05-15 12:00:00;South Africa;28415.453000000
ZA;2023-05-15 13:00:00;South Africa;28342.541000000
ZA;2023-05-15 14:00:00;South Africa;28491.058000000
ZA;2023-05-15 15:00:00;South Africa;29159.901000000
ZA;2023-05-15 16:00:00;South Africa;30071.160000000
ZA;2023-05-15 17:00:00;South Africa;31447.997000000
ZA;2023-05-15 18:00:00;South Africa;32592.739000000
ZA;2023-05-15 19:00:00;South Africa;30896.577000000
ZA;2023-05-15 20:00:00;South Africa;28991.146000000
ZA;2023-05-15 21:00:00;South Africa;26607.016000000
ZA;2023-05-15 22:00:00;South Africa;24292.341000000
ZA;2023-05-15 23:00:00;South Africa;22790.154000000
ZA;2023-05-16 00:00:00;South Africa;22019.598000000
ZA;2023-05-16 01:00:00;South Africa;21556.153000000
ZA;2023-05-16 02:00:00;South Africa;21430.187000000
ZA;2023-05-16 03:00:00;South Africa;21690.117000000
ZA;2023-05-16 04:00:00;South Africa;23577.061000000
ZA;2023-05-16 05:00:00;South Africa;26660.596000000
ZA;2023-05-16 06:00:00;South Africa;28898.666000000
ZA;2023-05-16 07:00:00;South Africa;28416.696000000
ZA;2023-05-16 08:00:00;South Africa;28538.590000000
ZA;2023-05-16 09:00:00;South Africa;28518.198000000
ZA;2023-05-16 10:00:00;South Africa;28405.915000000
ZA;2023-05-16 11:00:00;South Africa;28094.383000000
ZA;2023-05-16 12:00:00;South Africa;27881.949000000
ZA;2023-05-16 13:00:00;South Africa;27808.585000000
ZA;2023-05-16 14:00:00;South Africa;28047.395000000
ZA;2023-05-16 15:00:00;South Africa;28930.824000000
ZA;2023-05-16 16:00:00;South Africa;30082.621000000
ZA;2023-05-16 17:00:00;South Africa;31656.577000000
ZA;2023-05-16 18:00:00;South Africa;32792.573000000
ZA;2023-05-16 19:00:00;South Africa;31155.096000000
ZA;2023-05-16 20:00:00;South Africa;29371.772000000
ZA;2023-05-16 21:00:00;South Africa;26986.194000000
ZA;2023-05-16 22:00:00;South Africa;24566.725000000
ZA;2023-05-16 23:00:00;South Africa;23039.807000000
ZA;2023-05-17 00:00:00;South Africa;22005.865000000
ZA;2023-05-17 01:00:00;South Africa;22009.865000000
ZA;2023-05-17 02:00:00;South Africa;22187.633000000
ZA;2023-05-17 03:00:00;South Africa;22458.729000000
ZA;2023-05-17 04:00:00;South Africa;23921.855000000
ZA;2023-05-17 05:00:00;South Africa;26636.682000000
ZA;2023-05-17 06:00:00;South Africa;29093.492000000
ZA;2023-05-17 07:00:00;South Africa;28668.554000000
ZA;2023-05-17 08:00:00;South Africa;28978.752000000
ZA;2023-05-17 09:00:00;South Africa;28832.854000000
ZA;2023-05-17 10:00:00;South Africa;28666.232000000
ZA;2023-05-17 11:00:00;South Africa;28458.256000000
ZA;2023-05-17 12:00:00;South Africa;28068.147000000
ZA;2023-05-17 13:00:00;South Africa;28054.662000000
ZA;2023-05-17 14:00:00;South Africa;28378.024000000
ZA;2023-05-17 15:00:00;South Africa;29155.074000000
ZA;2023-05-17 16:00:00;South Africa;30432.689000000
ZA;2023-05-17 17:00:00;South Africa;31910.563000000
ZA;2023-05-17 18:00:00;South Africa;33010.936000000
ZA;2023-05-17 19:00:00;South Africa;31179.074000000
ZA;2023-05-17 20:00:00;South Africa;28915.689000000
ZA;2023-05-17 21:00:00;South Africa;26533.429000000
ZA;2023-05-17 22:00:00;South Africa;24390.840000000
ZA;2023-05-17 23:00:00;South Africa;23018.261000000
ZA;2023-05-18 00:00:00;South Africa;22640.341000000
ZA;2023-05-18 01:00:00;South Africa;22407.714000000
ZA;2023-05-18 02:00:00;South Africa;22753.899000000
ZA;2023-05-18 03:00:00;South Africa;23232.656000000
ZA;2023-05-18 04:00:00;South Africa;24462.234000000
ZA;2023-05-18 05:00:00;South Africa;26671.412000000
ZA;2023-05-18 06:00:00;South Africa;28905.537000000
ZA;2023-05-18 07:00:00;South Africa;28748.156000000
ZA;2023-05-18 08:00:00;South Africa;29222.554000000
ZA;2023-05-18 09:00:00;South Africa;28968.362000000
ZA;2023-05-18 10:00:00;South Africa;28827.290000000
ZA;2023-05-18 11:00:00;South Africa;28459.801000000
ZA;2023-05-18 12:00:00;South Africa;28118.773000000
ZA;2023-05-18 13:00:00;South Africa;28221.935000000
ZA;2023-05-18 14:00:00;South Africa;28569.160000000
ZA;2023-05-18 15:00:00;South Africa;29487.777000000
ZA;2023-05-18 16:00:00;South Africa;30385.925000000
ZA;2023-05-18 17:00:00;South Africa;32032.834000000
ZA;2023-05-18 18:00:00;South Africa;33079.276000000
ZA;2023-05-18 19:00:00;South Africa;31438.340000000
ZA;2023-05-18 20:00:00;South Africa;29270.123000000
ZA;2023-05-18 21:00:00;South Africa;26852.283000000
ZA;2023-05-18 22:00:00;South Africa;24571.697000000
ZA;2023-05-18 23:00:00;South Africa;23028.200000000
ZA;2023-05-19 00:00:00;South Africa;22686.067000000
ZA;2023-05-19 01:00:00;South Africa;22598.940000000
ZA;2023-05-19 02:00:00;South Africa;22999.338000000
ZA;2023-05-19 03:00:00;South Africa;23256.287000000
ZA;2023-05-19 04:00:00;South Africa;24329.414000000
ZA;2023-05-19 05:00:00;South Africa;27058.869000000
ZA;2023-05-19 06:00:00;South Africa;29111.320000000
ZA;2023-05-19 07:00:00;South Africa;28974.779000000
ZA;2023-05-19 08:00:00;South Africa;29384.121000000
ZA;2023-05-19 09:00:00;South Africa;28928.589000000
ZA;2023-05-19 10:00:00;South Africa;28472.088000000
ZA;2023-05-19 11:00:00;South Africa;28166.572000000
ZA;2023-05-19 12:00:00;South Africa;28001.871000000
ZA;2023-05-19 13:00:00;South Africa;27737.385000000
ZA;2023-05-19 14:00:00;South Africa;27995.004000000
ZA;2023-05-19 15:00:00;South Africa;28435.838000000
ZA;2023-05-19 16:00:00;South Africa;29311.053000000
ZA;2023-05-19 17:00:00;South Africa;30677.505000000
ZA;2023-05-19 18:00:00;South Africa;31454.751000000
ZA;2023-05-19 19:00:00;South Africa;30103.661000000
ZA;2023-05-19 20:00:00;South Africa;28466.752000000
ZA;2023-05-19 21:00:00;South Africa;26709.281000000
ZA;2023-05-19 22:00:00;South Africa;24854.264000000
ZA;2023-05-19 23:00:00;South Africa;23360.558000000
ZA;2023-05-20 00:00:00;South Africa;22619.208000000
ZA;2023-05-20 01:00:00;South Africa;21878.779000000
ZA;2023-05-20 02:00:00;South Africa;21801.320000000
ZA;2023-05-20 03:00:00;South Africa;21819.162000000
ZA;2023-05-20 04:00:00;South Africa;22283.791000000
ZA;2023-05-20 05:00:00;South Africa;23007.951000000
ZA;2023-05-20 06:00:00;South Africa;24372.258000000
ZA;2023-05-20 07:00:00;South Africa;26665.219000000
ZA;2023-05-20 08:00:00;South Africa;28265.563000000
ZA;2023-05-20 09:00:00;South Africa;28381.220000000
ZA;2023-05-20 10:00:00;South Africa;28080.359000000
ZA;2023-05-20 11:00:00;South Africa;27463.930000000
ZA;2023-05-20 12:00:00;South Africa;27015.548000000
ZA;2023-05-20 13:00:00;South Africa;26608.025000000
ZA;2023-05-20 14:00:00;South Africa;26528.733000000
ZA;2023-05-20 15:00:00;South Africa;26853.737000000
ZA;2023-05-20 16:00:00;South Africa;27872.880000000
ZA;2023-05-20 17:00:00;South Africa;29289.902000000
ZA;2023-05-20 18:00:00;South Africa;30335.149000000
ZA;2023-05-20 19:00:00;South Africa;28953.749000000
ZA;2023-05-20 20:00:00;South Africa;27173.418000000
ZA;2023-05-20 21:00:00;South Africa;25400.440000000
ZA;2023-05-20 22:00:00;South Africa;23823.877000000
ZA;2023-05-20 23:00:00;South Africa;22170.855000000
ZA;2023-05-21 00:00:00;South Africa;21612.260000000
ZA;2023-05-21 01:00:00;South Africa;21094.420000000
ZA;2023-05-21 02:00:00;South Africa;20756.630000000
ZA;2023-05-21 03:00:00;South Africa;20761.197000000
ZA;2023-05-21 04:00:00;South Africa;20990.306000000
ZA;2023-05-21 05:00:00;South Africa;21862.147000000
ZA;2023-05-21 06:00:00;South Africa;23274.439000000
ZA;2023-05-21 07:00:00;South Africa;26114.739000000
ZA;2023-05-21 08:00:00;South Africa;28000.092000000
ZA;2023-05-21 09:00:00;South Africa;28474.186000000
ZA;2023-05-21 10:00:00;South Africa;28068.553000000
ZA;2023-05-21 11:00:00;South Africa;27409.765000000
ZA;2023-05-21 12:00:00;South Africa;27178.098000000
ZA;2023-05-21 13:00:00;South Africa;27009.214000000
ZA;2023-05-21 14:00:00;South Africa;26791.812000000
ZA;2023-05-21 15:00:00;South Africa;27033.695000000
ZA;2023-05-21 16:00:00;South Africa;28022.010000000
ZA;2023-05-21 17:00:00;South Africa;29573.272000000
ZA;2023-05-21 18:00:00;South Africa;30579.930000000
ZA;2023-05-21 19:00:00;South Africa;29220.799000000
ZA;2023-05-21 20:00:00;South Africa;27570.851000000
ZA;2023-05-21 21:00:00;South Africa;25287.486000000
ZA;2023-05-21 22:00:00;South Africa;23256.954000000
ZA;2023-05-21 23:00:00;South Africa;22576.821000000
ZA;2023-05-22 00:00:00;South Africa;20979.476000000
ZA;2023-05-22 01:00:00;South Africa;20695.116000000
ZA;2023-05-22 02:00:00;South Africa;20558.100000000
ZA;2023-05-22 03:00:00;South Africa;21110.524000000
ZA;2023-05-22 04:00:00;South Africa;23365.159000000
ZA;2023-05-22 05:00:00;South Africa;26270.336000000
ZA;2023-05-22 06:00:00;South Africa;28732.649000000
ZA;2023-05-22 07:00:00;South Africa;28667.694000000
ZA;2023-05-22 08:00:00;South Africa;29051.192000000
ZA;2023-05-22 09:00:00;South Africa;28871.480000000
ZA;2023-05-22 10:00:00;South Africa;28527.457000000
ZA;2023-05-22 11:00:00;South Africa;28014.300000000
ZA;2023-05-22 12:00:00;South Africa;27874.406000000
ZA;2023-05-22 13:00:00;South Africa;27691.922000000
ZA;2023-05-22 14:00:00;South Africa;27924.388000000
ZA;2023-05-22 15:00:00;South Africa;28806.436000000
ZA;2023-05-22 16:00:00;South Africa;30351.145000000
ZA;2023-05-22 17:00:00;South Africa;31886.685000000
ZA;2023-05-22 18:00:00;South Africa;33029.412000000
ZA;2023-05-22 19:00:00;South Africa;31134.206000000
ZA;2023-05-22 20:00:00;South Africa;29315.068000000
ZA;2023-05-22 21:00:00;South Africa;26785.456000000
ZA;2023-05-22 22:00:00;South Africa;24633.927000000
ZA;2023-05-22 23:00:00;South Africa;22930.851000000
ZA;2023-05-23 00:00:00;South Africa;22477.169000000
ZA;2023-05-23 01:00:00;South Africa;21992.962000000
ZA;2023-05-23 02:00:00;South Africa;21785.365000000
ZA;2023-05-23 03:00:00;South Africa;21976.045000000
ZA;2023-05-23 04:00:00;South Africa;23833.434000000
ZA;2023-05-23 05:00:00;South Africa;27254.677000000
ZA;2023-05-23 06:00:00;South Africa;29302.173000000
ZA;2023-05-23 07:00:00;South Africa;28854.343000000
ZA;2023-05-23 08:00:00;South Africa;29365.454000000
ZA;2023-05-23 09:00:00;South Africa;29447.624000000
ZA;2023-05-23 10:00:00;South Africa;28674.857000000
ZA;2023-05-23 11:00:00;South Africa;28328.309000000
ZA;2023-05-23 12:00:00;South Africa;28001.914000000
ZA;2023-05-23 13:00:00;South Africa;27867.475000000
ZA;2023-05-23 14:00:00;South Africa;28227.751000000
ZA;2023-05-23 15:00:00;South Africa;29021.224000000
ZA;2023-05-23 16:00:00;South Africa;30052.974000000
ZA;2023-05-23 17:00:00;South Africa;31970.176000000
ZA;2023-05-23 18:00:00;South Africa;32995.544000000
ZA;2023-05-23 19:00:00;South Africa;31502.686000000
ZA;2023-05-23 20:00:00;South Africa;29453.085000000
ZA;2023-05-23 21:00:00;South Africa;26956.118000000
ZA;2023-05-23 22:00:00;South Africa;24696.585000000
ZA;2023-05-23 23:00:00;South Africa;23085.275000000
ZA;2023-05-24 00:00:00;South Africa;22653.122000000
ZA;2023-05-24 01:00:00;South Africa;22259.553000000
ZA;2023-05-24 02:00:00;South Africa;22173.354000000
ZA;2023-05-24 03:00:00;South Africa;22305.572000000
ZA;2023-05-24 04:00:00;South Africa;24466.979000000
ZA;2023-05-24 05:00:00;South Africa;27515.275000000
ZA;2023-05-24 06:00:00;South Africa;30036.619000000
ZA;2023-05-24 07:00:00;South Africa;29745.724000000
ZA;2023-05-24 08:00:00;South Africa;29827.194000000
ZA;2023-05-24 09:00:00;South Africa;29167.857000000
ZA;2023-05-24 10:00:00;South Africa;28523.846000000
ZA;2023-05-24 11:00:00;South Africa;28205.333000000
ZA;2023-05-24 12:00:00;South Africa;27895.047000000
ZA;2023-05-24 13:00:00;South Africa;27702.986000000
ZA;2023-05-24 14:00:00;South Africa;28261.611000000
ZA;2023-05-24 15:00:00;South Africa;28974.257000000
ZA;2023-05-24 16:00:00;South Africa;30560.207000000
ZA;2023-05-24 17:00:00;South Africa;32289.074000000
ZA;2023-05-24 18:00:00;South Africa;33186.452000000
ZA;2023-05-24 19:00:00;South Africa;31397.209000000
ZA;2023-05-24 20:00:00;South Africa;29218.342000000
ZA;2023-05-24 21:00:00;South Africa;26890.603000000
ZA;2023-05-24 22:00:00;South Africa;24642.265000000
ZA;2023-05-24 23:00:00;South Africa;23040.731000000
ZA;2023-05-25 00:00:00;South Africa;22276.638000000
ZA;2023-05-25 01:00:00;South Africa;21850.451000000
ZA;2023-05-25 02:00:00;South Africa;22123.957000000
ZA;2023-05-25 03:00:00;South Africa;22325.451000000
ZA;2023-05-25 04:00:00;South Africa;24154.683000000
ZA;2023-05-25 05:00:00;South Africa;27056.089000000
ZA;2023-05-25 06:00:00;South Africa;29659.248000000
ZA;2023-05-25 07:00:00;South Africa;29407.977000000
ZA;2023-05-25 08:00:00;South Africa;29271.963000000
ZA;2023-05-25 09:00:00;South Africa;28959.937000000
ZA;2023-05-25 10:00:00;South Africa;28628.555000000
ZA;2023-05-25 11:00:00;South Africa;28189.630000000
ZA;2023-05-25 12:00:00;South Africa;27973.667000000
ZA;2023-05-25 13:00:00;South Africa;27786.165000000
ZA;2023-05-25 14:00:00;South Africa;28145.795000000
ZA;2023-05-25 15:00:00;South Africa;28899.703000000
ZA;2023-05-25 16:00:00;South Africa;30088.221000000
ZA;2023-05-25 17:00:00;South Africa;32013.742000000
ZA;2023-05-25 18:00:00;South Africa;33125.174000000
ZA;2023-05-25 19:00:00;South Africa;31495.698000000
ZA;2023-05-25 20:00:00;South Africa;29748.116000000
ZA;2023-05-25 21:00:00;South Africa;27392.233000000
ZA;2023-05-25 22:00:00;South Africa;25309.898000000
ZA;2023-05-25 23:00:00;South Africa;23954.902000000
ZA;2023-05-26 00:00:00;South Africa;22845.032000000
ZA;2023-05-26 01:00:00;South Africa;22344.037000000
ZA;2023-05-26 02:00:00;South Africa;22209.476000000
ZA;2023-05-26 03:00:00;South Africa;22542.809000000
ZA;2023-05-26 04:00:00;South Africa;24060.069000000
ZA;2023-05-26 05:00:00;South Africa;27048.777000000
ZA;2023-05-26 06:00:00;South Africa;29481.401000000
ZA;2023-05-26 07:00:00;South Africa;29285.251000000
ZA;2023-05-26 08:00:00;South Africa;29292.425000000
ZA;2023-05-26 09:00:00;South Africa;28995.089000000
ZA;2023-05-26 10:00:00;South Africa;28648.803000000
ZA;2023-05-26 11:00:00;South Africa;28381.730000000
ZA;2023-05-26 12:00:00;South Africa;27878.076000000
ZA;2023-05-26 13:00:00;South Africa;27432.111000000
ZA;2023-05-26 14:00:00;South Africa;27494.906000000
ZA;2023-05-26 15:00:00;South Africa;27759.379000000
ZA;2023-05-26 16:00:00;South Africa;28411.078000000
ZA;2023-05-26 17:00:00;South Africa;30060.326000000
ZA;2023-05-26 18:00:00;South Africa;30840.572000000
ZA;2023-05-26 19:00:00;South Africa;29695.514000000
ZA;2023-05-26 20:00:00;South Africa;28272.943000000
ZA;2023-05-26 21:00:00;South Africa;26411.801000000
ZA;2023-05-26 22:00:00;South Africa;24502.380000000
ZA;2023-05-26 23:00:00;South Africa;23124.720000000
ZA;2023-05-27 00:00:00;South Africa;22452.541000000
ZA;2023-05-27 01:00:00;South Africa;21960.142000000
ZA;2023-05-27 02:00:00;South Africa;21755.475000000
ZA;2023-05-27 03:00:00;South Africa;21782.725000000
ZA;2023-05-27 04:00:00;South Africa;22569.666000000
ZA;2023-05-27 05:00:00;South Africa;23159.874000000
ZA;2023-05-27 06:00:00;South Africa;24642.379000000
ZA;2023-05-27 07:00:00;South Africa;26908.057000000
ZA;2023-05-27 08:00:00;South Africa;28379.893000000
ZA;2023-05-27 09:00:00;South Africa;28617.377000000
ZA;2023-05-27 10:00:00;South Africa;28331.267000000
ZA;2023-05-27 11:00:00;South Africa;27590.811000000
ZA;2023-05-27 12:00:00;South Africa;27160.640000000
ZA;2023-05-27 13:00:00;South Africa;26668.159000000
ZA;2023-05-27 14:00:00;South Africa;26818.713000000
ZA;2023-05-27 15:00:00;South Africa;26978.146000000
ZA;2023-05-27 16:00:00;South Africa;27432.422000000
ZA;2023-05-27 17:00:00;South Africa;29154.700000000
ZA;2023-05-27 18:00:00;South Africa;30157.497000000
ZA;2023-05-27 19:00:00;South Africa;28679.625000000
ZA;2023-05-27 20:00:00;South Africa;26991.092000000
ZA;2023-05-27 21:00:00;South Africa;25113.288000000
ZA;2023-05-27 22:00:00;South Africa;23869.610000000
ZA;2023-05-27 23:00:00;South Africa;22454.065000000
ZA;2023-05-28 00:00:00;South Africa;21520.367000000
ZA;2023-05-28 01:00:00;South Africa;20951.630000000
ZA;2023-05-28 02:00:00;South Africa;20979.073000000
ZA;2023-05-28 03:00:00;South Africa;20828.921000000
ZA;2023-05-28 04:00:00;South Africa;21579.268000000
ZA;2023-05-28 05:00:00;South Africa;21602.524000000
ZA;2023-05-28 06:00:00;South Africa;23056.252000000
ZA;2023-05-28 07:00:00;South Africa;25649.988000000
ZA;2023-05-28 08:00:00;South Africa;27427.706000000
ZA;2023-05-28 09:00:00;South Africa;27928.388000000
ZA;2023-05-28 10:00:00;South Africa;27575.238000000
ZA;2023-05-28 11:00:00;South Africa;27086.227000000
ZA;2023-05-28 12:00:00;South Africa;26749.517000000
ZA;2023-05-28 13:00:00;South Africa;26324.546000000
ZA;2023-05-28 14:00:00;South Africa;26044.732000000
ZA;2023-05-28 15:00:00;South Africa;26492.096000000
ZA;2023-05-28 16:00:00;South Africa;27333.599000000
ZA;2023-05-28 17:00:00;South Africa;29226.655000000
ZA;2023-05-28 18:00:00;South Africa;30482.464000000
ZA;2023-05-28 19:00:00;South Africa;29147.405000000
ZA;2023-05-28 20:00:00;South Africa;27526.437000000
ZA;2023-05-28 21:00:00;South Africa;25039.410000000
ZA;2023-05-28 22:00:00;South Africa;23137.052000000
ZA;2023-05-28 23:00:00;South Africa;21908.256000000
ZA;2023-05-29 00:00:00;South Africa;21631.850000000
ZA;2023-05-29 01:00:00;South Africa;21385.295000000
ZA;2023-05-29 02:00:00;South Africa;21113.502000000
ZA;2023-05-29 03:00:00;South Africa;21348.427000000
ZA;2023-05-29 04:00:00;South Africa;22825.815000000
ZA;2023-05-29 05:00:00;South Africa;26191.012000000
ZA;2023-05-29 06:00:00;South Africa;28880.068000000
ZA;2023-05-29 07:00:00;South Africa;28838.411000000
ZA;2023-05-29 08:00:00;South Africa;29367.657000000
ZA;2023-05-29 09:00:00;South Africa;29426.663000000
ZA;2023-05-29 10:00:00;South Africa;29337.259000000
ZA;2023-05-29 11:00:00;South Africa;28869.500000000
ZA;2023-05-29 12:00:00;South Africa;28672.721000000
ZA;2023-05-29 13:00:00;South Africa;28483.565000000
ZA;2023-05-29 14:00:00;South Africa;28659.329000000
ZA;2023-05-29 15:00:00;South Africa;29354.062000000
ZA;2023-05-29 16:00:00;South Africa;30729.953000000
ZA;2023-05-29 17:00:00;South Africa;32699.943000000
ZA;2023-05-29 18:00:00;South Africa;33778.397000000
ZA;2023-05-29 19:00:00;South Africa;31830.199000000
ZA;2023-05-29 20:00:00;South Africa;29896.406000000
ZA;2023-05-29 21:00:00;South Africa;27313.463000000
ZA;2023-05-29 22:00:00;South Africa;25112.229000000
ZA;2023-05-29 23:00:00;South Africa;23369.201000000
ZA;2023-05-30 00:00:00;South Africa;22638.868000000
ZA;2023-05-30 01:00:00;South Africa;22066.766000000
ZA;2023-05-30 02:00:00;South Africa;21835.981000000
ZA;2023-05-30 03:00:00;South Africa;22119.364000000
ZA;2023-05-30 04:00:00;South Africa;23995.704000000
ZA;2023-05-30 05:00:00;South Africa;27646.108000000
ZA;2023-05-30 06:00:00;South Africa;29866.449000000
ZA;2023-05-30 07:00:00;South Africa;29548.978000000
ZA;2023-05-30 08:00:00;South Africa;29822.264000000
ZA;2023-05-30 09:00:00;South Africa;29576.920000000
ZA;2023-05-30 10:00:00;South Africa;29173.239000000
ZA;2023-05-30 11:00:00;South Africa;28762.020000000
ZA;2023-05-30 12:00:00;South Africa;28679.670000000
ZA;2023-05-30 13:00:00;South Africa;28675.871000000
ZA;2023-05-30 14:00:00;South Africa;29069.452000000
ZA;2023-05-30 15:00:00;South Africa;29860.844000000
ZA;2023-05-30 16:00:00;South Africa;31062.172000000
ZA;2023-05-30 17:00:00;South Africa;33123.185000000
ZA;2023-05-30 18:00:00;South Africa;33815.841000000
ZA;2023-05-30 19:00:00;South Africa;32108.281000000
ZA;2023-05-30 20:00:00;South Africa;30165.153000000
ZA;2023-05-30 21:00:00;South Africa;27722.713000000
ZA;2023-05-30 22:00:00;South Africa;24952.320000000
ZA;2023-05-30 23:00:00;South Africa;23219.821000000
ZA;2023-05-31 00:00:00;South Africa;22540.880000000
ZA;2023-05-31 01:00:00;South Africa;22321.186000000
ZA;2023-05-31 02:00:00;South Africa;21958.622000000
ZA;2023-05-31 03:00:00;South Africa;22078.578000000
ZA;2023-05-31 04:00:00;South Africa;24023.444000000
ZA;2023-05-31 05:00:00;South Africa;27432.664000000
ZA;2023-05-31 06:00:00;South Africa;29657.856000000
ZA;2023-05-31 07:00:00;South Africa;29352.274000000
ZA;2023-05-31 08:00:00;South Africa;29940.024000000
ZA;2023-05-31 09:00:00;South Africa;29707.823000000
ZA;2023-05-31 10:00:00;South Africa;29247.043000000
ZA;2023-05-31 11:00:00;South Africa;28822.858000000
ZA;2023-05-31 12:00:00;South Africa;28563.814000000
ZA;2023-05-31 13:00:00;South Africa;28406.157000000
ZA;2023-05-31 14:00:00;South Africa;28430.202000000
ZA;2023-05-31 15:00:00;South Africa;29122.663000000
ZA;2023-05-31 16:00:00;South Africa;30636.512000000
ZA;2023-05-31 17:00:00;South Africa;32294.987000000
ZA;2023-05-31 18:00:00;South Africa;32992.860000000
ZA;2023-05-31 19:00:00;South Africa;31593.934000000
ZA;2023-05-31 20:00:00;South Africa;29805.242000000
ZA;2023-05-31 21:00:00;South Africa;27326.229000000
ZA;2023-05-31 22:00:00;South Africa;24811.895000000
ZA;2023-05-31 23:00:00;South Africa;23091.796000000
ZA;2023-06-01 00:00:00;South Africa;22358.425000000
ZA;2023-06-01 01:00:00;South Africa;21796.082000000
ZA;2023-06-01 02:00:00;South Africa;21968.527000000
ZA;2023-06-01 03:00:00;South Africa;22180.470000000
ZA;2023-06-01 04:00:00;South Africa;24256.519000000
ZA;2023-06-01 05:00:00;South Africa;27087.190000000
ZA;2023-06-01 06:00:00;South Africa;28867.515000000
ZA;2023-06-01 07:00:00;South Africa;28686.025000000
ZA;2023-06-01 08:00:00;South Africa;29052.770000000
ZA;2023-06-01 09:00:00;South Africa;29399.233000000
ZA;2023-06-01 10:00:00;South Africa;29208.679000000
ZA;2023-06-01 11:00:00;South Africa;28540.085000000
ZA;2023-06-01 12:00:00;South Africa;28102.030000000
ZA;2023-06-01 13:00:00;South Africa;27796.194000000
ZA;2023-06-01 14:00:00;South Africa;28038.467000000
ZA;2023-06-01 15:00:00;South Africa;28951.215000000
ZA;2023-06-01 16:00:00;South Africa;30151.596000000
ZA;2023-06-01 17:00:00;South Africa;31291.701000000
ZA;2023-06-01 18:00:00;South Africa;32578.775000000
ZA;2023-06-01 19:00:00;South Africa;32097.679000000
ZA;2023-06-01 20:00:00;South Africa;30270.902000000
ZA;2023-06-01 21:00:00;South Africa;27788.097000000
ZA;2023-06-01 22:00:00;South Africa;25342.555000000
ZA;2023-06-01 23:00:00;South Africa;23473.382000000
ZA;2023-06-02 00:00:00;South Africa;22145.420000000
ZA;2023-06-02 01:00:00;South Africa;21767.878000000
ZA;2023-06-02 02:00:00;South Africa;21605.382000000
ZA;2023-06-02 03:00:00;South Africa;22064.466000000
ZA;2023-06-02 04:00:00;South Africa;23730.905000000
ZA;2023-06-02 05:00:00;South Africa;27038.606000000
ZA;2023-06-02 06:00:00;South Africa;29123.736000000
ZA;2023-06-02 07:00:00;South Africa;29467.046000000
ZA;2023-06-02 08:00:00;South Africa;29863.622000000
ZA;2023-06-02 09:00:00;South Africa;30146.363000000
ZA;2023-06-02 10:00:00;South Africa;29683.353000000
ZA;2023-06-02 11:00:00;South Africa;29110.273000000
ZA;2023-06-02 12:00:00;South Africa;28454.091000000
ZA;2023-06-02 13:00:00;South Africa;27659.758000000
ZA;2023-06-02 14:00:00;South Africa;27654.142000000
ZA;2023-06-02 15:00:00;South Africa;28009.912000000
ZA;2023-06-02 16:00:00;South Africa;28809.498000000
ZA;2023-06-02 17:00:00;South Africa;29656.077000000
ZA;2023-06-02 18:00:00;South Africa;30988.168000000
ZA;2023-06-02 19:00:00;South Africa;30586.658000000
ZA;2023-06-02 20:00:00;South Africa;28905.912000000
ZA;2023-06-02 21:00:00;South Africa;26940.357000000
ZA;2023-06-02 22:00:00;South Africa;24940.410000000
ZA;2023-06-02 23:00:00;South Africa;23384.876000000
ZA;2023-06-03 00:00:00;South Africa;22057.945000000
ZA;2023-06-03 01:00:00;South Africa;21320.672000000
ZA;2023-06-03 02:00:00;South Africa;20880.608000000
ZA;2023-06-03 03:00:00;South Africa;21150.082000000
ZA;2023-06-03 04:00:00;South Africa;21477.412000000
ZA;2023-06-03 05:00:00;South Africa;22661.561000000
ZA;2023-06-03 06:00:00;South Africa;24160.757000000
ZA;2023-06-03 07:00:00;South Africa;26608.781000000
ZA;2023-06-03 08:00:00;South Africa;28288.584000000
ZA;2023-06-03 09:00:00;South Africa;28543.515000000
ZA;2023-06-03 10:00:00;South Africa;28087.858000000
ZA;2023-06-03 11:00:00;South Africa;27678.978000000
ZA;2023-06-03 12:00:00;South Africa;26943.862000000
ZA;2023-06-03 13:00:00;South Africa;26523.876000000
ZA;2023-06-03 14:00:00;South Africa;26108.480000000
ZA;2023-06-03 15:00:00;South Africa;26325.757000000
ZA;2023-06-03 16:00:00;South Africa;27310.305000000
ZA;2023-06-03 17:00:00;South Africa;29141.687000000
ZA;2023-06-03 18:00:00;South Africa;30497.420000000
ZA;2023-06-03 19:00:00;South Africa;29290.184000000
ZA;2023-06-03 20:00:00;South Africa;27538.739000000
ZA;2023-06-03 21:00:00;South Africa;25843.625000000
ZA;2023-06-03 22:00:00;South Africa;23280.467000000
ZA;2023-06-03 23:00:00;South Africa;21774.598000000
ZA;2023-06-04 00:00:00;South Africa;20788.133000000
ZA;2023-06-04 01:00:00;South Africa;20230.930000000
ZA;2023-06-04 02:00:00;South Africa;19955.342000000
ZA;2023-06-04 03:00:00;South Africa;20089.552000000
ZA;2023-06-04 04:00:00;South Africa;20490.154000000
ZA;2023-06-04 05:00:00;South Africa;21055.454000000
ZA;2023-06-04 06:00:00;South Africa;22404.134000000
ZA;2023-06-04 07:00:00;South Africa;25111.416000000
ZA;2023-06-04 08:00:00;South Africa;27281.694000000
ZA;2023-06-04 09:00:00;South Africa;27500.664000000
ZA;2023-06-04 10:00:00;South Africa;27258.731000000
ZA;2023-06-04 11:00:00;South Africa;26821.280000000
ZA;2023-06-04 12:00:00;South Africa;26550.704000000
ZA;2023-06-04 13:00:00;South Africa;26252.335000000
ZA;2023-06-04 14:00:00;South Africa;26039.053000000
ZA;2023-06-04 15:00:00;South Africa;26428.976000000
ZA;2023-06-04 16:00:00;South Africa;27541.760000000
ZA;2023-06-04 17:00:00;South Africa;29365.139000000
ZA;2023-06-04 18:00:00;South Africa;30571.265000000
ZA;2023-06-04 19:00:00;South Africa;29432.803000000
ZA;2023-06-04 20:00:00;South Africa;27376.188000000
ZA;2023-06-04 21:00:00;South Africa;25338.533000000
ZA;2023-06-04 22:00:00;South Africa;23324.934000000
ZA;2023-06-04 23:00:00;South Africa;21275.529000000
ZA;2023-06-05 00:00:00;South Africa;20429.423000000
ZA;2023-06-05 01:00:00;South Africa;20138.825000000
ZA;2023-06-05 02:00:00;South Africa;20017.481000000
ZA;2023-06-05 03:00:00;South Africa;20477.658000000
ZA;2023-06-05 04:00:00;South Africa;22439.515000000
ZA;2023-06-05 05:00:00;South Africa;25842.096000000
ZA;2023-06-05 06:00:00;South Africa;27489.469000000
ZA;2023-06-05 07:00:00;South Africa;27734.815000000
ZA;2023-06-05 08:00:00;South Africa;28303.874000000
ZA;2023-06-05 09:00:00;South Africa;28790.371000000
ZA;2023-06-05 10:00:00;South Africa;28402.617000000
ZA;2023-06-05 11:00:00;South Africa;27857.533000000
ZA;2023-06-05 12:00:00;South Africa;27472.389000000
ZA;2023-06-05 13:00:00;South Africa;27269.547000000
ZA;2023-06-05 14:00:00;South Africa;27681.213000000
ZA;2023-06-05 15:00:00;South Africa;28499.161000000
ZA;2023-06-05 16:00:00;South Africa;29446.073000000
ZA;2023-06-05 17:00:00;South Africa;31044.582000000
ZA;2023-06-05 18:00:00;South Africa;32231.548000000
ZA;2023-06-05 19:00:00;South Africa;31542.638000000
ZA;2023-06-05 20:00:00;South Africa;29724.408000000
ZA;2023-06-05 21:00:00;South Africa;27198.657000000
ZA;2023-06-05 22:00:00;South Africa;24732.441000000
ZA;2023-06-05 23:00:00;South Africa;22867.215000000
ZA;2023-06-06 00:00:00;South Africa;21749.124000000
ZA;2023-06-06 01:00:00;South Africa;21366.507000000
ZA;2023-06-06 02:00:00;South Africa;21239.727000000
ZA;2023-06-06 03:00:00;South Africa;21825.982000000
ZA;2023-06-06 04:00:00;South Africa;23304.144000000
ZA;2023-06-06 05:00:00;South Africa;26832.700000000
ZA;2023-06-06 06:00:00;South Africa;28659.267000000
ZA;2023-06-06 07:00:00;South Africa;28807.217000000
ZA;2023-06-06 08:00:00;South Africa;28866.078000000
ZA;2023-06-06 09:00:00;South Africa;29052.097000000
ZA;2023-06-06 10:00:00;South Africa;28358.937000000
ZA;2023-06-06 11:00:00;South Africa;27816.536000000
ZA;2023-06-06 12:00:00;South Africa;27307.494000000
ZA;2023-06-06 13:00:00;South Africa;27118.444000000
ZA;2023-06-06 14:00:00;South Africa;27359.007000000
ZA;2023-06-06 15:00:00;South Africa;28445.721000000
ZA;2023-06-06 16:00:00;South Africa;29597.406000000
ZA;2023-06-06 17:00:00;South Africa;30921.210000000
ZA;2023-06-06 18:00:00;South Africa;32041.777000000
ZA;2023-06-06 19:00:00;South Africa;31317.701000000
ZA;2023-06-06 20:00:00;South Africa;29359.186000000
ZA;2023-06-06 21:00:00;South Africa;26774.814000000
ZA;2023-06-06 22:00:00;South Africa;24299.961000000
ZA;2023-06-06 23:00:00;South Africa;22773.848000000
ZA;2023-06-07 00:00:00;South Africa;21768.878000000
ZA;2023-06-07 01:00:00;South Africa;21281.239000000
ZA;2023-06-07 02:00:00;South Africa;21176.436000000
ZA;2023-06-07 03:00:00;South Africa;21570.751000000
ZA;2023-06-07 04:00:00;South Africa;23354.135000000
ZA;2023-06-07 05:00:00;South Africa;26760.927000000
ZA;2023-06-07 06:00:00;South Africa;28329.083000000
ZA;2023-06-07 07:00:00;South Africa;28435.835000000
ZA;2023-06-07 08:00:00;South Africa;28548.030000000
ZA;2023-06-07 09:00:00;South Africa;28879.457000000
ZA;2023-06-07 10:00:00;South Africa;28298.994000000
ZA;2023-06-07 11:00:00;South Africa;27643.503000000
ZA;2023-06-07 12:00:00;South Africa;27123.978000000
ZA;2023-06-07 13:00:00;South Africa;27248.924000000
ZA;2023-06-07 14:00:00;South Africa;27627.095000000
ZA;2023-06-07 15:00:00;South Africa;28507.694000000
ZA;2023-06-07 16:00:00;South Africa;29723.912000000
ZA;2023-06-07 17:00:00;South Africa;30733.712000000
ZA;2023-06-07 18:00:00;South Africa;31686.785000000
ZA;2023-06-07 19:00:00;South Africa;31259.628000000
ZA;2023-06-07 20:00:00;South Africa;29285.381000000
ZA;2023-06-07 21:00:00;South Africa;26713.425000000
ZA;2023-06-07 22:00:00;South Africa;24298.767000000
ZA;2023-06-07 23:00:00;South Africa;22724.829000000
ZA;2023-06-08 00:00:00;South Africa;21661.838000000
ZA;2023-06-08 01:00:00;South Africa;21472.810000000
ZA;2023-06-08 02:00:00;South Africa;21183.695000000
ZA;2023-06-08 03:00:00;South Africa;21511.170000000
ZA;2023-06-08 04:00:00;South Africa;23105.632000000
ZA;2023-06-08 05:00:00;South Africa;25920.551000000
ZA;2023-06-08 06:00:00;South Africa;27606.946000000
ZA;2023-06-08 07:00:00;South Africa;27563.955000000
ZA;2023-06-08 08:00:00;South Africa;27781.574000000
ZA;2023-06-08 09:00:00;South Africa;28144.664000000
ZA;2023-06-08 10:00:00;South Africa;27752.223000000
ZA;2023-06-08 11:00:00;South Africa;27214.021000000
ZA;2023-06-08 12:00:00;South Africa;26895.791000000
ZA;2023-06-08 13:00:00;South Africa;27064.973000000
ZA;2023-06-08 14:00:00;South Africa;27303.056000000
ZA;2023-06-08 15:00:00;South Africa;28233.372000000
ZA;2023-06-08 16:00:00;South Africa;29584.714000000
ZA;2023-06-08 17:00:00;South Africa;30868.126000000
ZA;2023-06-08 18:00:00;South Africa;31692.757000000
ZA;2023-06-08 19:00:00;South Africa;30960.714000000
ZA;2023-06-08 20:00:00;South Africa;29229.606000000
ZA;2023-06-08 21:00:00;South Africa;26720.203000000
ZA;2023-06-08 22:00:00;South Africa;24598.414000000
ZA;2023-06-08 23:00:00;South Africa;23442.591000000
ZA;2023-06-09 00:00:00;South Africa;21541.587000000
ZA;2023-06-09 01:00:00;South Africa;21338.787000000
ZA;2023-06-09 02:00:00;South Africa;21299.319000000
ZA;2023-06-09 03:00:00;South Africa;21709.169000000
ZA;2023-06-09 04:00:00;South Africa;23479.037000000
ZA;2023-06-09 05:00:00;South Africa;26901.190000000
ZA;2023-06-09 06:00:00;South Africa;28407.096000000
ZA;2023-06-09 07:00:00;South Africa;28585.794000000
ZA;2023-06-09 08:00:00;South Africa;28715.410000000
ZA;2023-06-09 09:00:00;South Africa;28825.213000000
ZA;2023-06-09 10:00:00;South Africa;28376.016000000
ZA;2023-06-09 11:00:00;South Africa;27864.855000000
ZA;2023-06-09 12:00:00;South Africa;27228.238000000
ZA;2023-06-09 13:00:00;South Africa;26936.494000000
ZA;2023-06-09 14:00:00;South Africa;27193.254000000
ZA;2023-06-09 15:00:00;South Africa;27797.321000000
ZA;2023-06-09 16:00:00;South Africa;28785.773000000
ZA;2023-06-09 17:00:00;South Africa;29572.589000000
ZA;2023-06-09 18:00:00;South Africa;30501.120000000
ZA;2023-06-09 19:00:00;South Africa;30078.397000000
ZA;2023-06-09 20:00:00;South Africa;28606.109000000
ZA;2023-06-09 21:00:00;South Africa;26509.401000000
ZA;2023-06-09 22:00:00;South Africa;24731.078000000
ZA;2023-06-09 23:00:00;South Africa;23237.497000000
ZA;2023-06-10 00:00:00;South Africa;21919.243000000
ZA;2023-06-10 01:00:00;South Africa;21221.882000000
ZA;2023-06-10 02:00:00;South Africa;20888.120000000
ZA;2023-06-10 03:00:00;South Africa;21037.949000000
ZA;2023-06-10 04:00:00;South Africa;21496.673000000
ZA;2023-06-10 05:00:00;South Africa;22568.340000000
ZA;2023-06-10 06:00:00;South Africa;24318.517000000
ZA;2023-06-10 07:00:00;South Africa;26609.148000000
ZA;2023-06-10 08:00:00;South Africa;28321.463000000
ZA;2023-06-10 09:00:00;South Africa;28567.713000000
ZA;2023-06-10 10:00:00;South Africa;28206.410000000
ZA;2023-06-10 11:00:00;South Africa;27575.682000000
ZA;2023-06-10 12:00:00;South Africa;26903.849000000
ZA;2023-06-10 13:00:00;South Africa;26401.182000000
ZA;2023-06-10 14:00:00;South Africa;26169.842000000
ZA;2023-06-10 15:00:00;South Africa;26429.891000000
ZA;2023-06-10 16:00:00;South Africa;27456.318000000
ZA;2023-06-10 17:00:00;South Africa;29281.773000000
ZA;2023-06-10 18:00:00;South Africa;30555.137000000
ZA;2023-06-10 19:00:00;South Africa;29329.084000000
ZA;2023-06-10 20:00:00;South Africa;27660.092000000
ZA;2023-06-10 21:00:00;South Africa;25769.732000000
ZA;2023-06-10 22:00:00;South Africa;23777.533000000
ZA;2023-06-10 23:00:00;South Africa;22151.886000000
ZA;2023-06-11 00:00:00;South Africa;21253.700000000
ZA;2023-06-11 01:00:00;South Africa;20742.087000000
ZA;2023-06-11 02:00:00;South Africa;20445.625000000
ZA;2023-06-11 03:00:00;South Africa;20314.610000000
ZA;2023-06-11 04:00:00;South Africa;20524.814000000
ZA;2023-06-11 05:00:00;South Africa;21142.328000000
ZA;2023-06-11 06:00:00;South Africa;22599.013000000
ZA;2023-06-11 07:00:00;South Africa;25430.678000000
ZA;2023-06-11 08:00:00;South Africa;27203.987000000
ZA;2023-06-11 09:00:00;South Africa;27684.534000000
ZA;2023-06-11 10:00:00;South Africa;27339.828000000
ZA;2023-06-11 11:00:00;South Africa;26933.071000000
ZA;2023-06-11 12:00:00;South Africa;26740.835000000
ZA;2023-06-11 13:00:00;South Africa;26440.637000000
ZA;2023-06-11 14:00:00;South Africa;26194.158000000
ZA;2023-06-11 15:00:00;South Africa;26339.233000000
ZA;2023-06-11 16:00:00;South Africa;27200.945000000
ZA;2023-06-11 17:00:00;South Africa;29210.768000000
ZA;2023-06-11 18:00:00;South Africa;30648.013000000
ZA;2023-06-11 19:00:00;South Africa;29464.428000000
ZA;2023-06-11 20:00:00;South Africa;27544.183000000
ZA;2023-06-11 21:00:00;South Africa;25172.059000000
ZA;2023-06-11 22:00:00;South Africa;23023.607000000
ZA;2023-06-11 23:00:00;South Africa;21683.512000000
ZA;2023-06-12 00:00:00;South Africa;20663.207000000
ZA;2023-06-12 01:00:00;South Africa;20238.051000000
ZA;2023-06-12 02:00:00;South Africa;20140.269000000
ZA;2023-06-12 03:00:00;South Africa;20606.698000000
ZA;2023-06-12 04:00:00;South Africa;22460.159000000
ZA;2023-06-12 05:00:00;South Africa;25842.072000000
ZA;2023-06-12 06:00:00;South Africa;27752.799000000
ZA;2023-06-12 07:00:00;South Africa;28043.761000000
ZA;2023-06-12 08:00:00;South Africa;28968.689000000
ZA;2023-06-12 09:00:00;South Africa;29733.629000000
ZA;2023-06-12 10:00:00;South Africa;29848.437000000
ZA;2023-06-12 11:00:00;South Africa;29694.244000000
ZA;2023-06-12 12:00:00;South Africa;29294.259000000
ZA;2023-06-12 13:00:00;South Africa;29355.977000000
ZA;2023-06-12 14:00:00;South Africa;29993.289000000
ZA;2023-06-12 15:00:00;South Africa;30816.889000000
ZA;2023-06-12 16:00:00;South Africa;30703.142000000
ZA;2023-06-12 17:00:00;South Africa;31820.668000000
ZA;2023-06-12 18:00:00;South Africa;32741.002000000
ZA;2023-06-12 19:00:00;South Africa;31837.819000000
ZA;2023-06-12 20:00:00;South Africa;29743.884000000
ZA;2023-06-12 21:00:00;South Africa;26991.970000000
ZA;2023-06-12 22:00:00;South Africa;24542.818000000
ZA;2023-06-12 23:00:00;South Africa;22609.815000000
ZA;2023-06-13 00:00:00;South Africa;21760.885000000
ZA;2023-06-13 01:00:00;South Africa;21435.906000000
ZA;2023-06-13 02:00:00;South Africa;21284.496000000
ZA;2023-06-13 03:00:00;South Africa;21776.539000000
ZA;2023-06-13 04:00:00;South Africa;23423.161000000
ZA;2023-06-13 05:00:00;South Africa;26737.052000000
ZA;2023-06-13 06:00:00;South Africa;28455.107000000
ZA;2023-06-13 07:00:00;South Africa;28884.994000000
ZA;2023-06-13 08:00:00;South Africa;29201.238000000
ZA;2023-06-13 09:00:00;South Africa;29539.185000000
ZA;2023-06-13 10:00:00;South Africa;29268.545000000
ZA;2023-06-13 11:00:00;South Africa;28977.625000000
ZA;2023-06-13 12:00:00;South Africa;28628.921000000
ZA;2023-06-13 13:00:00;South Africa;28525.034000000
ZA;2023-06-13 14:00:00;South Africa;28894.519000000
ZA;2023-06-13 15:00:00;South Africa;29452.505000000
ZA;2023-06-13 16:00:00;South Africa;30678.100000000
ZA;2023-06-13 17:00:00;South Africa;31738.572000000
ZA;2023-06-13 18:00:00;South Africa;32586.459000000
ZA;2023-06-13 19:00:00;South Africa;31623.595000000
ZA;2023-06-13 20:00:00;South Africa;29820.842000000
ZA;2023-06-13 21:00:00;South Africa;26978.039000000
ZA;2023-06-13 22:00:00;South Africa;24883.730000000
ZA;2023-06-13 23:00:00;South Africa;22671.768000000
ZA;2023-06-14 00:00:00;South Africa;21668.792000000
ZA;2023-06-14 01:00:00;South Africa;21310.215000000
ZA;2023-06-14 02:00:00;South Africa;21218.398000000
ZA;2023-06-14 03:00:00;South Africa;21730.214000000
ZA;2023-06-14 04:00:00;South Africa;23410.936000000
ZA;2023-06-14 05:00:00;South Africa;26678.622000000
ZA;2023-06-14 06:00:00;South Africa;28471.371000000
ZA;2023-06-14 07:00:00;South Africa;28702.909000000
ZA;2023-06-14 08:00:00;South Africa;28898.479000000
ZA;2023-06-14 09:00:00;South Africa;29474.240000000
ZA;2023-06-14 10:00:00;South Africa;28991.293000000
ZA;2023-06-14 11:00:00;South Africa;28650.369000000
ZA;2023-06-14 12:00:00;South Africa;28240.418000000
ZA;2023-06-14 13:00:00;South Africa;27987.213000000
ZA;2023-06-14 14:00:00;South Africa;28309.637000000
ZA;2023-06-14 15:00:00;South Africa;29173.618000000
ZA;2023-06-14 16:00:00;South Africa;30346.715000000
ZA;2023-06-14 17:00:00;South Africa;31330.099000000
ZA;2023-06-14 18:00:00;South Africa;32244.491000000
ZA;2023-06-14 19:00:00;South Africa;31566.549000000
ZA;2023-06-14 20:00:00;South Africa;29646.713000000
ZA;2023-06-14 21:00:00;South Africa;27151.465000000
ZA;2023-06-14 22:00:00;South Africa;25010.877000000
ZA;2023-06-14 23:00:00;South Africa;22860.442000000
ZA;2023-06-15 00:00:00;South Africa;21741.815000000
ZA;2023-06-15 01:00:00;South Africa;21149.226000000
ZA;2023-06-15 02:00:00;South Africa;21039.072000000
ZA;2023-06-15 03:00:00;South Africa;21447.569000000
ZA;2023-06-15 04:00:00;South Africa;23087.028000000
ZA;2023-06-15 05:00:00;South Africa;26313.888000000
ZA;2023-06-15 06:00:00;South Africa;28007.699000000
ZA;2023-06-15 07:00:00;South Africa;28681.561000000
ZA;2023-06-15 08:00:00;South Africa;29168.240000000
ZA;2023-06-15 09:00:00;South Africa;29431.177000000
ZA;2023-06-15 10:00:00;South Africa;29270.920000000
ZA;2023-06-15 11:00:00;South Africa;28753.393000000
ZA;2023-06-15 12:00:00;South Africa;28056.696000000
ZA;2023-06-15 13:00:00;South Africa;27790.836000000
ZA;2023-06-15 14:00:00;South Africa;28097.704000000
ZA;2023-06-15 15:00:00;South Africa;28669.521000000
ZA;2023-06-15 16:00:00;South Africa;29346.312000000
ZA;2023-06-15 17:00:00;South Africa;30196.033000000
ZA;2023-06-15 18:00:00;South Africa;31277.572000000
ZA;2023-06-15 19:00:00;South Africa;30756.115000000
ZA;2023-06-15 20:00:00;South Africa;29431.228000000
ZA;2023-06-15 21:00:00;South Africa;27232.640000000
ZA;2023-06-15 22:00:00;South Africa;25003.394000000
ZA;2023-06-15 23:00:00;South Africa;23225.545000000
ZA;2023-06-16 00:00:00;South Africa;21985.161000000
ZA;2023-06-16 01:00:00;South Africa;21232.487000000
ZA;2023-06-16 02:00:00;South Africa;20925.637000000
ZA;2023-06-16 03:00:00;South Africa;20937.759000000
ZA;2023-06-16 04:00:00;South Africa;21761.535000000
ZA;2023-06-16 05:00:00;South Africa;22601.415000000
ZA;2023-06-16 06:00:00;South Africa;23565.169000000
ZA;2023-06-16 07:00:00;South Africa;25919.106000000
ZA;2023-06-16 08:00:00;South Africa;27956.756000000
ZA;2023-06-16 09:00:00;South Africa;28475.511000000
ZA;2023-06-16 10:00:00;South Africa;27849.797000000
ZA;2023-06-16 11:00:00;South Africa;27208.639000000
ZA;2023-06-16 12:00:00;South Africa;26774.865000000
ZA;2023-06-16 13:00:00;South Africa;26081.449000000
ZA;2023-06-16 14:00:00;South Africa;25889.855000000
ZA;2023-06-16 15:00:00;South Africa;26185.470000000
ZA;2023-06-16 16:00:00;South Africa;27231.836000000
ZA;2023-06-16 17:00:00;South Africa;29438.322000000
ZA;2023-06-16 18:00:00;South Africa;30475.083000000
ZA;2023-06-16 19:00:00;South Africa;29238.508000000
ZA;2023-06-16 20:00:00;South Africa;27788.196000000
ZA;2023-06-16 21:00:00;South Africa;25623.462000000
ZA;2023-06-16 22:00:00;South Africa;23716.667000000
ZA;2023-06-16 23:00:00;South Africa;22139.121000000
ZA;2023-06-17 00:00:00;South Africa;21346.047000000
ZA;2023-06-17 01:00:00;South Africa;20895.257000000
ZA;2023-06-17 02:00:00;South Africa;20532.138000000
ZA;2023-06-17 03:00:00;South Africa;20447.474000000
ZA;2023-06-17 04:00:00;South Africa;20837.685000000
ZA;2023-06-17 05:00:00;South Africa;21713.218000000
ZA;2023-06-17 06:00:00;South Africa;23140.375000000
ZA;2023-06-17 07:00:00;South Africa;25613.632000000
ZA;2023-06-17 08:00:00;South Africa;27607.623000000
ZA;2023-06-17 09:00:00;South Africa;27840.515000000
ZA;2023-06-17 10:00:00;South Africa;27412.619000000
ZA;2023-06-17 11:00:00;South Africa;26783.344000000
ZA;2023-06-17 12:00:00;South Africa;26110.577000000
ZA;2023-06-17 13:00:00;South Africa;25758.512000000
ZA;2023-06-17 14:00:00;South Africa;25420.329000000
ZA;2023-06-17 15:00:00;South Africa;25817.507000000
ZA;2023-06-17 16:00:00;South Africa;26727.809000000
ZA;2023-06-17 17:00:00;South Africa;28655.731000000
ZA;2023-06-17 18:00:00;South Africa;29984.074000000
ZA;2023-06-17 19:00:00;South Africa;28921.836000000
ZA;2023-06-17 20:00:00;South Africa;27125.321000000
ZA;2023-06-17 21:00:00;South Africa;25232.718000000
ZA;2023-06-17 22:00:00;South Africa;23402.320000000
ZA;2023-06-17 23:00:00;South Africa;22034.541000000
ZA;2023-06-18 00:00:00;South Africa;20857.545000000
ZA;2023-06-18 01:00:00;South Africa;20214.415000000
ZA;2023-06-18 02:00:00;South Africa;19959.810000000
ZA;2023-06-18 03:00:00;South Africa;19940.044000000
ZA;2023-06-18 04:00:00;South Africa;20234.841000000
ZA;2023-06-18 05:00:00;South Africa;20859.331000000
ZA;2023-06-18 06:00:00;South Africa;22233.337000000
ZA;2023-06-18 07:00:00;South Africa;24775.728000000
ZA;2023-06-18 08:00:00;South Africa;26960.051000000
ZA;2023-06-18 09:00:00;South Africa;27557.058000000
ZA;2023-06-18 10:00:00;South Africa;27022.256000000
ZA;2023-06-18 11:00:00;South Africa;26321.377000000
ZA;2023-06-18 12:00:00;South Africa;25879.249000000
ZA;2023-06-18 13:00:00;South Africa;25485.200000000
ZA;2023-06-18 14:00:00;South Africa;25467.395000000
ZA;2023-06-18 15:00:00;South Africa;25844.506000000
ZA;2023-06-18 16:00:00;South Africa;26695.498000000
ZA;2023-06-18 17:00:00;South Africa;28786.389000000
ZA;2023-06-18 18:00:00;South Africa;30250.845000000
ZA;2023-06-18 19:00:00;South Africa;29148.874000000
ZA;2023-06-18 20:00:00;South Africa;27042.231000000
ZA;2023-06-18 21:00:00;South Africa;24801.525000000
ZA;2023-06-18 22:00:00;South Africa;22772.293000000
ZA;2023-06-18 23:00:00;South Africa;21409.459000000
ZA;2023-06-19 00:00:00;South Africa;20501.204000000
ZA;2023-06-19 01:00:00;South Africa;20199.388000000
ZA;2023-06-19 02:00:00;South Africa;20096.682000000
ZA;2023-06-19 03:00:00;South Africa;20470.361000000
ZA;2023-06-19 04:00:00;South Africa;22241.171000000
ZA;2023-06-19 05:00:00;South Africa;25074.458000000
ZA;2023-06-19 06:00:00;South Africa;27023.067000000
ZA;2023-06-19 07:00:00;South Africa;27850.988000000
ZA;2023-06-19 08:00:00;South Africa;28547.248000000
ZA;2023-06-19 09:00:00;South Africa;29014.303000000
ZA;2023-06-19 10:00:00;South Africa;28627.964000000
ZA;2023-06-19 11:00:00;South Africa;28259.468000000
ZA;2023-06-19 12:00:00;South Africa;27860.676000000
ZA;2023-06-19 13:00:00;South Africa;27791.646000000
ZA;2023-06-19 14:00:00;South Africa;28199.983000000
ZA;2023-06-19 15:00:00;South Africa;28973.607000000
ZA;2023-06-19 16:00:00;South Africa;30011.754000000
ZA;2023-06-19 17:00:00;South Africa;31156.470000000
ZA;2023-06-19 18:00:00;South Africa;32443.597000000
ZA;2023-06-19 19:00:00;South Africa;31717.819000000
ZA;2023-06-19 20:00:00;South Africa;29580.098000000
ZA;2023-06-19 21:00:00;South Africa;26881.478000000
ZA;2023-06-19 22:00:00;South Africa;24295.853000000
ZA;2023-06-19 23:00:00;South Africa;22477.087000000
ZA;2023-06-20 00:00:00;South Africa;21662.986000000
ZA;2023-06-20 01:00:00;South Africa;21211.631000000
ZA;2023-06-20 02:00:00;South Africa;21060.669000000
ZA;2023-06-20 03:00:00;South Africa;21477.155000000
ZA;2023-06-20 04:00:00;South Africa;22857.088000000
ZA;2023-06-20 05:00:00;South Africa;25611.697000000
ZA;2023-06-20 06:00:00;South Africa;27180.495000000
ZA;2023-06-20 07:00:00;South Africa;28271.907000000
ZA;2023-06-20 08:00:00;South Africa;29192.110000000
ZA;2023-06-20 09:00:00;South Africa;29772.361000000
ZA;2023-06-20 10:00:00;South Africa;29397.787000000
ZA;2023-06-20 11:00:00;South Africa;28859.208000000
ZA;2023-06-20 12:00:00;South Africa;28395.173000000
ZA;2023-06-20 13:00:00;South Africa;28197.593000000
ZA;2023-06-20 14:00:00;South Africa;28560.919000000
ZA;2023-06-20 15:00:00;South Africa;29356.243000000
ZA;2023-06-20 16:00:00;South Africa;30541.118000000
ZA;2023-06-20 17:00:00;South Africa;31408.147000000
ZA;2023-06-20 18:00:00;South Africa;32377.479000000
ZA;2023-06-20 19:00:00;South Africa;31584.184000000
ZA;2023-06-20 20:00:00;South Africa;29653.291000000
ZA;2023-06-20 21:00:00;South Africa;27067.154000000
ZA;2023-06-20 22:00:00;South Africa;24810.181000000
ZA;2023-06-20 23:00:00;South Africa;23165.734000000
ZA;2023-06-21 00:00:00;South Africa;21989.076000000
ZA;2023-06-21 01:00:00;South Africa;21306.558000000
ZA;2023-06-21 02:00:00;South Africa;21224.026000000
ZA;2023-06-21 03:00:00;South Africa;21656.349000000
ZA;2023-06-21 04:00:00;South Africa;23009.567000000
ZA;2023-06-21 05:00:00;South Africa;25510.236000000
ZA;2023-06-21 06:00:00;South Africa;27123.595000000
ZA;2023-06-21 07:00:00;South Africa;28351.262000000
ZA;2023-06-21 08:00:00;South Africa;29446.502000000
ZA;2023-06-21 09:00:00;South Africa;29880.616000000
ZA;2023-06-21 10:00:00;South Africa;29134.446000000
ZA;2023-06-21 11:00:00;South Africa;28741.181000000
ZA;2023-06-21 12:00:00;South Africa;28141.045000000
ZA;2023-06-21 13:00:00;South Africa;27999.701000000
ZA;2023-06-21 14:00:00;South Africa;28414.741000000
ZA;2023-06-21 15:00:00;South Africa;29260.256000000
ZA;2023-06-21 16:00:00;South Africa;30400.802000000
ZA;2023-06-21 17:00:00;South Africa;31541.459000000
ZA;2023-06-21 18:00:00;South Africa;32032.121000000
ZA;2023-06-21 19:00:00;South Africa;31551.143000000
ZA;2023-06-21 20:00:00;South Africa;29935.197000000
ZA;2023-06-21 21:00:00;South Africa;27466.707000000
ZA;2023-06-21 22:00:00;South Africa;25072.946000000
ZA;2023-06-21 23:00:00;South Africa;23244.454000000
ZA;2023-06-22 00:00:00;South Africa;21680.893000000
ZA;2023-06-22 01:00:00;South Africa;21228.322000000
ZA;2023-06-22 02:00:00;South Africa;21167.993000000
ZA;2023-06-22 03:00:00;South Africa;21573.147000000
ZA;2023-06-22 04:00:00;South Africa;22910.953000000
ZA;2023-06-22 05:00:00;South Africa;25282.816000000
ZA;2023-06-22 06:00:00;South Africa;26856.423000000
ZA;2023-06-22 07:00:00;South Africa;28334.549000000
ZA;2023-06-22 08:00:00;South Africa;29322.032000000
ZA;2023-06-22 09:00:00;South Africa;29673.885000000
ZA;2023-06-22 10:00:00;South Africa;28927.966000000
ZA;2023-06-22 11:00:00;South Africa;28197.958000000
ZA;2023-06-22 12:00:00;South Africa;27623.425000000
ZA;2023-06-22 13:00:00;South Africa;27468.079000000
ZA;2023-06-22 14:00:00;South Africa;27868.449000000
ZA;2023-06-22 15:00:00;South Africa;28571.289000000
ZA;2023-06-22 16:00:00;South Africa;30291.669000000
ZA;2023-06-22 17:00:00;South Africa;31411.087000000
ZA;2023-06-22 18:00:00;South Africa;32359.429000000
ZA;2023-06-22 19:00:00;South Africa;31724.862000000
ZA;2023-06-22 20:00:00;South Africa;30012.359000000
ZA;2023-06-22 21:00:00;South Africa;27467.074000000
ZA;2023-06-22 22:00:00;South Africa;25280.205000000
ZA;2023-06-22 23:00:00;South Africa;23740.143000000
ZA;2023-06-23 00:00:00;South Africa;22126.390000000
ZA;2023-06-23 01:00:00;South Africa;21671.272000000
ZA;2023-06-23 02:00:00;South Africa;21298.964000000
ZA;2023-06-23 03:00:00;South Africa;21878.139000000
ZA;2023-06-23 04:00:00;South Africa;22976.099000000
ZA;2023-06-23 05:00:00;South Africa;25235.643000000
ZA;2023-06-23 06:00:00;South Africa;26590.390000000
ZA;2023-06-23 07:00:00;South Africa;28810.042000000
ZA;2023-06-23 08:00:00;South Africa;30252.181000000
ZA;2023-06-23 09:00:00;South Africa;31157.011000000
ZA;2023-06-23 10:00:00;South Africa;30530.709000000
ZA;2023-06-23 11:00:00;South Africa;29748.159000000
ZA;2023-06-23 12:00:00;South Africa;28947.682000000
ZA;2023-06-23 13:00:00;South Africa;28262.623000000
ZA;2023-06-23 14:00:00;South Africa;28281.425000000
ZA;2023-06-23 15:00:00;South Africa;28556.929000000
ZA;2023-06-23 16:00:00;South Africa;29337.793000000
ZA;2023-06-23 17:00:00;South Africa;30389.300000000
ZA;2023-06-23 18:00:00;South Africa;31311.829000000
ZA;2023-06-23 19:00:00;South Africa;30766.286000000
ZA;2023-06-23 20:00:00;South Africa;29402.908000000
ZA;2023-06-23 21:00:00;South Africa;27383.001000000
ZA;2023-06-23 22:00:00;South Africa;25317.141000000
ZA;2023-06-23 23:00:00;South Africa;23620.131000000
ZA;2023-06-24 00:00:00;South Africa;22338.741000000
ZA;2023-06-24 01:00:00;South Africa;21663.796000000
ZA;2023-06-24 02:00:00;South Africa;21403.534000000
ZA;2023-06-24 03:00:00;South Africa;21378.317000000
ZA;2023-06-24 04:00:00;South Africa;21748.473000000
ZA;2023-06-24 05:00:00;South Africa;22697.037000000
ZA;2023-06-24 06:00:00;South Africa;24016.144000000
ZA;2023-06-24 07:00:00;South Africa;26398.325000000
ZA;2023-06-24 08:00:00;South Africa;27925.049000000
ZA;2023-06-24 09:00:00;South Africa;28453.487000000
ZA;2023-06-24 10:00:00;South Africa;28003.702000000
ZA;2023-06-24 11:00:00;South Africa;27272.451000000
ZA;2023-06-24 12:00:00;South Africa;26855.902000000
ZA;2023-06-24 13:00:00;South Africa;26441.617000000
ZA;2023-06-24 14:00:00;South Africa;26117.626000000
ZA;2023-06-24 15:00:00;South Africa;26325.061000000
ZA;2023-06-24 16:00:00;South Africa;27353.672000000
ZA;2023-06-24 17:00:00;South Africa;29288.841000000
ZA;2023-06-24 18:00:00;South Africa;30443.439000000
ZA;2023-06-24 19:00:00;South Africa;29070.730000000
ZA;2023-06-24 20:00:00;South Africa;27711.901000000
ZA;2023-06-24 21:00:00;South Africa;25783.072000000
ZA;2023-06-24 22:00:00;South Africa;23941.675000000
ZA;2023-06-24 23:00:00;South Africa;22375.685000000
ZA;2023-06-25 00:00:00;South Africa;21289.159000000
ZA;2023-06-25 01:00:00;South Africa;20764.048000000
ZA;2023-06-25 02:00:00;South Africa;20384.768000000
ZA;2023-06-25 03:00:00;South Africa;20327.592000000
ZA;2023-06-25 04:00:00;South Africa;20690.576000000
ZA;2023-06-25 05:00:00;South Africa;21215.081000000
ZA;2023-06-25 06:00:00;South Africa;22339.424000000
ZA;2023-06-25 07:00:00;South Africa;24929.752000000
ZA;2023-06-25 08:00:00;South Africa;27105.958000000
ZA;2023-06-25 09:00:00;South Africa;27794.817000000
ZA;2023-06-25 10:00:00;South Africa;27337.355000000
ZA;2023-06-25 11:00:00;South Africa;26753.867000000
ZA;2023-06-25 12:00:00;South Africa;26528.817000000
ZA;2023-06-25 13:00:00;South Africa;26347.691000000
ZA;2023-06-25 14:00:00;South Africa;26096.354000000
ZA;2023-06-25 15:00:00;South Africa;26281.648000000
ZA;2023-06-25 16:00:00;South Africa;27202.791000000
ZA;2023-06-25 17:00:00;South Africa;29247.641000000
ZA;2023-06-25 18:00:00;South Africa;30761.003000000
ZA;2023-06-25 19:00:00;South Africa;29649.467000000
ZA;2023-06-25 20:00:00;South Africa;27876.193000000
ZA;2023-06-25 21:00:00;South Africa;25700.225000000
ZA;2023-06-25 22:00:00;South Africa;23667.674000000
ZA;2023-06-25 23:00:00;South Africa;22069.248000000
ZA;2023-06-26 00:00:00;South Africa;20804.813000000
ZA;2023-06-26 01:00:00;South Africa;20441.370000000
ZA;2023-06-26 02:00:00;South Africa;20369.086000000
ZA;2023-06-26 03:00:00;South Africa;20621.405000000
ZA;2023-06-26 04:00:00;South Africa;21855.839000000
ZA;2023-06-26 05:00:00;South Africa;23411.198000000
ZA;2023-06-26 06:00:00;South Africa;25114.551000000
ZA;2023-06-26 07:00:00;South Africa;27125.263000000
ZA;2023-06-26 08:00:00;South Africa;28726.076000000
ZA;2023-06-26 09:00:00;South Africa;29648.948000000
ZA;2023-06-26 10:00:00;South Africa;29165.821000000
ZA;2023-06-26 11:00:00;South Africa;28692.064000000
ZA;2023-06-26 12:00:00;South Africa;28143.248000000
ZA;2023-06-26 13:00:00;South Africa;27846.873000000
ZA;2023-06-26 14:00:00;South Africa;27965.469000000
ZA;2023-06-26 15:00:00;South Africa;28840.953000000
ZA;2023-06-26 16:00:00;South Africa;29828.299000000
ZA;2023-06-26 17:00:00;South Africa;30957.919000000
ZA;2023-06-26 18:00:00;South Africa;32285.616000000
ZA;2023-06-26 19:00:00;South Africa;31623.301000000
ZA;2023-06-26 20:00:00;South Africa;29934.705000000
ZA;2023-06-26 21:00:00;South Africa;27525.675000000
ZA;2023-06-26 22:00:00;South Africa;25123.390000000
ZA;2023-06-26 23:00:00;South Africa;23584.373000000
ZA;2023-06-27 00:00:00;South Africa;22005.944000000
ZA;2023-06-27 01:00:00;South Africa;21397.491000000
ZA;2023-06-27 02:00:00;South Africa;21311.217000000
ZA;2023-06-27 03:00:00;South Africa;21673.707000000
ZA;2023-06-27 04:00:00;South Africa;22602.262000000
ZA;2023-06-27 05:00:00;South Africa;24483.565000000
ZA;2023-06-27 06:00:00;South Africa;25646.442000000
ZA;2023-06-27 07:00:00;South Africa;27774.478000000
ZA;2023-06-27 08:00:00;South Africa;29331.222000000
ZA;2023-06-27 09:00:00;South Africa;30221.881000000
ZA;2023-06-27 10:00:00;South Africa;29931.808000000
ZA;2023-06-27 11:00:00;South Africa;29354.035000000
ZA;2023-06-27 12:00:00;South Africa;28948.779000000
ZA;2023-06-27 13:00:00;South Africa;28833.831000000
ZA;2023-06-27 14:00:00;South Africa;29176.054000000
ZA;2023-06-27 15:00:00;South Africa;29785.761000000
ZA;2023-06-27 16:00:00;South Africa;30635.155000000
ZA;2023-06-27 17:00:00;South Africa;31500.573000000
ZA;2023-06-27 18:00:00;South Africa;32278.204000000
ZA;2023-06-27 19:00:00;South Africa;31849.823000000
ZA;2023-06-27 20:00:00;South Africa;30348.424000000
ZA;2023-06-27 21:00:00;South Africa;27815.745000000
ZA;2023-06-27 22:00:00;South Africa;25403.527000000
ZA;2023-06-27 23:00:00;South Africa;23551.405000000
ZA;2023-06-28 00:00:00;South Africa;22164.377000000
ZA;2023-06-28 01:00:00;South Africa;21585.822000000
ZA;2023-06-28 02:00:00;South Africa;21252.095000000
ZA;2023-06-28 03:00:00;South Africa;21406.256000000
ZA;2023-06-28 04:00:00;South Africa;22604.522000000
ZA;2023-06-28 05:00:00;South Africa;24573.084000000
ZA;2023-06-28 06:00:00;South Africa;25745.511000000
ZA;2023-06-28 07:00:00;South Africa;27640.485000000
ZA;2023-06-28 08:00:00;South Africa;29152.264000000
ZA;2023-06-28 09:00:00;South Africa;29983.190000000
ZA;2023-06-28 10:00:00;South Africa;30048.486000000
ZA;2023-06-28 11:00:00;South Africa;29931.381000000
ZA;2023-06-28 12:00:00;South Africa;29705.216000000
ZA;2023-06-28 13:00:00;South Africa;29681.148000000
ZA;2023-06-28 14:00:00;South Africa;29587.372000000
ZA;2023-06-28 15:00:00;South Africa;29859.719000000
ZA;2023-06-28 16:00:00;South Africa;30844.172000000
ZA;2023-06-28 17:00:00;South Africa;31991.240000000
ZA;2023-06-28 18:00:00;South Africa;32696.348000000
ZA;2023-06-28 19:00:00;South Africa;32022.534000000
ZA;2023-06-28 20:00:00;South Africa;30386.326000000
ZA;2023-06-28 21:00:00;South Africa;28154.233000000
ZA;2023-06-28 22:00:00;South Africa;25721.688000000
ZA;2023-06-28 23:00:00;South Africa;24060.525000000
ZA;2023-06-29 00:00:00;South Africa;22021.942000000
ZA;2023-06-29 01:00:00;South Africa;21525.434000000
ZA;2023-06-29 02:00:00;South Africa;21465.072000000
ZA;2023-06-29 03:00:00;South Africa;21491.541000000
ZA;2023-06-29 04:00:00;South Africa;22706.410000000
ZA;2023-06-29 05:00:00;South Africa;24724.471000000
ZA;2023-06-29 06:00:00;South Africa;26008.870000000
ZA;2023-06-29 07:00:00;South Africa;27802.502000000
ZA;2023-06-29 08:00:00;South Africa;29129.723000000
ZA;2023-06-29 09:00:00;South Africa;29883.588000000
ZA;2023-06-29 10:00:00;South Africa;29681.486000000
ZA;2023-06-29 11:00:00;South Africa;29206.846000000
ZA;2023-06-29 12:00:00;South Africa;28726.426000000
ZA;2023-06-29 13:00:00;South Africa;28446.484000000
ZA;2023-06-29 14:00:00;South Africa;28441.188000000
ZA;2023-06-29 15:00:00;South Africa;28884.947000000
ZA;2023-06-29 16:00:00;South Africa;30023.868000000
ZA;2023-06-29 17:00:00;South Africa;31072.393000000
ZA;2023-06-29 18:00:00;South Africa;32045.656000000
ZA;2023-06-29 19:00:00;South Africa;31457.679000000
ZA;2023-06-29 20:00:00;South Africa;30038.988000000
ZA;2023-06-29 21:00:00;South Africa;27829.467000000
ZA;2023-06-29 22:00:00;South Africa;25370.738000000
ZA;2023-06-29 23:00:00;South Africa;23521.348000000
ZA;2023-06-30 00:00:00;South Africa;22178.885000000
ZA;2023-06-30 01:00:00;South Africa;21741.142000000
ZA;2023-06-30 02:00:00;South Africa;21532.478000000
ZA;2023-06-30 03:00:00;South Africa;21738.298000000
ZA;2023-06-30 04:00:00;South Africa;22902.275000000
ZA;2023-06-30 05:00:00;South Africa;24620.855000000
ZA;2023-06-30 06:00:00;South Africa;25595.810000000
ZA;2023-06-30 07:00:00;South Africa;27574.259000000
ZA;2023-06-30 08:00:00;South Africa;29256.989000000
ZA;2023-06-30 09:00:00;South Africa;29980.317000000
ZA;2023-06-30 10:00:00;South Africa;29744.824000000
ZA;2023-06-30 11:00:00;South Africa;29108.615000000
ZA;2023-06-30 12:00:00;South Africa;28558.981000000
ZA;2023-06-30 13:00:00;South Africa;28114.309000000
ZA;2023-06-30 14:00:00;South Africa;27937.231000000
ZA;2023-06-30 15:00:00;South Africa;27963.215000000
ZA;2023-06-30 16:00:00;South Africa;28563.666000000
ZA;2023-06-30 17:00:00;South Africa;29210.988000000
ZA;2023-06-30 18:00:00;South Africa;30519.375000000
ZA;2023-06-30 19:00:00;South Africa;30073.112000000
ZA;2023-06-30 20:00:00;South Africa;28982.565000000
ZA;2023-06-30 21:00:00;South Africa;27217.478000000
ZA;2023-06-30 22:00:00;South Africa;25268.060000000
ZA;2023-06-30 23:00:00;South Africa;23625.061000000
ZA;2023-07-01 00:00:00;South Africa;22106.139000000
ZA;2023-07-01 01:00:00;South Africa;21345.804000000
ZA;2023-07-01 02:00:00;South Africa;20927.297000000
ZA;2023-07-01 03:00:00;South Africa;21168.805000000
ZA;2023-07-01 04:00:00;South Africa;21405.859000000
ZA;2023-07-01 05:00:00;South Africa;22255.599000000
ZA;2023-07-01 06:00:00;South Africa;23846.722000000
ZA;2023-07-01 07:00:00;South Africa;26152.508000000
ZA;2023-07-01 08:00:00;South Africa;27802.173000000
ZA;2023-07-01 09:00:00;South Africa;27965.465000000
ZA;2023-07-01 10:00:00;South Africa;27424.650000000
ZA;2023-07-01 11:00:00;South Africa;26620.075000000
ZA;2023-07-01 12:00:00;South Africa;25934.897000000
ZA;2023-07-01 13:00:00;South Africa;25535.089000000
ZA;2023-07-01 14:00:00;South Africa;25510.409000000
ZA;2023-07-01 15:00:00;South Africa;25656.000000000
ZA;2023-07-01 16:00:00;South Africa;26857.693000000
ZA;2023-07-01 17:00:00;South Africa;28535.716000000
ZA;2023-07-01 18:00:00;South Africa;29889.372000000
ZA;2023-07-01 19:00:00;South Africa;28733.727000000
ZA;2023-07-01 20:00:00;South Africa;27284.902000000
ZA;2023-07-01 21:00:00;South Africa;25492.589000000
ZA;2023-07-01 22:00:00;South Africa;23850.153000000
ZA;2023-07-01 23:00:00;South Africa;22366.383000000
ZA;2023-07-02 00:00:00;South Africa;21263.650000000
ZA;2023-07-02 01:00:00;South Africa;20484.044000000
ZA;2023-07-02 02:00:00;South Africa;20106.874000000
ZA;2023-07-02 03:00:00;South Africa;20220.438000000
ZA;2023-07-02 04:00:00;South Africa;20479.132000000
ZA;2023-07-02 05:00:00;South Africa;21091.074000000
ZA;2023-07-02 06:00:00;South Africa;22437.932000000
ZA;2023-07-02 07:00:00;South Africa;24951.559000000
ZA;2023-07-02 08:00:00;South Africa;26955.114000000
ZA;2023-07-02 09:00:00;South Africa;27239.867000000
ZA;2023-07-02 10:00:00;South Africa;26561.424000000
ZA;2023-07-02 11:00:00;South Africa;25874.517000000
ZA;2023-07-02 12:00:00;South Africa;25432.970000000
ZA;2023-07-02 13:00:00;South Africa;25148.058000000
ZA;2023-07-02 14:00:00;South Africa;25055.917000000
ZA;2023-07-02 15:00:00;South Africa;25275.861000000
ZA;2023-07-02 16:00:00;South Africa;26166.755000000
ZA;2023-07-02 17:00:00;South Africa;28076.453000000
ZA;2023-07-02 18:00:00;South Africa;29810.058000000
ZA;2023-07-02 19:00:00;South Africa;28902.576000000
ZA;2023-07-02 20:00:00;South Africa;27239.988000000
ZA;2023-07-02 21:00:00;South Africa;25110.899000000
ZA;2023-07-02 22:00:00;South Africa;23241.858000000
ZA;2023-07-02 23:00:00;South Africa;21763.842000000
ZA;2023-07-03 00:00:00;South Africa;20751.672000000
ZA;2023-07-03 01:00:00;South Africa;20163.432000000
ZA;2023-07-03 02:00:00;South Africa;20025.162000000
ZA;2023-07-03 03:00:00;South Africa;20176.035000000
ZA;2023-07-03 04:00:00;South Africa;21144.521000000
ZA;2023-07-03 05:00:00;South Africa;23201.455000000
ZA;2023-07-03 06:00:00;South Africa;24391.908000000
ZA;2023-07-03 07:00:00;South Africa;26695.398000000
ZA;2023-07-03 08:00:00;South Africa;28354.451000000
ZA;2023-07-03 09:00:00;South Africa;29201.337000000
ZA;2023-07-03 10:00:00;South Africa;28652.632000000
ZA;2023-07-03 11:00:00;South Africa;27806.593000000
ZA;2023-07-03 12:00:00;South Africa;27342.671000000
ZA;2023-07-03 13:00:00;South Africa;27054.153000000
ZA;2023-07-03 14:00:00;South Africa;27379.611000000
ZA;2023-07-03 15:00:00;South Africa;27968.253000000
ZA;2023-07-03 16:00:00;South Africa;29060.424000000
ZA;2023-07-03 17:00:00;South Africa;30202.093000000
ZA;2023-07-03 18:00:00;South Africa;31658.479000000
ZA;2023-07-03 19:00:00;South Africa;31147.585000000
ZA;2023-07-03 20:00:00;South Africa;29418.641000000
ZA;2023-07-03 21:00:00;South Africa;27139.874000000
ZA;2023-07-03 22:00:00;South Africa;24731.152000000
ZA;2023-07-03 23:00:00;South Africa;23104.192000000
ZA;2023-07-04 00:00:00;South Africa;21696.449000000
ZA;2023-07-04 01:00:00;South Africa;21239.213000000
ZA;2023-07-04 02:00:00;South Africa;21065.516000000
ZA;2023-07-04 03:00:00;South Africa;21183.754000000
ZA;2023-07-04 04:00:00;South Africa;22381.924000000
ZA;2023-07-04 05:00:00;South Africa;24231.849000000
ZA;2023-07-04 06:00:00;South Africa;25169.935000000
ZA;2023-07-04 07:00:00;South Africa;27038.772000000
ZA;2023-07-04 08:00:00;South Africa;28390.363000000
ZA;2023-07-04 09:00:00;South Africa;28890.825000000
ZA;2023-07-04 10:00:00;South Africa;28482.897000000
ZA;2023-07-04 11:00:00;South Africa;27978.507000000
ZA;2023-07-04 12:00:00;South Africa;27511.112000000
ZA;2023-07-04 13:00:00;South Africa;27464.436000000
ZA;2023-07-04 14:00:00;South Africa;27924.945000000
ZA;2023-07-04 15:00:00;South Africa;28479.326000000
ZA;2023-07-04 16:00:00;South Africa;29526.421000000
ZA;2023-07-04 17:00:00;South Africa;30633.437000000
ZA;2023-07-04 18:00:00;South Africa;32063.792000000
ZA;2023-07-04 19:00:00;South Africa;31559.682000000
ZA;2023-07-04 20:00:00;South Africa;29792.115000000
ZA;2023-07-04 21:00:00;South Africa;27391.455000000
ZA;2023-07-04 22:00:00;South Africa;24896.308000000
ZA;2023-07-04 23:00:00;South Africa;22997.482000000
ZA;2023-07-05 00:00:00;South Africa;21748.719000000
ZA;2023-07-05 01:00:00;South Africa;21116.383000000
ZA;2023-07-05 02:00:00;South Africa;20992.315000000
ZA;2023-07-05 03:00:00;South Africa;21271.845000000
ZA;2023-07-05 04:00:00;South Africa;22322.829000000
ZA;2023-07-05 05:00:00;South Africa;24135.637000000
ZA;2023-07-05 06:00:00;South Africa;25225.999000000
ZA;2023-07-05 07:00:00;South Africa;27411.945000000
ZA;2023-07-05 08:00:00;South Africa;28783.686000000
ZA;2023-07-05 09:00:00;South Africa;29404.568000000
ZA;2023-07-05 10:00:00;South Africa;29114.252000000
ZA;2023-07-05 11:00:00;South Africa;28566.446000000
ZA;2023-07-05 12:00:00;South Africa;28034.063000000
ZA;2023-07-05 13:00:00;South Africa;27734.338000000
ZA;2023-07-05 14:00:00;South Africa;27911.948000000
ZA;2023-07-05 15:00:00;South Africa;28460.857000000
ZA;2023-07-05 16:00:00;South Africa;29430.406000000
ZA;2023-07-05 17:00:00;South Africa;30539.835000000
ZA;2023-07-05 18:00:00;South Africa;31783.364000000
ZA;2023-07-05 19:00:00;South Africa;31317.640000000
ZA;2023-07-05 20:00:00;South Africa;29823.540000000
ZA;2023-07-05 21:00:00;South Africa;27607.959000000
ZA;2023-07-05 22:00:00;South Africa;25156.067000000
ZA;2023-07-05 23:00:00;South Africa;23403.276000000
ZA;2023-07-06 00:00:00;South Africa;22080.225000000
ZA;2023-07-06 01:00:00;South Africa;21459.756000000
ZA;2023-07-06 02:00:00;South Africa;21207.725000000
ZA;2023-07-06 03:00:00;South Africa;21422.219000000
ZA;2023-07-06 04:00:00;South Africa;22610.015000000
ZA;2023-07-06 05:00:00;South Africa;24440.470000000
ZA;2023-07-06 06:00:00;South Africa;25759.972000000
ZA;2023-07-06 07:00:00;South Africa;27790.842000000
ZA;2023-07-06 08:00:00;South Africa;29041.454000000
ZA;2023-07-06 09:00:00;South Africa;29757.521000000
ZA;2023-07-06 10:00:00;South Africa;29067.885000000
ZA;2023-07-06 11:00:00;South Africa;28470.621000000
ZA;2023-07-06 12:00:00;South Africa;28007.089000000
ZA;2023-07-06 13:00:00;South Africa;27744.429000000
ZA;2023-07-06 14:00:00;South Africa;27992.630000000
ZA;2023-07-06 15:00:00;South Africa;28676.516000000
ZA;2023-07-06 16:00:00;South Africa;29766.458000000
ZA;2023-07-06 17:00:00;South Africa;30698.535000000
ZA;2023-07-06 18:00:00;South Africa;32041.635000000
ZA;2023-07-06 19:00:00;South Africa;31483.562000000
ZA;2023-07-06 20:00:00;South Africa;29942.500000000
ZA;2023-07-06 21:00:00;South Africa;27638.508000000
ZA;2023-07-06 22:00:00;South Africa;25225.515000000
ZA;2023-07-06 23:00:00;South Africa;23360.197000000
ZA;2023-07-07 00:00:00;South Africa;21975.677000000
ZA;2023-07-07 01:00:00;South Africa;21342.632000000
ZA;2023-07-07 02:00:00;South Africa;21120.592000000
ZA;2023-07-07 03:00:00;South Africa;21471.756000000
ZA;2023-07-07 04:00:00;South Africa;22720.517000000
ZA;2023-07-07 05:00:00;South Africa;24479.875000000
ZA;2023-07-07 06:00:00;South Africa;25439.158000000
ZA;2023-07-07 07:00:00;South Africa;27477.805000000
ZA;2023-07-07 08:00:00;South Africa;29134.460000000
ZA;2023-07-07 09:00:00;South Africa;29951.434000000
ZA;2023-07-07 10:00:00;South Africa;29676.481000000
ZA;2023-07-07 11:00:00;South Africa;29116.669000000
ZA;2023-07-07 12:00:00;South Africa;28545.103000000
ZA;2023-07-07 13:00:00;South Africa;28119.472000000
ZA;2023-07-07 14:00:00;South Africa;28027.784000000
ZA;2023-07-07 15:00:00;South Africa;28083.255000000
ZA;2023-07-07 16:00:00;South Africa;28697.614000000
ZA;2023-07-07 17:00:00;South Africa;29383.169000000
ZA;2023-07-07 18:00:00;South Africa;30505.062000000
ZA;2023-07-07 19:00:00;South Africa;30257.566000000
ZA;2023-07-07 20:00:00;South Africa;29226.535000000
ZA;2023-07-07 21:00:00;South Africa;27447.144000000
ZA;2023-07-07 22:00:00;South Africa;25431.591000000
ZA;2023-07-07 23:00:00;South Africa;23763.717000000
ZA;2023-07-08 00:00:00;South Africa;22063.474000000
ZA;2023-07-08 01:00:00;South Africa;21190.740000000
ZA;2023-07-08 02:00:00;South Africa;20929.344000000
ZA;2023-07-08 03:00:00;South Africa;21081.128000000
ZA;2023-07-08 04:00:00;South Africa;21719.134000000
ZA;2023-07-08 05:00:00;South Africa;22748.270000000
ZA;2023-07-08 06:00:00;South Africa;24153.397000000
ZA;2023-07-08 07:00:00;South Africa;26468.443000000
ZA;2023-07-08 08:00:00;South Africa;28204.480000000
ZA;2023-07-08 09:00:00;South Africa;28627.774000000
ZA;2023-07-08 10:00:00;South Africa;28048.977000000
ZA;2023-07-08 11:00:00;South Africa;27473.712000000
ZA;2023-07-08 12:00:00;South Africa;27066.541000000
ZA;2023-07-08 13:00:00;South Africa;26480.748000000
ZA;2023-07-08 14:00:00;South Africa;26124.482000000
ZA;2023-07-08 15:00:00;South Africa;26248.436000000
ZA;2023-07-08 16:00:00;South Africa;27327.793000000
ZA;2023-07-08 17:00:00;South Africa;29017.485000000
ZA;2023-07-08 18:00:00;South Africa;30229.758000000
ZA;2023-07-08 19:00:00;South Africa;29014.688000000
ZA;2023-07-08 20:00:00;South Africa;27667.661000000
ZA;2023-07-08 21:00:00;South Africa;25772.640000000
ZA;2023-07-08 22:00:00;South Africa;24023.775000000
ZA;2023-07-08 23:00:00;South Africa;22568.659000000
ZA;2023-07-09 00:00:00;South Africa;21163.230000000
ZA;2023-07-09 01:00:00;South Africa;20489.582000000
ZA;2023-07-09 02:00:00;South Africa;19916.718000000
ZA;2023-07-09 03:00:00;South Africa;20022.293000000
ZA;2023-07-09 04:00:00;South Africa;20519.402000000
ZA;2023-07-09 05:00:00;South Africa;20961.881000000
ZA;2023-07-09 06:00:00;South Africa;22222.820000000
ZA;2023-07-09 07:00:00;South Africa;24755.704000000
ZA;2023-07-09 08:00:00;South Africa;27023.235000000
ZA;2023-07-09 09:00:00;South Africa;27979.873000000
ZA;2023-07-09 10:00:00;South Africa;28053.460000000
ZA;2023-07-09 11:00:00;South Africa;27821.351000000
ZA;2023-07-09 12:00:00;South Africa;27609.347000000
ZA;2023-07-09 13:00:00;South Africa;27367.127000000
ZA;2023-07-09 14:00:00;South Africa;27290.196000000
ZA;2023-07-09 15:00:00;South Africa;27921.938000000
ZA;2023-07-09 16:00:00;South Africa;28017.758000000
ZA;2023-07-09 17:00:00;South Africa;29782.742000000
ZA;2023-07-09 18:00:00;South Africa;31129.109000000
ZA;2023-07-09 19:00:00;South Africa;30046.863000000
ZA;2023-07-09 20:00:00;South Africa;28343.038000000
ZA;2023-07-09 21:00:00;South Africa;26146.269000000
ZA;2023-07-09 22:00:00;South Africa;24063.054000000
ZA;2023-07-09 23:00:00;South Africa;22114.386000000
ZA;2023-07-10 00:00:00;South Africa;20880.593000000
ZA;2023-07-10 01:00:00;South Africa;20577.738000000
ZA;2023-07-10 02:00:00;South Africa;20297.249000000
ZA;2023-07-10 03:00:00;South Africa;20564.621000000
ZA;2023-07-10 04:00:00;South Africa;21570.596000000
ZA;2023-07-10 05:00:00;South Africa;23376.979000000
ZA;2023-07-10 06:00:00;South Africa;24687.364000000
ZA;2023-07-10 07:00:00;South Africa;27296.793000000
ZA;2023-07-10 08:00:00;South Africa;29638.812000000
ZA;2023-07-10 09:00:00;South Africa;31417.389000000
ZA;2023-07-10 10:00:00;South Africa;31899.685000000
ZA;2023-07-10 11:00:00;South Africa;31837.022000000
ZA;2023-07-10 12:00:00;South Africa;31758.526000000
ZA;2023-07-10 13:00:00;South Africa;31255.802000000
ZA;2023-07-10 14:00:00;South Africa;31429.714000000
ZA;2023-07-10 15:00:00;South Africa;31795.008000000
ZA;2023-07-10 16:00:00;South Africa;32336.762000000
ZA;2023-07-10 17:00:00;South Africa;32694.288000000
ZA;2023-07-10 18:00:00;South Africa;33872.616000000
ZA;2023-07-10 19:00:00;South Africa;33064.383000000
ZA;2023-07-10 20:00:00;South Africa;31632.512000000
ZA;2023-07-10 21:00:00;South Africa;29163.658000000
ZA;2023-07-10 22:00:00;South Africa;26485.953000000
ZA;2023-07-10 23:00:00;South Africa;24520.948000000
ZA;2023-07-11 00:00:00;South Africa;23323.961000000
ZA;2023-07-11 01:00:00;South Africa;22630.937000000
ZA;2023-07-11 02:00:00;South Africa;22475.296000000
ZA;2023-07-11 03:00:00;South Africa;22730.262000000
ZA;2023-07-11 04:00:00;South Africa;23751.608000000
ZA;2023-07-11 05:00:00;South Africa;25586.788000000
ZA;2023-07-11 06:00:00;South Africa;26779.582000000
ZA;2023-07-11 07:00:00;South Africa;28924.617000000
ZA;2023-07-11 08:00:00;South Africa;30494.282000000
ZA;2023-07-11 09:00:00;South Africa;31602.836000000
ZA;2023-07-11 10:00:00;South Africa;31632.455000000
ZA;2023-07-11 11:00:00;South Africa;31103.556000000
ZA;2023-07-11 12:00:00;South Africa;30583.482000000
ZA;2023-07-11 13:00:00;South Africa;30309.512000000
ZA;2023-07-11 14:00:00;South Africa;30375.586000000
ZA;2023-07-11 15:00:00;South Africa;30782.008000000
ZA;2023-07-11 16:00:00;South Africa;31473.563000000
ZA;2023-07-11 17:00:00;South Africa;32488.204000000
ZA;2023-07-11 18:00:00;South Africa;33612.393000000
ZA;2023-07-11 19:00:00;South Africa;33099.731000000
ZA;2023-07-11 20:00:00;South Africa;31350.891000000
ZA;2023-07-11 21:00:00;South Africa;28925.361000000
ZA;2023-07-11 22:00:00;South Africa;26450.388000000
ZA;2023-07-11 23:00:00;South Africa;24322.347000000
ZA;2023-07-12 00:00:00;South Africa;23067.228000000
ZA;2023-07-12 01:00:00;South Africa;22364.323000000
ZA;2023-07-12 02:00:00;South Africa;22313.132000000
ZA;2023-07-12 03:00:00;South Africa;22646.655000000
ZA;2023-07-12 04:00:00;South Africa;23807.129000000
ZA;2023-07-12 05:00:00;South Africa;25466.236000000
ZA;2023-07-12 06:00:00;South Africa;26654.400000000
ZA;2023-07-12 07:00:00;South Africa;28770.075000000
ZA;2023-07-12 08:00:00;South Africa;30305.735000000
ZA;2023-07-12 09:00:00;South Africa;31359.341000000
ZA;2023-07-12 10:00:00;South Africa;31164.780000000
ZA;2023-07-12 11:00:00;South Africa;30658.641000000
ZA;2023-07-12 12:00:00;South Africa;30109.425000000
ZA;2023-07-12 13:00:00;South Africa;29502.503000000
ZA;2023-07-12 14:00:00;South Africa;29502.848000000
ZA;2023-07-12 15:00:00;South Africa;30027.221000000
ZA;2023-07-12 16:00:00;South Africa;30761.748000000
ZA;2023-07-12 17:00:00;South Africa;31928.415000000
ZA;2023-07-12 18:00:00;South Africa;33299.968000000
ZA;2023-07-12 19:00:00;South Africa;32769.879000000
ZA;2023-07-12 20:00:00;South Africa;31249.121000000
ZA;2023-07-12 21:00:00;South Africa;28728.806000000
ZA;2023-07-12 22:00:00;South Africa;26128.956000000
ZA;2023-07-12 23:00:00;South Africa;24154.699000000
ZA;2023-07-13 00:00:00;South Africa;22831.576000000
ZA;2023-07-13 01:00:00;South Africa;22001.155000000
ZA;2023-07-13 02:00:00;South Africa;21929.366000000
ZA;2023-07-13 03:00:00;South Africa;22216.906000000
ZA;2023-07-13 04:00:00;South Africa;23304.852000000
ZA;2023-07-13 05:00:00;South Africa;24935.900000000
ZA;2023-07-13 06:00:00;South Africa;26017.589000000
ZA;2023-07-13 07:00:00;South Africa;28036.720000000
ZA;2023-07-13 08:00:00;South Africa;29662.091000000
ZA;2023-07-13 09:00:00;South Africa;30626.891000000
ZA;2023-07-13 10:00:00;South Africa;30459.804000000
ZA;2023-07-13 11:00:00;South Africa;29768.803000000
ZA;2023-07-13 12:00:00;South Africa;29257.453000000
ZA;2023-07-13 13:00:00;South Africa;28772.672000000
ZA;2023-07-13 14:00:00;South Africa;28605.436000000
ZA;2023-07-13 15:00:00;South Africa;29118.935000000
ZA;2023-07-13 16:00:00;South Africa;30094.619000000
ZA;2023-07-13 17:00:00;South Africa;31208.386000000
ZA;2023-07-13 18:00:00;South Africa;32633.175000000
ZA;2023-07-13 19:00:00;South Africa;31874.893000000
ZA;2023-07-13 20:00:00;South Africa;30206.651000000
ZA;2023-07-13 21:00:00;South Africa;27850.032000000
ZA;2023-07-13 22:00:00;South Africa;25308.908000000
ZA;2023-07-13 23:00:00;South Africa;23294.764000000
ZA;2023-07-14 00:00:00;South Africa;22227.669000000
ZA;2023-07-14 01:00:00;South Africa;21552.722000000
ZA;2023-07-14 02:00:00;South Africa;21430.755000000
ZA;2023-07-14 03:00:00;South Africa;21739.198000000
ZA;2023-07-14 04:00:00;South Africa;22909.147000000
ZA;2023-07-14 05:00:00;South Africa;24750.136000000
ZA;2023-07-14 06:00:00;South Africa;25701.790000000
ZA;2023-07-14 07:00:00;South Africa;27969.475000000
ZA;2023-07-14 08:00:00;South Africa;29722.244000000
ZA;2023-07-14 09:00:00;South Africa;30893.917000000
ZA;2023-07-14 10:00:00;South Africa;30989.021000000
ZA;2023-07-14 11:00:00;South Africa;30376.716000000
ZA;2023-07-14 12:00:00;South Africa;29715.724000000
ZA;2023-07-14 13:00:00;South Africa;29088.933000000
ZA;2023-07-14 14:00:00;South Africa;28793.151000000
ZA;2023-07-14 15:00:00;South Africa;28778.698000000
ZA;2023-07-14 16:00:00;South Africa;29443.805000000
ZA;2023-07-14 17:00:00;South Africa;30427.819000000
ZA;2023-07-14 18:00:00;South Africa;31758.972000000
ZA;2023-07-14 19:00:00;South Africa;31328.382000000
ZA;2023-07-14 20:00:00;South Africa;30206.185000000
ZA;2023-07-14 21:00:00;South Africa;28116.087000000
ZA;2023-07-14 22:00:00;South Africa;26014.700000000
ZA;2023-07-14 23:00:00;South Africa;23981.368000000
ZA;2023-07-15 00:00:00;South Africa;22687.754000000
ZA;2023-07-15 01:00:00;South Africa;21957.093000000
ZA;2023-07-15 02:00:00;South Africa;21780.053000000
ZA;2023-07-15 03:00:00;South Africa;21814.330000000
ZA;2023-07-15 04:00:00;South Africa;22461.370000000
ZA;2023-07-15 05:00:00;South Africa;23239.433000000
ZA;2023-07-15 06:00:00;South Africa;24634.905000000
ZA;2023-07-15 07:00:00;South Africa;27027.390000000
ZA;2023-07-15 08:00:00;South Africa;28862.704000000
ZA;2023-07-15 09:00:00;South Africa;29516.492000000
ZA;2023-07-15 10:00:00;South Africa;29603.147000000
ZA;2023-07-15 11:00:00;South Africa;29146.672000000
ZA;2023-07-15 12:00:00;South Africa;28809.866000000
ZA;2023-07-15 13:00:00;South Africa;28313.519000000
ZA;2023-07-15 14:00:00;South Africa;27922.352000000
ZA;2023-07-15 15:00:00;South Africa;27936.881000000
ZA;2023-07-15 16:00:00;South Africa;28356.474000000
ZA;2023-07-15 17:00:00;South Africa;29809.573000000
ZA;2023-07-15 18:00:00;South Africa;31146.202000000
ZA;2023-07-15 19:00:00;South Africa;29737.414000000
ZA;2023-07-15 20:00:00;South Africa;28056.444000000
ZA;2023-07-15 21:00:00;South Africa;26130.972000000
ZA;2023-07-15 22:00:00;South Africa;24317.884000000
ZA;2023-07-15 23:00:00;South Africa;22899.634000000
ZA;2023-07-16 00:00:00;South Africa;21663.866000000
ZA;2023-07-16 01:00:00;South Africa;21034.893000000
ZA;2023-07-16 02:00:00;South Africa;20292.973000000
ZA;2023-07-16 03:00:00;South Africa;20173.870000000
ZA;2023-07-16 04:00:00;South Africa;20425.159000000
ZA;2023-07-16 05:00:00;South Africa;21145.619000000
ZA;2023-07-16 06:00:00;South Africa;22714.376000000
ZA;2023-07-16 07:00:00;South Africa;25749.237000000
ZA;2023-07-16 08:00:00;South Africa;27532.587000000
ZA;2023-07-16 09:00:00;South Africa;27953.146000000
ZA;2023-07-16 10:00:00;South Africa;27618.569000000
ZA;2023-07-16 11:00:00;South Africa;27199.396000000
ZA;2023-07-16 12:00:00;South Africa;26909.028000000
ZA;2023-07-16 13:00:00;South Africa;26423.141000000
ZA;2023-07-16 14:00:00;South Africa;25892.138000000
ZA;2023-07-16 15:00:00;South Africa;25975.288000000
ZA;2023-07-16 16:00:00;South Africa;26911.328000000
ZA;2023-07-16 17:00:00;South Africa;28859.586000000
ZA;2023-07-16 18:00:00;South Africa;30671.757000000
ZA;2023-07-16 19:00:00;South Africa;29597.022000000
ZA;2023-07-16 20:00:00;South Africa;28009.609000000
ZA;2023-07-16 21:00:00;South Africa;25857.714000000
ZA;2023-07-16 22:00:00;South Africa;23806.694000000
ZA;2023-07-16 23:00:00;South Africa;22440.760000000
ZA;2023-07-17 00:00:00;South Africa;20807.737000000
ZA;2023-07-17 01:00:00;South Africa;20408.540000000
ZA;2023-07-17 02:00:00;South Africa;20331.868000000
ZA;2023-07-17 03:00:00;South Africa;20456.339000000
ZA;2023-07-17 04:00:00;South Africa;21542.593000000
ZA;2023-07-17 05:00:00;South Africa;23407.368000000
ZA;2023-07-17 06:00:00;South Africa;25004.829000000
ZA;2023-07-17 07:00:00;South Africa;27671.537000000
ZA;2023-07-17 08:00:00;South Africa;29262.185000000
ZA;2023-07-17 09:00:00;South Africa;29753.715000000
ZA;2023-07-17 10:00:00;South Africa;29641.084000000
ZA;2023-07-17 11:00:00;South Africa;28952.755000000
ZA;2023-07-17 12:00:00;South Africa;28452.458000000
ZA;2023-07-17 13:00:00;South Africa;28072.317000000
ZA;2023-07-17 14:00:00;South Africa;28075.461000000
ZA;2023-07-17 15:00:00;South Africa;28641.279000000
ZA;2023-07-17 16:00:00;South Africa;29708.894000000
ZA;2023-07-17 17:00:00;South Africa;30603.559000000
ZA;2023-07-17 18:00:00;South Africa;32279.312000000
ZA;2023-07-17 19:00:00;South Africa;31842.402000000
ZA;2023-07-17 20:00:00;South Africa;29916.999000000
ZA;2023-07-17 21:00:00;South Africa;27136.289000000
ZA;2023-07-17 22:00:00;South Africa;24411.302000000
ZA;2023-07-17 23:00:00;South Africa;22455.194000000
ZA;2023-07-18 00:00:00;South Africa;21443.318000000
ZA;2023-07-18 01:00:00;South Africa;21115.337000000
ZA;2023-07-18 02:00:00;South Africa;21062.305000000
ZA;2023-07-18 03:00:00;South Africa;21523.561000000
ZA;2023-07-18 04:00:00;South Africa;23253.141000000
ZA;2023-07-18 05:00:00;South Africa;26662.214000000
ZA;2023-07-18 06:00:00;South Africa;28595.532000000
ZA;2023-07-18 07:00:00;South Africa;28668.437000000
ZA;2023-07-18 08:00:00;South Africa;29048.686000000
ZA;2023-07-18 09:00:00;South Africa;29129.191000000
ZA;2023-07-18 10:00:00;South Africa;28745.615000000
ZA;2023-07-18 11:00:00;South Africa;28127.385000000
ZA;2023-07-18 12:00:00;South Africa;27528.874000000
ZA;2023-07-18 13:00:00;South Africa;27221.559000000
ZA;2023-07-18 14:00:00;South Africa;27497.643000000
ZA;2023-07-18 15:00:00;South Africa;28675.416000000
ZA;2023-07-18 16:00:00;South Africa;29629.311000000
ZA;2023-07-18 17:00:00;South Africa;30509.913000000
ZA;2023-07-18 18:00:00;South Africa;32432.722000000
ZA;2023-07-18 19:00:00;South Africa;31949.363000000
ZA;2023-07-18 20:00:00;South Africa;30018.057000000
ZA;2023-07-18 21:00:00;South Africa;27339.302000000
ZA;2023-07-18 22:00:00;South Africa;24690.837000000
ZA;2023-07-18 23:00:00;South Africa;22926.692000000
ZA;2023-07-19 00:00:00;South Africa;21699.005000000
ZA;2023-07-19 01:00:00;South Africa;21115.271000000
ZA;2023-07-19 02:00:00;South Africa;20983.923000000
ZA;2023-07-19 03:00:00;South Africa;21494.065000000
ZA;2023-07-19 04:00:00;South Africa;23266.638000000
ZA;2023-07-19 05:00:00;South Africa;26633.140000000
ZA;2023-07-19 06:00:00;South Africa;28757.499000000
ZA;2023-07-19 07:00:00;South Africa;28601.292000000
ZA;2023-07-19 08:00:00;South Africa;29004.089000000
ZA;2023-07-19 09:00:00;South Africa;29066.286000000
ZA;2023-07-19 10:00:00;South Africa;28727.226000000
ZA;2023-07-19 11:00:00;South Africa;28300.105000000
ZA;2023-07-19 12:00:00;South Africa;27681.038000000
ZA;2023-07-19 13:00:00;South Africa;27497.043000000
ZA;2023-07-19 14:00:00;South Africa;27915.250000000
ZA;2023-07-19 15:00:00;South Africa;28626.931000000
ZA;2023-07-19 16:00:00;South Africa;29461.961000000
ZA;2023-07-19 17:00:00;South Africa;30519.284000000
ZA;2023-07-19 18:00:00;South Africa;32487.466000000
ZA;2023-07-19 19:00:00;South Africa;31930.005000000
ZA;2023-07-19 20:00:00;South Africa;29863.513000000
ZA;2023-07-19 21:00:00;South Africa;27315.120000000
ZA;2023-07-19 22:00:00;South Africa;24857.625000000
ZA;2023-07-19 23:00:00;South Africa;22717.579000000
ZA;2023-07-20 00:00:00;South Africa;22349.418000000
ZA;2023-07-20 01:00:00;South Africa;22239.227000000
ZA;2023-07-20 02:00:00;South Africa;22122.492000000
ZA;2023-07-20 03:00:00;South Africa;22633.261000000
ZA;2023-07-20 04:00:00;South Africa;23713.497000000
ZA;2023-07-20 05:00:00;South Africa;27316.585000000
ZA;2023-07-20 06:00:00;South Africa;29296.298000000
ZA;2023-07-20 07:00:00;South Africa;29312.939000000
ZA;2023-07-20 08:00:00;South Africa;29862.041000000
ZA;2023-07-20 09:00:00;South Africa;30510.987000000
ZA;2023-07-20 10:00:00;South Africa;30461.226000000
ZA;2023-07-20 11:00:00;South Africa;30024.824000000
ZA;2023-07-20 12:00:00;South Africa;29727.509000000
ZA;2023-07-20 13:00:00;South Africa;29425.451000000
ZA;2023-07-20 14:00:00;South Africa;29734.174000000
ZA;2023-07-20 15:00:00;South Africa;30393.849000000
ZA;2023-07-20 16:00:00;South Africa;31106.172000000
ZA;2023-07-20 17:00:00;South Africa;31773.357000000
ZA;2023-07-20 18:00:00;South Africa;33126.343000000
ZA;2023-07-20 19:00:00;South Africa;32461.223000000
ZA;2023-07-20 20:00:00;South Africa;30658.659000000
ZA;2023-07-20 21:00:00;South Africa;27776.866000000
ZA;2023-07-20 22:00:00;South Africa;25209.477000000
ZA;2023-07-20 23:00:00;South Africa;23206.722000000
ZA;2023-07-21 00:00:00;South Africa;22309.899000000
ZA;2023-07-21 01:00:00;South Africa;21693.568000000
ZA;2023-07-21 02:00:00;South Africa;21454.382000000
ZA;2023-07-21 03:00:00;South Africa;22260.490000000
ZA;2023-07-21 04:00:00;South Africa;23907.340000000
ZA;2023-07-21 05:00:00;South Africa;27233.929000000
ZA;2023-07-21 06:00:00;South Africa;29305.012000000
ZA;2023-07-21 07:00:00;South Africa;29544.606000000
ZA;2023-07-21 08:00:00;South Africa;31099.199000000
ZA;2023-07-21 09:00:00;South Africa;31737.927000000
ZA;2023-07-21 10:00:00;South Africa;31131.564000000
ZA;2023-07-21 11:00:00;South Africa;31177.369000000
ZA;2023-07-21 12:00:00;South Africa;31222.398000000
ZA;2023-07-21 13:00:00;South Africa;30768.919000000
ZA;2023-07-21 14:00:00;South Africa;30806.335000000
ZA;2023-07-21 15:00:00;South Africa;30782.636000000
ZA;2023-07-21 16:00:00;South Africa;31241.896000000
ZA;2023-07-21 17:00:00;South Africa;31597.491000000
ZA;2023-07-21 18:00:00;South Africa;32398.746000000
ZA;2023-07-21 19:00:00;South Africa;31826.522000000
ZA;2023-07-21 20:00:00;South Africa;29970.597000000
ZA;2023-07-21 21:00:00;South Africa;27884.900000000
ZA;2023-07-21 22:00:00;South Africa;25955.765000000
ZA;2023-07-21 23:00:00;South Africa;24011.328000000
ZA;2023-07-22 00:00:00;South Africa;22832.645000000
ZA;2023-07-22 01:00:00;South Africa;22100.292000000
ZA;2023-07-22 02:00:00;South Africa;21476.324000000
ZA;2023-07-22 03:00:00;South Africa;21386.175000000
ZA;2023-07-22 04:00:00;South Africa;21954.641000000
ZA;2023-07-22 05:00:00;South Africa;22961.463000000
ZA;2023-07-22 06:00:00;South Africa;24605.880000000
ZA;2023-07-22 07:00:00;South Africa;27077.981000000
ZA;2023-07-22 08:00:00;South Africa;29131.780000000
ZA;2023-07-22 09:00:00;South Africa;29874.124000000
ZA;2023-07-22 10:00:00;South Africa;29595.901000000
ZA;2023-07-22 11:00:00;South Africa;29250.773000000
ZA;2023-07-22 12:00:00;South Africa;28851.542000000
ZA;2023-07-22 13:00:00;South Africa;28312.737000000
ZA;2023-07-22 14:00:00;South Africa;28101.052000000
ZA;2023-07-22 15:00:00;South Africa;28013.821000000
ZA;2023-07-22 16:00:00;South Africa;28899.731000000
ZA;2023-07-22 17:00:00;South Africa;30422.088000000
ZA;2023-07-22 18:00:00;South Africa;31630.052000000
ZA;2023-07-22 19:00:00;South Africa;30378.147000000
ZA;2023-07-22 20:00:00;South Africa;28490.315000000
ZA;2023-07-22 21:00:00;South Africa;26436.287000000
ZA;2023-07-22 22:00:00;South Africa;24524.813000000
ZA;2023-07-22 23:00:00;South Africa;22846.369000000
ZA;2023-07-23 00:00:00;South Africa;21646.992000000
ZA;2023-07-23 01:00:00;South Africa;20851.767000000
ZA;2023-07-23 02:00:00;South Africa;20626.960000000
ZA;2023-07-23 03:00:00;South Africa;20736.746000000
ZA;2023-07-23 04:00:00;South Africa;21322.402000000
ZA;2023-07-23 05:00:00;South Africa;21177.451000000
ZA;2023-07-23 06:00:00;South Africa;22620.738000000
ZA;2023-07-23 07:00:00;South Africa;25300.481000000
ZA;2023-07-23 08:00:00;South Africa;27859.897000000
ZA;2023-07-23 09:00:00;South Africa;28734.294000000
ZA;2023-07-23 10:00:00;South Africa;28447.806000000
ZA;2023-07-23 11:00:00;South Africa;27925.221000000
ZA;2023-07-23 12:00:00;South Africa;27762.328000000
ZA;2023-07-23 13:00:00;South Africa;27292.879000000
ZA;2023-07-23 14:00:00;South Africa;26905.203000000
ZA;2023-07-23 15:00:00;South Africa;26998.177000000
ZA;2023-07-23 16:00:00;South Africa;27776.876000000
ZA;2023-07-23 17:00:00;South Africa;29591.599000000
ZA;2023-07-23 18:00:00;South Africa;31397.933000000
ZA;2023-07-23 19:00:00;South Africa;30413.522000000
ZA;2023-07-23 20:00:00;South Africa;28512.526000000
ZA;2023-07-23 21:00:00;South Africa;25912.417000000
ZA;2023-07-23 22:00:00;South Africa;23445.857000000
ZA;2023-07-23 23:00:00;South Africa;21593.524000000
ZA;2023-07-24 00:00:00;South Africa;20640.606000000
ZA;2023-07-24 01:00:00;South Africa;20154.826000000
ZA;2023-07-24 02:00:00;South Africa;19956.999000000
ZA;2023-07-24 03:00:00;South Africa;20299.180000000
ZA;2023-07-24 04:00:00;South Africa;22183.026000000
ZA;2023-07-24 05:00:00;South Africa;25942.711000000
ZA;2023-07-24 06:00:00;South Africa;28386.595000000
ZA;2023-07-24 07:00:00;South Africa;28328.188000000
ZA;2023-07-24 08:00:00;South Africa;29054.974000000
ZA;2023-07-24 09:00:00;South Africa;29770.703000000
ZA;2023-07-24 10:00:00;South Africa;29356.784000000
ZA;2023-07-24 11:00:00;South Africa;28833.041000000
ZA;2023-07-24 12:00:00;South Africa;28434.182000000
ZA;2023-07-24 13:00:00;South Africa;27901.179000000
ZA;2023-07-24 14:00:00;South Africa;27903.398000000
ZA;2023-07-24 15:00:00;South Africa;28440.839000000
ZA;2023-07-24 16:00:00;South Africa;29747.734000000
ZA;2023-07-24 17:00:00;South Africa;30750.264000000
ZA;2023-07-24 18:00:00;South Africa;32488.021000000
ZA;2023-07-24 19:00:00;South Africa;31742.901000000
ZA;2023-07-24 20:00:00;South Africa;30102.477000000
ZA;2023-07-24 21:00:00;South Africa;27219.093000000
ZA;2023-07-24 22:00:00;South Africa;24401.329000000
ZA;2023-07-24 23:00:00;South Africa;22942.878000000
ZA;2023-07-25 00:00:00;South Africa;21700.066000000
ZA;2023-07-25 01:00:00;South Africa;20868.593000000
ZA;2023-07-25 02:00:00;South Africa;20640.322000000
ZA;2023-07-25 03:00:00;South Africa;21096.635000000
ZA;2023-07-25 04:00:00;South Africa;22242.595000000
ZA;2023-07-25 05:00:00;South Africa;26546.449000000
ZA;2023-07-25 06:00:00;South Africa;28638.362000000
ZA;2023-07-25 07:00:00;South Africa;28640.243000000
ZA;2023-07-25 08:00:00;South Africa;28941.434000000
ZA;2023-07-25 09:00:00;South Africa;29625.289000000
ZA;2023-07-25 10:00:00;South Africa;29340.824000000
ZA;2023-07-25 11:00:00;South Africa;28662.119000000
ZA;2023-07-25 12:00:00;South Africa;28014.370000000
ZA;2023-07-25 13:00:00;South Africa;27575.803000000
ZA;2023-07-25 14:00:00;South Africa;27644.278000000
ZA;2023-07-25 15:00:00;South Africa;28309.994000000
ZA;2023-07-25 16:00:00;South Africa;29167.368000000
ZA;2023-07-25 17:00:00;South Africa;30421.844000000
ZA;2023-07-25 18:00:00;South Africa;32559.205000000
ZA;2023-07-25 19:00:00;South Africa;31918.682000000
ZA;2023-07-25 20:00:00;South Africa;30083.145000000
ZA;2023-07-25 21:00:00;South Africa;27253.586000000
ZA;2023-07-25 22:00:00;South Africa;24684.684000000
ZA;2023-07-25 23:00:00;South Africa;22913.473000000
ZA;2023-07-26 00:00:00;South Africa;21599.073000000
ZA;2023-07-26 01:00:00;South Africa;20995.121000000
ZA;2023-07-26 02:00:00;South Africa;20846.644000000
ZA;2023-07-26 03:00:00;South Africa;21494.155000000
ZA;2023-07-26 04:00:00;South Africa;22211.374000000
ZA;2023-07-26 05:00:00;South Africa;26782.657000000
ZA;2023-07-26 06:00:00;South Africa;29026.309000000
ZA;2023-07-26 07:00:00;South Africa;29012.515000000
ZA;2023-07-26 08:00:00;South Africa;29233.504000000
ZA;2023-07-26 09:00:00;South Africa;29855.601000000
ZA;2023-07-26 10:00:00;South Africa;29695.493000000
ZA;2023-07-26 11:00:00;South Africa;28978.209000000
ZA;2023-07-26 12:00:00;South Africa;28497.164000000
ZA;2023-07-26 13:00:00;South Africa;27919.322000000
ZA;2023-07-26 14:00:00;South Africa;28185.092000000
ZA;2023-07-26 15:00:00;South Africa;28830.539000000
ZA;2023-07-26 16:00:00;South Africa;29772.183000000
ZA;2023-07-26 17:00:00;South Africa;30509.865000000
ZA;2023-07-26 18:00:00;South Africa;32378.970000000
ZA;2023-07-26 19:00:00;South Africa;31999.728000000
ZA;2023-07-26 20:00:00;South Africa;30149.470000000
ZA;2023-07-26 21:00:00;South Africa;27338.568000000
ZA;2023-07-26 22:00:00;South Africa;24718.794000000
ZA;2023-07-26 23:00:00;South Africa;22889.287000000
ZA;2023-07-27 00:00:00;South Africa;22176.881000000
ZA;2023-07-27 01:00:00;South Africa;21644.206000000
ZA;2023-07-27 02:00:00;South Africa;21619.161000000
ZA;2023-07-27 03:00:00;South Africa;21850.037000000
ZA;2023-07-27 04:00:00;South Africa;23348.364000000
ZA;2023-07-27 05:00:00;South Africa;26603.831000000
ZA;2023-07-27 06:00:00;South Africa;28967.645000000
ZA;2023-07-27 07:00:00;South Africa;28898.236000000
ZA;2023-07-27 08:00:00;South Africa;29012.413000000
ZA;2023-07-27 09:00:00;South Africa;29606.341000000
ZA;2023-07-27 10:00:00;South Africa;29220.383000000
ZA;2023-07-27 11:00:00;South Africa;28467.760000000
ZA;2023-07-27 12:00:00;South Africa;27981.277000000
ZA;2023-07-27 13:00:00;South Africa;27443.023000000
ZA;2023-07-27 14:00:00;South Africa;27779.354000000
ZA;2023-07-27 15:00:00;South Africa;28409.436000000
ZA;2023-07-27 16:00:00;South Africa;29249.667000000
ZA;2023-07-27 17:00:00;South Africa;30261.300000000
ZA;2023-07-27 18:00:00;South Africa;32347.514000000
ZA;2023-07-27 19:00:00;South Africa;31646.267000000
ZA;2023-07-27 20:00:00;South Africa;29914.382000000
ZA;2023-07-27 21:00:00;South Africa;27263.448000000
ZA;2023-07-27 22:00:00;South Africa;24721.418000000
ZA;2023-07-27 23:00:00;South Africa;22936.890000000
ZA;2023-07-28 00:00:00;South Africa;22145.388000000
ZA;2023-07-28 01:00:00;South Africa;21593.578000000
ZA;2023-07-28 02:00:00;South Africa;21567.216000000
ZA;2023-07-28 03:00:00;South Africa;21879.923000000
ZA;2023-07-28 04:00:00;South Africa;23463.494000000
ZA;2023-07-28 05:00:00;South Africa;26526.328000000
ZA;2023-07-28 06:00:00;South Africa;28571.746000000
ZA;2023-07-28 07:00:00;South Africa;28662.307000000
ZA;2023-07-28 08:00:00;South Africa;28771.912000000
ZA;2023-07-28 09:00:00;South Africa;29144.707000000
ZA;2023-07-28 10:00:00;South Africa;28813.578000000
ZA;2023-07-28 11:00:00;South Africa;27959.153000000
ZA;2023-07-28 12:00:00;South Africa;27247.636000000
ZA;2023-07-28 13:00:00;South Africa;26630.636000000
ZA;2023-07-28 14:00:00;South Africa;26476.667000000
ZA;2023-07-28 15:00:00;South Africa;26867.101000000
ZA;2023-07-28 16:00:00;South Africa;27379.358000000
ZA;2023-07-28 17:00:00;South Africa;28087.330000000
ZA;2023-07-28 18:00:00;South Africa;30057.016000000
ZA;2023-07-28 19:00:00;South Africa;29709.995000000
ZA;2023-07-28 20:00:00;South Africa;28431.293000000
ZA;2023-07-28 21:00:00;South Africa;26332.118000000
ZA;2023-07-28 22:00:00;South Africa;24381.248000000
ZA;2023-07-28 23:00:00;South Africa;22801.746000000
ZA;2023-07-29 00:00:00;South Africa;22034.553000000
ZA;2023-07-29 01:00:00;South Africa;21251.555000000
ZA;2023-07-29 02:00:00;South Africa;20937.200000000
ZA;2023-07-29 03:00:00;South Africa;20842.171000000
ZA;2023-07-29 04:00:00;South Africa;21416.523000000
ZA;2023-07-29 05:00:00;South Africa;22322.545000000
ZA;2023-07-29 06:00:00;South Africa;23720.942000000
ZA;2023-07-29 07:00:00;South Africa;26143.876000000
ZA;2023-07-29 08:00:00;South Africa;27972.857000000
ZA;2023-07-29 09:00:00;South Africa;28394.927000000
ZA;2023-07-29 10:00:00;South Africa;28045.079000000
ZA;2023-07-29 11:00:00;South Africa;27416.865000000
ZA;2023-07-29 12:00:00;South Africa;27120.346000000
ZA;2023-07-29 13:00:00;South Africa;26595.050000000
ZA;2023-07-29 14:00:00;South Africa;26186.551000000
ZA;2023-07-29 15:00:00;South Africa;26315.188000000
ZA;2023-07-29 16:00:00;South Africa;27313.154000000
ZA;2023-07-29 17:00:00;South Africa;28301.829000000
ZA;2023-07-29 18:00:00;South Africa;29594.350000000
ZA;2023-07-29 19:00:00;South Africa;28513.648000000
ZA;2023-07-29 20:00:00;South Africa;27110.636000000
ZA;2023-07-29 21:00:00;South Africa;25243.261000000
ZA;2023-07-29 22:00:00;South Africa;23571.229000000
ZA;2023-07-29 23:00:00;South Africa;22282.712000000
ZA;2023-07-30 00:00:00;South Africa;20817.119000000
ZA;2023-07-30 01:00:00;South Africa;19816.406000000
ZA;2023-07-30 02:00:00;South Africa;19612.419000000
ZA;2023-07-30 03:00:00;South Africa;19697.933000000
ZA;2023-07-30 04:00:00;South Africa;19906.331000000
ZA;2023-07-30 05:00:00;South Africa;21112.560000000
ZA;2023-07-30 06:00:00;South Africa;22297.951000000
ZA;2023-07-30 07:00:00;South Africa;24585.387000000
ZA;2023-07-30 08:00:00;South Africa;26782.852000000
ZA;2023-07-30 09:00:00;South Africa;27698.857000000
ZA;2023-07-30 10:00:00;South Africa;27686.978000000
ZA;2023-07-30 11:00:00;South Africa;27419.806000000
ZA;2023-07-30 12:00:00;South Africa;27420.798000000
ZA;2023-07-30 13:00:00;South Africa;27456.678000000
ZA;2023-07-30 14:00:00;South Africa;27207.381000000
ZA;2023-07-30 15:00:00;South Africa;27532.569000000
ZA;2023-07-30 16:00:00;South Africa;28583.289000000
ZA;2023-07-30 17:00:00;South Africa;30148.177000000
ZA;2023-07-30 18:00:00;South Africa;31776.862000000
ZA;2023-07-30 19:00:00;South Africa;30749.886000000
ZA;2023-07-30 20:00:00;South Africa;28890.656000000
ZA;2023-07-30 21:00:00;South Africa;26306.576000000
ZA;2023-07-30 22:00:00;South Africa;24142.859000000
ZA;2023-07-30 23:00:00;South Africa;22383.893000000
ZA;2023-07-31 00:00:00;South Africa;20730.269000000
ZA;2023-07-31 01:00:00;South Africa;19927.889000000
ZA;2023-07-31 02:00:00;South Africa;19833.209000000
ZA;2023-07-31 03:00:00;South Africa;20344.815000000
ZA;2023-07-31 04:00:00;South Africa;22272.830000000
ZA;2023-07-31 05:00:00;South Africa;26213.075000000
ZA;2023-07-31 06:00:00;South Africa;28228.356000000
ZA;2023-07-31 07:00:00;South Africa;28355.951000000
ZA;2023-07-31 08:00:00;South Africa;29217.578000000
ZA;2023-07-31 09:00:00;South Africa;29854.580000000
ZA;2023-07-31 10:00:00;South Africa;29630.381000000
ZA;2023-07-31 11:00:00;South Africa;29075.224000000
ZA;2023-07-31 12:00:00;South Africa;28521.421000000
ZA;2023-07-31 13:00:00;South Africa;28053.571000000
ZA;2023-07-31 14:00:00;South Africa;28061.651000000
ZA;2023-07-31 15:00:00;South Africa;28676.625000000
ZA;2023-07-31 16:00:00;South Africa;29993.889000000
ZA;2023-07-31 17:00:00;South Africa;30782.517000000
ZA;2023-07-31 18:00:00;South Africa;32551.294000000
ZA;2023-07-31 19:00:00;South Africa;32028.450000000
ZA;2023-07-31 20:00:00;South Africa;30551.081000000
ZA;2023-07-31 21:00:00;South Africa;27702.262000000
ZA;2023-07-31 22:00:00;South Africa;24663.242000000
ZA;2023-07-31 23:00:00;South Africa;22949.462000000
ZA;2023-08-01 00:00:00;South Africa;22093.332000000
ZA;2023-08-01 01:00:00;South Africa;21378.288000000
ZA;2023-08-01 02:00:00;South Africa;20699.320000000
ZA;2023-08-01 03:00:00;South Africa;21294.671000000
ZA;2023-08-01 04:00:00;South Africa;23136.641000000
ZA;2023-08-01 05:00:00;South Africa;26770.931000000
ZA;2023-08-01 06:00:00;South Africa;28794.401000000
ZA;2023-08-01 07:00:00;South Africa;28880.007000000
ZA;2023-08-01 08:00:00;South Africa;29228.779000000
ZA;2023-08-01 09:00:00;South Africa;29674.639000000
ZA;2023-08-01 10:00:00;South Africa;29380.691000000
ZA;2023-08-01 11:00:00;South Africa;28720.904000000
ZA;2023-08-01 12:00:00;South Africa;28148.295000000
ZA;2023-08-01 13:00:00;South Africa;27714.682000000
ZA;2023-08-01 14:00:00;South Africa;27834.938000000
ZA;2023-08-01 15:00:00;South Africa;28470.000000000
ZA;2023-08-01 16:00:00;South Africa;29712.879000000
ZA;2023-08-01 17:00:00;South Africa;30575.506000000
ZA;2023-08-01 18:00:00;South Africa;32777.810000000
ZA;2023-08-01 19:00:00;South Africa;32198.642000000
ZA;2023-08-01 20:00:00;South Africa;30055.604000000
ZA;2023-08-01 21:00:00;South Africa;27352.466000000
ZA;2023-08-01 22:00:00;South Africa;24774.071000000
ZA;2023-08-01 23:00:00;South Africa;22886.516000000
ZA;2023-08-02 00:00:00;South Africa;22280.273000000
ZA;2023-08-02 01:00:00;South Africa;21870.000000000
ZA;2023-08-02 02:00:00;South Africa;21920.488000000
ZA;2023-08-02 03:00:00;South Africa;22451.622000000
ZA;2023-08-02 04:00:00;South Africa;23393.738000000
ZA;2023-08-02 05:00:00;South Africa;26968.208000000
ZA;2023-08-02 06:00:00;South Africa;29193.331000000
ZA;2023-08-02 07:00:00;South Africa;29222.871000000
ZA;2023-08-02 08:00:00;South Africa;29694.052000000
ZA;2023-08-02 09:00:00;South Africa;29666.277000000
ZA;2023-08-02 10:00:00;South Africa;29337.983000000
ZA;2023-08-02 11:00:00;South Africa;28519.902000000
ZA;2023-08-02 12:00:00;South Africa;27655.803000000
ZA;2023-08-02 13:00:00;South Africa;27277.626000000
ZA;2023-08-02 14:00:00;South Africa;27633.558000000
ZA;2023-08-02 15:00:00;South Africa;28268.124000000
ZA;2023-08-02 16:00:00;South Africa;29368.097000000
ZA;2023-08-02 17:00:00;South Africa;30084.555000000
ZA;2023-08-02 18:00:00;South Africa;32411.708000000
ZA;2023-08-02 19:00:00;South Africa;32178.802000000
ZA;2023-08-02 20:00:00;South Africa;30133.473000000
ZA;2023-08-02 21:00:00;South Africa;27334.522000000
ZA;2023-08-02 22:00:00;South Africa;24932.651000000
ZA;2023-08-02 23:00:00;South Africa;23679.591000000
ZA;2023-08-03 00:00:00;South Africa;22263.478000000
ZA;2023-08-03 01:00:00;South Africa;21319.111000000
ZA;2023-08-03 02:00:00;South Africa;21131.284000000
ZA;2023-08-03 03:00:00;South Africa;21606.584000000
ZA;2023-08-03 04:00:00;South Africa;23599.936000000
ZA;2023-08-03 05:00:00;South Africa;27286.364000000
ZA;2023-08-03 06:00:00;South Africa;29452.468000000
ZA;2023-08-03 07:00:00;South Africa;29258.805000000
ZA;2023-08-03 08:00:00;South Africa;29368.890000000
ZA;2023-08-03 09:00:00;South Africa;29483.622000000
ZA;2023-08-03 10:00:00;South Africa;29159.725000000
ZA;2023-08-03 11:00:00;South Africa;28391.842000000
ZA;2023-08-03 12:00:00;South Africa;27732.398000000
ZA;2023-08-03 13:00:00;South Africa;27217.717000000
ZA;2023-08-03 14:00:00;South Africa;27411.476000000
ZA;2023-08-03 15:00:00;South Africa;27956.645000000
ZA;2023-08-03 16:00:00;South Africa;29191.943000000
ZA;2023-08-03 17:00:00;South Africa;29924.145000000
ZA;2023-08-03 18:00:00;South Africa;32303.872000000
ZA;2023-08-03 19:00:00;South Africa;32212.361000000
ZA;2023-08-03 20:00:00;South Africa;30286.811000000
ZA;2023-08-03 21:00:00;South Africa;27690.286000000
ZA;2023-08-03 22:00:00;South Africa;25322.479000000
ZA;2023-08-03 23:00:00;South Africa;23739.610000000
ZA;2023-08-04 00:00:00;South Africa;22268.510000000
ZA;2023-08-04 01:00:00;South Africa;21428.664000000
ZA;2023-08-04 02:00:00;South Africa;21268.922000000
ZA;2023-08-04 03:00:00;South Africa;21624.089000000
ZA;2023-08-04 04:00:00;South Africa;23563.277000000
ZA;2023-08-04 05:00:00;South Africa;26947.433000000
ZA;2023-08-04 06:00:00;South Africa;28790.689000000
ZA;2023-08-04 07:00:00;South Africa;28908.440000000
ZA;2023-08-04 08:00:00;South Africa;29370.208000000
ZA;2023-08-04 09:00:00;South Africa;29660.864000000
ZA;2023-08-04 10:00:00;South Africa;29113.299000000
ZA;2023-08-04 11:00:00;South Africa;28484.981000000
ZA;2023-08-04 12:00:00;South Africa;27694.173000000
ZA;2023-08-04 13:00:00;South Africa;27043.110000000
ZA;2023-08-04 14:00:00;South Africa;26913.283000000
ZA;2023-08-04 15:00:00;South Africa;27461.022000000
ZA;2023-08-04 16:00:00;South Africa;28099.325000000
ZA;2023-08-04 17:00:00;South Africa;28521.210000000
ZA;2023-08-04 18:00:00;South Africa;30625.101000000
ZA;2023-08-04 19:00:00;South Africa;30597.902000000
ZA;2023-08-04 20:00:00;South Africa;29150.721000000
ZA;2023-08-04 21:00:00;South Africa;27205.987000000
ZA;2023-08-04 22:00:00;South Africa;25212.159000000
ZA;2023-08-04 23:00:00;South Africa;23493.565000000
ZA;2023-08-05 00:00:00;South Africa;22708.770000000
ZA;2023-08-05 01:00:00;South Africa;22039.257000000
ZA;2023-08-05 02:00:00;South Africa;21786.625000000
ZA;2023-08-05 03:00:00;South Africa;21771.429000000
ZA;2023-08-05 04:00:00;South Africa;22394.384000000
ZA;2023-08-05 05:00:00;South Africa;23151.985000000
ZA;2023-08-05 06:00:00;South Africa;24573.563000000
ZA;2023-08-05 07:00:00;South Africa;27165.027000000
ZA;2023-08-05 08:00:00;South Africa;28868.844000000
ZA;2023-08-05 09:00:00;South Africa;28982.894000000
ZA;2023-08-05 10:00:00;South Africa;28139.165000000
ZA;2023-08-05 11:00:00;South Africa;27359.183000000
ZA;2023-08-05 12:00:00;South Africa;26699.400000000
ZA;2023-08-05 13:00:00;South Africa;26111.082000000
ZA;2023-08-05 14:00:00;South Africa;25810.598000000
ZA;2023-08-05 15:00:00;South Africa;26264.387000000
ZA;2023-08-05 16:00:00;South Africa;27077.117000000
ZA;2023-08-05 17:00:00;South Africa;28612.319000000
ZA;2023-08-05 18:00:00;South Africa;30310.678000000
ZA;2023-08-05 19:00:00;South Africa;29514.682000000
ZA;2023-08-05 20:00:00;South Africa;28168.357000000
ZA;2023-08-05 21:00:00;South Africa;26224.972000000
ZA;2023-08-05 22:00:00;South Africa;24393.584000000
ZA;2023-08-05 23:00:00;South Africa;22892.952000000
ZA;2023-08-06 00:00:00;South Africa;22069.255000000
ZA;2023-08-06 01:00:00;South Africa;21375.048000000
ZA;2023-08-06 02:00:00;South Africa;21036.001000000
ZA;2023-08-06 03:00:00;South Africa;21094.386000000
ZA;2023-08-06 04:00:00;South Africa;21629.653000000
ZA;2023-08-06 05:00:00;South Africa;21818.149000000
ZA;2023-08-06 06:00:00;South Africa;23162.456000000
ZA;2023-08-06 07:00:00;South Africa;25908.881000000
ZA;2023-08-06 08:00:00;South Africa;27839.887000000
ZA;2023-08-06 09:00:00;South Africa;28013.027000000
ZA;2023-08-06 10:00:00;South Africa;27110.496000000
ZA;2023-08-06 11:00:00;South Africa;26613.010000000
ZA;2023-08-06 12:00:00;South Africa;26298.991000000
ZA;2023-08-06 13:00:00;South Africa;25820.317000000
ZA;2023-08-06 14:00:00;South Africa;25326.808000000
ZA;2023-08-06 15:00:00;South Africa;25915.139000000
ZA;2023-08-06 16:00:00;South Africa;26728.684000000
ZA;2023-08-06 17:00:00;South Africa;28328.182000000
ZA;2023-08-06 18:00:00;South Africa;30429.757000000
ZA;2023-08-06 19:00:00;South Africa;29798.628000000
ZA;2023-08-06 20:00:00;South Africa;28045.177000000
ZA;2023-08-06 21:00:00;South Africa;25547.800000000
ZA;2023-08-06 22:00:00;South Africa;23377.870000000
ZA;2023-08-06 23:00:00;South Africa;21766.088000000
ZA;2023-08-07 00:00:00;South Africa;20816.044000000
ZA;2023-08-07 01:00:00;South Africa;20329.116000000
ZA;2023-08-07 02:00:00;South Africa;20240.687000000
ZA;2023-08-07 03:00:00;South Africa;20554.223000000
ZA;2023-08-07 04:00:00;South Africa;22709.783000000
ZA;2023-08-07 05:00:00;South Africa;25987.080000000
ZA;2023-08-07 06:00:00;South Africa;28164.618000000
ZA;2023-08-07 07:00:00;South Africa;27899.287000000
ZA;2023-08-07 08:00:00;South Africa;28396.493000000
ZA;2023-08-07 09:00:00;South Africa;28880.305000000
ZA;2023-08-07 10:00:00;South Africa;28080.750000000
ZA;2023-08-07 11:00:00;South Africa;27602.876000000
ZA;2023-08-07 12:00:00;South Africa;27118.711000000
ZA;2023-08-07 13:00:00;South Africa;26613.183000000
ZA;2023-08-07 14:00:00;South Africa;26916.986000000
ZA;2023-08-07 15:00:00;South Africa;27548.223000000
ZA;2023-08-07 16:00:00;South Africa;28738.086000000
ZA;2023-08-07 17:00:00;South Africa;29549.479000000
ZA;2023-08-07 18:00:00;South Africa;31522.723000000
ZA;2023-08-07 19:00:00;South Africa;31172.596000000
ZA;2023-08-07 20:00:00;South Africa;29584.858000000
ZA;2023-08-07 21:00:00;South Africa;26624.301000000
ZA;2023-08-07 22:00:00;South Africa;23854.736000000
ZA;2023-08-07 23:00:00;South Africa;22161.328000000
ZA;2023-08-08 00:00:00;South Africa;21656.014000000
ZA;2023-08-08 01:00:00;South Africa;21193.006000000
ZA;2023-08-08 02:00:00;South Africa;21334.858000000
ZA;2023-08-08 03:00:00;South Africa;21818.715000000
ZA;2023-08-08 04:00:00;South Africa;23703.052000000
ZA;2023-08-08 05:00:00;South Africa;26366.866000000
ZA;2023-08-08 06:00:00;South Africa;28109.965000000
ZA;2023-08-08 07:00:00;South Africa;28070.843000000
ZA;2023-08-08 08:00:00;South Africa;28395.017000000
ZA;2023-08-08 09:00:00;South Africa;28534.977000000
ZA;2023-08-08 10:00:00;South Africa;27891.195000000
ZA;2023-08-08 11:00:00;South Africa;27228.107000000
ZA;2023-08-08 12:00:00;South Africa;26630.481000000
ZA;2023-08-08 13:00:00;South Africa;26222.970000000
ZA;2023-08-08 14:00:00;South Africa;26237.666000000
ZA;2023-08-08 15:00:00;South Africa;27027.579000000
ZA;2023-08-08 16:00:00;South Africa;28050.708000000
ZA;2023-08-08 17:00:00;South Africa;28700.237000000
ZA;2023-08-08 18:00:00;South Africa;30537.728000000
ZA;2023-08-08 19:00:00;South Africa;30217.009000000
ZA;2023-08-08 20:00:00;South Africa;28574.825000000
ZA;2023-08-08 21:00:00;South Africa;26284.912000000
ZA;2023-08-08 22:00:00;South Africa;24221.475000000
ZA;2023-08-08 23:00:00;South Africa;22651.932000000
ZA;2023-08-09 00:00:00;South Africa;21847.279000000
ZA;2023-08-09 01:00:00;South Africa;21794.683000000
ZA;2023-08-09 02:00:00;South Africa;21576.280000000
ZA;2023-08-09 03:00:00;South Africa;21718.212000000
ZA;2023-08-09 04:00:00;South Africa;21792.769000000
ZA;2023-08-09 05:00:00;South Africa;22065.864000000
ZA;2023-08-09 06:00:00;South Africa;23139.182000000
ZA;2023-08-09 07:00:00;South Africa;25624.610000000
ZA;2023-08-09 08:00:00;South Africa;27591.454000000
ZA;2023-08-09 09:00:00;South Africa;28422.584000000
ZA;2023-08-09 10:00:00;South Africa;28342.298000000
ZA;2023-08-09 11:00:00;South Africa;27725.298000000
ZA;2023-08-09 12:00:00;South Africa;27205.805000000
ZA;2023-08-09 13:00:00;South Africa;26875.034000000
ZA;2023-08-09 14:00:00;South Africa;26897.887000000
ZA;2023-08-09 15:00:00;South Africa;27125.592000000
ZA;2023-08-09 16:00:00;South Africa;28089.744000000
ZA;2023-08-09 17:00:00;South Africa;29365.262000000
ZA;2023-08-09 18:00:00;South Africa;31457.591000000
ZA;2023-08-09 19:00:00;South Africa;30663.493000000
ZA;2023-08-09 20:00:00;South Africa;28736.101000000
ZA;2023-08-09 21:00:00;South Africa;26021.532000000
ZA;2023-08-09 22:00:00;South Africa;23728.812000000
ZA;2023-08-09 23:00:00;South Africa;22190.311000000
ZA;2023-08-10 00:00:00;South Africa;21004.514000000
ZA;2023-08-10 01:00:00;South Africa;20369.534000000
ZA;2023-08-10 02:00:00;South Africa;20414.762000000
ZA;2023-08-10 03:00:00;South Africa;20740.298000000
ZA;2023-08-10 04:00:00;South Africa;22520.540000000
ZA;2023-08-10 05:00:00;South Africa;25880.776000000
ZA;2023-08-10 06:00:00;South Africa;27778.890000000
ZA;2023-08-10 07:00:00;South Africa;27835.766000000
ZA;2023-08-10 08:00:00;South Africa;28141.227000000
ZA;2023-08-10 09:00:00;South Africa;28436.940000000
ZA;2023-08-10 10:00:00;South Africa;27882.344000000
ZA;2023-08-10 11:00:00;South Africa;27347.858000000
ZA;2023-08-10 12:00:00;South Africa;26860.088000000
ZA;2023-08-10 13:00:00;South Africa;26588.030000000
ZA;2023-08-10 14:00:00;South Africa;26668.920000000
ZA;2023-08-10 15:00:00;South Africa;27557.586000000
ZA;2023-08-10 16:00:00;South Africa;28647.755000000
ZA;2023-08-10 17:00:00;South Africa;29331.103000000
ZA;2023-08-10 18:00:00;South Africa;31366.781000000
ZA;2023-08-10 19:00:00;South Africa;30923.004000000
ZA;2023-08-10 20:00:00;South Africa;29234.567000000
ZA;2023-08-10 21:00:00;South Africa;26419.477000000
ZA;2023-08-10 22:00:00;South Africa;24044.849000000
ZA;2023-08-10 23:00:00;South Africa;22335.063000000
ZA;2023-08-11 00:00:00;South Africa;21400.035000000
ZA;2023-08-11 01:00:00;South Africa;20781.595000000
ZA;2023-08-11 02:00:00;South Africa;20607.190000000
ZA;2023-08-11 03:00:00;South Africa;21010.419000000
ZA;2023-08-11 04:00:00;South Africa;22669.458000000
ZA;2023-08-11 05:00:00;South Africa;26067.906000000
ZA;2023-08-11 06:00:00;South Africa;27529.932000000
ZA;2023-08-11 07:00:00;South Africa;27726.913000000
ZA;2023-08-11 08:00:00;South Africa;28257.678000000
ZA;2023-08-11 09:00:00;South Africa;28405.024000000
ZA;2023-08-11 10:00:00;South Africa;27704.486000000
ZA;2023-08-11 11:00:00;South Africa;27101.161000000
ZA;2023-08-11 12:00:00;South Africa;26724.828000000
ZA;2023-08-11 13:00:00;South Africa;26536.887000000
ZA;2023-08-11 14:00:00;South Africa;26587.846000000
ZA;2023-08-11 15:00:00;South Africa;27188.443000000
ZA;2023-08-11 16:00:00;South Africa;27695.671000000
ZA;2023-08-11 17:00:00;South Africa;28079.693000000
ZA;2023-08-11 18:00:00;South Africa;30071.165000000
ZA;2023-08-11 19:00:00;South Africa;29699.375000000
ZA;2023-08-11 20:00:00;South Africa;28133.767000000
ZA;2023-08-11 21:00:00;South Africa;26056.863000000
ZA;2023-08-11 22:00:00;South Africa;24364.522000000
ZA;2023-08-11 23:00:00;South Africa;22716.882000000
ZA;2023-08-12 00:00:00;South Africa;21703.970000000
ZA;2023-08-12 01:00:00;South Africa;21044.432000000
ZA;2023-08-12 02:00:00;South Africa;20881.538000000
ZA;2023-08-12 03:00:00;South Africa;20876.752000000
ZA;2023-08-12 04:00:00;South Africa;21458.493000000
ZA;2023-08-12 05:00:00;South Africa;22248.066000000
ZA;2023-08-12 06:00:00;South Africa;23941.532000000
ZA;2023-08-12 07:00:00;South Africa;26325.991000000
ZA;2023-08-12 08:00:00;South Africa;27607.978000000
ZA;2023-08-12 09:00:00;South Africa;27802.926000000
ZA;2023-08-12 10:00:00;South Africa;27546.925000000
ZA;2023-08-12 11:00:00;South Africa;26998.962000000
ZA;2023-08-12 12:00:00;South Africa;26680.772000000
ZA;2023-08-12 13:00:00;South Africa;26115.970000000
ZA;2023-08-12 14:00:00;South Africa;25890.115000000
ZA;2023-08-12 15:00:00;South Africa;26037.674000000
ZA;2023-08-12 16:00:00;South Africa;26617.630000000
ZA;2023-08-12 17:00:00;South Africa;27707.571000000
ZA;2023-08-12 18:00:00;South Africa;29690.135000000
ZA;2023-08-12 19:00:00;South Africa;28855.730000000
ZA;2023-08-12 20:00:00;South Africa;27313.596000000
ZA;2023-08-12 21:00:00;South Africa;25292.645000000
ZA;2023-08-12 22:00:00;South Africa;23576.110000000
ZA;2023-08-12 23:00:00;South Africa;21925.478000000
ZA;2023-08-13 00:00:00;South Africa;20936.511000000
ZA;2023-08-13 01:00:00;South Africa;20286.218000000
ZA;2023-08-13 02:00:00;South Africa;20196.352000000
ZA;2023-08-13 03:00:00;South Africa;20220.587000000
ZA;2023-08-13 04:00:00;South Africa;20781.490000000
ZA;2023-08-13 05:00:00;South Africa;20838.846000000
ZA;2023-08-13 06:00:00;South Africa;22370.065000000
ZA;2023-08-13 07:00:00;South Africa;24978.186000000
ZA;2023-08-13 08:00:00;South Africa;26726.339000000
ZA;2023-08-13 09:00:00;South Africa;26982.762000000
ZA;2023-08-13 10:00:00;South Africa;26602.007000000
ZA;2023-08-13 11:00:00;South Africa;25773.637000000
ZA;2023-08-13 12:00:00;South Africa;25785.217000000
ZA;2023-08-13 13:00:00;South Africa;24968.678000000
ZA;2023-08-13 14:00:00;South Africa;24889.657000000
ZA;2023-08-13 15:00:00;South Africa;25057.312000000
ZA;2023-08-13 16:00:00;South Africa;26067.112000000
ZA;2023-08-13 17:00:00;South Africa;27515.056000000
ZA;2023-08-13 18:00:00;South Africa;29814.466000000
ZA;2023-08-13 19:00:00;South Africa;28955.820000000
ZA;2023-08-13 20:00:00;South Africa;27170.931000000
ZA;2023-08-13 21:00:00;South Africa;24756.126000000
ZA;2023-08-13 22:00:00;South Africa;22586.127000000
ZA;2023-08-13 23:00:00;South Africa;20960.629000000
ZA;2023-08-14 00:00:00;South Africa;20386.821000000
ZA;2023-08-14 01:00:00;South Africa;20014.450000000
ZA;2023-08-14 02:00:00;South Africa;20188.506000000
ZA;2023-08-14 03:00:00;South Africa;20490.763000000
ZA;2023-08-14 04:00:00;South Africa;22477.150000000
ZA;2023-08-14 05:00:00;South Africa;25724.343000000
ZA;2023-08-14 06:00:00;South Africa;27276.710000000
ZA;2023-08-14 07:00:00;South Africa;27033.394000000
ZA;2023-08-14 08:00:00;South Africa;27491.408000000
ZA;2023-08-14 09:00:00;South Africa;27844.226000000
ZA;2023-08-14 10:00:00;South Africa;27429.644000000
ZA;2023-08-14 11:00:00;South Africa;27056.127000000
ZA;2023-08-14 12:00:00;South Africa;26674.327000000
ZA;2023-08-14 13:00:00;South Africa;26366.812000000
ZA;2023-08-14 14:00:00;South Africa;26613.248000000
ZA;2023-08-14 15:00:00;South Africa;27497.994000000
ZA;2023-08-14 16:00:00;South Africa;28615.713000000
ZA;2023-08-14 17:00:00;South Africa;29177.812000000
ZA;2023-08-14 18:00:00;South Africa;31146.747000000
ZA;2023-08-14 19:00:00;South Africa;30504.421000000
ZA;2023-08-14 20:00:00;South Africa;29154.446000000
ZA;2023-08-14 21:00:00;South Africa;26377.021000000
ZA;2023-08-14 22:00:00;South Africa;23711.876000000
ZA;2023-08-14 23:00:00;South Africa;22065.514000000
ZA;2023-08-15 00:00:00;South Africa;21260.993000000
ZA;2023-08-15 01:00:00;South Africa;21080.696000000
ZA;2023-08-15 02:00:00;South Africa;21264.145000000
ZA;2023-08-15 03:00:00;South Africa;21415.311000000
ZA;2023-08-15 04:00:00;South Africa;23497.778000000
ZA;2023-08-15 05:00:00;South Africa;26108.331000000
ZA;2023-08-15 06:00:00;South Africa;27626.016000000
ZA;2023-08-15 07:00:00;South Africa;27338.180000000
ZA;2023-08-15 08:00:00;South Africa;27454.471000000
ZA;2023-08-15 09:00:00;South Africa;27612.551000000
ZA;2023-08-15 10:00:00;South Africa;27188.417000000
ZA;2023-08-15 11:00:00;South Africa;26605.046000000
ZA;2023-08-15 12:00:00;South Africa;26331.754000000
ZA;2023-08-15 13:00:00;South Africa;26132.300000000
ZA;2023-08-15 14:00:00;South Africa;26311.857000000
ZA;2023-08-15 15:00:00;South Africa;27262.142000000
ZA;2023-08-15 16:00:00;South Africa;28266.416000000
ZA;2023-08-15 17:00:00;South Africa;28866.382000000
ZA;2023-08-15 18:00:00;South Africa;30905.988000000
ZA;2023-08-15 19:00:00;South Africa;30379.909000000
ZA;2023-08-15 20:00:00;South Africa;28978.948000000
ZA;2023-08-15 21:00:00;South Africa;26259.364000000
ZA;2023-08-15 22:00:00;South Africa;23840.425000000
ZA;2023-08-15 23:00:00;South Africa;22263.348000000
ZA;2023-08-16 00:00:00;South Africa;21226.149000000
ZA;2023-08-16 01:00:00;South Africa;20821.216000000
ZA;2023-08-16 02:00:00;South Africa;20956.911000000
ZA;2023-08-16 03:00:00;South Africa;21342.265000000
ZA;2023-08-16 04:00:00;South Africa;23203.348000000
ZA;2023-08-16 05:00:00;South Africa;25967.520000000
ZA;2023-08-16 06:00:00;South Africa;27597.070000000
ZA;2023-08-16 07:00:00;South Africa;27243.111000000
ZA;2023-08-16 08:00:00;South Africa;27663.029000000
ZA;2023-08-16 09:00:00;South Africa;27874.347000000
ZA;2023-08-16 10:00:00;South Africa;27463.507000000
ZA;2023-08-16 11:00:00;South Africa;26954.080000000
ZA;2023-08-16 12:00:00;South Africa;26623.152000000
ZA;2023-08-16 13:00:00;South Africa;26323.609000000
ZA;2023-08-16 14:00:00;South Africa;26487.276000000
ZA;2023-08-16 15:00:00;South Africa;27160.428000000
ZA;2023-08-16 16:00:00;South Africa;28274.160000000
ZA;2023-08-16 17:00:00;South Africa;28948.195000000
ZA;2023-08-16 18:00:00;South Africa;30982.220000000
ZA;2023-08-16 19:00:00;South Africa;30456.061000000
ZA;2023-08-16 20:00:00;South Africa;28855.921000000
ZA;2023-08-16 21:00:00;South Africa;26275.241000000
ZA;2023-08-16 22:00:00;South Africa;23612.587000000
ZA;2023-08-16 23:00:00;South Africa;22024.904000000
ZA;2023-08-17 00:00:00;South Africa;21194.751000000
ZA;2023-08-17 01:00:00;South Africa;20857.722000000
ZA;2023-08-17 02:00:00;South Africa;20973.651000000
ZA;2023-08-17 03:00:00;South Africa;21601.269000000
ZA;2023-08-17 04:00:00;South Africa;23387.901000000
ZA;2023-08-17 05:00:00;South Africa;26049.148000000
ZA;2023-08-17 06:00:00;South Africa;27813.421000000
ZA;2023-08-17 07:00:00;South Africa;27389.418000000
ZA;2023-08-17 08:00:00;South Africa;27495.957000000
ZA;2023-08-17 09:00:00;South Africa;27669.135000000
ZA;2023-08-17 10:00:00;South Africa;27131.447000000
ZA;2023-08-17 11:00:00;South Africa;26614.854000000
ZA;2023-08-17 12:00:00;South Africa;26251.793000000
ZA;2023-08-17 13:00:00;South Africa;26033.407000000
ZA;2023-08-17 14:00:00;South Africa;26332.298000000
ZA;2023-08-17 15:00:00;South Africa;27106.993000000
ZA;2023-08-17 16:00:00;South Africa;28105.348000000
ZA;2023-08-17 17:00:00;South Africa;28652.945000000
ZA;2023-08-17 18:00:00;South Africa;30945.510000000
ZA;2023-08-17 19:00:00;South Africa;30606.299000000
ZA;2023-08-17 20:00:00;South Africa;28582.153000000
ZA;2023-08-17 21:00:00;South Africa;26113.055000000
ZA;2023-08-17 22:00:00;South Africa;23773.386000000
ZA;2023-08-17 23:00:00;South Africa;22312.781000000
ZA;2023-08-18 00:00:00;South Africa;21403.687000000
ZA;2023-08-18 01:00:00;South Africa;20848.312000000
ZA;2023-08-18 02:00:00;South Africa;20743.278000000
ZA;2023-08-18 03:00:00;South Africa;21143.079000000
ZA;2023-08-18 04:00:00;South Africa;22873.759000000
ZA;2023-08-18 05:00:00;South Africa;25860.253000000
ZA;2023-08-18 06:00:00;South Africa;27415.582000000
ZA;2023-08-18 07:00:00;South Africa;27342.073000000
ZA;2023-08-18 08:00:00;South Africa;27543.971000000
ZA;2023-08-18 09:00:00;South Africa;27746.564000000
ZA;2023-08-18 10:00:00;South Africa;27544.997000000
ZA;2023-08-18 11:00:00;South Africa;27095.292000000
ZA;2023-08-18 12:00:00;South Africa;26580.855000000
ZA;2023-08-18 13:00:00;South Africa;26170.233000000
ZA;2023-08-18 14:00:00;South Africa;26432.812000000
ZA;2023-08-18 15:00:00;South Africa;26765.063000000
ZA;2023-08-18 16:00:00;South Africa;27298.548000000
ZA;2023-08-18 17:00:00;South Africa;27428.675000000
ZA;2023-08-18 18:00:00;South Africa;29335.232000000
ZA;2023-08-18 19:00:00;South Africa;29088.825000000
ZA;2023-08-18 20:00:00;South Africa;27413.435000000
ZA;2023-08-18 21:00:00;South Africa;25523.418000000
ZA;2023-08-18 22:00:00;South Africa;23760.137000000
ZA;2023-08-18 23:00:00;South Africa;22119.854000000
ZA;2023-08-19 00:00:00;South Africa;21177.698000000
ZA;2023-08-19 01:00:00;South Africa;20508.563000000
ZA;2023-08-19 02:00:00;South Africa;20478.553000000
ZA;2023-08-19 03:00:00;South Africa;20594.326000000
ZA;2023-08-19 04:00:00;South Africa;21205.363000000
ZA;2023-08-19 05:00:00;South Africa;21910.610000000
ZA;2023-08-19 06:00:00;South Africa;23465.652000000
ZA;2023-08-19 07:00:00;South Africa;25823.326000000
ZA;2023-08-19 08:00:00;South Africa;27307.024000000
ZA;2023-08-19 09:00:00;South Africa;27516.516000000
ZA;2023-08-19 10:00:00;South Africa;27150.899000000
ZA;2023-08-19 11:00:00;South Africa;26515.620000000
ZA;2023-08-19 12:00:00;South Africa;25927.625000000
ZA;2023-08-19 13:00:00;South Africa;25557.825000000
ZA;2023-08-19 14:00:00;South Africa;25449.388000000
ZA;2023-08-19 15:00:00;South Africa;25540.921000000
ZA;2023-08-19 16:00:00;South Africa;26140.101000000
ZA;2023-08-19 17:00:00;South Africa;27039.577000000
ZA;2023-08-19 18:00:00;South Africa;28780.814000000
ZA;2023-08-19 19:00:00;South Africa;27997.021000000
ZA;2023-08-19 20:00:00;South Africa;26257.959000000
ZA;2023-08-19 21:00:00;South Africa;24301.087000000
ZA;2023-08-19 22:00:00;South Africa;22613.535000000
ZA;2023-08-19 23:00:00;South Africa;21104.644000000
ZA;2023-08-20 00:00:00;South Africa;20506.084000000
ZA;2023-08-20 01:00:00;South Africa;19833.467000000
ZA;2023-08-20 02:00:00;South Africa;19596.003000000
ZA;2023-08-20 03:00:00;South Africa;19702.191000000
ZA;2023-08-20 04:00:00;South Africa;20466.466000000
ZA;2023-08-20 05:00:00;South Africa;20603.165000000
ZA;2023-08-20 06:00:00;South Africa;21839.528000000
ZA;2023-08-20 07:00:00;South Africa;24345.453000000
ZA;2023-08-20 08:00:00;South Africa;26047.894000000
ZA;2023-08-20 09:00:00;South Africa;26096.113000000
ZA;2023-08-20 10:00:00;South Africa;25839.404000000
ZA;2023-08-20 11:00:00;South Africa;25217.539000000
ZA;2023-08-20 12:00:00;South Africa;24854.221000000
ZA;2023-08-20 13:00:00;South Africa;24550.625000000
ZA;2023-08-20 14:00:00;South Africa;24346.924000000
ZA;2023-08-20 15:00:00;South Africa;24565.403000000
ZA;2023-08-20 16:00:00;South Africa;25555.230000000
ZA;2023-08-20 17:00:00;South Africa;26867.388000000
ZA;2023-08-20 18:00:00;South Africa;29143.888000000
ZA;2023-08-20 19:00:00;South Africa;28609.137000000
ZA;2023-08-20 20:00:00;South Africa;26635.622000000
ZA;2023-08-20 21:00:00;South Africa;24244.003000000
ZA;2023-08-20 22:00:00;South Africa;22402.246000000
ZA;2023-08-20 23:00:00;South Africa;20838.462000000
ZA;2023-08-21 00:00:00;South Africa;20219.542000000
ZA;2023-08-21 01:00:00;South Africa;19580.422000000
ZA;2023-08-21 02:00:00;South Africa;19338.858000000
ZA;2023-08-21 03:00:00;South Africa;19650.179000000
ZA;2023-08-21 04:00:00;South Africa;21355.504000000
ZA;2023-08-21 05:00:00;South Africa;24581.577000000
ZA;2023-08-21 06:00:00;South Africa;26209.071000000
ZA;2023-08-21 07:00:00;South Africa;26006.823000000
ZA;2023-08-21 08:00:00;South Africa;26317.507000000
ZA;2023-08-21 09:00:00;South Africa;26712.803000000
ZA;2023-08-21 10:00:00;South Africa;26351.050000000
ZA;2023-08-21 11:00:00;South Africa;26188.295000000
ZA;2023-08-21 12:00:00;South Africa;25568.310000000
ZA;2023-08-21 13:00:00;South Africa;25416.817000000
ZA;2023-08-21 14:00:00;South Africa;25743.186000000
ZA;2023-08-21 15:00:00;South Africa;26399.429000000
ZA;2023-08-21 16:00:00;South Africa;27855.045000000
ZA;2023-08-21 17:00:00;South Africa;28254.951000000
ZA;2023-08-21 18:00:00;South Africa;29972.340000000
ZA;2023-08-21 19:00:00;South Africa;29732.504000000
ZA;2023-08-21 20:00:00;South Africa;28231.293000000
ZA;2023-08-21 21:00:00;South Africa;25661.916000000
ZA;2023-08-21 22:00:00;South Africa;23372.628000000
ZA;2023-08-21 23:00:00;South Africa;21834.938000000
ZA;2023-08-22 00:00:00;South Africa;20900.122000000
ZA;2023-08-22 01:00:00;South Africa;20681.363000000
ZA;2023-08-22 02:00:00;South Africa;20705.634000000
ZA;2023-08-22 03:00:00;South Africa;21149.080000000
ZA;2023-08-22 04:00:00;South Africa;23037.736000000
ZA;2023-08-22 05:00:00;South Africa;25626.879000000
ZA;2023-08-22 06:00:00;South Africa;27161.569000000
ZA;2023-08-22 07:00:00;South Africa;26731.645000000
ZA;2023-08-22 08:00:00;South Africa;26951.211000000
ZA;2023-08-22 09:00:00;South Africa;27005.654000000
ZA;2023-08-22 10:00:00;South Africa;26485.963000000
ZA;2023-08-22 11:00:00;South Africa;26235.418000000
ZA;2023-08-22 12:00:00;South Africa;26018.729000000
ZA;2023-08-22 13:00:00;South Africa;25732.414000000
ZA;2023-08-22 14:00:00;South Africa;26064.724000000
ZA;2023-08-22 15:00:00;South Africa;26818.043000000
ZA;2023-08-22 16:00:00;South Africa;28146.002000000
ZA;2023-08-22 17:00:00;South Africa;28465.396000000
ZA;2023-08-22 18:00:00;South Africa;30338.403000000
ZA;2023-08-22 19:00:00;South Africa;29997.172000000
ZA;2023-08-22 20:00:00;South Africa;28371.789000000
ZA;2023-08-22 21:00:00;South Africa;25783.106000000
ZA;2023-08-22 22:00:00;South Africa;23431.858000000
ZA;2023-08-22 23:00:00;South Africa;21866.065000000
ZA;2023-08-23 00:00:00;South Africa;20687.704000000
ZA;2023-08-23 01:00:00;South Africa;20378.369000000
ZA;2023-08-23 02:00:00;South Africa;20337.888000000
ZA;2023-08-23 03:00:00;South Africa;20868.888000000
ZA;2023-08-23 04:00:00;South Africa;22448.349000000
ZA;2023-08-23 05:00:00;South Africa;25590.292000000
ZA;2023-08-23 06:00:00;South Africa;27277.255000000
ZA;2023-08-23 07:00:00;South Africa;26764.380000000
ZA;2023-08-23 08:00:00;South Africa;26845.752000000
ZA;2023-08-23 09:00:00;South Africa;27099.124000000
ZA;2023-08-23 10:00:00;South Africa;26616.632000000
ZA;2023-08-23 11:00:00;South Africa;26155.290000000
ZA;2023-08-23 12:00:00;South Africa;25984.692000000
ZA;2023-08-23 13:00:00;South Africa;25627.915000000
ZA;2023-08-23 14:00:00;South Africa;25913.464000000
ZA;2023-08-23 15:00:00;South Africa;26527.811000000
ZA;2023-08-23 16:00:00;South Africa;27560.099000000
ZA;2023-08-23 17:00:00;South Africa;27901.679000000
ZA;2023-08-23 18:00:00;South Africa;29954.299000000
ZA;2023-08-23 19:00:00;South Africa;29698.362000000
ZA;2023-08-23 20:00:00;South Africa;28025.415000000
ZA;2023-08-23 21:00:00;South Africa;25577.566000000
ZA;2023-08-23 22:00:00;South Africa;23298.063000000
ZA;2023-08-23 23:00:00;South Africa;21652.339000000
ZA;2023-08-24 00:00:00;South Africa;21152.709000000
ZA;2023-08-24 01:00:00;South Africa;20756.346000000
ZA;2023-08-24 02:00:00;South Africa;20603.593000000
ZA;2023-08-24 03:00:00;South Africa;20852.249000000
ZA;2023-08-24 04:00:00;South Africa;22649.325000000
ZA;2023-08-24 05:00:00;South Africa;25612.881000000
ZA;2023-08-24 06:00:00;South Africa;27268.508000000
ZA;2023-08-24 07:00:00;South Africa;26968.870000000
ZA;2023-08-24 08:00:00;South Africa;27054.494000000
ZA;2023-08-24 09:00:00;South Africa;27152.982000000
ZA;2023-08-24 10:00:00;South Africa;26796.518000000
ZA;2023-08-24 11:00:00;South Africa;26375.091000000
ZA;2023-08-24 12:00:00;South Africa;25955.489000000
ZA;2023-08-24 13:00:00;South Africa;25670.184000000
ZA;2023-08-24 14:00:00;South Africa;25976.864000000
ZA;2023-08-24 15:00:00;South Africa;26738.302000000
ZA;2023-08-24 16:00:00;South Africa;27716.183000000
ZA;2023-08-24 17:00:00;South Africa;27971.939000000
ZA;2023-08-24 18:00:00;South Africa;29985.639000000
ZA;2023-08-24 19:00:00;South Africa;29777.480000000
ZA;2023-08-24 20:00:00;South Africa;28003.807000000
ZA;2023-08-24 21:00:00;South Africa;25486.907000000
ZA;2023-08-24 22:00:00;South Africa;23249.693000000
ZA;2023-08-24 23:00:00;South Africa;21654.935000000
ZA;2023-08-25 00:00:00;South Africa;21204.030000000
ZA;2023-08-25 01:00:00;South Africa;21085.090000000
ZA;2023-08-25 02:00:00;South Africa;21447.212000000
ZA;2023-08-25 03:00:00;South Africa;21803.142000000
ZA;2023-08-25 04:00:00;South Africa;23521.865000000
ZA;2023-08-25 05:00:00;South Africa;25898.537000000
ZA;2023-08-25 06:00:00;South Africa;27101.588000000
ZA;2023-08-25 07:00:00;South Africa;27191.568000000
ZA;2023-08-25 08:00:00;South Africa;27869.814000000
ZA;2023-08-25 09:00:00;South Africa;28036.915000000
ZA;2023-08-25 10:00:00;South Africa;27386.788000000
ZA;2023-08-25 11:00:00;South Africa;26421.867000000
ZA;2023-08-25 12:00:00;South Africa;26155.912000000
ZA;2023-08-25 13:00:00;South Africa;25460.578000000
ZA;2023-08-25 14:00:00;South Africa;25598.023000000
ZA;2023-08-25 15:00:00;South Africa;25778.344000000
ZA;2023-08-25 16:00:00;South Africa;26319.562000000
ZA;2023-08-25 17:00:00;South Africa;26422.016000000
ZA;2023-08-25 18:00:00;South Africa;28306.455000000
ZA;2023-08-25 19:00:00;South Africa;28328.823000000
ZA;2023-08-25 20:00:00;South Africa;26724.816000000
ZA;2023-08-25 21:00:00;South Africa;24728.242000000
ZA;2023-08-25 22:00:00;South Africa;23122.378000000
ZA;2023-08-25 23:00:00;South Africa;21662.988000000
ZA;2023-08-26 00:00:00;South Africa;20729.662000000
ZA;2023-08-26 01:00:00;South Africa;20098.939000000
ZA;2023-08-26 02:00:00;South Africa;19581.419000000
ZA;2023-08-26 03:00:00;South Africa;19694.169000000
ZA;2023-08-26 04:00:00;South Africa;20281.054000000
ZA;2023-08-26 05:00:00;South Africa;21158.027000000
ZA;2023-08-26 06:00:00;South Africa;23259.420000000
ZA;2023-08-26 07:00:00;South Africa;25274.908000000
ZA;2023-08-26 08:00:00;South Africa;26431.388000000
ZA;2023-08-26 09:00:00;South Africa;26612.860000000
ZA;2023-08-26 10:00:00;South Africa;26455.822000000
ZA;2023-08-26 11:00:00;South Africa;25980.918000000
ZA;2023-08-26 12:00:00;South Africa;25710.113000000
ZA;2023-08-26 13:00:00;South Africa;24960.903000000
ZA;2023-08-26 14:00:00;South Africa;24755.590000000
ZA;2023-08-26 15:00:00;South Africa;24921.498000000
ZA;2023-08-26 16:00:00;South Africa;25996.693000000
ZA;2023-08-26 17:00:00;South Africa;26741.597000000
ZA;2023-08-26 18:00:00;South Africa;28761.525000000
ZA;2023-08-26 19:00:00;South Africa;28079.807000000
ZA;2023-08-26 20:00:00;South Africa;26538.892000000
ZA;2023-08-26 21:00:00;South Africa;24632.329000000
ZA;2023-08-26 22:00:00;South Africa;23096.557000000
ZA;2023-08-26 23:00:00;South Africa;21498.588000000
ZA;2023-08-27 00:00:00;South Africa;20523.685000000
ZA;2023-08-27 01:00:00;South Africa;19997.147000000
ZA;2023-08-27 02:00:00;South Africa;19531.919000000
ZA;2023-08-27 03:00:00;South Africa;19619.025000000
ZA;2023-08-27 04:00:00;South Africa;19918.793000000
ZA;2023-08-27 05:00:00;South Africa;20607.407000000
ZA;2023-08-27 06:00:00;South Africa;22310.126000000
ZA;2023-08-27 07:00:00;South Africa;25066.784000000
ZA;2023-08-27 08:00:00;South Africa;26546.133000000
ZA;2023-08-27 09:00:00;South Africa;26863.673000000
ZA;2023-08-27 10:00:00;South Africa;26177.984000000
ZA;2023-08-27 11:00:00;South Africa;25507.032000000
ZA;2023-08-27 12:00:00;South Africa;24957.775000000
ZA;2023-08-27 13:00:00;South Africa;24587.374000000
ZA;2023-08-27 14:00:00;South Africa;24449.598000000
ZA;2023-08-27 15:00:00;South Africa;24627.214000000
ZA;2023-08-27 16:00:00;South Africa;25355.772000000
ZA;2023-08-27 17:00:00;South Africa;26449.191000000
ZA;2023-08-27 18:00:00;South Africa;28727.710000000
ZA;2023-08-27 19:00:00;South Africa;28057.796000000
ZA;2023-08-27 20:00:00;South Africa;26389.925000000
ZA;2023-08-27 21:00:00;South Africa;24058.790000000
ZA;2023-08-27 22:00:00;South Africa;22354.645000000
ZA;2023-08-27 23:00:00;South Africa;20879.637000000
ZA;2023-08-28 00:00:00;South Africa;20083.445000000
ZA;2023-08-28 01:00:00;South Africa;19887.295000000
ZA;2023-08-28 02:00:00;South Africa;20004.725000000
ZA;2023-08-28 03:00:00;South Africa;20667.103000000
ZA;2023-08-28 04:00:00;South Africa;22241.092000000
ZA;2023-08-28 05:00:00;South Africa;24752.723000000
ZA;2023-08-28 06:00:00;South Africa;26618.088000000
ZA;2023-08-28 07:00:00;South Africa;26584.515000000
ZA;2023-08-28 08:00:00;South Africa;26742.579000000
ZA;2023-08-28 09:00:00;South Africa;27154.040000000
ZA;2023-08-28 10:00:00;South Africa;26640.436000000
ZA;2023-08-28 11:00:00;South Africa;26080.652000000
ZA;2023-08-28 12:00:00;South Africa;25650.525000000
ZA;2023-08-28 13:00:00;South Africa;25479.522000000
ZA;2023-08-28 14:00:00;South Africa;25780.203000000
ZA;2023-08-28 15:00:00;South Africa;26429.864000000
ZA;2023-08-28 16:00:00;South Africa;27355.591000000
ZA;2023-08-28 17:00:00;South Africa;27817.180000000
ZA;2023-08-28 18:00:00;South Africa;30167.324000000
ZA;2023-08-28 19:00:00;South Africa;30091.753000000
ZA;2023-08-28 20:00:00;South Africa;28383.109000000
ZA;2023-08-28 21:00:00;South Africa;25636.869000000
ZA;2023-08-28 22:00:00;South Africa;23412.897000000
ZA;2023-08-28 23:00:00;South Africa;22033.451000000
ZA;2023-08-29 00:00:00;South Africa;21314.420000000
ZA;2023-08-29 01:00:00;South Africa;20713.142000000
ZA;2023-08-29 02:00:00;South Africa;20728.371000000
ZA;2023-08-29 03:00:00;South Africa;20827.846000000
ZA;2023-08-29 04:00:00;South Africa;22912.695000000
ZA;2023-08-29 05:00:00;South Africa;26103.303000000
ZA;2023-08-29 06:00:00;South Africa;27471.976000000
ZA;2023-08-29 07:00:00;South Africa;27079.183000000
ZA;2023-08-29 08:00:00;South Africa;27042.712000000
ZA;2023-08-29 09:00:00;South Africa;27223.533000000
ZA;2023-08-29 10:00:00;South Africa;26919.780000000
ZA;2023-08-29 11:00:00;South Africa;26244.877000000
ZA;2023-08-29 12:00:00;South Africa;25970.928000000
ZA;2023-08-29 13:00:00;South Africa;25749.208000000
ZA;2023-08-29 14:00:00;South Africa;25983.399000000
ZA;2023-08-29 15:00:00;South Africa;26652.623000000
ZA;2023-08-29 16:00:00;South Africa;27905.584000000
ZA;2023-08-29 17:00:00;South Africa;28084.389000000
ZA;2023-08-29 18:00:00;South Africa;30135.769000000
ZA;2023-08-29 19:00:00;South Africa;29794.612000000
ZA;2023-08-29 20:00:00;South Africa;28465.272000000
ZA;2023-08-29 21:00:00;South Africa;25855.205000000
ZA;2023-08-29 22:00:00;South Africa;23470.418000000
ZA;2023-08-29 23:00:00;South Africa;22000.649000000
ZA;2023-08-30 00:00:00;South Africa;21383.429000000
ZA;2023-08-30 01:00:00;South Africa;20752.639000000
ZA;2023-08-30 02:00:00;South Africa;20831.438000000
ZA;2023-08-30 03:00:00;South Africa;21207.687000000
ZA;2023-08-30 04:00:00;South Africa;23445.733000000
ZA;2023-08-30 05:00:00;South Africa;26198.767000000
ZA;2023-08-30 06:00:00;South Africa;27738.901000000
ZA;2023-08-30 07:00:00;South Africa;27098.694000000
ZA;2023-08-30 08:00:00;South Africa;27188.086000000
ZA;2023-08-30 09:00:00;South Africa;27356.855000000
ZA;2023-08-30 10:00:00;South Africa;26959.886000000
ZA;2023-08-30 11:00:00;South Africa;26433.105000000
ZA;2023-08-30 12:00:00;South Africa;26154.464000000
ZA;2023-08-30 13:00:00;South Africa;25889.581000000
ZA;2023-08-30 14:00:00;South Africa;26038.370000000
ZA;2023-08-30 15:00:00;South Africa;26676.727000000
ZA;2023-08-30 16:00:00;South Africa;27720.960000000
ZA;2023-08-30 17:00:00;South Africa;28046.775000000
ZA;2023-08-30 18:00:00;South Africa;30257.773000000
ZA;2023-08-30 19:00:00;South Africa;29903.532000000
ZA;2023-08-30 20:00:00;South Africa;28418.608000000
ZA;2023-08-30 21:00:00;South Africa;25877.974000000
ZA;2023-08-30 22:00:00;South Africa;23514.700000000
ZA;2023-08-30 23:00:00;South Africa;22089.349000000
ZA;2023-08-31 00:00:00;South Africa;21487.024000000
ZA;2023-08-31 01:00:00;South Africa;20966.800000000
ZA;2023-08-31 02:00:00;South Africa;20920.938000000
ZA;2023-08-31 03:00:00;South Africa;21128.393000000
ZA;2023-08-31 04:00:00;South Africa;23135.261000000
ZA;2023-08-31 05:00:00;South Africa;26260.850000000
ZA;2023-08-31 06:00:00;South Africa;27720.500000000
ZA;2023-08-31 07:00:00;South Africa;27404.301000000
ZA;2023-08-31 08:00:00;South Africa;27736.294000000
ZA;2023-08-31 09:00:00;South Africa;27945.592000000
ZA;2023-08-31 10:00:00;South Africa;27579.731000000
ZA;2023-08-31 11:00:00;South Africa;27216.574000000
ZA;2023-08-31 12:00:00;South Africa;26465.958000000
ZA;2023-08-31 13:00:00;South Africa;26089.880000000
ZA;2023-08-31 14:00:00;South Africa;26502.264000000
ZA;2023-08-31 15:00:00;South Africa;26970.888000000
ZA;2023-08-31 16:00:00;South Africa;28174.313000000
ZA;2023-08-31 17:00:00;South Africa;28239.092000000
ZA;2023-08-31 18:00:00;South Africa;30343.642000000
ZA;2023-08-31 19:00:00;South Africa;30113.759000000
ZA;2023-08-31 20:00:00;South Africa;28741.738000000
ZA;2023-08-31 21:00:00;South Africa;26205.450000000
ZA;2023-08-31 22:00:00;South Africa;23955.933000000
ZA;2023-08-31 23:00:00;South Africa;22376.112000000
ZA;2023-09-01 00:00:00;South Africa;21612.059000000
ZA;2023-09-01 01:00:00;South Africa;21067.315000000
ZA;2023-09-01 02:00:00;South Africa;21084.708000000
ZA;2023-09-01 03:00:00;South Africa;21476.715000000
ZA;2023-09-01 04:00:00;South Africa;22877.074000000
ZA;2023-09-01 05:00:00;South Africa;25970.917000000
ZA;2023-09-01 06:00:00;South Africa;28172.560000000
ZA;2023-09-01 07:00:00;South Africa;27944.679000000
ZA;2023-09-01 08:00:00;South Africa;28030.547000000
ZA;2023-09-01 09:00:00;South Africa;27711.809000000
ZA;2023-09-01 10:00:00;South Africa;27596.287000000
ZA;2023-09-01 11:00:00;South Africa;27013.203000000
ZA;2023-09-01 12:00:00;South Africa;26444.412000000
ZA;2023-09-01 13:00:00;South Africa;26094.879000000
ZA;2023-09-01 14:00:00;South Africa;26372.687000000
ZA;2023-09-01 15:00:00;South Africa;26545.390000000
ZA;2023-09-01 16:00:00;South Africa;27106.423000000
ZA;2023-09-01 17:00:00;South Africa;27474.488000000
ZA;2023-09-01 18:00:00;South Africa;28952.631000000
ZA;2023-09-01 19:00:00;South Africa;28672.091000000
ZA;2023-09-01 20:00:00;South Africa;27103.945000000
ZA;2023-09-01 21:00:00;South Africa;25456.408000000
ZA;2023-09-01 22:00:00;South Africa;23925.354000000
ZA;2023-09-01 23:00:00;South Africa;22322.322000000
ZA;2023-09-02 00:00:00;South Africa;21666.908000000
ZA;2023-09-02 01:00:00;South Africa;21080.816000000
ZA;2023-09-02 02:00:00;South Africa;21056.331000000
ZA;2023-09-02 03:00:00;South Africa;20961.039000000
ZA;2023-09-02 04:00:00;South Africa;21514.220000000
ZA;2023-09-02 05:00:00;South Africa;22134.141000000
ZA;2023-09-02 06:00:00;South Africa;23785.575000000
ZA;2023-09-02 07:00:00;South Africa;25694.264000000
ZA;2023-09-02 08:00:00;South Africa;26866.564000000
ZA;2023-09-02 09:00:00;South Africa;26936.002000000
ZA;2023-09-02 10:00:00;South Africa;26772.410000000
ZA;2023-09-02 11:00:00;South Africa;26101.873000000
ZA;2023-09-02 12:00:00;South Africa;25685.757000000
ZA;2023-09-02 13:00:00;South Africa;25228.556000000
ZA;2023-09-02 14:00:00;South Africa;25108.631000000
ZA;2023-09-02 15:00:00;South Africa;24954.279000000
ZA;2023-09-02 16:00:00;South Africa;25472.913000000
ZA;2023-09-02 17:00:00;South Africa;26100.570000000
ZA;2023-09-02 18:00:00;South Africa;27988.450000000
ZA;2023-09-02 19:00:00;South Africa;27402.989000000
ZA;2023-09-02 20:00:00;South Africa;25757.837000000
ZA;2023-09-02 21:00:00;South Africa;23994.544000000
ZA;2023-09-02 22:00:00;South Africa;22566.112000000
ZA;2023-09-02 23:00:00;South Africa;21251.536000000
ZA;2023-09-03 00:00:00;South Africa;20311.465000000
ZA;2023-09-03 01:00:00;South Africa;19740.676000000
ZA;2023-09-03 02:00:00;South Africa;19595.890000000
ZA;2023-09-03 03:00:00;South Africa;19611.774000000
ZA;2023-09-03 04:00:00;South Africa;19875.565000000
ZA;2023-09-03 05:00:00;South Africa;20448.725000000
ZA;2023-09-03 06:00:00;South Africa;22062.271000000
ZA;2023-09-03 07:00:00;South Africa;24436.520000000
ZA;2023-09-03 08:00:00;South Africa;26022.241000000
ZA;2023-09-03 09:00:00;South Africa;26097.021000000
ZA;2023-09-03 10:00:00;South Africa;25921.645000000
ZA;2023-09-03 11:00:00;South Africa;25494.359000000
ZA;2023-09-03 12:00:00;South Africa;25183.166000000
ZA;2023-09-03 13:00:00;South Africa;24801.420000000
ZA;2023-09-03 14:00:00;South Africa;24819.675000000
ZA;2023-09-03 15:00:00;South Africa;24896.299000000
ZA;2023-09-03 16:00:00;South Africa;25490.194000000
ZA;2023-09-03 17:00:00;South Africa;26334.375000000
ZA;2023-09-03 18:00:00;South Africa;28524.679000000
ZA;2023-09-03 19:00:00;South Africa;27993.699000000
ZA;2023-09-03 20:00:00;South Africa;26537.092000000
ZA;2023-09-03 21:00:00;South Africa;24152.017000000
ZA;2023-09-03 22:00:00;South Africa;22351.987000000
ZA;2023-09-03 23:00:00;South Africa;21113.112000000
ZA;2023-09-04 00:00:00;South Africa;20333.677000000
ZA;2023-09-04 01:00:00;South Africa;19833.335000000
ZA;2023-09-04 02:00:00;South Africa;20069.639000000
ZA;2023-09-04 03:00:00;South Africa;20263.320000000
ZA;2023-09-04 04:00:00;South Africa;21697.227000000
ZA;2023-09-04 05:00:00;South Africa;24848.163000000
ZA;2023-09-04 06:00:00;South Africa;27527.375000000
ZA;2023-09-04 07:00:00;South Africa;26854.714000000
ZA;2023-09-04 08:00:00;South Africa;27412.055000000
ZA;2023-09-04 09:00:00;South Africa;27080.450000000
ZA;2023-09-04 10:00:00;South Africa;27018.576000000
ZA;2023-09-04 11:00:00;South Africa;26731.312000000
ZA;2023-09-04 12:00:00;South Africa;26333.750000000
ZA;2023-09-04 13:00:00;South Africa;26110.307000000
ZA;2023-09-04 14:00:00;South Africa;26515.161000000
ZA;2023-09-04 15:00:00;South Africa;27034.255000000
ZA;2023-09-04 16:00:00;South Africa;27880.978000000
ZA;2023-09-04 17:00:00;South Africa;28608.416000000
ZA;2023-09-04 18:00:00;South Africa;30771.079000000
ZA;2023-09-04 19:00:00;South Africa;30025.670000000
ZA;2023-09-04 20:00:00;South Africa;28096.229000000
ZA;2023-09-04 21:00:00;South Africa;25630.672000000
ZA;2023-09-04 22:00:00;South Africa;23580.569000000
ZA;2023-09-04 23:00:00;South Africa;22186.037000000
ZA;2023-09-05 00:00:00;South Africa;21669.237000000
ZA;2023-09-05 01:00:00;South Africa;21152.817000000
ZA;2023-09-05 02:00:00;South Africa;21087.935000000
ZA;2023-09-05 03:00:00;South Africa;21370.772000000
ZA;2023-09-05 04:00:00;South Africa;23180.399000000
ZA;2023-09-05 05:00:00;South Africa;26240.930000000
ZA;2023-09-05 06:00:00;South Africa;28483.265000000
ZA;2023-09-05 07:00:00;South Africa;27642.227000000
ZA;2023-09-05 08:00:00;South Africa;28012.919000000
ZA;2023-09-05 09:00:00;South Africa;27393.505000000
ZA;2023-09-05 10:00:00;South Africa;27151.898000000
ZA;2023-09-05 11:00:00;South Africa;26864.128000000
ZA;2023-09-05 12:00:00;South Africa;26592.116000000
ZA;2023-09-05 13:00:00;South Africa;26303.383000000
ZA;2023-09-05 14:00:00;South Africa;26725.049000000
ZA;2023-09-05 15:00:00;South Africa;27214.064000000
ZA;2023-09-05 16:00:00;South Africa;28316.199000000
ZA;2023-09-05 17:00:00;South Africa;29106.740000000
ZA;2023-09-05 18:00:00;South Africa;30990.310000000
ZA;2023-09-05 19:00:00;South Africa;30163.383000000
ZA;2023-09-05 20:00:00;South Africa;28594.865000000
ZA;2023-09-05 21:00:00;South Africa;25874.612000000
ZA;2023-09-05 22:00:00;South Africa;23695.149000000
ZA;2023-09-05 23:00:00;South Africa;22177.651000000
ZA;2023-09-06 00:00:00;South Africa;21786.244000000
ZA;2023-09-06 01:00:00;South Africa;21247.503000000
ZA;2023-09-06 02:00:00;South Africa;21300.326000000
ZA;2023-09-06 03:00:00;South Africa;21593.238000000
ZA;2023-09-06 04:00:00;South Africa;23409.026000000
ZA;2023-09-06 05:00:00;South Africa;26454.589000000
ZA;2023-09-06 06:00:00;South Africa;28934.276000000
ZA;2023-09-06 07:00:00;South Africa;27876.168000000
ZA;2023-09-06 08:00:00;South Africa;28076.344000000
ZA;2023-09-06 09:00:00;South Africa;27682.354000000
ZA;2023-09-06 10:00:00;South Africa;27617.064000000
ZA;2023-09-06 11:00:00;South Africa;27329.852000000
ZA;2023-09-06 12:00:00;South Africa;27099.775000000
ZA;2023-09-06 13:00:00;South Africa;26813.442000000
ZA;2023-09-06 14:00:00;South Africa;27519.653000000
ZA;2023-09-06 15:00:00;South Africa;28057.954000000
ZA;2023-09-06 16:00:00;South Africa;29162.078000000
ZA;2023-09-06 17:00:00;South Africa;29962.301000000
ZA;2023-09-06 18:00:00;South Africa;31841.258000000
ZA;2023-09-06 19:00:00;South Africa;31006.286000000
ZA;2023-09-06 20:00:00;South Africa;29013.182000000
ZA;2023-09-06 21:00:00;South Africa;26355.076000000
ZA;2023-09-06 22:00:00;South Africa;23917.745000000
ZA;2023-09-06 23:00:00;South Africa;22600.878000000
ZA;2023-09-07 00:00:00;South Africa;22001.064000000
ZA;2023-09-07 01:00:00;South Africa;21636.914000000
ZA;2023-09-07 02:00:00;South Africa;21581.159000000
ZA;2023-09-07 03:00:00;South Africa;21921.608000000
ZA;2023-09-07 04:00:00;South Africa;23952.817000000
ZA;2023-09-07 05:00:00;South Africa;26988.930000000
ZA;2023-09-07 06:00:00;South Africa;29238.857000000
ZA;2023-09-07 07:00:00;South Africa;28265.969000000
ZA;2023-09-07 08:00:00;South Africa;28567.991000000
ZA;2023-09-07 09:00:00;South Africa;28062.919000000
ZA;2023-09-07 10:00:00;South Africa;27906.120000000
ZA;2023-09-07 11:00:00;South Africa;27535.628000000
ZA;2023-09-07 12:00:00;South Africa;27519.033000000
ZA;2023-09-07 13:00:00;South Africa;27215.800000000
ZA;2023-09-07 14:00:00;South Africa;27771.059000000
ZA;2023-09-07 15:00:00;South Africa;28147.411000000
ZA;2023-09-07 16:00:00;South Africa;29164.455000000
ZA;2023-09-07 17:00:00;South Africa;29744.661000000
ZA;2023-09-07 18:00:00;South Africa;31627.010000000
ZA;2023-09-07 19:00:00;South Africa;30885.932000000
ZA;2023-09-07 20:00:00;South Africa;28904.129000000
ZA;2023-09-07 21:00:00;South Africa;26577.457000000
ZA;2023-09-07 22:00:00;South Africa;24400.479000000
ZA;2023-09-07 23:00:00;South Africa;22762.966000000
ZA;2023-09-08 00:00:00;South Africa;22354.933000000
ZA;2023-09-08 01:00:00;South Africa;21854.069000000
ZA;2023-09-08 02:00:00;South Africa;21877.003000000
ZA;2023-09-08 03:00:00;South Africa;22157.806000000
ZA;2023-09-08 04:00:00;South Africa;23757.850000000
ZA;2023-09-08 05:00:00;South Africa;26780.133000000
ZA;2023-09-08 06:00:00;South Africa;28960.840000000
ZA;2023-09-08 07:00:00;South Africa;28575.684000000
ZA;2023-09-08 08:00:00;South Africa;28979.390000000
ZA;2023-09-08 09:00:00;South Africa;28469.165000000
ZA;2023-09-08 10:00:00;South Africa;28210.405000000
ZA;2023-09-08 11:00:00;South Africa;27864.720000000
ZA;2023-09-08 12:00:00;South Africa;27641.309000000
ZA;2023-09-08 13:00:00;South Africa;27112.790000000
ZA;2023-09-08 14:00:00;South Africa;27265.915000000
ZA;2023-09-08 15:00:00;South Africa;27337.200000000
ZA;2023-09-08 16:00:00;South Africa;27984.206000000
ZA;2023-09-08 17:00:00;South Africa;28487.447000000
ZA;2023-09-08 18:00:00;South Africa;29862.666000000
ZA;2023-09-08 19:00:00;South Africa;29366.682000000
ZA;2023-09-08 20:00:00;South Africa;28094.643000000
ZA;2023-09-08 21:00:00;South Africa;26204.269000000
ZA;2023-09-08 22:00:00;South Africa;24567.361000000
ZA;2023-09-08 23:00:00;South Africa;23017.146000000
ZA;2023-09-09 00:00:00;South Africa;22210.460000000
ZA;2023-09-09 01:00:00;South Africa;21531.967000000
ZA;2023-09-09 02:00:00;South Africa;21521.423000000
ZA;2023-09-09 03:00:00;South Africa;21472.935000000
ZA;2023-09-09 04:00:00;South Africa;22257.104000000
ZA;2023-09-09 05:00:00;South Africa;22837.189000000
ZA;2023-09-09 06:00:00;South Africa;24529.690000000
ZA;2023-09-09 07:00:00;South Africa;26436.037000000
ZA;2023-09-09 08:00:00;South Africa;27313.313000000
ZA;2023-09-09 09:00:00;South Africa;27256.248000000
ZA;2023-09-09 10:00:00;South Africa;26881.966000000
ZA;2023-09-09 11:00:00;South Africa;26459.129000000
ZA;2023-09-09 12:00:00;South Africa;26157.413000000
ZA;2023-09-09 13:00:00;South Africa;25573.828000000
ZA;2023-09-09 14:00:00;South Africa;25393.520000000
ZA;2023-09-09 15:00:00;South Africa;25450.366000000
ZA;2023-09-09 16:00:00;South Africa;25843.743000000
ZA;2023-09-09 17:00:00;South Africa;26398.960000000
ZA;2023-09-09 18:00:00;South Africa;28392.098000000
ZA;2023-09-09 19:00:00;South Africa;27889.937000000
ZA;2023-09-09 20:00:00;South Africa;26304.029000000
ZA;2023-09-09 21:00:00;South Africa;24441.265000000
ZA;2023-09-09 22:00:00;South Africa;23135.552000000
ZA;2023-09-09 23:00:00;South Africa;21922.309000000
ZA;2023-09-10 00:00:00;South Africa;21016.797000000
ZA;2023-09-10 01:00:00;South Africa;20504.965000000
ZA;2023-09-10 02:00:00;South Africa;20490.541000000
ZA;2023-09-10 03:00:00;South Africa;20436.214000000
ZA;2023-09-10 04:00:00;South Africa;20863.610000000
ZA;2023-09-10 05:00:00;South Africa;21331.650000000
ZA;2023-09-10 06:00:00;South Africa;22785.810000000
ZA;2023-09-10 07:00:00;South Africa;25037.794000000
ZA;2023-09-10 08:00:00;South Africa;26344.977000000
ZA;2023-09-10 09:00:00;South Africa;26356.209000000
ZA;2023-09-10 10:00:00;South Africa;26203.473000000
ZA;2023-09-10 11:00:00;South Africa;25924.311000000
ZA;2023-09-10 12:00:00;South Africa;25735.623000000
ZA;2023-09-10 13:00:00;South Africa;25293.937000000
ZA;2023-09-10 14:00:00;South Africa;25146.263000000
ZA;2023-09-10 15:00:00;South Africa;25212.651000000
ZA;2023-09-10 16:00:00;South Africa;25764.175000000
ZA;2023-09-10 17:00:00;South Africa;26563.459000000
ZA;2023-09-10 18:00:00;South Africa;28667.873000000
ZA;2023-09-10 19:00:00;South Africa;28062.458000000
ZA;2023-09-10 20:00:00;South Africa;26582.297000000
ZA;2023-09-10 21:00:00;South Africa;24354.351000000
ZA;2023-09-10 22:00:00;South Africa;22804.354000000
ZA;2023-09-10 23:00:00;South Africa;21473.289000000
ZA;2023-09-11 00:00:00;South Africa;20999.502000000
ZA;2023-09-11 01:00:00;South Africa;20544.190000000
ZA;2023-09-11 02:00:00;South Africa;20694.047000000
ZA;2023-09-11 03:00:00;South Africa;20883.016000000
ZA;2023-09-11 04:00:00;South Africa;22438.045000000
ZA;2023-09-11 05:00:00;South Africa;25405.214000000
ZA;2023-09-11 06:00:00;South Africa;27808.136000000
ZA;2023-09-11 07:00:00;South Africa;27070.991000000
ZA;2023-09-11 08:00:00;South Africa;27377.221000000
ZA;2023-09-11 09:00:00;South Africa;27223.280000000
ZA;2023-09-11 10:00:00;South Africa;27498.352000000
ZA;2023-09-11 11:00:00;South Africa;27311.845000000
ZA;2023-09-11 12:00:00;South Africa;27311.847000000
ZA;2023-09-11 13:00:00;South Africa;27088.641000000
ZA;2023-09-11 14:00:00;South Africa;27526.426000000
ZA;2023-09-11 15:00:00;South Africa;28231.842000000
ZA;2023-09-11 16:00:00;South Africa;28951.609000000
ZA;2023-09-11 17:00:00;South Africa;29976.407000000
ZA;2023-09-11 18:00:00;South Africa;31891.064000000
ZA;2023-09-11 19:00:00;South Africa;31090.810000000
ZA;2023-09-11 20:00:00;South Africa;29024.603000000
ZA;2023-09-11 21:00:00;South Africa;26442.081000000
ZA;2023-09-11 22:00:00;South Africa;24311.345000000
ZA;2023-09-11 23:00:00;South Africa;23019.713000000
ZA;2023-09-12 00:00:00;South Africa;22184.625000000
ZA;2023-09-12 01:00:00;South Africa;21769.775000000
ZA;2023-09-12 02:00:00;South Africa;21685.107000000
ZA;2023-09-12 03:00:00;South Africa;21856.471000000
ZA;2023-09-12 04:00:00;South Africa;23653.003000000
ZA;2023-09-12 05:00:00;South Africa;26621.133000000
ZA;2023-09-12 06:00:00;South Africa;28795.381000000
ZA;2023-09-12 07:00:00;South Africa;28408.937000000
ZA;2023-09-12 08:00:00;South Africa;28389.158000000
ZA;2023-09-12 09:00:00;South Africa;28217.596000000
ZA;2023-09-12 10:00:00;South Africa;28237.050000000
ZA;2023-09-12 11:00:00;South Africa;28053.364000000
ZA;2023-09-12 12:00:00;South Africa;27927.999000000
ZA;2023-09-12 13:00:00;South Africa;27679.176000000
ZA;2023-09-12 14:00:00;South Africa;28404.115000000
ZA;2023-09-12 15:00:00;South Africa;29064.071000000
ZA;2023-09-12 16:00:00;South Africa;29906.794000000
ZA;2023-09-12 17:00:00;South Africa;30955.351000000
ZA;2023-09-12 18:00:00;South Africa;32654.683000000
ZA;2023-09-12 19:00:00;South Africa;31880.858000000
ZA;2023-09-12 20:00:00;South Africa;29944.749000000
ZA;2023-09-12 21:00:00;South Africa;27238.945000000
ZA;2023-09-12 22:00:00;South Africa;24714.372000000
ZA;2023-09-12 23:00:00;South Africa;23190.765000000
ZA;2023-09-13 00:00:00;South Africa;22477.323000000
ZA;2023-09-13 01:00:00;South Africa;22002.077000000
ZA;2023-09-13 02:00:00;South Africa;21962.969000000
ZA;2023-09-13 03:00:00;South Africa;22222.810000000
ZA;2023-09-13 04:00:00;South Africa;24099.040000000
ZA;2023-09-13 05:00:00;South Africa;27313.722000000
ZA;2023-09-13 06:00:00;South Africa;29694.606000000
ZA;2023-09-13 07:00:00;South Africa;29187.000000000
ZA;2023-09-13 08:00:00;South Africa;29650.040000000
ZA;2023-09-13 09:00:00;South Africa;29332.177000000
ZA;2023-09-13 10:00:00;South Africa;29260.817000000
ZA;2023-09-13 11:00:00;South Africa;28764.220000000
ZA;2023-09-13 12:00:00;South Africa;28726.629000000
ZA;2023-09-13 13:00:00;South Africa;28297.218000000
ZA;2023-09-13 14:00:00;South Africa;28511.340000000
ZA;2023-09-13 15:00:00;South Africa;29175.992000000
ZA;2023-09-13 16:00:00;South Africa;30078.935000000
ZA;2023-09-13 17:00:00;South Africa;31063.967000000
ZA;2023-09-13 18:00:00;South Africa;32889.226000000
ZA;2023-09-13 19:00:00;South Africa;31883.693000000
ZA;2023-09-13 20:00:00;South Africa;30082.048000000
ZA;2023-09-13 21:00:00;South Africa;27593.804000000
ZA;2023-09-13 22:00:00;South Africa;24769.567000000
ZA;2023-09-13 23:00:00;South Africa;23303.891000000
ZA;2023-09-14 00:00:00;South Africa;22598.043000000
ZA;2023-09-14 01:00:00;South Africa;22051.481000000
ZA;2023-09-14 02:00:00;South Africa;21946.265000000
ZA;2023-09-14 03:00:00;South Africa;22237.228000000
ZA;2023-09-14 04:00:00;South Africa;24070.412000000
ZA;2023-09-14 05:00:00;South Africa;27376.237000000
ZA;2023-09-14 06:00:00;South Africa;29479.492000000
ZA;2023-09-14 07:00:00;South Africa;28848.882000000
ZA;2023-09-14 08:00:00;South Africa;29027.039000000
ZA;2023-09-14 09:00:00;South Africa;28665.508000000
ZA;2023-09-14 10:00:00;South Africa;28523.082000000
ZA;2023-09-14 11:00:00;South Africa;28217.464000000
ZA;2023-09-14 12:00:00;South Africa;28374.531000000
ZA;2023-09-14 13:00:00;South Africa;28107.177000000
ZA;2023-09-14 14:00:00;South Africa;28541.992000000
ZA;2023-09-14 15:00:00;South Africa;29127.479000000
ZA;2023-09-14 16:00:00;South Africa;29956.830000000
ZA;2023-09-14 17:00:00;South Africa;30688.673000000
ZA;2023-09-14 18:00:00;South Africa;32406.266000000
ZA;2023-09-14 19:00:00;South Africa;31516.774000000
ZA;2023-09-14 20:00:00;South Africa;29714.546000000
ZA;2023-09-14 21:00:00;South Africa;27128.879000000
ZA;2023-09-14 22:00:00;South Africa;24796.678000000
ZA;2023-09-14 23:00:00;South Africa;23181.778000000
ZA;2023-09-15 00:00:00;South Africa;22965.453000000
ZA;2023-09-15 01:00:00;South Africa;22390.068000000
ZA;2023-09-15 02:00:00;South Africa;22332.454000000
ZA;2023-09-15 03:00:00;South Africa;22670.320000000
ZA;2023-09-15 04:00:00;South Africa;24439.861000000
ZA;2023-09-15 05:00:00;South Africa;27500.079000000
ZA;2023-09-15 06:00:00;South Africa;29137.265000000
ZA;2023-09-15 07:00:00;South Africa;28889.074000000
ZA;2023-09-15 08:00:00;South Africa;29187.391000000
ZA;2023-09-15 09:00:00;South Africa;29220.309000000
ZA;2023-09-15 10:00:00;South Africa;29082.603000000
ZA;2023-09-15 11:00:00;South Africa;28652.642000000
ZA;2023-09-15 12:00:00;South Africa;28437.007000000
ZA;2023-09-15 13:00:00;South Africa;27983.772000000
ZA;2023-09-15 14:00:00;South Africa;27773.778000000
ZA;2023-09-15 15:00:00;South Africa;27840.543000000
ZA;2023-09-15 16:00:00;South Africa;28448.623000000
ZA;2023-09-15 17:00:00;South Africa;28902.314000000
ZA;2023-09-15 18:00:00;South Africa;30463.330000000
ZA;2023-09-15 19:00:00;South Africa;29674.270000000
ZA;2023-09-15 20:00:00;South Africa;28749.742000000
ZA;2023-09-15 21:00:00;South Africa;26996.692000000
ZA;2023-09-15 22:00:00;South Africa;25086.065000000
ZA;2023-09-15 23:00:00;South Africa;23557.601000000
ZA;2023-09-16 00:00:00;South Africa;22615.711000000
ZA;2023-09-16 01:00:00;South Africa;22158.117000000
ZA;2023-09-16 02:00:00;South Africa;21909.344000000
ZA;2023-09-16 03:00:00;South Africa;21483.763000000
ZA;2023-09-16 04:00:00;South Africa;22128.229000000
ZA;2023-09-16 05:00:00;South Africa;22805.772000000
ZA;2023-09-16 06:00:00;South Africa;24405.131000000
ZA;2023-09-16 07:00:00;South Africa;26198.420000000
ZA;2023-09-16 08:00:00;South Africa;27462.510000000
ZA;2023-09-16 09:00:00;South Africa;27423.143000000
ZA;2023-09-16 10:00:00;South Africa;26914.178000000
ZA;2023-09-16 11:00:00;South Africa;26584.728000000
ZA;2023-09-16 12:00:00;South Africa;26177.339000000
ZA;2023-09-16 13:00:00;South Africa;25762.969000000
ZA;2023-09-16 14:00:00;South Africa;25480.162000000
ZA;2023-09-16 15:00:00;South Africa;25443.634000000
ZA;2023-09-16 16:00:00;South Africa;25814.945000000
ZA;2023-09-16 17:00:00;South Africa;26760.760000000
ZA;2023-09-16 18:00:00;South Africa;28820.184000000
ZA;2023-09-16 19:00:00;South Africa;28514.756000000
ZA;2023-09-16 20:00:00;South Africa;27026.077000000
ZA;2023-09-16 21:00:00;South Africa;24886.306000000
ZA;2023-09-16 22:00:00;South Africa;23047.646000000
ZA;2023-09-16 23:00:00;South Africa;21806.503000000
ZA;2023-09-17 00:00:00;South Africa;20675.329000000
ZA;2023-09-17 01:00:00;South Africa;20319.512000000
ZA;2023-09-17 02:00:00;South Africa;20185.892000000
ZA;2023-09-17 03:00:00;South Africa;20345.338000000
ZA;2023-09-17 04:00:00;South Africa;20589.794000000
ZA;2023-09-17 05:00:00;South Africa;21061.534000000
ZA;2023-09-17 06:00:00;South Africa;23024.497000000
ZA;2023-09-17 07:00:00;South Africa;25286.009000000
ZA;2023-09-17 08:00:00;South Africa;26506.819000000
ZA;2023-09-17 09:00:00;South Africa;26722.242000000
ZA;2023-09-17 10:00:00;South Africa;26291.447000000
ZA;2023-09-17 11:00:00;South Africa;26007.542000000
ZA;2023-09-17 12:00:00;South Africa;25904.528000000
ZA;2023-09-17 13:00:00;South Africa;25440.893000000
ZA;2023-09-17 14:00:00;South Africa;25257.586000000
ZA;2023-09-17 15:00:00;South Africa;25246.889000000
ZA;2023-09-17 16:00:00;South Africa;25793.224000000
ZA;2023-09-17 17:00:00;South Africa;26656.215000000
ZA;2023-09-17 18:00:00;South Africa;28639.256000000
ZA;2023-09-17 19:00:00;South Africa;28338.158000000
ZA;2023-09-17 20:00:00;South Africa;26472.257000000
ZA;2023-09-17 21:00:00;South Africa;24178.540000000
ZA;2023-09-17 22:00:00;South Africa;22491.351000000
ZA;2023-09-17 23:00:00;South Africa;21191.214000000
ZA;2023-09-18 00:00:00;South Africa;20542.720000000
ZA;2023-09-18 01:00:00;South Africa;20450.734000000
ZA;2023-09-18 02:00:00;South Africa;20372.354000000
ZA;2023-09-18 03:00:00;South Africa;20847.760000000
ZA;2023-09-18 04:00:00;South Africa;22109.176000000
ZA;2023-09-18 05:00:00;South Africa;25663.992000000
ZA;2023-09-18 06:00:00;South Africa;27823.250000000
ZA;2023-09-18 07:00:00;South Africa;27352.896000000
ZA;2023-09-18 08:00:00;South Africa;28056.368000000
ZA;2023-09-18 09:00:00;South Africa;27803.671000000
ZA;2023-09-18 10:00:00;South Africa;27537.008000000
ZA;2023-09-18 11:00:00;South Africa;27163.012000000
ZA;2023-09-18 12:00:00;South Africa;26895.156000000
ZA;2023-09-18 13:00:00;South Africa;26765.146000000
ZA;2023-09-18 14:00:00;South Africa;27010.455000000
ZA;2023-09-18 15:00:00;South Africa;27740.675000000
ZA;2023-09-18 16:00:00;South Africa;28615.401000000
ZA;2023-09-18 17:00:00;South Africa;29373.628000000
ZA;2023-09-18 18:00:00;South Africa;31521.592000000
ZA;2023-09-18 19:00:00;South Africa;30815.731000000
ZA;2023-09-18 20:00:00;South Africa;28417.223000000
ZA;2023-09-18 21:00:00;South Africa;25874.879000000
ZA;2023-09-18 22:00:00;South Africa;23831.216000000
ZA;2023-09-18 23:00:00;South Africa;22453.417000000
ZA;2023-09-19 00:00:00;South Africa;21728.440000000
ZA;2023-09-19 01:00:00;South Africa;21311.648000000
ZA;2023-09-19 02:00:00;South Africa;21225.003000000
ZA;2023-09-19 03:00:00;South Africa;21536.226000000
ZA;2023-09-19 04:00:00;South Africa;23233.970000000
ZA;2023-09-19 05:00:00;South Africa;26249.727000000
ZA;2023-09-19 06:00:00;South Africa;28147.322000000
ZA;2023-09-19 07:00:00;South Africa;27365.891000000
ZA;2023-09-19 08:00:00;South Africa;27328.247000000
ZA;2023-09-19 09:00:00;South Africa;26726.480000000
ZA;2023-09-19 10:00:00;South Africa;26611.918000000
ZA;2023-09-19 11:00:00;South Africa;26298.957000000
ZA;2023-09-19 12:00:00;South Africa;26107.698000000
ZA;2023-09-19 13:00:00;South Africa;26061.251000000
ZA;2023-09-19 14:00:00;South Africa;26425.385000000
ZA;2023-09-19 15:00:00;South Africa;27443.276000000
ZA;2023-09-19 16:00:00;South Africa;28556.061000000
ZA;2023-09-19 17:00:00;South Africa;29163.439000000
ZA;2023-09-19 18:00:00;South Africa;30884.374000000
ZA;2023-09-19 19:00:00;South Africa;30132.649000000
ZA;2023-09-19 20:00:00;South Africa;28109.413000000
ZA;2023-09-19 21:00:00;South Africa;25773.708000000
ZA;2023-09-19 22:00:00;South Africa;23595.182000000
ZA;2023-09-19 23:00:00;South Africa;22452.222000000
ZA;2023-09-20 00:00:00;South Africa;21110.156000000
ZA;2023-09-20 01:00:00;South Africa;20584.111000000
ZA;2023-09-20 02:00:00;South Africa;20644.241000000
ZA;2023-09-20 03:00:00;South Africa;21206.062000000
ZA;2023-09-20 04:00:00;South Africa;22265.152000000
ZA;2023-09-20 05:00:00;South Africa;25394.440000000
ZA;2023-09-20 06:00:00;South Africa;27147.178000000
ZA;2023-09-20 07:00:00;South Africa;26463.718000000
ZA;2023-09-20 08:00:00;South Africa;26551.817000000
ZA;2023-09-20 09:00:00;South Africa;26249.264000000
ZA;2023-09-20 10:00:00;South Africa;26082.059000000
ZA;2023-09-20 11:00:00;South Africa;25875.040000000
ZA;2023-09-20 12:00:00;South Africa;25611.925000000
ZA;2023-09-20 13:00:00;South Africa;25627.328000000
ZA;2023-09-20 14:00:00;South Africa;26026.605000000
ZA;2023-09-20 15:00:00;South Africa;26850.021000000
ZA;2023-09-20 16:00:00;South Africa;28143.939000000
ZA;2023-09-20 17:00:00;South Africa;28947.108000000
ZA;2023-09-20 18:00:00;South Africa;30967.120000000
ZA;2023-09-20 19:00:00;South Africa;30245.024000000
ZA;2023-09-20 20:00:00;South Africa;28310.238000000
ZA;2023-09-20 21:00:00;South Africa;26012.674000000
ZA;2023-09-20 22:00:00;South Africa;23939.389000000
ZA;2023-09-20 23:00:00;South Africa;22651.644000000
ZA;2023-09-21 00:00:00;South Africa;22251.119000000
ZA;2023-09-21 01:00:00;South Africa;22119.091000000
ZA;2023-09-21 02:00:00;South Africa;22355.770000000
ZA;2023-09-21 03:00:00;South Africa;22710.994000000
ZA;2023-09-21 04:00:00;South Africa;23827.569000000
ZA;2023-09-21 05:00:00;South Africa;26566.339000000
ZA;2023-09-21 06:00:00;South Africa;27800.600000000
ZA;2023-09-21 07:00:00;South Africa;27141.070000000
ZA;2023-09-21 08:00:00;South Africa;27155.495000000
ZA;2023-09-21 09:00:00;South Africa;26794.477000000
ZA;2023-09-21 10:00:00;South Africa;26566.022000000
ZA;2023-09-21 11:00:00;South Africa;26416.091000000
ZA;2023-09-21 12:00:00;South Africa;26228.426000000
ZA;2023-09-21 13:00:00;South Africa;26270.441000000
ZA;2023-09-21 14:00:00;South Africa;26479.790000000
ZA;2023-09-21 15:00:00;South Africa;27172.269000000
ZA;2023-09-21 16:00:00;South Africa;28286.684000000
ZA;2023-09-21 17:00:00;South Africa;28680.249000000
ZA;2023-09-21 18:00:00;South Africa;30210.088000000
ZA;2023-09-21 19:00:00;South Africa;29657.495000000
ZA;2023-09-21 20:00:00;South Africa;28058.585000000
ZA;2023-09-21 21:00:00;South Africa;25792.187000000
ZA;2023-09-21 22:00:00;South Africa;23890.352000000
ZA;2023-09-21 23:00:00;South Africa;22827.973000000
ZA;2023-09-22 00:00:00;South Africa;22283.965000000
ZA;2023-09-22 01:00:00;South Africa;21842.977000000
ZA;2023-09-22 02:00:00;South Africa;21649.242000000
ZA;2023-09-22 03:00:00;South Africa;21949.374000000
ZA;2023-09-22 04:00:00;South Africa;23683.142000000
ZA;2023-09-22 05:00:00;South Africa;26207.316000000
ZA;2023-09-22 06:00:00;South Africa;27583.943000000
ZA;2023-09-22 07:00:00;South Africa;27320.057000000
ZA;2023-09-22 08:00:00;South Africa;27862.222000000
ZA;2023-09-22 09:00:00;South Africa;27328.416000000
ZA;2023-09-22 10:00:00;South Africa;27023.760000000
ZA;2023-09-22 11:00:00;South Africa;26751.687000000
ZA;2023-09-22 12:00:00;South Africa;26453.445000000
ZA;2023-09-22 13:00:00;South Africa;26022.020000000
ZA;2023-09-22 14:00:00;South Africa;26051.891000000
ZA;2023-09-22 15:00:00;South Africa;26380.768000000
ZA;2023-09-22 16:00:00;South Africa;26898.200000000
ZA;2023-09-22 17:00:00;South Africa;27253.528000000
ZA;2023-09-22 18:00:00;South Africa;28663.509000000
ZA;2023-09-22 19:00:00;South Africa;28300.226000000
ZA;2023-09-22 20:00:00;South Africa;26922.122000000
ZA;2023-09-22 21:00:00;South Africa;25372.173000000
ZA;2023-09-22 22:00:00;South Africa;23757.907000000
ZA;2023-09-22 23:00:00;South Africa;22488.843000000
ZA;2023-09-23 00:00:00;South Africa;21760.087000000
ZA;2023-09-23 01:00:00;South Africa;21289.971000000
ZA;2023-09-23 02:00:00;South Africa;21094.581000000
ZA;2023-09-23 03:00:00;South Africa;21056.218000000
ZA;2023-09-23 04:00:00;South Africa;21564.362000000
ZA;2023-09-23 05:00:00;South Africa;22380.987000000
ZA;2023-09-23 06:00:00;South Africa;23628.214000000
ZA;2023-09-23 07:00:00;South Africa;25175.568000000
ZA;2023-09-23 08:00:00;South Africa;26360.833000000
ZA;2023-09-23 09:00:00;South Africa;26443.913000000
ZA;2023-09-23 10:00:00;South Africa;26097.162000000
ZA;2023-09-23 11:00:00;South Africa;25730.648000000
ZA;2023-09-23 12:00:00;South Africa;25475.825000000
ZA;2023-09-23 13:00:00;South Africa;25070.605000000
ZA;2023-09-23 14:00:00;South Africa;25067.046000000
ZA;2023-09-23 15:00:00;South Africa;25099.284000000
ZA;2023-09-23 16:00:00;South Africa;25554.652000000
ZA;2023-09-23 17:00:00;South Africa;26448.894000000
ZA;2023-09-23 18:00:00;South Africa;27237.941000000
ZA;2023-09-23 19:00:00;South Africa;26600.102000000
ZA;2023-09-23 20:00:00;South Africa;25175.128000000
ZA;2023-09-23 21:00:00;South Africa;23629.355000000
ZA;2023-09-23 22:00:00;South Africa;22449.176000000
ZA;2023-09-23 23:00:00;South Africa;21596.359000000
ZA;2023-09-24 00:00:00;South Africa;20924.724000000
ZA;2023-09-24 01:00:00;South Africa;20493.682000000
ZA;2023-09-24 02:00:00;South Africa;20150.745000000
ZA;2023-09-24 03:00:00;South Africa;20276.322000000
ZA;2023-09-24 04:00:00;South Africa;20450.306000000
ZA;2023-09-24 05:00:00;South Africa;21014.716000000
ZA;2023-09-24 06:00:00;South Africa;22363.778000000
ZA;2023-09-24 07:00:00;South Africa;24187.746000000
ZA;2023-09-24 08:00:00;South Africa;25489.664000000
ZA;2023-09-24 09:00:00;South Africa;25773.263000000
ZA;2023-09-24 10:00:00;South Africa;25561.793000000
ZA;2023-09-24 11:00:00;South Africa;25313.721000000
ZA;2023-09-24 12:00:00;South Africa;25293.340000000
ZA;2023-09-24 13:00:00;South Africa;24979.557000000
ZA;2023-09-24 14:00:00;South Africa;24637.562000000
ZA;2023-09-24 15:00:00;South Africa;24831.036000000
ZA;2023-09-24 16:00:00;South Africa;25016.601000000
ZA;2023-09-24 17:00:00;South Africa;26154.980000000
ZA;2023-09-24 18:00:00;South Africa;27055.975000000
ZA;2023-09-24 19:00:00;South Africa;26179.957000000
ZA;2023-09-24 20:00:00;South Africa;25575.978000000
ZA;2023-09-24 21:00:00;South Africa;24041.973000000
ZA;2023-09-24 22:00:00;South Africa;22833.984000000
ZA;2023-09-24 23:00:00;South Africa;21631.901000000
ZA;2023-09-25 00:00:00;South Africa;20872.008000000
ZA;2023-09-25 01:00:00;South Africa;20222.821000000
ZA;2023-09-25 02:00:00;South Africa;20133.126000000
ZA;2023-09-25 03:00:00;South Africa;20064.749000000
ZA;2023-09-25 04:00:00;South Africa;20498.917000000
ZA;2023-09-25 05:00:00;South Africa;21277.523000000
ZA;2023-09-25 06:00:00;South Africa;22309.258000000
ZA;2023-09-25 07:00:00;South Africa;23767.380000000
ZA;2023-09-25 08:00:00;South Africa;25534.095000000
ZA;2023-09-25 09:00:00;South Africa;26346.051000000
ZA;2023-09-25 10:00:00;South Africa;26584.653000000
ZA;2023-09-25 11:00:00;South Africa;26497.144000000
ZA;2023-09-25 12:00:00;South Africa;26276.821000000
ZA;2023-09-25 13:00:00;South Africa;25890.118000000
ZA;2023-09-25 14:00:00;South Africa;25920.786000000
ZA;2023-09-25 15:00:00;South Africa;26222.075000000
ZA;2023-09-25 16:00:00;South Africa;26679.066000000
ZA;2023-09-25 17:00:00;South Africa;27447.270000000
ZA;2023-09-25 18:00:00;South Africa;29155.832000000
ZA;2023-09-25 19:00:00;South Africa;28570.174000000
ZA;2023-09-25 20:00:00;South Africa;26810.245000000
ZA;2023-09-25 21:00:00;South Africa;24684.962000000
ZA;2023-09-25 22:00:00;South Africa;22901.088000000
ZA;2023-09-25 23:00:00;South Africa;21716.136000000
ZA;2023-09-26 00:00:00;South Africa;20996.057000000
ZA;2023-09-26 01:00:00;South Africa;20386.601000000
ZA;2023-09-26 02:00:00;South Africa;19956.540000000
ZA;2023-09-26 03:00:00;South Africa;20424.190000000
ZA;2023-09-26 04:00:00;South Africa;21680.049000000
ZA;2023-09-26 05:00:00;South Africa;25088.058000000
ZA;2023-09-26 06:00:00;South Africa;27233.629000000
ZA;2023-09-26 07:00:00;South Africa;27226.171000000
ZA;2023-09-26 08:00:00;South Africa;27811.061000000
ZA;2023-09-26 09:00:00;South Africa;27697.153000000
ZA;2023-09-26 10:00:00;South Africa;27917.937000000
ZA;2023-09-26 11:00:00;South Africa;27817.921000000
ZA;2023-09-26 12:00:00;South Africa;27359.571000000
ZA;2023-09-26 13:00:00;South Africa;26764.132000000
ZA;2023-09-26 14:00:00;South Africa;26827.760000000
ZA;2023-09-26 15:00:00;South Africa;27867.688000000
ZA;2023-09-26 16:00:00;South Africa;28858.095000000
ZA;2023-09-26 17:00:00;South Africa;29802.176000000
ZA;2023-09-26 18:00:00;South Africa;31175.728000000
ZA;2023-09-26 19:00:00;South Africa;30755.889000000
ZA;2023-09-26 20:00:00;South Africa;28990.717000000
ZA;2023-09-26 21:00:00;South Africa;26441.191000000
ZA;2023-09-26 22:00:00;South Africa;24206.937000000
ZA;2023-09-26 23:00:00;South Africa;22757.285000000
ZA;2023-09-27 00:00:00;South Africa;21781.048000000
ZA;2023-09-27 01:00:00;South Africa;21495.609000000
ZA;2023-09-27 02:00:00;South Africa;21396.729000000
ZA;2023-09-27 03:00:00;South Africa;21743.121000000
ZA;2023-09-27 04:00:00;South Africa;23198.885000000
ZA;2023-09-27 05:00:00;South Africa;25781.048000000
ZA;2023-09-27 06:00:00;South Africa;27813.193000000
ZA;2023-09-27 07:00:00;South Africa;28162.946000000
ZA;2023-09-27 08:00:00;South Africa;28848.203000000
ZA;2023-09-27 09:00:00;South Africa;28664.144000000
ZA;2023-09-27 10:00:00;South Africa;28549.680000000
ZA;2023-09-27 11:00:00;South Africa;28330.136000000
ZA;2023-09-27 12:00:00;South Africa;28412.532000000
ZA;2023-09-27 13:00:00;South Africa;28284.406000000
ZA;2023-09-27 14:00:00;South Africa;28444.180000000
ZA;2023-09-27 15:00:00;South Africa;29100.997000000
ZA;2023-09-27 16:00:00;South Africa;29404.594000000
ZA;2023-09-27 17:00:00;South Africa;30095.787000000
ZA;2023-09-27 18:00:00;South Africa;31339.427000000
ZA;2023-09-27 19:00:00;South Africa;30720.177000000
ZA;2023-09-27 20:00:00;South Africa;28811.219000000
ZA;2023-09-27 21:00:00;South Africa;26405.410000000
ZA;2023-09-27 22:00:00;South Africa;23975.320000000
ZA;2023-09-27 23:00:00;South Africa;22651.992000000
ZA;2023-09-28 00:00:00;South Africa;21939.745000000
ZA;2023-09-28 01:00:00;South Africa;21587.154000000
ZA;2023-09-28 02:00:00;South Africa;21656.296000000
ZA;2023-09-28 03:00:00;South Africa;21892.958000000
ZA;2023-09-28 04:00:00;South Africa;23137.435000000
ZA;2023-09-28 05:00:00;South Africa;25495.143000000
ZA;2023-09-28 06:00:00;South Africa;27374.985000000
ZA;2023-09-28 07:00:00;South Africa;27677.491000000
ZA;2023-09-28 08:00:00;South Africa;28081.611000000
ZA;2023-09-28 09:00:00;South Africa;27729.911000000
ZA;2023-09-28 10:00:00;South Africa;27523.239000000
ZA;2023-09-28 11:00:00;South Africa;27246.763000000
ZA;2023-09-28 12:00:00;South Africa;26912.115000000
ZA;2023-09-28 13:00:00;South Africa;26715.723000000
ZA;2023-09-28 14:00:00;South Africa;27130.064000000
ZA;2023-09-28 15:00:00;South Africa;27676.417000000
ZA;2023-09-28 16:00:00;South Africa;28365.653000000
ZA;2023-09-28 17:00:00;South Africa;29160.981000000
ZA;2023-09-28 18:00:00;South Africa;30844.479000000
ZA;2023-09-28 19:00:00;South Africa;30504.852000000
ZA;2023-09-28 20:00:00;South Africa;28491.564000000
ZA;2023-09-28 21:00:00;South Africa;26330.856000000
ZA;2023-09-28 22:00:00;South Africa;24310.024000000
ZA;2023-09-28 23:00:00;South Africa;22906.175000000
ZA;2023-09-29 00:00:00;South Africa;22196.877000000
ZA;2023-09-29 01:00:00;South Africa;21510.783000000
ZA;2023-09-29 02:00:00;South Africa;21506.966000000
ZA;2023-09-29 03:00:00;South Africa;21673.244000000
ZA;2023-09-29 04:00:00;South Africa;23043.814000000
ZA;2023-09-29 05:00:00;South Africa;25484.822000000
ZA;2023-09-29 06:00:00;South Africa;27150.209000000
ZA;2023-09-29 07:00:00;South Africa;27534.033000000
ZA;2023-09-29 08:00:00;South Africa;28147.558000000
ZA;2023-09-29 09:00:00;South Africa;27841.427000000
ZA;2023-09-29 10:00:00;South Africa;27406.443000000
ZA;2023-09-29 11:00:00;South Africa;27073.888000000
ZA;2023-09-29 12:00:00;South Africa;27176.338000000
ZA;2023-09-29 13:00:00;South Africa;26744.696000000
ZA;2023-09-29 14:00:00;South Africa;26656.032000000
ZA;2023-09-29 15:00:00;South Africa;26744.689000000
ZA;2023-09-29 16:00:00;South Africa;27272.865000000
ZA;2023-09-29 17:00:00;South Africa;27893.617000000
ZA;2023-09-29 18:00:00;South Africa;29156.708000000
ZA;2023-09-29 19:00:00;South Africa;28639.620000000
ZA;2023-09-29 20:00:00;South Africa;27395.357000000
ZA;2023-09-29 21:00:00;South Africa;25764.064000000
ZA;2023-09-29 22:00:00;South Africa;23965.477000000
ZA;2023-09-29 23:00:00;South Africa;22674.037000000
ZA;2023-09-30 00:00:00;South Africa;21937.304000000
ZA;2023-09-30 01:00:00;South Africa;21240.084000000
ZA;2023-09-30 02:00:00;South Africa;21060.268000000
ZA;2023-09-30 03:00:00;South Africa;20978.008000000
ZA;2023-09-30 04:00:00;South Africa;21391.146000000
ZA;2023-09-30 05:00:00;South Africa;22228.450000000
ZA;2023-09-30 06:00:00;South Africa;23874.815000000
ZA;2023-09-30 07:00:00;South Africa;25132.257000000
ZA;2023-09-30 08:00:00;South Africa;25947.588000000
ZA;2023-09-30 09:00:00;South Africa;25938.123000000
ZA;2023-09-30 10:00:00;South Africa;25610.053000000
ZA;2023-09-30 11:00:00;South Africa;25156.881000000
ZA;2023-09-30 12:00:00;South Africa;24938.675000000
ZA;2023-09-30 13:00:00;South Africa;24315.942000000
ZA;2023-09-30 14:00:00;South Africa;24155.464000000
ZA;2023-09-30 15:00:00;South Africa;24219.965000000
ZA;2023-09-30 16:00:00;South Africa;24528.357000000
ZA;2023-09-30 17:00:00;South Africa;25313.245000000
ZA;2023-09-30 18:00:00;South Africa;26768.182000000
ZA;2023-09-30 19:00:00;South Africa;26547.410000000
ZA;2023-09-30 20:00:00;South Africa;25053.859000000
ZA;2023-09-30 21:00:00;South Africa;23534.286000000
ZA;2023-09-30 22:00:00;South Africa;22225.980000000
ZA;2023-09-30 23:00:00;South Africa;21224.819000000
ZA;2023-10-01 00:00:00;South Africa;20564.558000000
ZA;2023-10-01 01:00:00;South Africa;20186.021000000
ZA;2023-10-01 02:00:00;South Africa;20082.414000000
ZA;2023-10-01 03:00:00;South Africa;20028.333000000
ZA;2023-10-01 04:00:00;South Africa;20330.823000000
ZA;2023-10-01 05:00:00;South Africa;20984.827000000
ZA;2023-10-01 06:00:00;South Africa;22292.459000000
ZA;2023-10-01 07:00:00;South Africa;23778.110000000
ZA;2023-10-01 08:00:00;South Africa;25004.720000000
ZA;2023-10-01 09:00:00;South Africa;25120.461000000
ZA;2023-10-01 10:00:00;South Africa;24889.771000000
ZA;2023-10-01 11:00:00;South Africa;24699.618000000
ZA;2023-10-01 12:00:00;South Africa;24516.131000000
ZA;2023-10-01 13:00:00;South Africa;24097.681000000
ZA;2023-10-01 14:00:00;South Africa;23999.008000000
ZA;2023-10-01 15:00:00;South Africa;24199.806000000
ZA;2023-10-01 16:00:00;South Africa;24800.589000000
ZA;2023-10-01 17:00:00;South Africa;25789.508000000
ZA;2023-10-01 18:00:00;South Africa;27089.961000000
ZA;2023-10-01 19:00:00;South Africa;27056.380000000
ZA;2023-10-01 20:00:00;South Africa;25604.814000000
ZA;2023-10-01 21:00:00;South Africa;23822.129000000
ZA;2023-10-01 22:00:00;South Africa;22294.462000000
ZA;2023-10-01 23:00:00;South Africa;21233.998000000
ZA;2023-10-02 00:00:00;South Africa;20565.965000000
ZA;2023-10-02 01:00:00;South Africa;20290.060000000
ZA;2023-10-02 02:00:00;South Africa;19978.631000000
ZA;2023-10-02 03:00:00;South Africa;20296.578000000
ZA;2023-10-02 04:00:00;South Africa;21159.013000000
ZA;2023-10-02 05:00:00;South Africa;22920.757000000
ZA;2023-10-02 06:00:00;South Africa;24842.066000000
ZA;2023-10-02 07:00:00;South Africa;26070.030000000
ZA;2023-10-02 08:00:00;South Africa;27390.740000000
ZA;2023-10-02 09:00:00;South Africa;27637.067000000
ZA;2023-10-02 10:00:00;South Africa;27644.673000000
ZA;2023-10-02 11:00:00;South Africa;27238.829000000
ZA;2023-10-02 12:00:00;South Africa;26487.938000000
ZA;2023-10-02 13:00:00;South Africa;26006.730000000
ZA;2023-10-02 14:00:00;South Africa;26187.350000000
ZA;2023-10-02 15:00:00;South Africa;26537.899000000
ZA;2023-10-02 16:00:00;South Africa;27515.096000000
ZA;2023-10-02 17:00:00;South Africa;28114.384000000
ZA;2023-10-02 18:00:00;South Africa;29893.979000000
ZA;2023-10-02 19:00:00;South Africa;29564.282000000
ZA;2023-10-02 20:00:00;South Africa;27837.804000000
ZA;2023-10-02 21:00:00;South Africa;25533.296000000
ZA;2023-10-02 22:00:00;South Africa;23388.668000000
ZA;2023-10-02 23:00:00;South Africa;22069.946000000
ZA;2023-10-03 00:00:00;South Africa;21564.576000000
ZA;2023-10-03 01:00:00;South Africa;21355.990000000
ZA;2023-10-03 02:00:00;South Africa;21307.331000000
ZA;2023-10-03 03:00:00;South Africa;21467.015000000
ZA;2023-10-03 04:00:00;South Africa;22298.239000000
ZA;2023-10-03 05:00:00;South Africa;24029.616000000
ZA;2023-10-03 06:00:00;South Africa;25566.520000000
ZA;2023-10-03 07:00:00;South Africa;26256.761000000
ZA;2023-10-03 08:00:00;South Africa;26628.592000000
ZA;2023-10-03 09:00:00;South Africa;26094.069000000
ZA;2023-10-03 10:00:00;South Africa;25356.744000000
ZA;2023-10-03 11:00:00;South Africa;25353.983000000
ZA;2023-10-03 12:00:00;South Africa;25231.840000000
ZA;2023-10-03 13:00:00;South Africa;25251.181000000
ZA;2023-10-03 14:00:00;South Africa;25518.732000000
ZA;2023-10-03 15:00:00;South Africa;26198.217000000
ZA;2023-10-03 16:00:00;South Africa;27238.803000000
ZA;2023-10-03 17:00:00;South Africa;27852.658000000
ZA;2023-10-03 18:00:00;South Africa;29446.509000000
ZA;2023-10-03 19:00:00;South Africa;29273.764000000
ZA;2023-10-03 20:00:00;South Africa;27226.679000000
ZA;2023-10-03 21:00:00;South Africa;25190.719000000
ZA;2023-10-03 22:00:00;South Africa;23266.553000000
ZA;2023-10-03 23:00:00;South Africa;21968.568000000
ZA;2023-10-04 00:00:00;South Africa;21351.226000000
ZA;2023-10-04 01:00:00;South Africa;21087.133000000
ZA;2023-10-04 02:00:00;South Africa;21240.762000000
ZA;2023-10-04 03:00:00;South Africa;21384.886000000
ZA;2023-10-04 04:00:00;South Africa;22432.528000000
ZA;2023-10-04 05:00:00;South Africa;23805.080000000
ZA;2023-10-04 06:00:00;South Africa;25011.231000000
ZA;2023-10-04 07:00:00;South Africa;25840.156000000
ZA;2023-10-04 08:00:00;South Africa;26214.186000000
ZA;2023-10-04 09:00:00;South Africa;26087.065000000
ZA;2023-10-04 10:00:00;South Africa;26111.976000000
ZA;2023-10-04 11:00:00;South Africa;26156.568000000
ZA;2023-10-04 12:00:00;South Africa;26122.521000000
ZA;2023-10-04 13:00:00;South Africa;26119.710000000
ZA;2023-10-04 14:00:00;South Africa;26484.041000000
ZA;2023-10-04 15:00:00;South Africa;26878.351000000
ZA;2023-10-04 16:00:00;South Africa;27621.089000000
ZA;2023-10-04 17:00:00;South Africa;28306.833000000
ZA;2023-10-04 18:00:00;South Africa;30041.238000000
ZA;2023-10-04 19:00:00;South Africa;29545.139000000
ZA;2023-10-04 20:00:00;South Africa;27538.971000000
ZA;2023-10-04 21:00:00;South Africa;25641.720000000
ZA;2023-10-04 22:00:00;South Africa;24045.210000000
ZA;2023-10-04 23:00:00;South Africa;22736.388000000
ZA;2023-10-05 00:00:00;South Africa;21991.375000000
ZA;2023-10-05 01:00:00;South Africa;21577.369000000
ZA;2023-10-05 02:00:00;South Africa;21398.176000000
ZA;2023-10-05 03:00:00;South Africa;21563.889000000
ZA;2023-10-05 04:00:00;South Africa;22285.801000000
ZA;2023-10-05 05:00:00;South Africa;24000.852000000
ZA;2023-10-05 06:00:00;South Africa;25379.489000000
ZA;2023-10-05 07:00:00;South Africa;26217.956000000
ZA;2023-10-05 08:00:00;South Africa;26788.637000000
ZA;2023-10-05 09:00:00;South Africa;26616.393000000
ZA;2023-10-05 10:00:00;South Africa;26532.811000000
ZA;2023-10-05 11:00:00;South Africa;26497.688000000
ZA;2023-10-05 12:00:00;South Africa;26321.388000000
ZA;2023-10-05 13:00:00;South Africa;26373.845000000
ZA;2023-10-05 14:00:00;South Africa;26781.622000000
ZA;2023-10-05 15:00:00;South Africa;27058.016000000
ZA;2023-10-05 16:00:00;South Africa;27887.717000000
ZA;2023-10-05 17:00:00;South Africa;28518.573000000
ZA;2023-10-05 18:00:00;South Africa;29923.071000000
ZA;2023-10-05 19:00:00;South Africa;29391.710000000
ZA;2023-10-05 20:00:00;South Africa;27738.014000000
ZA;2023-10-05 21:00:00;South Africa;25862.948000000
ZA;2023-10-05 22:00:00;South Africa;24117.497000000
ZA;2023-10-05 23:00:00;South Africa;22911.839000000
ZA;2023-10-06 00:00:00;South Africa;22551.633000000
ZA;2023-10-06 01:00:00;South Africa;22062.634000000
ZA;2023-10-06 02:00:00;South Africa;21934.669000000
ZA;2023-10-06 03:00:00;South Africa;22002.013000000
ZA;2023-10-06 04:00:00;South Africa;23011.795000000
ZA;2023-10-06 05:00:00;South Africa;24737.225000000
ZA;2023-10-06 06:00:00;South Africa;26121.416000000
ZA;2023-10-06 07:00:00;South Africa;26907.338000000
ZA;2023-10-06 08:00:00;South Africa;27665.829000000
ZA;2023-10-06 09:00:00;South Africa;27625.330000000
ZA;2023-10-06 10:00:00;South Africa;27518.357000000
ZA;2023-10-06 11:00:00;South Africa;27422.545000000
ZA;2023-10-06 12:00:00;South Africa;27296.611000000
ZA;2023-10-06 13:00:00;South Africa;27012.299000000
ZA;2023-10-06 14:00:00;South Africa;27005.631000000
ZA;2023-10-06 15:00:00;South Africa;26945.937000000
ZA;2023-10-06 16:00:00;South Africa;27443.011000000
ZA;2023-10-06 17:00:00;South Africa;27676.533000000
ZA;2023-10-06 18:00:00;South Africa;28641.555000000
ZA;2023-10-06 19:00:00;South Africa;28387.729000000
ZA;2023-10-06 20:00:00;South Africa;26979.953000000
ZA;2023-10-06 21:00:00;South Africa;25252.404000000
ZA;2023-10-06 22:00:00;South Africa;23901.796000000
ZA;2023-10-06 23:00:00;South Africa;22708.229000000
ZA;2023-10-07 00:00:00;South Africa;22229.954000000
ZA;2023-10-07 01:00:00;South Africa;21709.137000000
ZA;2023-10-07 02:00:00;South Africa;21528.785000000
ZA;2023-10-07 03:00:00;South Africa;21411.569000000
ZA;2023-10-07 04:00:00;South Africa;21836.593000000
ZA;2023-10-07 05:00:00;South Africa;22689.525000000
ZA;2023-10-07 06:00:00;South Africa;24015.066000000
ZA;2023-10-07 07:00:00;South Africa;25373.105000000
ZA;2023-10-07 08:00:00;South Africa;26457.630000000
ZA;2023-10-07 09:00:00;South Africa;26472.398000000
ZA;2023-10-07 10:00:00;South Africa;26081.848000000
ZA;2023-10-07 11:00:00;South Africa;25702.447000000
ZA;2023-10-07 12:00:00;South Africa;25440.330000000
ZA;2023-10-07 13:00:00;South Africa;25018.579000000
ZA;2023-10-07 14:00:00;South Africa;24977.301000000
ZA;2023-10-07 15:00:00;South Africa;25008.868000000
ZA;2023-10-07 16:00:00;South Africa;25652.593000000
ZA;2023-10-07 17:00:00;South Africa;26170.106000000
ZA;2023-10-07 18:00:00;South Africa;27183.345000000
ZA;2023-10-07 19:00:00;South Africa;27010.750000000
ZA;2023-10-07 20:00:00;South Africa;25457.290000000
ZA;2023-10-07 21:00:00;South Africa;24167.489000000
ZA;2023-10-07 22:00:00;South Africa;22984.108000000
ZA;2023-10-07 23:00:00;South Africa;21933.010000000
ZA;2023-10-08 00:00:00;South Africa;21302.377000000
ZA;2023-10-08 01:00:00;South Africa;20727.409000000
ZA;2023-10-08 02:00:00;South Africa;20564.890000000
ZA;2023-10-08 03:00:00;South Africa;20497.783000000
ZA;2023-10-08 04:00:00;South Africa;20792.530000000
ZA;2023-10-08 05:00:00;South Africa;21376.015000000
ZA;2023-10-08 06:00:00;South Africa;22711.351000000
ZA;2023-10-08 07:00:00;South Africa;24340.224000000
ZA;2023-10-08 08:00:00;South Africa;25450.460000000
ZA;2023-10-08 09:00:00;South Africa;25549.075000000
ZA;2023-10-08 10:00:00;South Africa;25204.768000000
ZA;2023-10-08 11:00:00;South Africa;24984.610000000
ZA;2023-10-08 12:00:00;South Africa;25019.150000000
ZA;2023-10-08 13:00:00;South Africa;24823.875000000
ZA;2023-10-08 14:00:00;South Africa;24753.799000000
ZA;2023-10-08 15:00:00;South Africa;24852.229000000
ZA;2023-10-08 16:00:00;South Africa;25538.926000000
ZA;2023-10-08 17:00:00;South Africa;26247.311000000
ZA;2023-10-08 18:00:00;South Africa;27405.566000000
ZA;2023-10-08 19:00:00;South Africa;27151.254000000
ZA;2023-10-08 20:00:00;South Africa;25560.933000000
ZA;2023-10-08 21:00:00;South Africa;23708.742000000
ZA;2023-10-08 22:00:00;South Africa;22425.050000000
ZA;2023-10-08 23:00:00;South Africa;21597.976000000
ZA;2023-10-09 00:00:00;South Africa;20860.461000000
ZA;2023-10-09 01:00:00;South Africa;20649.406000000
ZA;2023-10-09 02:00:00;South Africa;20533.741000000
ZA;2023-10-09 03:00:00;South Africa;20723.412000000
ZA;2023-10-09 04:00:00;South Africa;21715.851000000
ZA;2023-10-09 05:00:00;South Africa;23424.659000000
ZA;2023-10-09 06:00:00;South Africa;24924.077000000
ZA;2023-10-09 07:00:00;South Africa;25996.634000000
ZA;2023-10-09 08:00:00;South Africa;26973.067000000
ZA;2023-10-09 09:00:00;South Africa;27382.614000000
ZA;2023-10-09 10:00:00;South Africa;27250.005000000
ZA;2023-10-09 11:00:00;South Africa;27081.295000000
ZA;2023-10-09 12:00:00;South Africa;26895.724000000
ZA;2023-10-09 13:00:00;South Africa;26776.573000000
ZA;2023-10-09 14:00:00;South Africa;27238.775000000
ZA;2023-10-09 15:00:00;South Africa;27735.792000000
ZA;2023-10-09 16:00:00;South Africa;28328.951000000
ZA;2023-10-09 17:00:00;South Africa;29019.047000000
ZA;2023-10-09 18:00:00;South Africa;30345.323000000
ZA;2023-10-09 19:00:00;South Africa;29918.389000000
ZA;2023-10-09 20:00:00;South Africa;28009.497000000
ZA;2023-10-09 21:00:00;South Africa;25730.176000000
ZA;2023-10-09 22:00:00;South Africa;23801.914000000
ZA;2023-10-09 23:00:00;South Africa;22524.977000000
ZA;2023-10-10 00:00:00;South Africa;21796.861000000
ZA;2023-10-10 01:00:00;South Africa;21501.586000000
ZA;2023-10-10 02:00:00;South Africa;21454.367000000
ZA;2023-10-10 03:00:00;South Africa;21481.331000000
ZA;2023-10-10 04:00:00;South Africa;22862.854000000
ZA;2023-10-10 05:00:00;South Africa;26244.436000000
ZA;2023-10-10 06:00:00;South Africa;27072.589000000
ZA;2023-10-10 07:00:00;South Africa;26354.904000000
ZA;2023-10-10 08:00:00;South Africa;26742.674000000
ZA;2023-10-10 09:00:00;South Africa;26799.531000000
ZA;2023-10-10 10:00:00;South Africa;26805.276000000
ZA;2023-10-10 11:00:00;South Africa;26970.102000000
ZA;2023-10-10 12:00:00;South Africa;26739.811000000
ZA;2023-10-10 13:00:00;South Africa;26732.925000000
ZA;2023-10-10 14:00:00;South Africa;27238.668000000
ZA;2023-10-10 15:00:00;South Africa;28071.836000000
ZA;2023-10-10 16:00:00;South Africa;28691.503000000
ZA;2023-10-10 17:00:00;South Africa;29293.982000000
ZA;2023-10-10 18:00:00;South Africa;30604.993000000
ZA;2023-10-10 19:00:00;South Africa;29738.895000000
ZA;2023-10-10 20:00:00;South Africa;28015.597000000
ZA;2023-10-10 21:00:00;South Africa;25622.075000000
ZA;2023-10-10 22:00:00;South Africa;23648.082000000
ZA;2023-10-10 23:00:00;South Africa;22256.649000000
ZA;2023-10-11 00:00:00;South Africa;21443.251000000
ZA;2023-10-11 01:00:00;South Africa;21209.770000000
ZA;2023-10-11 02:00:00;South Africa;21040.931000000
ZA;2023-10-11 03:00:00;South Africa;21269.293000000
ZA;2023-10-11 04:00:00;South Africa;22831.534000000
ZA;2023-10-11 05:00:00;South Africa;26144.804000000
ZA;2023-10-11 06:00:00;South Africa;27251.717000000
ZA;2023-10-11 07:00:00;South Africa;26541.816000000
ZA;2023-10-11 08:00:00;South Africa;27009.886000000
ZA;2023-10-11 09:00:00;South Africa;26691.044000000
ZA;2023-10-11 10:00:00;South Africa;26538.868000000
ZA;2023-10-11 11:00:00;South Africa;26443.231000000
ZA;2023-10-11 12:00:00;South Africa;26380.738000000
ZA;2023-10-11 13:00:00;South Africa;26639.883000000
ZA;2023-10-11 14:00:00;South Africa;27237.934000000
ZA;2023-10-11 15:00:00;South Africa;28037.199000000
ZA;2023-10-11 16:00:00;South Africa;28639.402000000
ZA;2023-10-11 17:00:00;South Africa;29297.987000000
ZA;2023-10-11 18:00:00;South Africa;30517.513000000
ZA;2023-10-11 19:00:00;South Africa;29861.387000000
ZA;2023-10-11 20:00:00;South Africa;27952.037000000
ZA;2023-10-11 21:00:00;South Africa;25554.777000000
ZA;2023-10-11 22:00:00;South Africa;23720.563000000
ZA;2023-10-11 23:00:00;South Africa;22463.768000000
ZA;2023-10-12 00:00:00;South Africa;22034.904000000
ZA;2023-10-12 01:00:00;South Africa;21741.721000000
ZA;2023-10-12 02:00:00;South Africa;21673.984000000
ZA;2023-10-12 03:00:00;South Africa;21863.398000000
ZA;2023-10-12 04:00:00;South Africa;23179.010000000
ZA;2023-10-12 05:00:00;South Africa;26470.196000000
ZA;2023-10-12 06:00:00;South Africa;27668.392000000
ZA;2023-10-12 07:00:00;South Africa;27149.211000000
ZA;2023-10-12 08:00:00;South Africa;27293.428000000
ZA;2023-10-12 09:00:00;South Africa;27301.769000000
ZA;2023-10-12 10:00:00;South Africa;27340.178000000
ZA;2023-10-12 11:00:00;South Africa;27240.440000000
ZA;2023-10-12 12:00:00;South Africa;27335.821000000
ZA;2023-10-12 13:00:00;South Africa;27470.082000000
ZA;2023-10-12 14:00:00;South Africa;27680.974000000
ZA;2023-10-12 15:00:00;South Africa;28293.096000000
ZA;2023-10-12 16:00:00;South Africa;28854.868000000
ZA;2023-10-12 17:00:00;South Africa;29374.458000000
ZA;2023-10-12 18:00:00;South Africa;30640.119000000
ZA;2023-10-12 19:00:00;South Africa;30080.580000000
ZA;2023-10-12 20:00:00;South Africa;28398.977000000
ZA;2023-10-12 21:00:00;South Africa;26052.584000000
ZA;2023-10-12 22:00:00;South Africa;24187.465000000
ZA;2023-10-12 23:00:00;South Africa;22897.432000000
ZA;2023-10-13 00:00:00;South Africa;22127.021000000
ZA;2023-10-13 01:00:00;South Africa;21806.842000000
ZA;2023-10-13 02:00:00;South Africa;21854.399000000
ZA;2023-10-13 03:00:00;South Africa;22135.345000000
ZA;2023-10-13 04:00:00;South Africa;23414.079000000
ZA;2023-10-13 05:00:00;South Africa;26663.268000000
ZA;2023-10-13 06:00:00;South Africa;27745.645000000
ZA;2023-10-13 07:00:00;South Africa;27261.090000000
ZA;2023-10-13 08:00:00;South Africa;27223.883000000
ZA;2023-10-13 09:00:00;South Africa;27084.311000000
ZA;2023-10-13 10:00:00;South Africa;26751.922000000
ZA;2023-10-13 11:00:00;South Africa;26715.199000000
ZA;2023-10-13 12:00:00;South Africa;26353.245000000
ZA;2023-10-13 13:00:00;South Africa;26212.920000000
ZA;2023-10-13 14:00:00;South Africa;26318.558000000
ZA;2023-10-13 15:00:00;South Africa;26457.816000000
ZA;2023-10-13 16:00:00;South Africa;27120.978000000
ZA;2023-10-13 17:00:00;South Africa;27707.813000000
ZA;2023-10-13 18:00:00;South Africa;28724.489000000
ZA;2023-10-13 19:00:00;South Africa;28556.621000000
ZA;2023-10-13 20:00:00;South Africa;27134.046000000
ZA;2023-10-13 21:00:00;South Africa;25380.179000000
ZA;2023-10-13 22:00:00;South Africa;23962.703000000
ZA;2023-10-13 23:00:00;South Africa;22971.731000000
ZA;2023-10-14 00:00:00;South Africa;22205.108000000
ZA;2023-10-14 01:00:00;South Africa;21756.349000000
ZA;2023-10-14 02:00:00;South Africa;21660.393000000
ZA;2023-10-14 03:00:00;South Africa;21705.186000000
ZA;2023-10-14 04:00:00;South Africa;22196.777000000
ZA;2023-10-14 05:00:00;South Africa;22902.605000000
ZA;2023-10-14 06:00:00;South Africa;24324.608000000
ZA;2023-10-14 07:00:00;South Africa;25590.371000000
ZA;2023-10-14 08:00:00;South Africa;26411.206000000
ZA;2023-10-14 09:00:00;South Africa;26429.869000000
ZA;2023-10-14 10:00:00;South Africa;26150.556000000
ZA;2023-10-14 11:00:00;South Africa;25527.765000000
ZA;2023-10-14 12:00:00;South Africa;25292.862000000
ZA;2023-10-14 13:00:00;South Africa;25015.061000000
ZA;2023-10-14 14:00:00;South Africa;24791.446000000
ZA;2023-10-14 15:00:00;South Africa;25008.898000000
ZA;2023-10-14 16:00:00;South Africa;25372.995000000
ZA;2023-10-14 17:00:00;South Africa;26134.851000000
ZA;2023-10-14 18:00:00;South Africa;27551.537000000
ZA;2023-10-14 19:00:00;South Africa;27489.743000000
ZA;2023-10-14 20:00:00;South Africa;25725.393000000
ZA;2023-10-14 21:00:00;South Africa;23993.242000000
ZA;2023-10-14 22:00:00;South Africa;22415.303000000
ZA;2023-10-14 23:00:00;South Africa;21589.986000000
ZA;2023-10-15 00:00:00;South Africa;20812.524000000
ZA;2023-10-15 01:00:00;South Africa;20480.791000000
ZA;2023-10-15 02:00:00;South Africa;20251.282000000
ZA;2023-10-15 03:00:00;South Africa;20312.417000000
ZA;2023-10-15 04:00:00;South Africa;20654.771000000
ZA;2023-10-15 05:00:00;South Africa;21246.068000000
ZA;2023-10-15 06:00:00;South Africa;22654.243000000
ZA;2023-10-15 07:00:00;South Africa;24448.418000000
ZA;2023-10-15 08:00:00;South Africa;25626.301000000
ZA;2023-10-15 09:00:00;South Africa;25907.417000000
ZA;2023-10-15 10:00:00;South Africa;25736.887000000
ZA;2023-10-15 11:00:00;South Africa;25387.326000000
ZA;2023-10-15 12:00:00;South Africa;25196.080000000
ZA;2023-10-15 13:00:00;South Africa;25053.672000000
ZA;2023-10-15 14:00:00;South Africa;24877.487000000
ZA;2023-10-15 15:00:00;South Africa;25265.135000000
ZA;2023-10-15 16:00:00;South Africa;25911.213000000
ZA;2023-10-15 17:00:00;South Africa;26613.926000000
ZA;2023-10-15 18:00:00;South Africa;27954.973000000
ZA;2023-10-15 19:00:00;South Africa;27619.986000000
ZA;2023-10-15 20:00:00;South Africa;25808.288000000
ZA;2023-10-15 21:00:00;South Africa;23521.172000000
ZA;2023-10-15 22:00:00;South Africa;22013.315000000
ZA;2023-10-15 23:00:00;South Africa;21304.471000000
ZA;2023-10-16 00:00:00;South Africa;20824.977000000
ZA;2023-10-16 01:00:00;South Africa;20580.572000000
ZA;2023-10-16 02:00:00;South Africa;20475.141000000
ZA;2023-10-16 03:00:00;South Africa;20854.079000000
ZA;2023-10-16 04:00:00;South Africa;22053.434000000
ZA;2023-10-16 05:00:00;South Africa;24947.204000000
ZA;2023-10-16 06:00:00;South Africa;26397.823000000
ZA;2023-10-16 07:00:00;South Africa;26613.068000000
ZA;2023-10-16 08:00:00;South Africa;27212.498000000
ZA;2023-10-16 09:00:00;South Africa;27448.269000000
ZA;2023-10-16 10:00:00;South Africa;27233.905000000
ZA;2023-10-16 11:00:00;South Africa;27161.246000000
ZA;2023-10-16 12:00:00;South Africa;27196.473000000
ZA;2023-10-16 13:00:00;South Africa;27206.152000000
ZA;2023-10-16 14:00:00;South Africa;27323.609000000
ZA;2023-10-16 15:00:00;South Africa;27983.757000000
ZA;2023-10-16 16:00:00;South Africa;28631.135000000
ZA;2023-10-16 17:00:00;South Africa;28992.840000000
ZA;2023-10-16 18:00:00;South Africa;30382.188000000
ZA;2023-10-16 19:00:00;South Africa;30072.817000000
ZA;2023-10-16 20:00:00;South Africa;28080.382000000
ZA;2023-10-16 21:00:00;South Africa;25770.627000000
ZA;2023-10-16 22:00:00;South Africa;23486.742000000
ZA;2023-10-16 23:00:00;South Africa;22475.489000000
ZA;2023-10-17 00:00:00;South Africa;21693.492000000
ZA;2023-10-17 01:00:00;South Africa;21311.316000000
ZA;2023-10-17 02:00:00;South Africa;21288.451000000
ZA;2023-10-17 03:00:00;South Africa;21587.983000000
ZA;2023-10-17 04:00:00;South Africa;22998.790000000
ZA;2023-10-17 05:00:00;South Africa;25954.107000000
ZA;2023-10-17 06:00:00;South Africa;27440.437000000
ZA;2023-10-17 07:00:00;South Africa;26725.203000000
ZA;2023-10-17 08:00:00;South Africa;26864.407000000
ZA;2023-10-17 09:00:00;South Africa;26827.547000000
ZA;2023-10-17 10:00:00;South Africa;26563.984000000
ZA;2023-10-17 11:00:00;South Africa;26378.968000000
ZA;2023-10-17 12:00:00;South Africa;26217.847000000
ZA;2023-10-17 13:00:00;South Africa;26286.338000000
ZA;2023-10-17 14:00:00;South Africa;26636.867000000
ZA;2023-10-17 15:00:00;South Africa;27222.807000000
ZA;2023-10-17 16:00:00;South Africa;27983.448000000
ZA;2023-10-17 17:00:00;South Africa;28657.111000000
ZA;2023-10-17 18:00:00;South Africa;30459.661000000
ZA;2023-10-17 19:00:00;South Africa;30312.746000000
ZA;2023-10-17 20:00:00;South Africa;28228.765000000
ZA;2023-10-17 21:00:00;South Africa;25866.294000000
ZA;2023-10-17 22:00:00;South Africa;23957.462000000
ZA;2023-10-17 23:00:00;South Africa;23055.535000000
ZA;2023-10-18 00:00:00;South Africa;21835.040000000
ZA;2023-10-18 01:00:00;South Africa;21615.002000000
ZA;2023-10-18 02:00:00;South Africa;21582.659000000
ZA;2023-10-18 03:00:00;South Africa;21913.473000000
ZA;2023-10-18 04:00:00;South Africa;23496.031000000
ZA;2023-10-18 05:00:00;South Africa;26868.794000000
ZA;2023-10-18 06:00:00;South Africa;27878.833000000
ZA;2023-10-18 07:00:00;South Africa;26703.356000000
ZA;2023-10-18 08:00:00;South Africa;26466.158000000
ZA;2023-10-18 09:00:00;South Africa;26029.177000000
ZA;2023-10-18 10:00:00;South Africa;25984.809000000
ZA;2023-10-18 11:00:00;South Africa;25829.585000000
ZA;2023-10-18 12:00:00;South Africa;25672.325000000
ZA;2023-10-18 13:00:00;South Africa;25561.187000000
ZA;2023-10-18 14:00:00;South Africa;25904.744000000
ZA;2023-10-18 15:00:00;South Africa;26461.926000000
ZA;2023-10-18 16:00:00;South Africa;27205.276000000
ZA;2023-10-18 17:00:00;South Africa;27931.499000000
ZA;2023-10-18 18:00:00;South Africa;29436.953000000
ZA;2023-10-18 19:00:00;South Africa;29491.798000000
ZA;2023-10-18 20:00:00;South Africa;27430.663000000
ZA;2023-10-18 21:00:00;South Africa;25059.778000000
ZA;2023-10-18 22:00:00;South Africa;23479.668000000
ZA;2023-10-18 23:00:00;South Africa;22241.613000000
ZA;2023-10-19 00:00:00;South Africa;21657.803000000
ZA;2023-10-19 01:00:00;South Africa;21360.261000000
ZA;2023-10-19 02:00:00;South Africa;21401.674000000
ZA;2023-10-19 03:00:00;South Africa;21703.976000000
ZA;2023-10-19 04:00:00;South Africa;23331.256000000
ZA;2023-10-19 05:00:00;South Africa;26669.957000000
ZA;2023-10-19 06:00:00;South Africa;27487.368000000
ZA;2023-10-19 07:00:00;South Africa;26420.373000000
ZA;2023-10-19 08:00:00;South Africa;26326.066000000
ZA;2023-10-19 09:00:00;South Africa;25955.405000000
ZA;2023-10-19 10:00:00;South Africa;25549.126000000
ZA;2023-10-19 11:00:00;South Africa;25756.213000000
ZA;2023-10-19 12:00:00;South Africa;25772.573000000
ZA;2023-10-19 13:00:00;South Africa;25798.077000000
ZA;2023-10-19 14:00:00;South Africa;26123.284000000
ZA;2023-10-19 15:00:00;South Africa;26690.814000000
ZA;2023-10-19 16:00:00;South Africa;27612.979000000
ZA;2023-10-19 17:00:00;South Africa;28125.747000000
ZA;2023-10-19 18:00:00;South Africa;29852.594000000
ZA;2023-10-19 19:00:00;South Africa;29897.098000000
ZA;2023-10-19 20:00:00;South Africa;27620.421000000
ZA;2023-10-19 21:00:00;South Africa;25448.396000000
ZA;2023-10-19 22:00:00;South Africa;23424.561000000
ZA;2023-10-19 23:00:00;South Africa;22136.981000000
ZA;2023-10-20 00:00:00;South Africa;21748.606000000
ZA;2023-10-20 01:00:00;South Africa;21384.304000000
ZA;2023-10-20 02:00:00;South Africa;21327.844000000
ZA;2023-10-20 03:00:00;South Africa;21609.331000000
ZA;2023-10-20 04:00:00;South Africa;22916.197000000
ZA;2023-10-20 05:00:00;South Africa;26253.047000000
ZA;2023-10-20 06:00:00;South Africa;27199.066000000
ZA;2023-10-20 07:00:00;South Africa;26543.483000000
ZA;2023-10-20 08:00:00;South Africa;26743.946000000
ZA;2023-10-20 09:00:00;South Africa;26257.872000000
ZA;2023-10-20 10:00:00;South Africa;26150.980000000
ZA;2023-10-20 11:00:00;South Africa;25947.478000000
ZA;2023-10-20 12:00:00;South Africa;25991.490000000
ZA;2023-10-20 13:00:00;South Africa;25663.720000000
ZA;2023-10-20 14:00:00;South Africa;25976.376000000
ZA;2023-10-20 15:00:00;South Africa;26314.538000000
ZA;2023-10-20 16:00:00;South Africa;26735.410000000
ZA;2023-10-20 17:00:00;South Africa;27054.781000000
ZA;2023-10-20 18:00:00;South Africa;27857.752000000
ZA;2023-10-20 19:00:00;South Africa;27703.304000000
ZA;2023-10-20 20:00:00;South Africa;26245.411000000
ZA;2023-10-20 21:00:00;South Africa;24627.015000000
ZA;2023-10-20 22:00:00;South Africa;23218.870000000
ZA;2023-10-20 23:00:00;South Africa;22247.911000000
ZA;2023-10-21 00:00:00;South Africa;21538.585000000
ZA;2023-10-21 01:00:00;South Africa;21154.520000000
ZA;2023-10-21 02:00:00;South Africa;20987.768000000
ZA;2023-10-21 03:00:00;South Africa;21136.357000000
ZA;2023-10-21 04:00:00;South Africa;21632.539000000
ZA;2023-10-21 05:00:00;South Africa;22479.648000000
ZA;2023-10-21 06:00:00;South Africa;23626.342000000
ZA;2023-10-21 07:00:00;South Africa;24918.074000000
ZA;2023-10-21 08:00:00;South Africa;25831.103000000
ZA;2023-10-21 09:00:00;South Africa;26106.634000000
ZA;2023-10-21 10:00:00;South Africa;25789.123000000
ZA;2023-10-21 11:00:00;South Africa;25736.212000000
ZA;2023-10-21 12:00:00;South Africa;25491.953000000
ZA;2023-10-21 13:00:00;South Africa;25233.913000000
ZA;2023-10-21 14:00:00;South Africa;25044.573000000
ZA;2023-10-21 15:00:00;South Africa;24997.492000000
ZA;2023-10-21 16:00:00;South Africa;25513.392000000
ZA;2023-10-21 17:00:00;South Africa;25759.641000000
ZA;2023-10-21 18:00:00;South Africa;26599.986000000
ZA;2023-10-21 19:00:00;South Africa;26598.423000000
ZA;2023-10-21 20:00:00;South Africa;25256.952000000
ZA;2023-10-21 21:00:00;South Africa;23414.920000000
ZA;2023-10-21 22:00:00;South Africa;22164.736000000
ZA;2023-10-21 23:00:00;South Africa;21498.657000000
ZA;2023-10-22 00:00:00;South Africa;20756.019000000
ZA;2023-10-22 01:00:00;South Africa;20226.426000000
ZA;2023-10-22 02:00:00;South Africa;19936.750000000
ZA;2023-10-22 03:00:00;South Africa;19868.435000000
ZA;2023-10-22 04:00:00;South Africa;20124.152000000
ZA;2023-10-22 05:00:00;South Africa;20608.333000000
ZA;2023-10-22 06:00:00;South Africa;21811.641000000
ZA;2023-10-22 07:00:00;South Africa;23437.731000000
ZA;2023-10-22 08:00:00;South Africa;24691.723000000
ZA;2023-10-22 09:00:00;South Africa;25126.315000000
ZA;2023-10-22 10:00:00;South Africa;24985.320000000
ZA;2023-10-22 11:00:00;South Africa;24844.643000000
ZA;2023-10-22 12:00:00;South Africa;24580.336000000
ZA;2023-10-22 13:00:00;South Africa;24366.885000000
ZA;2023-10-22 14:00:00;South Africa;24228.807000000
ZA;2023-10-22 15:00:00;South Africa;24507.329000000
ZA;2023-10-22 16:00:00;South Africa;25063.319000000
ZA;2023-10-22 17:00:00;South Africa;25876.377000000
ZA;2023-10-22 18:00:00;South Africa;27240.377000000
ZA;2023-10-22 19:00:00;South Africa;27671.192000000
ZA;2023-10-22 20:00:00;South Africa;25874.964000000
ZA;2023-10-22 21:00:00;South Africa;23845.514000000
ZA;2023-10-22 22:00:00;South Africa;22136.630000000
ZA;2023-10-22 23:00:00;South Africa;20993.537000000
ZA;2023-10-23 00:00:00;South Africa;20506.193000000
ZA;2023-10-23 01:00:00;South Africa;20344.221000000
ZA;2023-10-23 02:00:00;South Africa;20187.343000000
ZA;2023-10-23 03:00:00;South Africa;20376.799000000
ZA;2023-10-23 04:00:00;South Africa;22053.446000000
ZA;2023-10-23 05:00:00;South Africa;25457.243000000
ZA;2023-10-23 06:00:00;South Africa;26577.261000000
ZA;2023-10-23 07:00:00;South Africa;25906.863000000
ZA;2023-10-23 08:00:00;South Africa;26212.857000000
ZA;2023-10-23 09:00:00;South Africa;25794.176000000
ZA;2023-10-23 10:00:00;South Africa;25500.615000000
ZA;2023-10-23 11:00:00;South Africa;25656.508000000
ZA;2023-10-23 12:00:00;South Africa;25695.388000000
ZA;2023-10-23 13:00:00;South Africa;25598.880000000
ZA;2023-10-23 14:00:00;South Africa;25837.511000000
ZA;2023-10-23 15:00:00;South Africa;26429.085000000
ZA;2023-10-23 16:00:00;South Africa;27120.281000000
ZA;2023-10-23 17:00:00;South Africa;27652.703000000
ZA;2023-10-23 18:00:00;South Africa;28940.374000000
ZA;2023-10-23 19:00:00;South Africa;29226.771000000
ZA;2023-10-23 20:00:00;South Africa;27072.188000000
ZA;2023-10-23 21:00:00;South Africa;24942.816000000
ZA;2023-10-23 22:00:00;South Africa;23201.475000000
ZA;2023-10-23 23:00:00;South Africa;22064.294000000
ZA;2023-10-24 00:00:00;South Africa;21500.584000000
ZA;2023-10-24 01:00:00;South Africa;21194.950000000
ZA;2023-10-24 02:00:00;South Africa;21142.954000000
ZA;2023-10-24 03:00:00;South Africa;21446.590000000
ZA;2023-10-24 04:00:00;South Africa;22915.216000000
ZA;2023-10-24 05:00:00;South Africa;26244.809000000
ZA;2023-10-24 06:00:00;South Africa;26782.201000000
ZA;2023-10-24 07:00:00;South Africa;25910.624000000
ZA;2023-10-24 08:00:00;South Africa;25968.453000000
ZA;2023-10-24 09:00:00;South Africa;25781.739000000
ZA;2023-10-24 10:00:00;South Africa;25870.749000000
ZA;2023-10-24 11:00:00;South Africa;25715.231000000
ZA;2023-10-24 12:00:00;South Africa;25630.173000000
ZA;2023-10-24 13:00:00;South Africa;25581.812000000
ZA;2023-10-24 14:00:00;South Africa;26170.035000000
ZA;2023-10-24 15:00:00;South Africa;26806.767000000
ZA;2023-10-24 16:00:00;South Africa;27433.029000000
ZA;2023-10-24 17:00:00;South Africa;28077.282000000
ZA;2023-10-24 18:00:00;South Africa;28919.942000000
ZA;2023-10-24 19:00:00;South Africa;29008.233000000
ZA;2023-10-24 20:00:00;South Africa;27132.104000000
ZA;2023-10-24 21:00:00;South Africa;25042.633000000
ZA;2023-10-24 22:00:00;South Africa;23123.588000000
ZA;2023-10-24 23:00:00;South Africa;22016.620000000
ZA;2023-10-25 00:00:00;South Africa;21388.496000000
ZA;2023-10-25 01:00:00;South Africa;21367.628000000
ZA;2023-10-25 02:00:00;South Africa;21147.988000000
ZA;2023-10-25 03:00:00;South Africa;21369.894000000
ZA;2023-10-25 04:00:00;South Africa;23046.173000000
ZA;2023-10-25 05:00:00;South Africa;26325.288000000
ZA;2023-10-25 06:00:00;South Africa;26730.926000000
ZA;2023-10-25 07:00:00;South Africa;25757.407000000
ZA;2023-10-25 08:00:00;South Africa;25847.111000000
ZA;2023-10-25 09:00:00;South Africa;25637.999000000
ZA;2023-10-25 10:00:00;South Africa;25526.169000000
ZA;2023-10-25 11:00:00;South Africa;25458.193000000
ZA;2023-10-25 12:00:00;South Africa;25495.923000000
ZA;2023-10-25 13:00:00;South Africa;25513.974000000
ZA;2023-10-25 14:00:00;South Africa;25742.640000000
ZA;2023-10-25 15:00:00;South Africa;26679.256000000
ZA;2023-10-25 16:00:00;South Africa;27244.612000000
ZA;2023-10-25 17:00:00;South Africa;27652.686000000
ZA;2023-10-25 18:00:00;South Africa;28767.585000000
ZA;2023-10-25 19:00:00;South Africa;28945.319000000
ZA;2023-10-25 20:00:00;South Africa;27210.587000000
ZA;2023-10-25 21:00:00;South Africa;25279.730000000
ZA;2023-10-25 22:00:00;South Africa;23541.075000000
ZA;2023-10-25 23:00:00;South Africa;22376.170000000
ZA;2023-10-26 00:00:00;South Africa;21642.559000000
ZA;2023-10-26 01:00:00;South Africa;21402.694000000
ZA;2023-10-26 02:00:00;South Africa;21128.680000000
ZA;2023-10-26 03:00:00;South Africa;21681.505000000
ZA;2023-10-26 04:00:00;South Africa;23120.661000000
ZA;2023-10-26 05:00:00;South Africa;26348.978000000
ZA;2023-10-26 06:00:00;South Africa;26913.733000000
ZA;2023-10-26 07:00:00;South Africa;26013.673000000
ZA;2023-10-26 08:00:00;South Africa;26146.261000000
ZA;2023-10-26 09:00:00;South Africa;25935.412000000
ZA;2023-10-26 10:00:00;South Africa;25861.181000000
ZA;2023-10-26 11:00:00;South Africa;26143.123000000
ZA;2023-10-26 12:00:00;South Africa;25910.950000000
ZA;2023-10-26 13:00:00;South Africa;25928.623000000
ZA;2023-10-26 14:00:00;South Africa;26422.812000000
ZA;2023-10-26 15:00:00;South Africa;26776.319000000
ZA;2023-10-26 16:00:00;South Africa;27079.141000000
ZA;2023-10-26 17:00:00;South Africa;27485.036000000
ZA;2023-10-26 18:00:00;South Africa;28536.458000000
ZA;2023-10-26 19:00:00;South Africa;28956.339000000
ZA;2023-10-26 20:00:00;South Africa;27324.388000000
ZA;2023-10-26 21:00:00;South Africa;25755.631000000
ZA;2023-10-26 22:00:00;South Africa;23744.985000000
ZA;2023-10-26 23:00:00;South Africa;22589.436000000
ZA;2023-10-27 00:00:00;South Africa;21968.382000000
ZA;2023-10-27 01:00:00;South Africa;21767.848000000
ZA;2023-10-27 02:00:00;South Africa;21659.187000000
ZA;2023-10-27 03:00:00;South Africa;21849.237000000
ZA;2023-10-27 04:00:00;South Africa;23230.961000000
ZA;2023-10-27 05:00:00;South Africa;26210.218000000
ZA;2023-10-27 06:00:00;South Africa;26752.067000000
ZA;2023-10-27 07:00:00;South Africa;26306.338000000
ZA;2023-10-27 08:00:00;South Africa;26808.657000000
ZA;2023-10-27 09:00:00;South Africa;26811.676000000
ZA;2023-10-27 10:00:00;South Africa;26590.288000000
ZA;2023-10-27 11:00:00;South Africa;26581.524000000
ZA;2023-10-27 12:00:00;South Africa;26510.485000000
ZA;2023-10-27 13:00:00;South Africa;26483.962000000
ZA;2023-10-27 14:00:00;South Africa;26429.634000000
ZA;2023-10-27 15:00:00;South Africa;26645.280000000
ZA;2023-10-27 16:00:00;South Africa;26582.464000000
ZA;2023-10-27 17:00:00;South Africa;26560.677000000
ZA;2023-10-27 18:00:00;South Africa;27169.886000000
ZA;2023-10-27 19:00:00;South Africa;27383.490000000
ZA;2023-10-27 20:00:00;South Africa;24929.038000000
ZA;2023-10-27 21:00:00;South Africa;23679.173000000
ZA;2023-10-27 22:00:00;South Africa;23004.115000000
ZA;2023-10-27 23:00:00;South Africa;22654.028000000
ZA;2023-10-28 00:00:00;South Africa;22062.832000000
ZA;2023-10-28 01:00:00;South Africa;21865.764000000
ZA;2023-10-28 02:00:00;South Africa;21452.821000000
ZA;2023-10-28 03:00:00;South Africa;21450.415000000
ZA;2023-10-28 04:00:00;South Africa;21893.146000000
ZA;2023-10-28 05:00:00;South Africa;22739.301000000
ZA;2023-10-28 06:00:00;South Africa;23899.425000000
ZA;2023-10-28 07:00:00;South Africa;25132.637000000
ZA;2023-10-28 08:00:00;South Africa;26166.654000000
ZA;2023-10-28 09:00:00;South Africa;26382.229000000
ZA;2023-10-28 10:00:00;South Africa;26030.878000000
ZA;2023-10-28 11:00:00;South Africa;26042.189000000
ZA;2023-10-28 12:00:00;South Africa;25950.451000000
ZA;2023-10-28 13:00:00;South Africa;25482.951000000
ZA;2023-10-28 14:00:00;South Africa;25385.017000000
ZA;2023-10-28 15:00:00;South Africa;25674.340000000
ZA;2023-10-28 16:00:00;South Africa;25968.405000000
ZA;2023-10-28 17:00:00;South Africa;26157.705000000
ZA;2023-10-28 18:00:00;South Africa;26620.795000000
ZA;2023-10-28 19:00:00;South Africa;26321.876000000
ZA;2023-10-28 20:00:00;South Africa;25124.890000000
ZA;2023-10-28 21:00:00;South Africa;23651.285000000
ZA;2023-10-28 22:00:00;South Africa;22685.840000000
ZA;2023-10-28 23:00:00;South Africa;21976.083000000
ZA;2023-10-29 00:00:00;South Africa;21379.474000000
ZA;2023-10-29 01:00:00;South Africa;20862.465000000
ZA;2023-10-29 02:00:00;South Africa;20418.221000000
ZA;2023-10-29 03:00:00;South Africa;20439.273000000
ZA;2023-10-29 04:00:00;South Africa;20667.591000000
ZA;2023-10-29 05:00:00;South Africa;21138.338000000
ZA;2023-10-29 06:00:00;South Africa;22240.099000000
ZA;2023-10-29 07:00:00;South Africa;23888.628000000
ZA;2023-10-29 08:00:00;South Africa;25143.818000000
ZA;2023-10-29 09:00:00;South Africa;26000.175000000
ZA;2023-10-29 10:00:00;South Africa;26142.068000000
ZA;2023-10-29 11:00:00;South Africa;26172.729000000
ZA;2023-10-29 12:00:00;South Africa;26269.954000000
ZA;2023-10-29 13:00:00;South Africa;26029.654000000
ZA;2023-10-29 14:00:00;South Africa;25709.467000000
ZA;2023-10-29 15:00:00;South Africa;25830.165000000
ZA;2023-10-29 16:00:00;South Africa;26361.016000000
ZA;2023-10-29 17:00:00;South Africa;26998.258000000
ZA;2023-10-29 18:00:00;South Africa;28203.764000000
ZA;2023-10-29 19:00:00;South Africa;28215.880000000
ZA;2023-10-29 20:00:00;South Africa;26617.648000000
ZA;2023-10-29 21:00:00;South Africa;24319.676000000
ZA;2023-10-29 22:00:00;South Africa;22583.931000000
ZA;2023-10-29 23:00:00;South Africa;21563.441000000
ZA;2023-10-30 00:00:00;South Africa;21150.527000000
ZA;2023-10-30 01:00:00;South Africa;20782.687000000
ZA;2023-10-30 02:00:00;South Africa;20693.666000000
ZA;2023-10-30 03:00:00;South Africa;21174.833000000
ZA;2023-10-30 04:00:00;South Africa;22678.510000000
ZA;2023-10-30 05:00:00;South Africa;25738.211000000
ZA;2023-10-30 06:00:00;South Africa;27226.988000000
ZA;2023-10-30 07:00:00;South Africa;27168.101000000
ZA;2023-10-30 08:00:00;South Africa;28229.338000000
ZA;2023-10-30 09:00:00;South Africa;28750.856000000
ZA;2023-10-30 10:00:00;South Africa;28985.537000000
ZA;2023-10-30 11:00:00;South Africa;29011.522000000
ZA;2023-10-30 12:00:00;South Africa;29251.070000000
ZA;2023-10-30 13:00:00;South Africa;29430.278000000
ZA;2023-10-30 14:00:00;South Africa;29817.766000000
ZA;2023-10-30 15:00:00;South Africa;30465.323000000
ZA;2023-10-30 16:00:00;South Africa;30814.386000000
ZA;2023-10-30 17:00:00;South Africa;31157.788000000
ZA;2023-10-30 18:00:00;South Africa;31447.137000000
ZA;2023-10-30 19:00:00;South Africa;31142.631000000
ZA;2023-10-30 20:00:00;South Africa;29179.277000000
ZA;2023-10-30 21:00:00;South Africa;26671.806000000
ZA;2023-10-30 22:00:00;South Africa;24436.129000000
ZA;2023-10-30 23:00:00;South Africa;23126.041000000
ZA;2023-10-31 00:00:00;South Africa;22583.530000000
ZA;2023-10-31 01:00:00;South Africa;22171.258000000
ZA;2023-10-31 02:00:00;South Africa;22004.423000000
ZA;2023-10-31 03:00:00;South Africa;22167.443000000
ZA;2023-10-31 04:00:00;South Africa;23685.894000000
ZA;2023-10-31 05:00:00;South Africa;27031.852000000
ZA;2023-10-31 06:00:00;South Africa;28360.776000000
ZA;2023-10-31 07:00:00;South Africa;28100.926000000
ZA;2023-10-31 08:00:00;South Africa;29093.510000000
ZA;2023-10-31 09:00:00;South Africa;29333.161000000
ZA;2023-10-31 10:00:00;South Africa;29662.401000000
ZA;2023-10-31 11:00:00;South Africa;29551.153000000
ZA;2023-10-31 12:00:00;South Africa;29842.743000000
ZA;2023-10-31 13:00:00;South Africa;29904.982000000
ZA;2023-10-31 14:00:00;South Africa;30117.969000000
ZA;2023-10-31 15:00:00;South Africa;30369.725000000
ZA;2023-10-31 16:00:00;South Africa;30678.783000000
ZA;2023-10-31 17:00:00;South Africa;30933.729000000
ZA;2023-10-31 18:00:00;South Africa;31940.184000000
ZA;2023-10-31 19:00:00;South Africa;31378.585000000
ZA;2023-10-31 20:00:00;South Africa;29636.529000000
ZA;2023-10-31 21:00:00;South Africa;27091.645000000
ZA;2023-10-31 22:00:00;South Africa;24744.481000000
ZA;2023-10-31 23:00:00;South Africa;23255.958000000
ZA;2023-11-01 00:00:00;South Africa;22477.356000000
ZA;2023-11-01 01:00:00;South Africa;22144.118000000
ZA;2023-11-01 02:00:00;South Africa;21989.340000000
ZA;2023-11-01 03:00:00;South Africa;22205.761000000
ZA;2023-11-01 04:00:00;South Africa;24019.022000000
ZA;2023-11-01 05:00:00;South Africa;27224.964000000
ZA;2023-11-01 06:00:00;South Africa;28392.301000000
ZA;2023-11-01 07:00:00;South Africa;27684.612000000
ZA;2023-11-01 08:00:00;South Africa;27988.095000000
ZA;2023-11-01 09:00:00;South Africa;27791.402000000
ZA;2023-11-01 10:00:00;South Africa;27394.483000000
ZA;2023-11-01 11:00:00;South Africa;27045.148000000
ZA;2023-11-01 12:00:00;South Africa;26727.161000000
ZA;2023-11-01 13:00:00;South Africa;26651.310000000
ZA;2023-11-01 14:00:00;South Africa;27047.681000000
ZA;2023-11-01 15:00:00;South Africa;27874.446000000
ZA;2023-11-01 16:00:00;South Africa;28662.457000000
ZA;2023-11-01 17:00:00;South Africa;29166.687000000
ZA;2023-11-01 18:00:00;South Africa;30409.641000000
ZA;2023-11-01 19:00:00;South Africa;30405.546000000
ZA;2023-11-01 20:00:00;South Africa;28459.600000000
ZA;2023-11-01 21:00:00;South Africa;26085.181000000
ZA;2023-11-01 22:00:00;South Africa;24232.123000000
ZA;2023-11-01 23:00:00;South Africa;22876.974000000
ZA;2023-11-02 00:00:00;South Africa;22106.210000000
ZA;2023-11-02 01:00:00;South Africa;21755.110000000
ZA;2023-11-02 02:00:00;South Africa;21723.059000000
ZA;2023-11-02 03:00:00;South Africa;22008.060000000
ZA;2023-11-02 04:00:00;South Africa;23611.190000000
ZA;2023-11-02 05:00:00;South Africa;26946.445000000
ZA;2023-11-02 06:00:00;South Africa;27814.214000000
ZA;2023-11-02 07:00:00;South Africa;27124.939000000
ZA;2023-11-02 08:00:00;South Africa;27093.735000000
ZA;2023-11-02 09:00:00;South Africa;26704.291000000
ZA;2023-11-02 10:00:00;South Africa;26443.041000000
ZA;2023-11-02 11:00:00;South Africa;26372.835000000
ZA;2023-11-02 12:00:00;South Africa;26149.822000000
ZA;2023-11-02 13:00:00;South Africa;26135.347000000
ZA;2023-11-02 14:00:00;South Africa;26554.888000000
ZA;2023-11-02 15:00:00;South Africa;27202.290000000
ZA;2023-11-02 16:00:00;South Africa;27888.455000000
ZA;2023-11-02 17:00:00;South Africa;28517.691000000
ZA;2023-11-02 18:00:00;South Africa;29919.960000000
ZA;2023-11-02 19:00:00;South Africa;30094.494000000
ZA;2023-11-02 20:00:00;South Africa;28029.107000000
ZA;2023-11-02 21:00:00;South Africa;25779.599000000
ZA;2023-11-02 22:00:00;South Africa;23998.597000000
ZA;2023-11-02 23:00:00;South Africa;22631.009000000
ZA;2023-11-03 00:00:00;South Africa;22154.151000000
ZA;2023-11-03 01:00:00;South Africa;21762.533000000
ZA;2023-11-03 02:00:00;South Africa;21755.546000000
ZA;2023-11-03 03:00:00;South Africa;22065.742000000
ZA;2023-11-03 04:00:00;South Africa;23523.729000000
ZA;2023-11-03 05:00:00;South Africa;26860.266000000
ZA;2023-11-03 06:00:00;South Africa;27903.369000000
ZA;2023-11-03 07:00:00;South Africa;27335.263000000
ZA;2023-11-03 08:00:00;South Africa;27525.593000000
ZA;2023-11-03 09:00:00;South Africa;27175.438000000
ZA;2023-11-03 10:00:00;South Africa;27040.075000000
ZA;2023-11-03 11:00:00;South Africa;26930.235000000
ZA;2023-11-03 12:00:00;South Africa;26501.505000000
ZA;2023-11-03 13:00:00;South Africa;26290.942000000
ZA;2023-11-03 14:00:00;South Africa;26589.304000000
ZA;2023-11-03 15:00:00;South Africa;26865.765000000
ZA;2023-11-03 16:00:00;South Africa;27369.222000000
ZA;2023-11-03 17:00:00;South Africa;27748.862000000
ZA;2023-11-03 18:00:00;South Africa;28682.887000000
ZA;2023-11-03 19:00:00;South Africa;28601.320000000
ZA;2023-11-03 20:00:00;South Africa;27051.952000000
ZA;2023-11-03 21:00:00;South Africa;25275.746000000
ZA;2023-11-03 22:00:00;South Africa;23834.059000000
ZA;2023-11-03 23:00:00;South Africa;22748.742000000
ZA;2023-11-04 00:00:00;South Africa;22398.126000000
ZA;2023-11-04 01:00:00;South Africa;21891.784000000
ZA;2023-11-04 02:00:00;South Africa;21637.927000000
ZA;2023-11-04 03:00:00;South Africa;21652.118000000
ZA;2023-11-04 04:00:00;South Africa;22115.246000000
ZA;2023-11-04 05:00:00;South Africa;22891.021000000
ZA;2023-11-04 06:00:00;South Africa;24300.471000000
ZA;2023-11-04 07:00:00;South Africa;25582.278000000
ZA;2023-11-04 08:00:00;South Africa;26659.741000000
ZA;2023-11-04 09:00:00;South Africa;26753.060000000
ZA;2023-11-04 10:00:00;South Africa;26297.217000000
ZA;2023-11-04 11:00:00;South Africa;26070.636000000
ZA;2023-11-04 12:00:00;South Africa;25941.032000000
ZA;2023-11-04 13:00:00;South Africa;25708.799000000
ZA;2023-11-04 14:00:00;South Africa;25575.624000000
ZA;2023-11-04 15:00:00;South Africa;25693.114000000
ZA;2023-11-04 16:00:00;South Africa;26146.036000000
ZA;2023-11-04 17:00:00;South Africa;26444.376000000
ZA;2023-11-04 18:00:00;South Africa;27495.110000000
ZA;2023-11-04 19:00:00;South Africa;27409.368000000
ZA;2023-11-04 20:00:00;South Africa;25855.209000000
ZA;2023-11-04 21:00:00;South Africa;24205.692000000
ZA;2023-11-04 22:00:00;South Africa;23030.190000000
ZA;2023-11-04 23:00:00;South Africa;22038.562000000
ZA;2023-11-05 00:00:00;South Africa;21229.082000000
ZA;2023-11-05 01:00:00;South Africa;20700.595000000
ZA;2023-11-05 02:00:00;South Africa;20460.988000000
ZA;2023-11-05 03:00:00;South Africa;20375.045000000
ZA;2023-11-05 04:00:00;South Africa;20834.326000000
ZA;2023-11-05 05:00:00;South Africa;21646.909000000
ZA;2023-11-05 06:00:00;South Africa;23061.155000000
ZA;2023-11-05 07:00:00;South Africa;24505.533000000
ZA;2023-11-05 08:00:00;South Africa;25513.259000000
ZA;2023-11-05 09:00:00;South Africa;25616.236000000
ZA;2023-11-05 10:00:00;South Africa;25386.161000000
ZA;2023-11-05 11:00:00;South Africa;25082.996000000
ZA;2023-11-05 12:00:00;South Africa;25098.417000000
ZA;2023-11-05 13:00:00;South Africa;24867.550000000
ZA;2023-11-05 14:00:00;South Africa;24728.264000000
ZA;2023-11-05 15:00:00;South Africa;25028.052000000
ZA;2023-11-05 16:00:00;South Africa;25419.564000000
ZA;2023-11-05 17:00:00;South Africa;26169.704000000
ZA;2023-11-05 18:00:00;South Africa;27351.412000000
ZA;2023-11-05 19:00:00;South Africa;27729.582000000
ZA;2023-11-05 20:00:00;South Africa;26097.475000000
ZA;2023-11-05 21:00:00;South Africa;24063.866000000
ZA;2023-11-05 22:00:00;South Africa;22575.698000000
ZA;2023-11-05 23:00:00;South Africa;21524.568000000
ZA;2023-11-06 00:00:00;South Africa;21271.812000000
ZA;2023-11-06 01:00:00;South Africa;20992.679000000
ZA;2023-11-06 02:00:00;South Africa;20760.735000000
ZA;2023-11-06 03:00:00;South Africa;21112.094000000
ZA;2023-11-06 04:00:00;South Africa;22500.218000000
ZA;2023-11-06 05:00:00;South Africa;25629.447000000
ZA;2023-11-06 06:00:00;South Africa;26356.501000000
ZA;2023-11-06 07:00:00;South Africa;25601.250000000
ZA;2023-11-06 08:00:00;South Africa;25913.883000000
ZA;2023-11-06 09:00:00;South Africa;25890.010000000
ZA;2023-11-06 10:00:00;South Africa;26001.411000000
ZA;2023-11-06 11:00:00;South Africa;26083.016000000
ZA;2023-11-06 12:00:00;South Africa;25969.757000000
ZA;2023-11-06 13:00:00;South Africa;25989.968000000
ZA;2023-11-06 14:00:00;South Africa;26578.146000000
ZA;2023-11-06 15:00:00;South Africa;26841.548000000
ZA;2023-11-06 16:00:00;South Africa;27690.263000000
ZA;2023-11-06 17:00:00;South Africa;28002.340000000
ZA;2023-11-06 18:00:00;South Africa;29058.656000000
ZA;2023-11-06 19:00:00;South Africa;29194.729000000
ZA;2023-11-06 20:00:00;South Africa;27531.697000000
ZA;2023-11-06 21:00:00;South Africa;25426.125000000
ZA;2023-11-06 22:00:00;South Africa;23641.394000000
ZA;2023-11-06 23:00:00;South Africa;22437.823000000
ZA;2023-11-07 00:00:00;South Africa;21943.886000000
ZA;2023-11-07 01:00:00;South Africa;21841.428000000
ZA;2023-11-07 02:00:00;South Africa;21943.110000000
ZA;2023-11-07 03:00:00;South Africa;21881.406000000
ZA;2023-11-07 04:00:00;South Africa;22997.782000000
ZA;2023-11-07 05:00:00;South Africa;26176.167000000
ZA;2023-11-07 06:00:00;South Africa;27261.839000000
ZA;2023-11-07 07:00:00;South Africa;26735.623000000
ZA;2023-11-07 08:00:00;South Africa;27385.041000000
ZA;2023-11-07 09:00:00;South Africa;27808.012000000
ZA;2023-11-07 10:00:00;South Africa;28020.311000000
ZA;2023-11-07 11:00:00;South Africa;28298.099000000
ZA;2023-11-07 12:00:00;South Africa;28274.204000000
ZA;2023-11-07 13:00:00;South Africa;28401.300000000
ZA;2023-11-07 14:00:00;South Africa;28683.860000000
ZA;2023-11-07 15:00:00;South Africa;28840.726000000
ZA;2023-11-07 16:00:00;South Africa;29050.866000000
ZA;2023-11-07 17:00:00;South Africa;29559.240000000
ZA;2023-11-07 18:00:00;South Africa;30197.310000000
ZA;2023-11-07 19:00:00;South Africa;30222.944000000
ZA;2023-11-07 20:00:00;South Africa;28095.970000000
ZA;2023-11-07 21:00:00;South Africa;26023.959000000
ZA;2023-11-07 22:00:00;South Africa;24064.315000000
ZA;2023-11-07 23:00:00;South Africa;22822.991000000
ZA;2023-11-08 00:00:00;South Africa;22234.542000000
ZA;2023-11-08 01:00:00;South Africa;21924.458000000
ZA;2023-11-08 02:00:00;South Africa;21899.173000000
ZA;2023-11-08 03:00:00;South Africa;22137.497000000
ZA;2023-11-08 04:00:00;South Africa;23744.139000000
ZA;2023-11-08 05:00:00;South Africa;26827.337000000
ZA;2023-11-08 06:00:00;South Africa;27641.386000000
ZA;2023-11-08 07:00:00;South Africa;26654.156000000
ZA;2023-11-08 08:00:00;South Africa;26642.795000000
ZA;2023-11-08 09:00:00;South Africa;26306.799000000
ZA;2023-11-08 10:00:00;South Africa;25944.905000000
ZA;2023-11-08 11:00:00;South Africa;25731.832000000
ZA;2023-11-08 12:00:00;South Africa;25607.137000000
ZA;2023-11-08 13:00:00;South Africa;25727.986000000
ZA;2023-11-08 14:00:00;South Africa;25853.203000000
ZA;2023-11-08 15:00:00;South Africa;26376.660000000
ZA;2023-11-08 16:00:00;South Africa;27327.299000000
ZA;2023-11-08 17:00:00;South Africa;27877.424000000
ZA;2023-11-08 18:00:00;South Africa;28896.632000000
ZA;2023-11-08 19:00:00;South Africa;29111.167000000
ZA;2023-11-08 20:00:00;South Africa;27564.983000000
ZA;2023-11-08 21:00:00;South Africa;25439.507000000
ZA;2023-11-08 22:00:00;South Africa;23649.572000000
ZA;2023-11-08 23:00:00;South Africa;22495.296000000
ZA;2023-11-09 00:00:00;South Africa;21888.686000000
ZA;2023-11-09 01:00:00;South Africa;21520.965000000
ZA;2023-11-09 02:00:00;South Africa;21633.442000000
ZA;2023-11-09 03:00:00;South Africa;21860.652000000
ZA;2023-11-09 04:00:00;South Africa;23397.475000000
ZA;2023-11-09 05:00:00;South Africa;26392.691000000
ZA;2023-11-09 06:00:00;South Africa;27072.063000000
ZA;2023-11-09 07:00:00;South Africa;26252.156000000
ZA;2023-11-09 08:00:00;South Africa;26406.385000000
ZA;2023-11-09 09:00:00;South Africa;26049.945000000
ZA;2023-11-09 10:00:00;South Africa;25757.806000000
ZA;2023-11-09 11:00:00;South Africa;25912.687000000
ZA;2023-11-09 12:00:00;South Africa;26036.247000000
ZA;2023-11-09 13:00:00;South Africa;25995.207000000
ZA;2023-11-09 14:00:00;South Africa;26566.208000000
ZA;2023-11-09 15:00:00;South Africa;27210.742000000
ZA;2023-11-09 16:00:00;South Africa;28032.035000000
ZA;2023-11-09 17:00:00;South Africa;28526.616000000
ZA;2023-11-09 18:00:00;South Africa;29627.941000000
ZA;2023-11-09 19:00:00;South Africa;29815.096000000
ZA;2023-11-09 20:00:00;South Africa;27911.695000000
ZA;2023-11-09 21:00:00;South Africa;25695.641000000
ZA;2023-11-09 22:00:00;South Africa;23938.327000000
ZA;2023-11-09 23:00:00;South Africa;22738.551000000
ZA;2023-11-10 00:00:00;South Africa;22210.287000000
ZA;2023-11-10 01:00:00;South Africa;21900.716000000
ZA;2023-11-10 02:00:00;South Africa;21783.811000000
ZA;2023-11-10 03:00:00;South Africa;22016.713000000
ZA;2023-11-10 04:00:00;South Africa;23360.304000000
ZA;2023-11-10 05:00:00;South Africa;26596.105000000
ZA;2023-11-10 06:00:00;South Africa;27201.291000000
ZA;2023-11-10 07:00:00;South Africa;26448.998000000
ZA;2023-11-10 08:00:00;South Africa;26641.862000000
ZA;2023-11-10 09:00:00;South Africa;26359.505000000
ZA;2023-11-10 10:00:00;South Africa;26297.494000000
ZA;2023-11-10 11:00:00;South Africa;26484.222000000
ZA;2023-11-10 12:00:00;South Africa;26295.751000000
ZA;2023-11-10 13:00:00;South Africa;26132.739000000
ZA;2023-11-10 14:00:00;South Africa;26296.254000000
ZA;2023-11-10 15:00:00;South Africa;26346.126000000
ZA;2023-11-10 16:00:00;South Africa;26860.035000000
ZA;2023-11-10 17:00:00;South Africa;27202.972000000
ZA;2023-11-10 18:00:00;South Africa;27931.970000000
ZA;2023-11-10 19:00:00;South Africa;28575.076000000
ZA;2023-11-10 20:00:00;South Africa;27281.721000000
ZA;2023-11-10 21:00:00;South Africa;25603.614000000
ZA;2023-11-10 22:00:00;South Africa;23914.910000000
ZA;2023-11-10 23:00:00;South Africa;22906.330000000
ZA;2023-11-11 00:00:00;South Africa;22414.347000000
ZA;2023-11-11 01:00:00;South Africa;22058.058000000
ZA;2023-11-11 02:00:00;South Africa;21784.824000000
ZA;2023-11-11 03:00:00;South Africa;21713.343000000
ZA;2023-11-11 04:00:00;South Africa;22443.100000000
ZA;2023-11-11 05:00:00;South Africa;23343.398000000
ZA;2023-11-11 06:00:00;South Africa;23944.053000000
ZA;2023-11-11 07:00:00;South Africa;25266.467000000
ZA;2023-11-11 08:00:00;South Africa;26156.368000000
ZA;2023-11-11 09:00:00;South Africa;26329.085000000
ZA;2023-11-11 10:00:00;South Africa;26155.385000000
ZA;2023-11-11 11:00:00;South Africa;26136.467000000
ZA;2023-11-11 12:00:00;South Africa;25802.240000000
ZA;2023-11-11 13:00:00;South Africa;25417.238000000
ZA;2023-11-11 14:00:00;South Africa;25341.233000000
ZA;2023-11-11 15:00:00;South Africa;25325.189000000
ZA;2023-11-11 16:00:00;South Africa;25574.442000000
ZA;2023-11-11 17:00:00;South Africa;25895.606000000
ZA;2023-11-11 18:00:00;South Africa;27005.540000000
ZA;2023-11-11 19:00:00;South Africa;27290.583000000
ZA;2023-11-11 20:00:00;South Africa;25947.400000000
ZA;2023-11-11 21:00:00;South Africa;24219.480000000
ZA;2023-11-11 22:00:00;South Africa;22889.172000000
ZA;2023-11-11 23:00:00;South Africa;22027.107000000
ZA;2023-11-12 00:00:00;South Africa;21470.420000000
ZA;2023-11-12 01:00:00;South Africa;20917.409000000
ZA;2023-11-12 02:00:00;South Africa;20773.416000000
ZA;2023-11-12 03:00:00;South Africa;20865.097000000
ZA;2023-11-12 04:00:00;South Africa;21215.106000000
ZA;2023-11-12 05:00:00;South Africa;21706.247000000
ZA;2023-11-12 06:00:00;South Africa;22948.769000000
ZA;2023-11-12 07:00:00;South Africa;24406.560000000
ZA;2023-11-12 08:00:00;South Africa;25374.723000000
ZA;2023-11-12 09:00:00;South Africa;25671.239000000
ZA;2023-11-12 10:00:00;South Africa;25541.590000000
ZA;2023-11-12 11:00:00;South Africa;25330.200000000
ZA;2023-11-12 12:00:00;South Africa;25202.631000000
ZA;2023-11-12 13:00:00;South Africa;24891.787000000
ZA;2023-11-12 14:00:00;South Africa;24729.312000000
ZA;2023-11-12 15:00:00;South Africa;24754.080000000
ZA;2023-11-12 16:00:00;South Africa;25364.484000000
ZA;2023-11-12 17:00:00;South Africa;26225.797000000
ZA;2023-11-12 18:00:00;South Africa;27267.081000000
ZA;2023-11-12 19:00:00;South Africa;27380.912000000
ZA;2023-11-12 20:00:00;South Africa;25853.525000000
ZA;2023-11-12 21:00:00;South Africa;23791.842000000
ZA;2023-11-12 22:00:00;South Africa;22211.983000000
ZA;2023-11-12 23:00:00;South Africa;21262.273000000
ZA;2023-11-13 00:00:00;South Africa;21100.541000000
ZA;2023-11-13 01:00:00;South Africa;20940.703000000
ZA;2023-11-13 02:00:00;South Africa;20897.287000000
ZA;2023-11-13 03:00:00;South Africa;21188.108000000
ZA;2023-11-13 04:00:00;South Africa;22600.064000000
ZA;2023-11-13 05:00:00;South Africa;25845.157000000
ZA;2023-11-13 06:00:00;South Africa;26756.815000000
ZA;2023-11-13 07:00:00;South Africa;25968.426000000
ZA;2023-11-13 08:00:00;South Africa;26348.713000000
ZA;2023-11-13 09:00:00;South Africa;26423.031000000
ZA;2023-11-13 10:00:00;South Africa;26747.150000000
ZA;2023-11-13 11:00:00;South Africa;26744.062000000
ZA;2023-11-13 12:00:00;South Africa;26592.313000000
ZA;2023-11-13 13:00:00;South Africa;26564.889000000
ZA;2023-11-13 14:00:00;South Africa;27052.333000000
ZA;2023-11-13 15:00:00;South Africa;27550.446000000
ZA;2023-11-13 16:00:00;South Africa;28316.906000000
ZA;2023-11-13 17:00:00;South Africa;28883.732000000
ZA;2023-11-13 18:00:00;South Africa;29829.989000000
ZA;2023-11-13 19:00:00;South Africa;29808.197000000
ZA;2023-11-13 20:00:00;South Africa;28356.359000000
ZA;2023-11-13 21:00:00;South Africa;25992.550000000
ZA;2023-11-13 22:00:00;South Africa;24074.900000000
ZA;2023-11-13 23:00:00;South Africa;22876.589000000
ZA;2023-11-14 00:00:00;South Africa;22580.070000000
ZA;2023-11-14 01:00:00;South Africa;22110.230000000
ZA;2023-11-14 02:00:00;South Africa;22212.575000000
ZA;2023-11-14 03:00:00;South Africa;22368.883000000
ZA;2023-11-14 04:00:00;South Africa;23886.179000000
ZA;2023-11-14 05:00:00;South Africa;26514.257000000
ZA;2023-11-14 06:00:00;South Africa;27317.323000000
ZA;2023-11-14 07:00:00;South Africa;26964.605000000
ZA;2023-11-14 08:00:00;South Africa;27636.955000000
ZA;2023-11-14 09:00:00;South Africa;27784.442000000
ZA;2023-11-14 10:00:00;South Africa;27763.702000000
ZA;2023-11-14 11:00:00;South Africa;27733.102000000
ZA;2023-11-14 12:00:00;South Africa;27901.228000000
ZA;2023-11-14 13:00:00;South Africa;28084.305000000
ZA;2023-11-14 14:00:00;South Africa;28414.332000000
ZA;2023-11-14 15:00:00;South Africa;28807.472000000
ZA;2023-11-14 16:00:00;South Africa;29321.589000000
ZA;2023-11-14 17:00:00;South Africa;29662.794000000
ZA;2023-11-14 18:00:00;South Africa;30328.459000000
ZA;2023-11-14 19:00:00;South Africa;30370.047000000
ZA;2023-11-14 20:00:00;South Africa;28722.487000000
ZA;2023-11-14 21:00:00;South Africa;26199.373000000
ZA;2023-11-14 22:00:00;South Africa;24217.361000000
ZA;2023-11-14 23:00:00;South Africa;22909.952000000
ZA;2023-11-15 00:00:00;South Africa;22321.480000000
ZA;2023-11-15 01:00:00;South Africa;21996.880000000
ZA;2023-11-15 02:00:00;South Africa;22048.324000000
ZA;2023-11-15 03:00:00;South Africa;22156.219000000
ZA;2023-11-15 04:00:00;South Africa;23943.118000000
ZA;2023-11-15 05:00:00;South Africa;27248.621000000
ZA;2023-11-15 06:00:00;South Africa;28029.170000000
ZA;2023-11-15 07:00:00;South Africa;27227.015000000
ZA;2023-11-15 08:00:00;South Africa;27333.808000000
ZA;2023-11-15 09:00:00;South Africa;26995.922000000
ZA;2023-11-15 10:00:00;South Africa;26778.663000000
ZA;2023-11-15 11:00:00;South Africa;26575.664000000
ZA;2023-11-15 12:00:00;South Africa;26422.586000000
ZA;2023-11-15 13:00:00;South Africa;26413.247000000
ZA;2023-11-15 14:00:00;South Africa;26640.284000000
ZA;2023-11-15 15:00:00;South Africa;27226.819000000
ZA;2023-11-15 16:00:00;South Africa;28068.715000000
ZA;2023-11-15 17:00:00;South Africa;28634.765000000
ZA;2023-11-15 18:00:00;South Africa;29641.776000000
ZA;2023-11-15 19:00:00;South Africa;29849.222000000
ZA;2023-11-15 20:00:00;South Africa;28418.326000000
ZA;2023-11-15 21:00:00;South Africa;26064.176000000
ZA;2023-11-15 22:00:00;South Africa;24171.414000000
ZA;2023-11-15 23:00:00;South Africa;22826.779000000
ZA;2023-11-16 00:00:00;South Africa;22451.715000000
ZA;2023-11-16 01:00:00;South Africa;22047.771000000
ZA;2023-11-16 02:00:00;South Africa;22028.913000000
ZA;2023-11-16 03:00:00;South Africa;22305.008000000
ZA;2023-11-16 04:00:00;South Africa;23966.954000000
ZA;2023-11-16 05:00:00;South Africa;26845.821000000
ZA;2023-11-16 06:00:00;South Africa;27564.406000000
ZA;2023-11-16 07:00:00;South Africa;26884.317000000
ZA;2023-11-16 08:00:00;South Africa;26973.027000000
ZA;2023-11-16 09:00:00;South Africa;26765.509000000
ZA;2023-11-16 10:00:00;South Africa;26555.667000000
ZA;2023-11-16 11:00:00;South Africa;26504.085000000
ZA;2023-11-16 12:00:00;South Africa;26576.114000000
ZA;2023-11-16 13:00:00;South Africa;27038.203000000
ZA;2023-11-16 14:00:00;South Africa;27151.583000000
ZA;2023-11-16 15:00:00;South Africa;27736.291000000
ZA;2023-11-16 16:00:00;South Africa;28347.988000000
ZA;2023-11-16 17:00:00;South Africa;28953.311000000
ZA;2023-11-16 18:00:00;South Africa;29808.839000000
ZA;2023-11-16 19:00:00;South Africa;30035.213000000
ZA;2023-11-16 20:00:00;South Africa;28438.400000000
ZA;2023-11-16 21:00:00;South Africa;26315.325000000
ZA;2023-11-16 22:00:00;South Africa;24371.230000000
ZA;2023-11-16 23:00:00;South Africa;22993.033000000
ZA;2023-11-17 00:00:00;South Africa;22418.106000000
ZA;2023-11-17 01:00:00;South Africa;21906.247000000
ZA;2023-11-17 02:00:00;South Africa;21934.716000000
ZA;2023-11-17 03:00:00;South Africa;22237.267000000
ZA;2023-11-17 04:00:00;South Africa;23950.189000000
ZA;2023-11-17 05:00:00;South Africa;27044.474000000
ZA;2023-11-17 06:00:00;South Africa;27655.480000000
ZA;2023-11-17 07:00:00;South Africa;27082.493000000
ZA;2023-11-17 08:00:00;South Africa;27559.706000000
ZA;2023-11-17 09:00:00;South Africa;27330.829000000
ZA;2023-11-17 10:00:00;South Africa;27357.011000000
ZA;2023-11-17 11:00:00;South Africa;27338.665000000
ZA;2023-11-17 12:00:00;South Africa;27110.323000000
ZA;2023-11-17 13:00:00;South Africa;26984.529000000
ZA;2023-11-17 14:00:00;South Africa;27227.511000000
ZA;2023-11-17 15:00:00;South Africa;27282.082000000
ZA;2023-11-17 16:00:00;South Africa;27732.802000000
ZA;2023-11-17 17:00:00;South Africa;27918.160000000
ZA;2023-11-17 18:00:00;South Africa;28609.460000000
ZA;2023-11-17 19:00:00;South Africa;28736.671000000
ZA;2023-11-17 20:00:00;South Africa;27363.247000000
ZA;2023-11-17 21:00:00;South Africa;25699.810000000
ZA;2023-11-17 22:00:00;South Africa;24212.227000000
ZA;2023-11-17 23:00:00;South Africa;23058.194000000
ZA;2023-11-18 00:00:00;South Africa;22708.461000000
ZA;2023-11-18 01:00:00;South Africa;22309.177000000
ZA;2023-11-18 02:00:00;South Africa;22131.963000000
ZA;2023-11-18 03:00:00;South Africa;22139.011000000
ZA;2023-11-18 04:00:00;South Africa;22728.287000000
ZA;2023-11-18 05:00:00;South Africa;23429.921000000
ZA;2023-11-18 06:00:00;South Africa;24419.243000000
ZA;2023-11-18 07:00:00;South Africa;25670.226000000
ZA;2023-11-18 08:00:00;South Africa;26491.792000000
ZA;2023-11-18 09:00:00;South Africa;26674.290000000
ZA;2023-11-18 10:00:00;South Africa;26569.124000000
ZA;2023-11-18 11:00:00;South Africa;26368.119000000
ZA;2023-11-18 12:00:00;South Africa;26183.370000000
ZA;2023-11-18 13:00:00;South Africa;25805.249000000
ZA;2023-11-18 14:00:00;South Africa;25651.865000000
ZA;2023-11-18 15:00:00;South Africa;25857.410000000
ZA;2023-11-18 16:00:00;South Africa;26156.912000000
ZA;2023-11-18 17:00:00;South Africa;26303.839000000
ZA;2023-11-18 18:00:00;South Africa;26988.505000000
ZA;2023-11-18 19:00:00;South Africa;27440.412000000
ZA;2023-11-18 20:00:00;South Africa;26194.303000000
ZA;2023-11-18 21:00:00;South Africa;24487.059000000
ZA;2023-11-18 22:00:00;South Africa;23159.802000000
ZA;2023-11-18 23:00:00;South Africa;22105.509000000
ZA;2023-11-19 00:00:00;South Africa;21565.271000000
ZA;2023-11-19 01:00:00;South Africa;21084.423000000
ZA;2023-11-19 02:00:00;South Africa;20956.536000000
ZA;2023-11-19 03:00:00;South Africa;20953.251000000
ZA;2023-11-19 04:00:00;South Africa;21275.481000000
ZA;2023-11-19 05:00:00;South Africa;21923.484000000
ZA;2023-11-19 06:00:00;South Africa;23087.284000000
ZA;2023-11-19 07:00:00;South Africa;24577.018000000
ZA;2023-11-19 08:00:00;South Africa;25583.751000000
ZA;2023-11-19 09:00:00;South Africa;25875.762000000
ZA;2023-11-19 10:00:00;South Africa;25667.572000000
ZA;2023-11-19 11:00:00;South Africa;25389.249000000
ZA;2023-11-19 12:00:00;South Africa;25346.083000000
ZA;2023-11-19 13:00:00;South Africa;25147.196000000
ZA;2023-11-19 14:00:00;South Africa;25060.239000000
ZA;2023-11-19 15:00:00;South Africa;25251.606000000
ZA;2023-11-19 16:00:00;South Africa;25822.847000000
ZA;2023-11-19 17:00:00;South Africa;26362.945000000
ZA;2023-11-19 18:00:00;South Africa;27521.308000000
ZA;2023-11-19 19:00:00;South Africa;28052.642000000
ZA;2023-11-19 20:00:00;South Africa;26838.132000000
ZA;2023-11-19 21:00:00;South Africa;24714.862000000
ZA;2023-11-19 22:00:00;South Africa;23112.395000000
ZA;2023-11-19 23:00:00;South Africa;21993.977000000
ZA;2023-11-20 00:00:00;South Africa;21558.072000000
ZA;2023-11-20 01:00:00;South Africa;21303.651000000
ZA;2023-11-20 02:00:00;South Africa;21353.953000000
ZA;2023-11-20 03:00:00;South Africa;21583.524000000
ZA;2023-11-20 04:00:00;South Africa;23068.998000000
ZA;2023-11-20 05:00:00;South Africa;25971.909000000
ZA;2023-11-20 06:00:00;South Africa;26404.444000000
ZA;2023-11-20 07:00:00;South Africa;26468.144000000
ZA;2023-11-20 08:00:00;South Africa;27516.723000000
ZA;2023-11-20 09:00:00;South Africa;27679.388000000
ZA;2023-11-20 10:00:00;South Africa;27778.462000000
ZA;2023-11-20 11:00:00;South Africa;28119.822000000
ZA;2023-11-20 12:00:00;South Africa;27722.783000000
ZA;2023-11-20 13:00:00;South Africa;27798.830000000
ZA;2023-11-20 14:00:00;South Africa;28241.530000000
ZA;2023-11-20 15:00:00;South Africa;28757.362000000
ZA;2023-11-20 16:00:00;South Africa;29011.270000000
ZA;2023-11-20 17:00:00;South Africa;29098.384000000
ZA;2023-11-20 18:00:00;South Africa;30105.830000000
ZA;2023-11-20 19:00:00;South Africa;30191.007000000
ZA;2023-11-20 20:00:00;South Africa;28613.368000000
ZA;2023-11-20 21:00:00;South Africa;26443.245000000
ZA;2023-11-20 22:00:00;South Africa;24575.270000000
ZA;2023-11-20 23:00:00;South Africa;23351.712000000
ZA;2023-11-21 00:00:00;South Africa;23110.799000000
ZA;2023-11-21 01:00:00;South Africa;22643.540000000
ZA;2023-11-21 02:00:00;South Africa;22705.583000000
ZA;2023-11-21 03:00:00;South Africa;22805.963000000
ZA;2023-11-21 04:00:00;South Africa;24185.781000000
ZA;2023-11-21 05:00:00;South Africa;26577.040000000
ZA;2023-11-21 06:00:00;South Africa;27199.742000000
ZA;2023-11-21 07:00:00;South Africa;27007.860000000
ZA;2023-11-21 08:00:00;South Africa;27510.011000000
ZA;2023-11-21 09:00:00;South Africa;27679.013000000
ZA;2023-11-21 10:00:00;South Africa;27359.298000000
ZA;2023-11-21 11:00:00;South Africa;27269.152000000
ZA;2023-11-21 12:00:00;South Africa;27230.245000000
ZA;2023-11-21 13:00:00;South Africa;27476.983000000
ZA;2023-11-21 14:00:00;South Africa;27936.008000000
ZA;2023-11-21 15:00:00;South Africa;28284.814000000
ZA;2023-11-21 16:00:00;South Africa;28944.487000000
ZA;2023-11-21 17:00:00;South Africa;29258.630000000
ZA;2023-11-21 18:00:00;South Africa;29848.936000000
ZA;2023-11-21 19:00:00;South Africa;30280.948000000
ZA;2023-11-21 20:00:00;South Africa;28776.566000000
ZA;2023-11-21 21:00:00;South Africa;26628.029000000
ZA;2023-11-21 22:00:00;South Africa;24790.524000000
ZA;2023-11-21 23:00:00;South Africa;23425.879000000
ZA;2023-11-22 00:00:00;South Africa;22985.828000000
ZA;2023-11-22 01:00:00;South Africa;22411.241000000
ZA;2023-11-22 02:00:00;South Africa;22654.645000000
ZA;2023-11-22 03:00:00;South Africa;22747.460000000
ZA;2023-11-22 04:00:00;South Africa;24328.279000000
ZA;2023-11-22 05:00:00;South Africa;26991.607000000
ZA;2023-11-22 06:00:00;South Africa;27859.082000000
ZA;2023-11-22 07:00:00;South Africa;27300.466000000
ZA;2023-11-22 08:00:00;South Africa;27673.687000000
ZA;2023-11-22 09:00:00;South Africa;27599.073000000
ZA;2023-11-22 10:00:00;South Africa;27485.681000000
ZA;2023-11-22 11:00:00;South Africa;27317.772000000
ZA;2023-11-22 12:00:00;South Africa;27344.325000000
ZA;2023-11-22 13:00:00;South Africa;27632.492000000
ZA;2023-11-22 14:00:00;South Africa;27964.774000000
ZA;2023-11-22 15:00:00;South Africa;28405.953000000
ZA;2023-11-22 16:00:00;South Africa;29048.827000000
ZA;2023-11-22 17:00:00;South Africa;29334.363000000
ZA;2023-11-22 18:00:00;South Africa;30005.904000000
ZA;2023-11-22 19:00:00;South Africa;30394.007000000
ZA;2023-11-22 20:00:00;South Africa;28916.914000000
ZA;2023-11-22 21:00:00;South Africa;26638.029000000
ZA;2023-11-22 22:00:00;South Africa;24967.023000000
ZA;2023-11-22 23:00:00;South Africa;23419.637000000
ZA;2023-11-23 00:00:00;South Africa;23652.444000000
ZA;2023-11-23 01:00:00;South Africa;23131.477000000
ZA;2023-11-23 02:00:00;South Africa;22990.343000000
ZA;2023-11-23 03:00:00;South Africa;23137.491000000
ZA;2023-11-23 04:00:00;South Africa;24666.710000000
ZA;2023-11-23 05:00:00;South Africa;27214.032000000
ZA;2023-11-23 06:00:00;South Africa;27912.510000000
ZA;2023-11-23 07:00:00;South Africa;27532.363000000
ZA;2023-11-23 08:00:00;South Africa;28283.514000000
ZA;2023-11-23 09:00:00;South Africa;28148.647000000
ZA;2023-11-23 10:00:00;South Africa;27921.275000000
ZA;2023-11-23 11:00:00;South Africa;27861.299000000
ZA;2023-11-23 12:00:00;South Africa;27792.530000000
ZA;2023-11-23 13:00:00;South Africa;28157.019000000
ZA;2023-11-23 14:00:00;South Africa;28607.972000000
ZA;2023-11-23 15:00:00;South Africa;29192.243000000
ZA;2023-11-23 16:00:00;South Africa;29491.767000000
ZA;2023-11-23 17:00:00;South Africa;29671.577000000
ZA;2023-11-23 18:00:00;South Africa;29918.489000000
ZA;2023-11-23 19:00:00;South Africa;30263.558000000
ZA;2023-11-23 20:00:00;South Africa;29288.188000000
ZA;2023-11-23 21:00:00;South Africa;27329.678000000
ZA;2023-11-23 22:00:00;South Africa;25409.887000000
ZA;2023-11-23 23:00:00;South Africa;24090.242000000
ZA;2023-11-24 00:00:00;South Africa;23715.883000000
ZA;2023-11-24 01:00:00;South Africa;23392.110000000
ZA;2023-11-24 02:00:00;South Africa;23292.777000000
ZA;2023-11-24 03:00:00;South Africa;23353.966000000
ZA;2023-11-24 04:00:00;South Africa;24814.884000000
ZA;2023-11-24 05:00:00;South Africa;27209.024000000
ZA;2023-11-24 06:00:00;South Africa;28058.536000000
ZA;2023-11-24 07:00:00;South Africa;28058.309000000
ZA;2023-11-24 08:00:00;South Africa;28741.345000000
ZA;2023-11-24 09:00:00;South Africa;28599.917000000
ZA;2023-11-24 10:00:00;South Africa;28396.217000000
ZA;2023-11-24 11:00:00;South Africa;28415.598000000
ZA;2023-11-24 12:00:00;South Africa;28261.863000000
ZA;2023-11-24 13:00:00;South Africa;28137.084000000
ZA;2023-11-24 14:00:00;South Africa;28415.750000000
ZA;2023-11-24 15:00:00;South Africa;28570.811000000
ZA;2023-11-24 16:00:00;South Africa;28860.397000000
ZA;2023-11-24 17:00:00;South Africa;29318.836000000
ZA;2023-11-24 18:00:00;South Africa;29538.244000000
ZA;2023-11-24 19:00:00;South Africa;30036.455000000
ZA;2023-11-24 20:00:00;South Africa;28974.717000000
ZA;2023-11-24 21:00:00;South Africa;27291.976000000
ZA;2023-11-24 22:00:00;South Africa;25902.870000000
ZA;2023-11-24 23:00:00;South Africa;24552.327000000
ZA;2023-11-25 00:00:00;South Africa;23933.864000000
ZA;2023-11-25 01:00:00;South Africa;23350.678000000
ZA;2023-11-25 02:00:00;South Africa;23207.940000000
ZA;2023-11-25 03:00:00;South Africa;23134.964000000
ZA;2023-11-25 04:00:00;South Africa;23643.000000000
ZA;2023-11-25 05:00:00;South Africa;24439.266000000
ZA;2023-11-25 06:00:00;South Africa;25786.381000000
ZA;2023-11-25 07:00:00;South Africa;26753.440000000
ZA;2023-11-25 08:00:00;South Africa;27551.134000000
ZA;2023-11-25 09:00:00;South Africa;27683.506000000
ZA;2023-11-25 10:00:00;South Africa;27487.895000000
ZA;2023-11-25 11:00:00;South Africa;27225.611000000
ZA;2023-11-25 12:00:00;South Africa;27255.410000000
ZA;2023-11-25 13:00:00;South Africa;26753.769000000
ZA;2023-11-25 14:00:00;South Africa;26827.389000000
ZA;2023-11-25 15:00:00;South Africa;26839.724000000
ZA;2023-11-25 16:00:00;South Africa;27016.130000000
ZA;2023-11-25 17:00:00;South Africa;27213.509000000
ZA;2023-11-25 18:00:00;South Africa;27827.595000000
ZA;2023-11-25 19:00:00;South Africa;28364.545000000
ZA;2023-11-25 20:00:00;South Africa;27469.140000000
ZA;2023-11-25 21:00:00;South Africa;25913.384000000
ZA;2023-11-25 22:00:00;South Africa;24582.297000000
ZA;2023-11-25 23:00:00;South Africa;23426.753000000
ZA;2023-11-26 00:00:00;South Africa;22549.168000000
ZA;2023-11-26 01:00:00;South Africa;22145.788000000
ZA;2023-11-26 02:00:00;South Africa;21978.520000000
ZA;2023-11-26 03:00:00;South Africa;21825.382000000
ZA;2023-11-26 04:00:00;South Africa;22304.448000000
ZA;2023-11-26 05:00:00;South Africa;22704.232000000
ZA;2023-11-26 06:00:00;South Africa;23948.827000000
ZA;2023-11-26 07:00:00;South Africa;25471.314000000
ZA;2023-11-26 08:00:00;South Africa;26370.151000000
ZA;2023-11-26 09:00:00;South Africa;25825.180000000
ZA;2023-11-26 10:00:00;South Africa;26124.265000000
ZA;2023-11-26 11:00:00;South Africa;25968.205000000
ZA;2023-11-26 12:00:00;South Africa;25942.034000000
ZA;2023-11-26 13:00:00;South Africa;25836.203000000
ZA;2023-11-26 14:00:00;South Africa;25418.773000000
ZA;2023-11-26 15:00:00;South Africa;25783.462000000
ZA;2023-11-26 16:00:00;South Africa;26145.763000000
ZA;2023-11-26 17:00:00;South Africa;26585.340000000
ZA;2023-11-26 18:00:00;South Africa;27181.313000000
ZA;2023-11-26 19:00:00;South Africa;28220.780000000
ZA;2023-11-26 20:00:00;South Africa;27162.293000000
ZA;2023-11-26 21:00:00;South Africa;25302.048000000
ZA;2023-11-26 22:00:00;South Africa;23862.732000000
ZA;2023-11-26 23:00:00;South Africa;22666.301000000
ZA;2023-11-27 00:00:00;South Africa;22289.663000000
ZA;2023-11-27 01:00:00;South Africa;21912.935000000
ZA;2023-11-27 02:00:00;South Africa;21903.896000000
ZA;2023-11-27 03:00:00;South Africa;21989.281000000
ZA;2023-11-27 04:00:00;South Africa;23343.804000000
ZA;2023-11-27 05:00:00;South Africa;25774.384000000
ZA;2023-11-27 06:00:00;South Africa;26572.576000000
ZA;2023-11-27 07:00:00;South Africa;26791.841000000
ZA;2023-11-27 08:00:00;South Africa;27691.729000000
ZA;2023-11-27 09:00:00;South Africa;28007.890000000
ZA;2023-11-27 10:00:00;South Africa;27951.869000000
ZA;2023-11-27 11:00:00;South Africa;28066.702000000
ZA;2023-11-27 12:00:00;South Africa;28101.247000000
ZA;2023-11-27 13:00:00;South Africa;27996.849000000
ZA;2023-11-27 14:00:00;South Africa;28536.775000000
ZA;2023-11-27 15:00:00;South Africa;28825.589000000
ZA;2023-11-27 16:00:00;South Africa;29022.974000000
ZA;2023-11-27 17:00:00;South Africa;29157.562000000
ZA;2023-11-27 18:00:00;South Africa;29676.919000000
ZA;2023-11-27 19:00:00;South Africa;29915.857000000
ZA;2023-11-27 20:00:00;South Africa;28837.017000000
ZA;2023-11-27 21:00:00;South Africa;26552.101000000
ZA;2023-11-27 22:00:00;South Africa;25032.575000000
ZA;2023-11-27 23:00:00;South Africa;23617.163000000
ZA;2023-11-28 00:00:00;South Africa;23331.633000000
ZA;2023-11-28 01:00:00;South Africa;22932.523000000
ZA;2023-11-28 02:00:00;South Africa;22886.005000000
ZA;2023-11-28 03:00:00;South Africa;23016.083000000
ZA;2023-11-28 04:00:00;South Africa;24311.210000000
ZA;2023-11-28 05:00:00;South Africa;26264.286000000
ZA;2023-11-28 06:00:00;South Africa;26927.003000000
ZA;2023-11-28 07:00:00;South Africa;27511.937000000
ZA;2023-11-28 08:00:00;South Africa;28294.796000000
ZA;2023-11-28 09:00:00;South Africa;28298.196000000
ZA;2023-11-28 10:00:00;South Africa;28298.484000000
ZA;2023-11-28 11:00:00;South Africa;28301.748000000
ZA;2023-11-28 12:00:00;South Africa;28267.967000000
ZA;2023-11-28 13:00:00;South Africa;28300.058000000
ZA;2023-11-28 14:00:00;South Africa;28911.236000000
ZA;2023-11-28 15:00:00;South Africa;29274.543000000
ZA;2023-11-28 16:00:00;South Africa;29603.820000000
ZA;2023-11-28 17:00:00;South Africa;29717.762000000
ZA;2023-11-28 18:00:00;South Africa;30086.141000000
ZA;2023-11-28 19:00:00;South Africa;30382.468000000
ZA;2023-11-28 20:00:00;South Africa;29389.860000000
ZA;2023-11-28 21:00:00;South Africa;26861.226000000
ZA;2023-11-28 22:00:00;South Africa;25604.620000000
ZA;2023-11-28 23:00:00;South Africa;24179.623000000
ZA;2023-11-29 00:00:00;South Africa;23733.649000000
ZA;2023-11-29 01:00:00;South Africa;23192.637000000
ZA;2023-11-29 02:00:00;South Africa;23158.390000000
ZA;2023-11-29 03:00:00;South Africa;23242.816000000
ZA;2023-11-29 04:00:00;South Africa;24604.096000000
ZA;2023-11-29 05:00:00;South Africa;26742.126000000
ZA;2023-11-29 06:00:00;South Africa;27511.844000000
ZA;2023-11-29 07:00:00;South Africa;27698.065000000
ZA;2023-11-29 08:00:00;South Africa;28450.077000000
ZA;2023-11-29 09:00:00;South Africa;28548.743000000
ZA;2023-11-29 10:00:00;South Africa;28298.376000000
ZA;2023-11-29 11:00:00;South Africa;28353.124000000
ZA;2023-11-29 12:00:00;South Africa;28519.615000000
ZA;2023-11-29 13:00:00;South Africa;28487.523000000
ZA;2023-11-29 14:00:00;South Africa;28690.237000000
ZA;2023-11-29 15:00:00;South Africa;29054.121000000
ZA;2023-11-29 16:00:00;South Africa;29512.448000000
ZA;2023-11-29 17:00:00;South Africa;29416.782000000
ZA;2023-11-29 18:00:00;South Africa;29580.655000000
ZA;2023-11-29 19:00:00;South Africa;29878.714000000
ZA;2023-11-29 20:00:00;South Africa;28931.282000000
ZA;2023-11-29 21:00:00;South Africa;26964.324000000
ZA;2023-11-29 22:00:00;South Africa;25499.315000000
ZA;2023-11-29 23:00:00;South Africa;24178.384000000
ZA;2023-11-30 00:00:00;South Africa;23748.401000000
ZA;2023-11-30 01:00:00;South Africa;23186.062000000
ZA;2023-11-30 02:00:00;South Africa;23193.218000000
ZA;2023-11-30 03:00:00;South Africa;23294.545000000
ZA;2023-11-30 04:00:00;South Africa;24648.555000000
ZA;2023-11-30 05:00:00;South Africa;26672.977000000
ZA;2023-11-30 06:00:00;South Africa;27597.787000000
ZA;2023-11-30 07:00:00;South Africa;27892.307000000
ZA;2023-11-30 08:00:00;South Africa;28566.776000000
ZA;2023-11-30 09:00:00;South Africa;28310.616000000
ZA;2023-11-30 10:00:00;South Africa;27759.852000000
ZA;2023-11-30 11:00:00;South Africa;27934.601000000
ZA;2023-11-30 12:00:00;South Africa;27877.379000000
ZA;2023-11-30 13:00:00;South Africa;27776.788000000
ZA;2023-11-30 14:00:00;South Africa;27994.275000000
ZA;2023-11-30 15:00:00;South Africa;28482.368000000
ZA;2023-11-30 16:00:00;South Africa;28928.235000000
ZA;2023-11-30 17:00:00;South Africa;28974.013000000
ZA;2023-11-30 18:00:00;South Africa;29324.244000000
ZA;2023-11-30 19:00:00;South Africa;29787.937000000
ZA;2023-11-30 20:00:00;South Africa;28867.774000000
ZA;2023-11-30 21:00:00;South Africa;26823.697000000
ZA;2023-11-30 22:00:00;South Africa;25230.593000000
ZA;2023-11-30 23:00:00;South Africa;23765.706000000
ZA;2023-12-01 00:00:00;South Africa;23376.222000000
ZA;2023-12-01 01:00:00;South Africa;22854.434000000
ZA;2023-12-01 02:00:00;South Africa;22766.313000000
ZA;2023-12-01 03:00:00;South Africa;22913.732000000
ZA;2023-12-01 04:00:00;South Africa;24178.832000000
ZA;2023-12-01 05:00:00;South Africa;26085.131000000
ZA;2023-12-01 06:00:00;South Africa;26966.190000000
ZA;2023-12-01 07:00:00;South Africa;27432.213000000
ZA;2023-12-01 08:00:00;South Africa;28199.642000000
ZA;2023-12-01 09:00:00;South Africa;28131.656000000
ZA;2023-12-01 10:00:00;South Africa;28081.969000000
ZA;2023-12-01 11:00:00;South Africa;27685.222000000
ZA;2023-12-01 12:00:00;South Africa;27528.103000000
ZA;2023-12-01 13:00:00;South Africa;27149.410000000
ZA;2023-12-01 14:00:00;South Africa;27090.795000000
ZA;2023-12-01 15:00:00;South Africa;27682.771000000
ZA;2023-12-01 16:00:00;South Africa;28062.884000000
ZA;2023-12-01 17:00:00;South Africa;28025.913000000
ZA;2023-12-01 18:00:00;South Africa;28115.012000000
ZA;2023-12-01 19:00:00;South Africa;29012.413000000
ZA;2023-12-01 20:00:00;South Africa;28337.035000000
ZA;2023-12-01 21:00:00;South Africa;26695.641000000
ZA;2023-12-01 22:00:00;South Africa;25209.191000000
ZA;2023-12-01 23:00:00;South Africa;24055.088000000
ZA;2023-12-02 00:00:00;South Africa;23209.713000000
ZA;2023-12-02 01:00:00;South Africa;22568.420000000
ZA;2023-12-02 02:00:00;South Africa;22480.351000000
ZA;2023-12-02 03:00:00;South Africa;22327.105000000
ZA;2023-12-02 04:00:00;South Africa;22810.170000000
ZA;2023-12-02 05:00:00;South Africa;23657.066000000
ZA;2023-12-02 06:00:00;South Africa;24944.961000000
ZA;2023-12-02 07:00:00;South Africa;26056.754000000
ZA;2023-12-02 08:00:00;South Africa;26887.881000000
ZA;2023-12-02 09:00:00;South Africa;26990.578000000
ZA;2023-12-02 10:00:00;South Africa;26910.361000000
ZA;2023-12-02 11:00:00;South Africa;26584.126000000
ZA;2023-12-02 12:00:00;South Africa;26483.799000000
ZA;2023-12-02 13:00:00;South Africa;26004.643000000
ZA;2023-12-02 14:00:00;South Africa;26007.161000000
ZA;2023-12-02 15:00:00;South Africa;26039.261000000
ZA;2023-12-02 16:00:00;South Africa;26379.933000000
ZA;2023-12-02 17:00:00;South Africa;26532.382000000
ZA;2023-12-02 18:00:00;South Africa;27358.574000000
ZA;2023-12-02 19:00:00;South Africa;27932.473000000
ZA;2023-12-02 20:00:00;South Africa;27248.370000000
ZA;2023-12-02 21:00:00;South Africa;25613.248000000
ZA;2023-12-02 22:00:00;South Africa;24320.653000000
ZA;2023-12-02 23:00:00;South Africa;23037.226000000
ZA;2023-12-03 00:00:00;South Africa;22002.030000000
ZA;2023-12-03 01:00:00;South Africa;21497.773000000
ZA;2023-12-03 02:00:00;South Africa;21385.981000000
ZA;2023-12-03 03:00:00;South Africa;21242.342000000
ZA;2023-12-03 04:00:00;South Africa;21569.170000000
ZA;2023-12-03 05:00:00;South Africa;22396.274000000
ZA;2023-12-03 06:00:00;South Africa;23546.329000000
ZA;2023-12-03 07:00:00;South Africa;24798.093000000
ZA;2023-12-03 08:00:00;South Africa;25801.187000000
ZA;2023-12-03 09:00:00;South Africa;25990.047000000
ZA;2023-12-03 10:00:00;South Africa;26005.697000000
ZA;2023-12-03 11:00:00;South Africa;25805.061000000
ZA;2023-12-03 12:00:00;South Africa;25713.724000000
ZA;2023-12-03 13:00:00;South Africa;25391.216000000
ZA;2023-12-03 14:00:00;South Africa;25372.837000000
ZA;2023-12-03 15:00:00;South Africa;25506.242000000
ZA;2023-12-03 16:00:00;South Africa;25955.854000000
ZA;2023-12-03 17:00:00;South Africa;26319.007000000
ZA;2023-12-03 18:00:00;South Africa;27047.749000000
ZA;2023-12-03 19:00:00;South Africa;27843.863000000
ZA;2023-12-03 20:00:00;South Africa;26970.781000000
ZA;2023-12-03 21:00:00;South Africa;24938.173000000
ZA;2023-12-03 22:00:00;South Africa;23371.622000000
ZA;2023-12-03 23:00:00;South Africa;22237.182000000
ZA;2023-12-04 00:00:00;South Africa;21884.608000000
ZA;2023-12-04 01:00:00;South Africa;21572.695000000
ZA;2023-12-04 02:00:00;South Africa;21401.397000000
ZA;2023-12-04 03:00:00;South Africa;21632.915000000
ZA;2023-12-04 04:00:00;South Africa;22687.070000000
ZA;2023-12-04 05:00:00;South Africa;24290.537000000
ZA;2023-12-04 06:00:00;South Africa;25255.434000000
ZA;2023-12-04 07:00:00;South Africa;26037.880000000
ZA;2023-12-04 08:00:00;South Africa;27279.144000000
ZA;2023-12-04 09:00:00;South Africa;27449.389000000
ZA;2023-12-04 10:00:00;South Africa;27627.754000000
ZA;2023-12-04 11:00:00;South Africa;27767.104000000
ZA;2023-12-04 12:00:00;South Africa;27767.195000000
ZA;2023-12-04 13:00:00;South Africa;27779.117000000
ZA;2023-12-04 14:00:00;South Africa;28063.192000000
ZA;2023-12-04 15:00:00;South Africa;28509.111000000
ZA;2023-12-04 16:00:00;South Africa;28966.398000000
ZA;2023-12-04 17:00:00;South Africa;28786.633000000
ZA;2023-12-04 18:00:00;South Africa;29257.734000000
ZA;2023-12-04 19:00:00;South Africa;29720.721000000
ZA;2023-12-04 20:00:00;South Africa;28532.545000000
ZA;2023-12-04 21:00:00;South Africa;26411.671000000
ZA;2023-12-04 22:00:00;South Africa;24599.504000000
ZA;2023-12-04 23:00:00;South Africa;23364.172000000
ZA;2023-12-05 00:00:00;South Africa;23059.135000000
ZA;2023-12-05 01:00:00;South Africa;22619.129000000
ZA;2023-12-05 02:00:00;South Africa;22510.251000000
ZA;2023-12-05 03:00:00;South Africa;22621.300000000
ZA;2023-12-05 04:00:00;South Africa;23668.810000000
ZA;2023-12-05 05:00:00;South Africa;25006.504000000
ZA;2023-12-05 06:00:00;South Africa;25859.875000000
ZA;2023-12-05 07:00:00;South Africa;26625.123000000
ZA;2023-12-05 08:00:00;South Africa;27701.990000000
ZA;2023-12-05 09:00:00;South Africa;27516.221000000
ZA;2023-12-05 10:00:00;South Africa;27778.155000000
ZA;2023-12-05 11:00:00;South Africa;27847.420000000
ZA;2023-12-05 12:00:00;South Africa;27751.655000000
ZA;2023-12-05 13:00:00;South Africa;27619.120000000
ZA;2023-12-05 14:00:00;South Africa;28034.890000000
ZA;2023-12-05 15:00:00;South Africa;28335.058000000
ZA;2023-12-05 16:00:00;South Africa;28893.622000000
ZA;2023-12-05 17:00:00;South Africa;29006.682000000
ZA;2023-12-05 18:00:00;South Africa;29179.267000000
ZA;2023-12-05 19:00:00;South Africa;29640.693000000
ZA;2023-12-05 20:00:00;South Africa;28407.424000000
ZA;2023-12-05 21:00:00;South Africa;26364.421000000
ZA;2023-12-05 22:00:00;South Africa;24691.855000000
ZA;2023-12-05 23:00:00;South Africa;23415.139000000
ZA;2023-12-06 00:00:00;South Africa;22970.981000000
ZA;2023-12-06 01:00:00;South Africa;22530.051000000
ZA;2023-12-06 02:00:00;South Africa;22408.160000000
ZA;2023-12-06 03:00:00;South Africa;22425.394000000
ZA;2023-12-06 04:00:00;South Africa;23438.394000000
ZA;2023-12-06 05:00:00;South Africa;24879.214000000
ZA;2023-12-06 06:00:00;South Africa;25870.707000000
ZA;2023-12-06 07:00:00;South Africa;26746.605000000
ZA;2023-12-06 08:00:00;South Africa;27868.840000000
ZA;2023-12-06 09:00:00;South Africa;27822.624000000
ZA;2023-12-06 10:00:00;South Africa;27851.975000000
ZA;2023-12-06 11:00:00;South Africa;27963.551000000
ZA;2023-12-06 12:00:00;South Africa;28032.225000000
ZA;2023-12-06 13:00:00;South Africa;27925.395000000
ZA;2023-12-06 14:00:00;South Africa;28215.611000000
ZA;2023-12-06 15:00:00;South Africa;28435.521000000
ZA;2023-12-06 16:00:00;South Africa;28989.783000000
ZA;2023-12-06 17:00:00;South Africa;29138.011000000
ZA;2023-12-06 18:00:00;South Africa;29395.933000000
ZA;2023-12-06 19:00:00;South Africa;29512.199000000
ZA;2023-12-06 20:00:00;South Africa;28378.772000000
ZA;2023-12-06 21:00:00;South Africa;26293.123000000
ZA;2023-12-06 22:00:00;South Africa;24673.260000000
ZA;2023-12-06 23:00:00;South Africa;23303.696000000
ZA;2023-12-07 00:00:00;South Africa;22862.332000000
ZA;2023-12-07 01:00:00;South Africa;22404.806000000
ZA;2023-12-07 02:00:00;South Africa;22282.006000000
ZA;2023-12-07 03:00:00;South Africa;22319.703000000
ZA;2023-12-07 04:00:00;South Africa;23571.256000000
ZA;2023-12-07 05:00:00;South Africa;24969.871000000
ZA;2023-12-07 06:00:00;South Africa;26114.886000000
ZA;2023-12-07 07:00:00;South Africa;27164.079000000
ZA;2023-12-07 08:00:00;South Africa;28538.229000000
ZA;2023-12-07 09:00:00;South Africa;28200.968000000
ZA;2023-12-07 10:00:00;South Africa;28040.217000000
ZA;2023-12-07 11:00:00;South Africa;27946.776000000
ZA;2023-12-07 12:00:00;South Africa;27885.329000000
ZA;2023-12-07 13:00:00;South Africa;27712.236000000
ZA;2023-12-07 14:00:00;South Africa;27795.378000000
ZA;2023-12-07 15:00:00;South Africa;28209.905000000
ZA;2023-12-07 16:00:00;South Africa;28740.922000000
ZA;2023-12-07 17:00:00;South Africa;28854.188000000
ZA;2023-12-07 18:00:00;South Africa;29152.527000000
ZA;2023-12-07 19:00:00;South Africa;29793.630000000
ZA;2023-12-07 20:00:00;South Africa;28750.004000000
ZA;2023-12-07 21:00:00;South Africa;26529.266000000
ZA;2023-12-07 22:00:00;South Africa;24756.716000000
ZA;2023-12-07 23:00:00;South Africa;23394.393000000
ZA;2023-12-08 00:00:00;South Africa;22806.468000000
ZA;2023-12-08 01:00:00;South Africa;22442.242000000
ZA;2023-12-08 02:00:00;South Africa;22275.295000000
ZA;2023-12-08 03:00:00;South Africa;22704.302000000
ZA;2023-12-08 04:00:00;South Africa;23628.162000000
ZA;2023-12-08 05:00:00;South Africa;25094.092000000
ZA;2023-12-08 06:00:00;South Africa;26121.728000000
ZA;2023-12-08 07:00:00;South Africa;26767.404000000
ZA;2023-12-08 08:00:00;South Africa;27568.721000000
ZA;2023-12-08 09:00:00;South Africa;27591.158000000
ZA;2023-12-08 10:00:00;South Africa;27401.685000000
ZA;2023-12-08 11:00:00;South Africa;27430.833000000
ZA;2023-12-08 12:00:00;South Africa;27361.008000000
ZA;2023-12-08 13:00:00;South Africa;27009.969000000
ZA;2023-12-08 14:00:00;South Africa;27083.382000000
ZA;2023-12-08 15:00:00;South Africa;27284.552000000
ZA;2023-12-08 16:00:00;South Africa;27655.159000000
ZA;2023-12-08 17:00:00;South Africa;27926.558000000
ZA;2023-12-08 18:00:00;South Africa;27912.549000000
ZA;2023-12-08 19:00:00;South Africa;28187.426000000
ZA;2023-12-08 20:00:00;South Africa;27677.648000000
ZA;2023-12-08 21:00:00;South Africa;26224.130000000
ZA;2023-12-08 22:00:00;South Africa;24637.341000000
ZA;2023-12-08 23:00:00;South Africa;23426.419000000
ZA;2023-12-09 00:00:00;South Africa;22927.895000000
ZA;2023-12-09 01:00:00;South Africa;22393.033000000
ZA;2023-12-09 02:00:00;South Africa;22327.465000000
ZA;2023-12-09 03:00:00;South Africa;22219.925000000
ZA;2023-12-09 04:00:00;South Africa;22785.190000000
ZA;2023-12-09 05:00:00;South Africa;23505.987000000
ZA;2023-12-09 06:00:00;South Africa;24513.991000000
ZA;2023-12-09 07:00:00;South Africa;25808.552000000
ZA;2023-12-09 08:00:00;South Africa;26729.084000000
ZA;2023-12-09 09:00:00;South Africa;26855.095000000
ZA;2023-12-09 10:00:00;South Africa;26695.251000000
ZA;2023-12-09 11:00:00;South Africa;26499.556000000
ZA;2023-12-09 12:00:00;South Africa;26363.034000000
ZA;2023-12-09 13:00:00;South Africa;25933.558000000
ZA;2023-12-09 14:00:00;South Africa;25749.315000000
ZA;2023-12-09 15:00:00;South Africa;25856.051000000
ZA;2023-12-09 16:00:00;South Africa;26017.507000000
ZA;2023-12-09 17:00:00;South Africa;26187.815000000
ZA;2023-12-09 18:00:00;South Africa;26538.843000000
ZA;2023-12-09 19:00:00;South Africa;26959.730000000
ZA;2023-12-09 20:00:00;South Africa;26169.260000000
ZA;2023-12-09 21:00:00;South Africa;24126.859000000
ZA;2023-12-09 22:00:00;South Africa;22700.766000000
ZA;2023-12-09 23:00:00;South Africa;21624.662000000
ZA;2023-12-10 00:00:00;South Africa;21129.259000000
ZA;2023-12-10 01:00:00;South Africa;20835.827000000
ZA;2023-12-10 02:00:00;South Africa;20678.288000000
ZA;2023-12-10 03:00:00;South Africa;20780.952000000
ZA;2023-12-10 04:00:00;South Africa;21137.786000000
ZA;2023-12-10 05:00:00;South Africa;21867.458000000
ZA;2023-12-10 06:00:00;South Africa;22752.187000000
ZA;2023-12-10 07:00:00;South Africa;23996.125000000
ZA;2023-12-10 08:00:00;South Africa;25257.278000000
ZA;2023-12-10 09:00:00;South Africa;25845.629000000
ZA;2023-12-10 10:00:00;South Africa;25884.747000000
ZA;2023-12-10 11:00:00;South Africa;25796.734000000
ZA;2023-12-10 12:00:00;South Africa;25897.404000000
ZA;2023-12-10 13:00:00;South Africa;25672.940000000
ZA;2023-12-10 14:00:00;South Africa;25528.692000000
ZA;2023-12-10 15:00:00;South Africa;25975.178000000
ZA;2023-12-10 16:00:00;South Africa;26224.650000000
ZA;2023-12-10 17:00:00;South Africa;26577.457000000
ZA;2023-12-10 18:00:00;South Africa;26759.324000000
ZA;2023-12-10 19:00:00;South Africa;27072.488000000
ZA;2023-12-10 20:00:00;South Africa;25748.207000000
ZA;2023-12-10 21:00:00;South Africa;23904.958000000
ZA;2023-12-10 22:00:00;South Africa;22475.239000000
ZA;2023-12-10 23:00:00;South Africa;21591.663000000
ZA;2023-12-11 00:00:00;South Africa;20934.487000000
ZA;2023-12-11 01:00:00;South Africa;20896.858000000
ZA;2023-12-11 02:00:00;South Africa;20656.511000000
ZA;2023-12-11 03:00:00;South Africa;20832.230000000
ZA;2023-12-11 04:00:00;South Africa;21754.107000000
ZA;2023-12-11 05:00:00;South Africa;23760.487000000
ZA;2023-12-11 06:00:00;South Africa;25011.067000000
ZA;2023-12-11 07:00:00;South Africa;26232.851000000
ZA;2023-12-11 08:00:00;South Africa;27469.670000000
ZA;2023-12-11 09:00:00;South Africa;27598.160000000
ZA;2023-12-11 10:00:00;South Africa;27769.136000000
ZA;2023-12-11 11:00:00;South Africa;27661.038000000
ZA;2023-12-11 12:00:00;South Africa;27675.727000000
ZA;2023-12-11 13:00:00;South Africa;27567.268000000
ZA;2023-12-11 14:00:00;South Africa;27822.009000000
ZA;2023-12-11 15:00:00;South Africa;28383.508000000
ZA;2023-12-11 16:00:00;South Africa;28523.857000000
ZA;2023-12-11 17:00:00;South Africa;28528.239000000
ZA;2023-12-11 18:00:00;South Africa;28799.772000000
ZA;2023-12-11 19:00:00;South Africa;29035.643000000
ZA;2023-12-11 20:00:00;South Africa;28177.957000000
ZA;2023-12-11 21:00:00;South Africa;25796.681000000
ZA;2023-12-11 22:00:00;South Africa;23856.937000000
ZA;2023-12-11 23:00:00;South Africa;22602.315000000
ZA;2023-12-12 00:00:00;South Africa;22233.360000000
ZA;2023-12-12 01:00:00;South Africa;21746.563000000
ZA;2023-12-12 02:00:00;South Africa;21687.498000000
ZA;2023-12-12 03:00:00;South Africa;21842.161000000
ZA;2023-12-12 04:00:00;South Africa;22859.409000000
ZA;2023-12-12 05:00:00;South Africa;24487.300000000
ZA;2023-12-12 06:00:00;South Africa;25546.104000000
ZA;2023-12-12 07:00:00;South Africa;26234.756000000
ZA;2023-12-12 08:00:00;South Africa;27088.737000000
ZA;2023-12-12 09:00:00;South Africa;26681.711000000
ZA;2023-12-12 10:00:00;South Africa;26441.655000000
ZA;2023-12-12 11:00:00;South Africa;26229.080000000
ZA;2023-12-12 12:00:00;South Africa;26585.242000000
ZA;2023-12-12 13:00:00;South Africa;26536.508000000
ZA;2023-12-12 14:00:00;South Africa;26653.792000000
ZA;2023-12-12 15:00:00;South Africa;27015.679000000
ZA;2023-12-12 16:00:00;South Africa;27185.350000000
ZA;2023-12-12 17:00:00;South Africa;27416.883000000
ZA;2023-12-12 18:00:00;South Africa;27825.631000000
ZA;2023-12-12 19:00:00;South Africa;28485.832000000
ZA;2023-12-12 20:00:00;South Africa;27602.853000000
ZA;2023-12-12 21:00:00;South Africa;25586.608000000
ZA;2023-12-12 22:00:00;South Africa;23901.784000000
ZA;2023-12-12 23:00:00;South Africa;22586.764000000
ZA;2023-12-13 00:00:00;South Africa;21731.127000000
ZA;2023-12-13 01:00:00;South Africa;21205.678000000
ZA;2023-12-13 02:00:00;South Africa;21189.319000000
ZA;2023-12-13 03:00:00;South Africa;21397.573000000
ZA;2023-12-13 04:00:00;South Africa;22321.479000000
ZA;2023-12-13 05:00:00;South Africa;24017.318000000
ZA;2023-12-13 06:00:00;South Africa;24943.933000000
ZA;2023-12-13 07:00:00;South Africa;26086.570000000
ZA;2023-12-13 08:00:00;South Africa;26631.314000000
ZA;2023-12-13 09:00:00;South Africa;26640.385000000
ZA;2023-12-13 10:00:00;South Africa;26430.439000000
ZA;2023-12-13 11:00:00;South Africa;26259.345000000
ZA;2023-12-13 12:00:00;South Africa;26306.647000000
ZA;2023-12-13 13:00:00;South Africa;26385.261000000
ZA;2023-12-13 14:00:00;South Africa;26663.240000000
ZA;2023-12-13 15:00:00;South Africa;27323.949000000
ZA;2023-12-13 16:00:00;South Africa;27706.951000000
ZA;2023-12-13 17:00:00;South Africa;27798.781000000
ZA;2023-12-13 18:00:00;South Africa;27957.651000000
ZA;2023-12-13 19:00:00;South Africa;28601.423000000
ZA;2023-12-13 20:00:00;South Africa;27659.388000000
ZA;2023-12-13 21:00:00;South Africa;25591.319000000
ZA;2023-12-13 22:00:00;South Africa;23836.776000000
ZA;2023-12-13 23:00:00;South Africa;22539.803000000
ZA;2023-12-14 00:00:00;South Africa;21874.657000000
ZA;2023-12-14 01:00:00;South Africa;21371.373000000
ZA;2023-12-14 02:00:00;South Africa;21240.664000000
ZA;2023-12-14 03:00:00;South Africa;21486.942000000
ZA;2023-12-14 04:00:00;South Africa;22347.769000000
ZA;2023-12-14 05:00:00;South Africa;23931.453000000
ZA;2023-12-14 06:00:00;South Africa;25070.436000000
ZA;2023-12-14 07:00:00;South Africa;26048.491000000
ZA;2023-12-14 08:00:00;South Africa;26469.235000000
ZA;2023-12-14 09:00:00;South Africa;26315.955000000
ZA;2023-12-14 10:00:00;South Africa;26019.660000000
ZA;2023-12-14 11:00:00;South Africa;25718.032000000
ZA;2023-12-14 12:00:00;South Africa;25721.130000000
ZA;2023-12-14 13:00:00;South Africa;25540.796000000
ZA;2023-12-14 14:00:00;South Africa;25623.708000000
ZA;2023-12-14 15:00:00;South Africa;25973.347000000
ZA;2023-12-14 16:00:00;South Africa;26308.813000000
ZA;2023-12-14 17:00:00;South Africa;26562.823000000
ZA;2023-12-14 18:00:00;South Africa;26798.241000000
ZA;2023-12-14 19:00:00;South Africa;27113.952000000
ZA;2023-12-14 20:00:00;South Africa;26132.627000000
ZA;2023-12-14 21:00:00;South Africa;24568.969000000
ZA;2023-12-14 22:00:00;South Africa;23135.170000000
ZA;2023-12-14 23:00:00;South Africa;21908.340000000
ZA;2023-12-15 00:00:00;South Africa;21081.686000000
ZA;2023-12-15 01:00:00;South Africa;20979.085000000
ZA;2023-12-15 02:00:00;South Africa;20793.850000000
ZA;2023-12-15 03:00:00;South Africa;20992.124000000
ZA;2023-12-15 04:00:00;South Africa;21637.694000000
ZA;2023-12-15 05:00:00;South Africa;22392.353000000
ZA;2023-12-15 06:00:00;South Africa;23460.426000000
ZA;2023-12-15 07:00:00;South Africa;24454.433000000
ZA;2023-12-15 08:00:00;South Africa;25419.126000000
ZA;2023-12-15 09:00:00;South Africa;25731.090000000
ZA;2023-12-15 10:00:00;South Africa;25603.394000000
ZA;2023-12-15 11:00:00;South Africa;25385.191000000
ZA;2023-12-15 12:00:00;South Africa;25436.808000000
ZA;2023-12-15 13:00:00;South Africa;25149.720000000
ZA;2023-12-15 14:00:00;South Africa;25123.412000000
ZA;2023-12-15 15:00:00;South Africa;25299.081000000
ZA;2023-12-15 16:00:00;South Africa;25969.134000000
ZA;2023-12-15 17:00:00;South Africa;26113.405000000
ZA;2023-12-15 18:00:00;South Africa;25936.727000000
ZA;2023-12-15 19:00:00;South Africa;26172.241000000
ZA;2023-12-15 20:00:00;South Africa;25296.995000000
ZA;2023-12-15 21:00:00;South Africa;23881.408000000
ZA;2023-12-15 22:00:00;South Africa;22449.770000000
ZA;2023-12-15 23:00:00;South Africa;21750.564000000
ZA;2023-12-16 00:00:00;South Africa;21137.198000000
ZA;2023-12-16 01:00:00;South Africa;20552.050000000
ZA;2023-12-16 02:00:00;South Africa;20287.788000000
ZA;2023-12-16 03:00:00;South Africa;20326.708000000
ZA;2023-12-16 04:00:00;South Africa;20761.698000000
ZA;2023-12-16 05:00:00;South Africa;21586.623000000
ZA;2023-12-16 06:00:00;South Africa;22380.675000000
ZA;2023-12-16 07:00:00;South Africa;23643.803000000
ZA;2023-12-16 08:00:00;South Africa;24722.175000000
ZA;2023-12-16 09:00:00;South Africa;25028.848000000
ZA;2023-12-16 10:00:00;South Africa;24895.379000000
ZA;2023-12-16 11:00:00;South Africa;24751.376000000
ZA;2023-12-16 12:00:00;South Africa;24736.359000000
ZA;2023-12-16 13:00:00;South Africa;24117.247000000
ZA;2023-12-16 14:00:00;South Africa;24216.524000000
ZA;2023-12-16 15:00:00;South Africa;24157.398000000
ZA;2023-12-16 16:00:00;South Africa;24375.907000000
ZA;2023-12-16 17:00:00;South Africa;24533.052000000
ZA;2023-12-16 18:00:00;South Africa;24944.715000000
ZA;2023-12-16 19:00:00;South Africa;25468.234000000
ZA;2023-12-16 20:00:00;South Africa;24577.003000000
ZA;2023-12-16 21:00:00;South Africa;23183.274000000
ZA;2023-12-16 22:00:00;South Africa;22040.973000000
ZA;2023-12-16 23:00:00;South Africa;20750.252000000
ZA;2023-12-17 00:00:00;South Africa;20327.960000000
ZA;2023-12-17 01:00:00;South Africa;19952.528000000
ZA;2023-12-17 02:00:00;South Africa;19738.880000000
ZA;2023-12-17 03:00:00;South Africa;19705.608000000
ZA;2023-12-17 04:00:00;South Africa;20045.960000000
ZA;2023-12-17 05:00:00;South Africa;20717.975000000
ZA;2023-12-17 06:00:00;South Africa;21966.695000000
ZA;2023-12-17 07:00:00;South Africa;23084.876000000
ZA;2023-12-17 08:00:00;South Africa;24125.033000000
ZA;2023-12-17 09:00:00;South Africa;24494.049000000
ZA;2023-12-17 10:00:00;South Africa;24190.365000000
ZA;2023-12-17 11:00:00;South Africa;24081.220000000
ZA;2023-12-17 12:00:00;South Africa;24098.443000000
ZA;2023-12-17 13:00:00;South Africa;24025.730000000
ZA;2023-12-17 14:00:00;South Africa;23885.791000000
ZA;2023-12-17 15:00:00;South Africa;23818.057000000
ZA;2023-12-17 16:00:00;South Africa;24154.584000000
ZA;2023-12-17 17:00:00;South Africa;24458.278000000
ZA;2023-12-17 18:00:00;South Africa;24952.567000000
ZA;2023-12-17 19:00:00;South Africa;25822.347000000
ZA;2023-12-17 20:00:00;South Africa;25373.064000000
ZA;2023-12-17 21:00:00;South Africa;23971.357000000
ZA;2023-12-17 22:00:00;South Africa;22473.230000000
ZA;2023-12-17 23:00:00;South Africa;21280.516000000
ZA;2023-12-18 00:00:00;South Africa;20805.006000000
ZA;2023-12-18 01:00:00;South Africa;20347.763000000
ZA;2023-12-18 02:00:00;South Africa;20376.797000000
ZA;2023-12-18 03:00:00;South Africa;20290.454000000
ZA;2023-12-18 04:00:00;South Africa;21126.945000000
ZA;2023-12-18 05:00:00;South Africa;22182.697000000
ZA;2023-12-18 06:00:00;South Africa;23138.475000000
ZA;2023-12-18 07:00:00;South Africa;24371.191000000
ZA;2023-12-18 08:00:00;South Africa;25290.345000000
ZA;2023-12-18 09:00:00;South Africa;25554.389000000
ZA;2023-12-18 10:00:00;South Africa;25552.611000000
ZA;2023-12-18 11:00:00;South Africa;25622.095000000
ZA;2023-12-18 12:00:00;South Africa;25419.638000000
ZA;2023-12-18 13:00:00;South Africa;25584.396000000
ZA;2023-12-18 14:00:00;South Africa;25825.556000000
ZA;2023-12-18 15:00:00;South Africa;26286.574000000
ZA;2023-12-18 16:00:00;South Africa;26684.705000000
ZA;2023-12-18 17:00:00;South Africa;26718.864000000
ZA;2023-12-18 18:00:00;South Africa;26821.051000000
ZA;2023-12-18 19:00:00;South Africa;27092.458000000
ZA;2023-12-18 20:00:00;South Africa;26458.868000000
ZA;2023-12-18 21:00:00;South Africa;24819.084000000
ZA;2023-12-18 22:00:00;South Africa;23085.829000000
ZA;2023-12-18 23:00:00;South Africa;22334.920000000
ZA;2023-12-19 00:00:00;South Africa;21495.846000000
ZA;2023-12-19 01:00:00;South Africa;21130.454000000
ZA;2023-12-19 02:00:00;South Africa;21040.439000000
ZA;2023-12-19 03:00:00;South Africa;21139.210000000
ZA;2023-12-19 04:00:00;South Africa;21731.102000000
ZA;2023-12-19 05:00:00;South Africa;22678.762000000
ZA;2023-12-19 06:00:00;South Africa;23486.875000000
ZA;2023-12-19 07:00:00;South Africa;24689.052000000
ZA;2023-12-19 08:00:00;South Africa;25591.311000000
ZA;2023-12-19 09:00:00;South Africa;25680.369000000
ZA;2023-12-19 10:00:00;South Africa;25676.979000000
ZA;2023-12-19 11:00:00;South Africa;25450.711000000
ZA;2023-12-19 12:00:00;South Africa;25471.553000000
ZA;2023-12-19 13:00:00;South Africa;25670.488000000
ZA;2023-12-19 14:00:00;South Africa;25832.406000000
ZA;2023-12-19 15:00:00;South Africa;26161.439000000
ZA;2023-12-19 16:00:00;South Africa;26537.340000000
ZA;2023-12-19 17:00:00;South Africa;26842.591000000
ZA;2023-12-19 18:00:00;South Africa;26990.789000000
ZA;2023-12-19 19:00:00;South Africa;27314.493000000
ZA;2023-12-19 20:00:00;South Africa;26676.955000000
ZA;2023-12-19 21:00:00;South Africa;24892.039000000
ZA;2023-12-19 22:00:00;South Africa;23455.157000000
ZA;2023-12-19 23:00:00;South Africa;22418.104000000
ZA;2023-12-20 00:00:00;South Africa;21834.976000000
ZA;2023-12-20 01:00:00;South Africa;21280.633000000
ZA;2023-12-20 02:00:00;South Africa;21188.060000000
ZA;2023-12-20 03:00:00;South Africa;21336.283000000
ZA;2023-12-20 04:00:00;South Africa;22054.196000000
ZA;2023-12-20 05:00:00;South Africa;22929.166000000
ZA;2023-12-20 06:00:00;South Africa;23810.538000000
ZA;2023-12-20 07:00:00;South Africa;24754.624000000
ZA;2023-12-20 08:00:00;South Africa;25701.846000000
ZA;2023-12-20 09:00:00;South Africa;25753.317000000
ZA;2023-12-20 10:00:00;South Africa;25436.198000000
ZA;2023-12-20 11:00:00;South Africa;25754.663000000
ZA;2023-12-20 12:00:00;South Africa;25672.378000000
ZA;2023-12-20 13:00:00;South Africa;25669.000000000
ZA;2023-12-20 14:00:00;South Africa;25761.541000000
ZA;2023-12-20 15:00:00;South Africa;26085.142000000
ZA;2023-12-20 16:00:00;South Africa;26291.391000000
ZA;2023-12-20 17:00:00;South Africa;26608.012000000
ZA;2023-12-20 18:00:00;South Africa;26641.737000000
ZA;2023-12-20 19:00:00;South Africa;27496.501000000
ZA;2023-12-20 20:00:00;South Africa;26868.643000000
ZA;2023-12-20 21:00:00;South Africa;25167.294000000
ZA;2023-12-20 22:00:00;South Africa;23836.729000000
ZA;2023-12-20 23:00:00;South Africa;22515.820000000
ZA;2023-12-21 00:00:00;South Africa;21903.655000000
ZA;2023-12-21 01:00:00;South Africa;21356.239000000
ZA;2023-12-21 02:00:00;South Africa;21160.163000000
ZA;2023-12-21 03:00:00;South Africa;21259.134000000
ZA;2023-12-21 04:00:00;South Africa;21776.178000000
ZA;2023-12-21 05:00:00;South Africa;22829.303000000
ZA;2023-12-21 06:00:00;South Africa;23621.779000000
ZA;2023-12-21 07:00:00;South Africa;24555.466000000
ZA;2023-12-21 08:00:00;South Africa;25302.918000000
ZA;2023-12-21 09:00:00;South Africa;25422.980000000
ZA;2023-12-21 10:00:00;South Africa;25214.597000000
ZA;2023-12-21 11:00:00;South Africa;25269.387000000
ZA;2023-12-21 12:00:00;South Africa;25319.027000000
ZA;2023-12-21 13:00:00;South Africa;25181.606000000
ZA;2023-12-21 14:00:00;South Africa;25227.940000000
ZA;2023-12-21 15:00:00;South Africa;25526.128000000
ZA;2023-12-21 16:00:00;South Africa;26069.336000000
ZA;2023-12-21 17:00:00;South Africa;26267.114000000
ZA;2023-12-21 18:00:00;South Africa;26093.707000000
ZA;2023-12-21 19:00:00;South Africa;26737.065000000
ZA;2023-12-21 20:00:00;South Africa;26551.069000000
ZA;2023-12-21 21:00:00;South Africa;24998.247000000
ZA;2023-12-21 22:00:00;South Africa;23645.231000000
ZA;2023-12-21 23:00:00;South Africa;22343.251000000
ZA;2023-12-22 00:00:00;South Africa;21525.446000000
ZA;2023-12-22 01:00:00;South Africa;21104.038000000
ZA;2023-12-22 02:00:00;South Africa;20790.334000000
ZA;2023-12-22 03:00:00;South Africa;20955.992000000
ZA;2023-12-22 04:00:00;South Africa;21087.308000000
ZA;2023-12-22 05:00:00;South Africa;22256.075000000
ZA;2023-12-22 06:00:00;South Africa;23232.213000000
ZA;2023-12-22 07:00:00;South Africa;24260.151000000
ZA;2023-12-22 08:00:00;South Africa;25158.175000000
ZA;2023-12-22 09:00:00;South Africa;24865.650000000
ZA;2023-12-22 10:00:00;South Africa;24937.164000000
ZA;2023-12-22 11:00:00;South Africa;24943.109000000
ZA;2023-12-22 12:00:00;South Africa;24312.621000000
ZA;2023-12-22 13:00:00;South Africa;24209.923000000
ZA;2023-12-22 14:00:00;South Africa;24167.533000000
ZA;2023-12-22 15:00:00;South Africa;24252.709000000
ZA;2023-12-22 16:00:00;South Africa;24454.860000000
ZA;2023-12-22 17:00:00;South Africa;24750.016000000
ZA;2023-12-22 18:00:00;South Africa;24945.305000000
ZA;2023-12-22 19:00:00;South Africa;25617.742000000
ZA;2023-12-22 20:00:00;South Africa;25187.524000000
ZA;2023-12-22 21:00:00;South Africa;23954.732000000
ZA;2023-12-22 22:00:00;South Africa;22763.245000000
ZA;2023-12-22 23:00:00;South Africa;21590.818000000
ZA;2023-12-23 00:00:00;South Africa;21061.048000000
ZA;2023-12-23 01:00:00;South Africa;20530.671000000
ZA;2023-12-23 02:00:00;South Africa;20241.912000000
ZA;2023-12-23 03:00:00;South Africa;19979.092000000
ZA;2023-12-23 04:00:00;South Africa;20536.539000000
ZA;2023-12-23 05:00:00;South Africa;21160.759000000
ZA;2023-12-23 06:00:00;South Africa;21966.323000000
ZA;2023-12-23 07:00:00;South Africa;22889.714000000
ZA;2023-12-23 08:00:00;South Africa;23574.122000000
ZA;2023-12-23 09:00:00;South Africa;23581.347000000
ZA;2023-12-23 10:00:00;South Africa;23289.754000000
ZA;2023-12-23 11:00:00;South Africa;23007.077000000
ZA;2023-12-23 12:00:00;South Africa;22932.955000000
ZA;2023-12-23 13:00:00;South Africa;22861.500000000
ZA;2023-12-23 14:00:00;South Africa;22718.165000000
ZA;2023-12-23 15:00:00;South Africa;22998.746000000
ZA;2023-12-23 16:00:00;South Africa;23394.696000000
ZA;2023-12-23 17:00:00;South Africa;23891.518000000
ZA;2023-12-23 18:00:00;South Africa;24343.634000000
ZA;2023-12-23 19:00:00;South Africa;24964.281000000
ZA;2023-12-23 20:00:00;South Africa;24580.981000000
ZA;2023-12-23 21:00:00;South Africa;23390.852000000
ZA;2023-12-23 22:00:00;South Africa;22165.042000000
ZA;2023-12-23 23:00:00;South Africa;21111.953000000
ZA;2023-12-24 00:00:00;South Africa;20418.664000000
ZA;2023-12-24 01:00:00;South Africa;19873.237000000
ZA;2023-12-24 02:00:00;South Africa;19549.961000000
ZA;2023-12-24 03:00:00;South Africa;19517.200000000
ZA;2023-12-24 04:00:00;South Africa;19549.249000000
ZA;2023-12-24 05:00:00;South Africa;20031.368000000
ZA;2023-12-24 06:00:00;South Africa;21024.260000000
ZA;2023-12-24 07:00:00;South Africa;22302.466000000
ZA;2023-12-24 08:00:00;South Africa;22870.341000000
ZA;2023-12-24 09:00:00;South Africa;23118.811000000
ZA;2023-12-24 10:00:00;South Africa;23306.233000000
ZA;2023-12-24 11:00:00;South Africa;23043.103000000
ZA;2023-12-24 12:00:00;South Africa;23000.409000000
ZA;2023-12-24 13:00:00;South Africa;22971.627000000
ZA;2023-12-24 14:00:00;South Africa;23003.881000000
ZA;2023-12-24 15:00:00;South Africa;23070.086000000
ZA;2023-12-24 16:00:00;South Africa;23210.501000000
ZA;2023-12-24 17:00:00;South Africa;23501.927000000
ZA;2023-12-24 18:00:00;South Africa;23876.716000000
ZA;2023-12-24 19:00:00;South Africa;24374.848000000
ZA;2023-12-24 20:00:00;South Africa;23696.848000000
ZA;2023-12-24 21:00:00;South Africa;22503.611000000
ZA;2023-12-24 22:00:00;South Africa;21430.970000000
ZA;2023-12-24 23:00:00;South Africa;20299.940000000
ZA;2023-12-25 00:00:00;South Africa;19558.491000000
ZA;2023-12-25 01:00:00;South Africa;18999.655000000
ZA;2023-12-25 02:00:00;South Africa;18874.996000000
ZA;2023-12-25 03:00:00;South Africa;18867.052000000
ZA;2023-12-25 04:00:00;South Africa;19137.865000000
ZA;2023-12-25 05:00:00;South Africa;19724.186000000
ZA;2023-12-25 06:00:00;South Africa;20661.551000000
ZA;2023-12-25 07:00:00;South Africa;22349.572000000
ZA;2023-12-25 08:00:00;South Africa;23472.058000000
ZA;2023-12-25 09:00:00;South Africa;24240.666000000
ZA;2023-12-25 10:00:00;South Africa;24653.988000000
ZA;2023-12-25 11:00:00;South Africa;24699.129000000
ZA;2023-12-25 12:00:00;South Africa;24331.571000000
ZA;2023-12-25 13:00:00;South Africa;23655.208000000
ZA;2023-12-25 14:00:00;South Africa;22763.116000000
ZA;2023-12-25 15:00:00;South Africa;22126.134000000
ZA;2023-12-25 16:00:00;South Africa;21715.355000000
ZA;2023-12-25 17:00:00;South Africa;21382.963000000
ZA;2023-12-25 18:00:00;South Africa;21432.775000000
ZA;2023-12-25 19:00:00;South Africa;22079.036000000
ZA;2023-12-25 20:00:00;South Africa;21824.122000000
ZA;2023-12-25 21:00:00;South Africa;21040.401000000
ZA;2023-12-25 22:00:00;South Africa;20085.422000000
ZA;2023-12-25 23:00:00;South Africa;19112.307000000
ZA;2023-12-26 00:00:00;South Africa;18635.257000000
ZA;2023-12-26 01:00:00;South Africa;18471.374000000
ZA;2023-12-26 02:00:00;South Africa;18377.872000000
ZA;2023-12-26 03:00:00;South Africa;18357.639000000
ZA;2023-12-26 04:00:00;South Africa;18534.222000000
ZA;2023-12-26 05:00:00;South Africa;18845.646000000
ZA;2023-12-26 06:00:00;South Africa;19501.180000000
ZA;2023-12-26 07:00:00;South Africa;20595.472000000
ZA;2023-12-26 08:00:00;South Africa;21791.842000000
ZA;2023-12-26 09:00:00;South Africa;22575.229000000
ZA;2023-12-26 10:00:00;South Africa;22778.527000000
ZA;2023-12-26 11:00:00;South Africa;22487.589000000
ZA;2023-12-26 12:00:00;South Africa;22331.132000000
ZA;2023-12-26 13:00:00;South Africa;22251.606000000
ZA;2023-12-26 14:00:00;South Africa;22156.445000000
ZA;2023-12-26 15:00:00;South Africa;22285.281000000
ZA;2023-12-26 16:00:00;South Africa;22742.988000000
ZA;2023-12-26 17:00:00;South Africa;23282.173000000
ZA;2023-12-26 18:00:00;South Africa;23549.982000000
ZA;2023-12-26 19:00:00;South Africa;23784.618000000
ZA;2023-12-26 20:00:00;South Africa;22741.585000000
ZA;2023-12-26 21:00:00;South Africa;21306.285000000
ZA;2023-12-26 22:00:00;South Africa;19884.108000000
ZA;2023-12-26 23:00:00;South Africa;18877.380000000
ZA;2023-12-27 00:00:00;South Africa;18230.845000000
ZA;2023-12-27 01:00:00;South Africa;18016.008000000
ZA;2023-12-27 02:00:00;South Africa;17773.975000000
ZA;2023-12-27 03:00:00;South Africa;17876.716000000
ZA;2023-12-27 04:00:00;South Africa;18165.303000000
ZA;2023-12-27 05:00:00;South Africa;18924.280000000
ZA;2023-12-27 06:00:00;South Africa;19796.128000000
ZA;2023-12-27 07:00:00;South Africa;20997.412000000
ZA;2023-12-27 08:00:00;South Africa;22426.983000000
ZA;2023-12-27 09:00:00;South Africa;23508.550000000
ZA;2023-12-27 10:00:00;South Africa;23965.801000000
ZA;2023-12-27 11:00:00;South Africa;23878.432000000
ZA;2023-12-27 12:00:00;South Africa;23639.243000000
ZA;2023-12-27 13:00:00;South Africa;23542.847000000
ZA;2023-12-27 14:00:00;South Africa;23446.977000000
ZA;2023-12-27 15:00:00;South Africa;23734.673000000
ZA;2023-12-27 16:00:00;South Africa;24342.682000000
ZA;2023-12-27 17:00:00;South Africa;25119.490000000
ZA;2023-12-27 18:00:00;South Africa;25240.252000000
ZA;2023-12-27 19:00:00;South Africa;25465.665000000
ZA;2023-12-27 20:00:00;South Africa;24370.872000000
ZA;2023-12-27 21:00:00;South Africa;22465.736000000
ZA;2023-12-27 22:00:00;South Africa;20753.778000000
ZA;2023-12-27 23:00:00;South Africa;19421.208000000
ZA;2023-12-28 00:00:00;South Africa;18767.833000000
ZA;2023-12-28 01:00:00;South Africa;18372.928000000
ZA;2023-12-28 02:00:00;South Africa;18032.228000000
ZA;2023-12-28 03:00:00;South Africa;18262.181000000
ZA;2023-12-28 04:00:00;South Africa;18676.889000000
ZA;2023-12-28 05:00:00;South Africa;19562.464000000
ZA;2023-12-28 06:00:00;South Africa;20497.447000000
ZA;2023-12-28 07:00:00;South Africa;21488.599000000
ZA;2023-12-28 08:00:00;South Africa;22676.685000000
ZA;2023-12-28 09:00:00;South Africa;23176.522000000
ZA;2023-12-28 10:00:00;South Africa;23181.817000000
ZA;2023-12-28 11:00:00;South Africa;23055.497000000
ZA;2023-12-28 12:00:00;South Africa;23110.275000000
ZA;2023-12-28 13:00:00;South Africa;22990.057000000
ZA;2023-12-28 14:00:00;South Africa;22912.904000000
ZA;2023-12-28 15:00:00;South Africa;23203.415000000
ZA;2023-12-28 16:00:00;South Africa;23996.149000000
ZA;2023-12-28 17:00:00;South Africa;24564.390000000
ZA;2023-12-28 18:00:00;South Africa;24987.334000000
ZA;2023-12-28 19:00:00;South Africa;25090.537000000
ZA;2023-12-28 20:00:00;South Africa;24144.542000000
ZA;2023-12-28 21:00:00;South Africa;22578.073000000
ZA;2023-12-28 22:00:00;South Africa;20711.880000000
ZA;2023-12-28 23:00:00;South Africa;19741.573000000
ZA;2023-12-29 00:00:00;South Africa;19134.251000000
ZA;2023-12-29 01:00:00;South Africa;18756.375000000
ZA;2023-12-29 02:00:00;South Africa;18607.594000000
ZA;2023-12-29 03:00:00;South Africa;18674.264000000
ZA;2023-12-29 04:00:00;South Africa;19018.851000000
ZA;2023-12-29 05:00:00;South Africa;19960.693000000
ZA;2023-12-29 06:00:00;South Africa;20758.003000000
ZA;2023-12-29 07:00:00;South Africa;21911.072000000
ZA;2023-12-29 08:00:00;South Africa;23027.336000000
ZA;2023-12-29 09:00:00;South Africa;23531.271000000
ZA;2023-12-29 10:00:00;South Africa;23562.924000000
ZA;2023-12-29 11:00:00;South Africa;23420.030000000
ZA;2023-12-29 12:00:00;South Africa;23077.069000000
ZA;2023-12-29 13:00:00;South Africa;23011.826000000
ZA;2023-12-29 14:00:00;South Africa;22834.753000000
ZA;2023-12-29 15:00:00;South Africa;23014.935000000
ZA;2023-12-29 16:00:00;South Africa;23405.394000000
ZA;2023-12-29 17:00:00;South Africa;23836.030000000
ZA;2023-12-29 18:00:00;South Africa;24074.112000000
ZA;2023-12-29 19:00:00;South Africa;24617.145000000
ZA;2023-12-29 20:00:00;South Africa;23895.630000000
ZA;2023-12-29 21:00:00;South Africa;22422.305000000
ZA;2023-12-29 22:00:00;South Africa;20917.295000000
ZA;2023-12-29 23:00:00;South Africa;19906.053000000
ZA;2023-12-30 00:00:00;South Africa;19063.115000000
ZA;2023-12-30 01:00:00;South Africa;18609.535000000
ZA;2023-12-30 02:00:00;South Africa;18326.882000000
ZA;2023-12-30 03:00:00;South Africa;18400.234000000
ZA;2023-12-30 04:00:00;South Africa;18958.046000000
ZA;2023-12-30 05:00:00;South Africa;19487.931000000
ZA;2023-12-30 06:00:00;South Africa;20306.572000000
ZA;2023-12-30 07:00:00;South Africa;21357.388000000
ZA;2023-12-30 08:00:00;South Africa;22284.804000000
ZA;2023-12-30 09:00:00;South Africa;22708.732000000
ZA;2023-12-30 10:00:00;South Africa;22562.396000000
ZA;2023-12-30 11:00:00;South Africa;22464.681000000
ZA;2023-12-30 12:00:00;South Africa;22387.469000000
ZA;2023-12-30 13:00:00;South Africa;22069.141000000
ZA;2023-12-30 14:00:00;South Africa;21865.564000000
ZA;2023-12-30 15:00:00;South Africa;21915.000000000
ZA;2023-12-30 16:00:00;South Africa;22240.648000000
ZA;2023-12-30 17:00:00;South Africa;22723.415000000
ZA;2023-12-30 18:00:00;South Africa;23153.919000000
ZA;2023-12-30 19:00:00;South Africa;24070.018000000
ZA;2023-12-30 20:00:00;South Africa;23463.429000000
ZA;2023-12-30 21:00:00;South Africa;21954.012000000
ZA;2023-12-30 22:00:00;South Africa;20521.164000000
ZA;2023-12-30 23:00:00;South Africa;19413.278000000
ZA;2023-12-31 00:00:00;South Africa;18728.911000000
ZA;2023-12-31 01:00:00;South Africa;18234.002000000
ZA;2023-12-31 02:00:00;South Africa;18085.989000000
ZA;2023-12-31 03:00:00;South Africa;18004.198000000
ZA;2023-12-31 04:00:00;South Africa;18206.540000000
ZA;2023-12-31 05:00:00;South Africa;18522.520000000
ZA;2023-12-31 06:00:00;South Africa;19461.629000000
ZA;2023-12-31 07:00:00;South Africa;20580.230000000
ZA;2023-12-31 08:00:00;South Africa;21765.755000000
ZA;2023-12-31 09:00:00;South Africa;22182.528000000
ZA;2023-12-31 10:00:00;South Africa;22237.153000000
ZA;2023-12-31 11:00:00;South Africa;22306.719000000
ZA;2023-12-31 12:00:00;South Africa;22424.558000000
ZA;2023-12-31 13:00:00;South Africa;22229.207000000
ZA;2023-12-31 14:00:00;South Africa;22180.540000000
ZA;2023-12-31 15:00:00;South Africa;22363.143000000
ZA;2023-12-31 16:00:00;South Africa;22348.058000000
ZA;2023-12-31 17:00:00;South Africa;22382.965000000
ZA;2023-12-31 18:00:00;South Africa;22629.530000000
ZA;2023-12-31 19:00:00;South Africa;23120.824000000
ZA;2023-12-31 20:00:00;South Africa;22549.056000000
ZA;2023-12-31 21:00:00;South Africa;21533.558000000
ZA;2023-12-31 22:00:00;South Africa;20591.201000000
ZA;2023-12-31 23:00:00;South Africa;19896.429000000
