scenario_set,sheet,scenario,parameter,unit,2018,2019,2020,2021,2022,2023,2024,2025,2026,2027,2028,2029,2030,2031,2032,2033,2034,2035,2036,2037,2038,2039,2040,2041,2042,2043,2044,2045,2046,2047,2048,2049,2050,Unnamed: 0,Unnamed: 1,Unnamed: 2,fixed_generators,Unnamed: 4,Unnamed: 5,Unnamed: 6,Unnamed: 7,Unnamed: 8,Unnamed: 9,Unnamed: 10,Unnamed: 11,Unnamed: 12,Unnamed: 13,Unnamed: 14,Unnamed: 15,Unnamed: 16,Unnamed: 17,Unnamed: 18,Unnamed: 19,Unnamed: 20,Unnamed: 21,Unnamed: 22,Unnamed: 23,Unnamed: 24,Unnamed: 25,Unnamed: 26,Unnamed: 27,Unnamed: 28,Unnamed: 29,Unnamed: 30,Unnamed: 31,Unnamed: 32,Unnamed: 33,Unnamed: 34,extendable_generators,Unnamed: 36,Unnamed: 37,Unnamed: 38,Unnamed: 39,Unnamed: 40,Unnamed: 41,Unnamed: 42,Unnamed: 43,Unnamed: 44,Carrier,2051,2052,2053,2054,2055,2056,2057,2058,2059,2060,Unnamed: 35,Unnamed: 45,Unnamed: 46,Unnamed: 47,Unnamed: 48,Unnamed: 49
ME IRP 2024,annual_availability,BASE,Arnot_EAF,%/yr,,,,,,0.481,0.4602,0.4076,0.4197,0.42,0.4254,0.4178,0.3943,0.4428,0.404,0.4408,0.4163,0.4316,0.4221,0.4292,0.4507,0.4532,0.5016,0.4766,0.4844,0.468,0.4745,0.508,0.5198,0.5307,0.5211,0.5301,0.5146,,,,,,,,,,,,,,,,,,,,,,,,,,,,,,,,,,,,,,,,,,,,,,,,,,,,,,,,,,,,,,
ME IRP 2024,annual_availability,BASE,Camden_EAF,%/yr,,,,,,0.481,0.4602,0.4076,0.4197,0.42,0.4254,0.4178,0.3943,0.4428,0.404,0.4408,0.4163,0.4316,0.4221,0.4292,0.4507,0.4532,0.5016,0.4766,0.4844,0.468,0.4745,0.508,0.5198,0.5307,0.5211,0.5301,0.5146,,,,,,,,,,,,,,,,,,,,,,,,,,,,,,,,,,,,,,,,,,,,,,,,,,,,,,,,,,,,,,
ME IRP 2024,annual_availability,BASE,Duvha_EAF,%/yr,,,,,,0.481,0.4602,0.4076,0.4197,0.42,0.4254,0.4178,0.3943,0.4428,0.404,0.4408,0.4163,0.4316,0.4221,0.4292,0.4507,0.4532,0.5016,0.4766,0.4844,0.468,0.4745,0.508,0.5198,0.5307,0.5211,0.5301,0.5146,,,,,,,,,,,,,,,,,,,,,,,,,,,,,,,,,,,,,,,,,,,,,,,,,,,,,,,,,,,,,,
ME IRP 2024,annual_availability,BASE,Grootvlei_EAF,%/yr,,,,,,0.481,0.4602,0.4076,0.4197,0.42,0.4254,0.4178,0.3943,0.4428,0.404,0.4408,0.4163,0.4316,0.4221,0.4292,0.4507,0.4532,0.5016,0.4766,0.4844,0.468,0.4745,0.508,0.5198,0.5307,0.5211,0.5301,0.5146,,,,,,,,,,,,,,,,,,,,,,,,,,,,,,,,,,,,,,,,,,,,,,,,,,,,,,,,,,,,,,
ME IRP 2024,annual_availability,BASE,Hendrina_EAF,%/yr,,,,,,0.481,0.4602,0.4076,0.4197,0.42,0.4254,0.4178,0.3943,0.4428,0.404,0.4408,0.4163,0.4316,0.4221,0.4292,0.4507,0.4532,0.5016,0.4766,0.4844,0.468,0.4745,0.508,0.5198,0.5307,0.5211,0.5301,0.5146,,,,,,,,,,,,,,,,,,,,,,,,,,,,,,,,,,,,,,,,,,,,,,,,,,,,,,,,,,,,,,
ME IRP 2024,annual_availability,BASE,Kendal_EAF,%/yr,,,,,,0.481,0.4602,0.4076,0.4197,0.42,0.4254,0.4178,0.3943,0.4428,0.404,0.4408,0.4163,0.4316,0.4221,0.4292,0.4507,0.4532,0.5016,0.4766,0.4844,0.468,0.4745,0.508,0.5198,0.5307,0.5211,0.5301,0.5146,,,,,,,,,,,,,,,,,,,,,,,,,,,,,,,,,,,,,,,,,,,,,,,,,,,,,,,,,,,,,,
ME IRP 2024,annual_availability,BASE,Komati_EAF,%/yr,,,,,,0.481,0.4602,0.4076,0.4197,0.42,0.4254,0.4178,0.3943,0.4428,0.404,0.4408,0.4163,0.4316,0.4221,0.4292,0.4507,0.4532,0.5016,0.4766,0.4844,0.468,0.4745,0.508,0.5198,0.5307,0.5211,0.5301,0.5146,,,,,,,,,,,,,,,,,,,,,,,,,,,,,,,,,,,,,,,,,,,,,,,,,,,,,,,,,,,,,,
ME IRP 2024,annual_availability,BASE,Kriel_EAF,%/yr,,,,,,0.481,0.4602,0.4076,0.4197,0.42,0.4254,0.4178,0.3943,0.4428,0.404,0.4408,0.4163,0.4316,0.4221,0.4292,0.4507,0.4532,0.5016,0.4766,0.4844,0.468,0.4745,0.508,0.5198,0.5307,0.5211,0.5301,0.5146,,,,,,,,,,,,,,,,,,,,,,,,,,,,,,,,,,,,,,,,,,,,,,,,,,,,,,,,,,,,,,
ME IRP 2024,annual_availability,BASE,Kusile_EAF,%/yr,,,,,,0.481,0.4602,0.4076,0.4197,0.42,0.4254,0.4178,0.3943,0.4428,0.404,0.4408,0.4163,0.4316,0.4221,0.4292,0.4507,0.4532,0.5016,0.4766,0.4844,0.468,0.4745,0.508,0.5198,0.5307,0.5211,0.5301,0.5146,,,,,,,,,,,,,,,,,,,,,,,,,,,,,,,,,,,,,,,,,,,,,,,,,,,,,,,,,,,,,,
ME IRP 2024,annual_availability,BASE,Lethabo_EAF,%/yr,,,,,,0.481,0.4602,0.4076,0.4197,0.42,0.4254,0.4178,0.3943,0.4428,0.404,0.4408,0.4163,0.4316,0.4221,0.4292,0.4507,0.4532,0.5016,0.4766,0.4844,0.468,0.4745,0.508,0.5198,0.5307,0.5211,0.5301,0.5146,,,,,,,,,,,,,,,,,,,,,,,,,,,,,,,,,,,,,,,,,,,,,,,,,,,,,,,,,,,,,,
ME IRP 2024,annual_availability,BASE,Majuba_EAF,%/yr,,,,,,0.481,0.4602,0.4076,0.4197,0.42,0.4254,0.4178,0.3943,0.4428,0.404,0.4408,0.4163,0.4316,0.4221,0.4292,0.4507,0.4532,0.5016,0.4766,0.4844,0.468,0.4745,0.508,0.5198,0.5307,0.5211,0.5301,0.5146,,,,,,,,,,,,,,,,,,,,,,,,,,,,,,,,,,,,,,,,,,,,,,,,,,,,,,,,,,,,,,
ME IRP 2024,annual_availability,BASE,Matimba_EAF,%/yr,,,,,,0.481,0.4602,0.4076,0.4197,0.42,0.4254,0.4178,0.3943,0.4428,0.404,0.4408,0.4163,0.4316,0.4221,0.4292,0.4507,0.4532,0.5016,0.4766,0.4844,0.468,0.4745,0.508,0.5198,0.5307,0.5211,0.5301,0.5146,,,,,,,,,,,,,,,,,,,,,,,,,,,,,,,,,,,,,,,,,,,,,,,,,,,,,,,,,,,,,,
ME IRP 2024,annual_availability,BASE,Matla_EAF,%/yr,,,,,,0.481,0.4602,0.4076,0.4197,0.42,0.4254,0.4178,0.3943,0.4428,0.404,0.4408,0.4163,0.4316,0.4221,0.4292,0.4507,0.4532,0.5016,0.4766,0.4844,0.468,0.4745,0.508,0.5198,0.5307,0.5211,0.5301,0.5146,,,,,,,,,,,,,,,,,,,,,,,,,,,,,,,,,,,,,,,,,,,,,,,,,,,,,,,,,,,,,,
ME IRP 2024,annual_availability,BASE,Medupi_EAF,%/yr,,,,,,0.481,0.4602,0.4076,0.4197,0.42,0.4254,0.4178,0.3943,0.4428,0.404,0.4408,0.4163,0.4316,0.4221,0.4292,0.4507,0.4532,0.5016,0.4766,0.4844,0.468,0.4745,0.508,0.5198,0.5307,0.5211,0.5301,0.5146,,,,,,,,,,,,,,,,,,,,,,,,,,,,,,,,,,,,,,,,,,,,,,,,,,,,,,,,,,,,,,
ME IRP 2024,annual_availability,BASE,Tutuka_EAF,%/yr,,,,,,0.481,0.4602,0.4076,0.4197,0.42,0.4254,0.4178,0.3943,0.4428,0.404,0.4408,0.4163,0.4316,0.4221,0.4292,0.4507,0.4532,0.5016,0.4766,0.4844,0.468,0.4745,0.508,0.5198,0.5307,0.5211,0.5301,0.5146,,,,,,,,,,,,,,,,,,,,,,,,,,,,,,,,,,,,,,,,,,,,,,,,,,,,,,,,,,,,,,
ME IRP 2024,annual_availability,BASE,Koeberg_EAF,%/yr,,,,,,0.5083,0.4167,0.9333,0.75,0.9583,0.7917,0.875,0.9,0.9,0.9,0.9,0.9,0.9,0.9,0.9,0.9,0.9,0.9,0.9,0.9,0.9,0.9,0.9,0.9,0.9,0.9,0.9,0.9,,,,,,,,,,,,,,,,,,,,,,,,,,,,,,,,,,,,,,,,,,,,,,,,,,,,,,,,,,,,,,
ME IRP 2024,annual_availability,BASE,Sasol_coal_EAF,%/yr,,,,,,0.8,0.8,0.8,0.8,0.8,0.8,0.8,0.8,0.8,0.8,0.8,0.8,0.8,0.8,0.8,0.8,0.8,0.8,0.8,0.8,0.8,0.8,0.8,0.8,0.8,0.8,0.8,0.8,,,,,,,,,,,,,,,,,,,,,,,,,,,,,,,,,,,,,,,,,,,,,,,,,,,,,,,,,,,,,,
ME IRP 2024,annual_availability,BASE,Kelvin_EAF,%/yr,,,,,,0.8,0.8,0.8,0.8,0.8,0.8,0.8,0.8,0.8,0.8,0.8,0.8,0.8,0.8,0.8,0.8,0.8,0.8,0.8,0.8,0.8,0.8,0.8,0.8,0.8,0.8,0.8,0.8,,,,,,,,,,,,,,,,,,,,,,,,,,,,,,,,,,,,,,,,,,,,,,,,,,,,,,,,,,,,,,
ME IRP 2024,annual_availability,BASE,Sasol_ice_EAF,%/yr,,,,,,1.0,1.0,1.0,1.0,1.0,1.0,1.0,1.0,1.0,1.0,1.0,1.0,1.0,1.0,1.0,1.0,1.0,1.0,1.0,1.0,1.0,1.0,1.0,1.0,1.0,1.0,1.0,1.0,,,,,,,,,,,,,,,,,,,,,,,,,,,,,,,,,,,,,,,,,,,,,,,,,,,,,,,,,,,,,,
ME IRP 2024,annual_availability,BASE,Sasol_ocgt_EAF,%/yr,,,,,,1.0,1.0,1.0,1.0,1.0,1.0,1.0,1.0,1.0,1.0,1.0,1.0,1.0,1.0,1.0,1.0,1.0,1.0,1.0,1.0,1.0,1.0,1.0,1.0,1.0,1.0,1.0,1.0,,,,,,,,,,,,,,,,,,,,,,,,,,,,,,,,,,,,,,,,,,,,,,,,,,,,,,,,,,,,,,
ME IRP 2024,annual_availability,BASE,coal_extendable_EAF,%/yr,,,,,,0.85,0.85,0.85,0.85,0.85,0.85,0.85,0.85,0.85,0.85,0.85,0.85,0.85,0.85,0.85,0.85,0.85,0.85,0.85,0.85,0.85,0.85,0.85,0.85,0.85,0.85,0.85,0.85,,,,,,,,,,,,,,,,,,,,,,,,,,,,,,,,,,,,,,,,,,,,,,,,,,,,,,,,,,,,,,
ME IRP 2024,annual_availability,BASE,nuclear_extendable_EAF,%/yr,,,,,,0.9,0.9,0.9,0.9,0.9,0.9,0.9,0.9,0.9,0.9,0.9,0.9,0.9,0.9,0.9,0.9,0.9,0.9,0.9,0.9,0.9,0.9,0.9,0.9,0.9,0.9,0.9,0.9,,,,,,,,,,,,,,,,,,,,,,,,,,,,,,,,,,,,,,,,,,,,,,,,,,,,,,,,,,,,,,
ME IRP 2024,annual_availability,BASE,ocgt_diesel_extendable_EAF,%/yr,,,,,,0.95,0.95,0.95,0.95,0.95,0.95,0.95,0.95,0.95,0.95,0.95,0.95,0.95,0.95,0.95,0.95,0.95,0.95,0.95,0.95,0.95,0.95,0.95,0.95,0.95,0.95,0.95,0.95,,,,,,,,,,,,,,,,,,,,,,,,,,,,,,,,,,,,,,,,,,,,,,,,,,,,,,,,,,,,,,
ME IRP 2024,annual_availability,BASE,ocgt_diesel_emg_extendable_EAF,%/yr,,,,,,0.95,0.95,0.95,0.95,0.95,0.95,0.95,0.95,0.95,0.95,0.95,0.95,0.95,0.95,0.95,0.95,0.95,0.95,0.95,0.95,0.95,0.95,0.95,0.95,0.95,0.95,0.95,0.95,,,,,,,,,,,,,,,,,,,,,,,,,,,,,,,,,,,,,,,,,,,,,,,,,,,,,,,,,,,,,,
ME IRP 2024,annual_availability,BASE,ocgt_gas_extendable_EAF,%/yr,,,,,,0.9,0.9,0.9,0.9,0.9,0.9,0.9,0.9,0.9,0.9,0.9,0.9,0.9,0.9,0.9,0.9,0.9,0.9,0.9,0.9,0.9,0.9,0.9,0.9,0.9,0.9,0.9,0.9,,,,,,,,,,,,,,,,,,,,,,,,,,,,,,,,,,,,,,,,,,,,,,,,,,,,,,,,,,,,,,
ME IRP 2024,annual_availability,BASE,ocgt_gas_h2_40_extendable_EAF,%/yr,,,,,,0.9,0.9,0.9,0.9,0.9,0.9,0.9,0.9,0.9,0.9,0.9,0.9,0.9,0.9,0.9,0.9,0.9,0.9,0.95,0.95,0.95,0.95,0.95,0.95,0.95,0.95,0.95,0.95,,,,,,,,,,,,,,,,,,,,,,,,,,,,,,,,,,,,,,,,,,,,,,,,,,,,,,,,,,,,,,
ME IRP 2024,annual_availability,BASE,ocgt_gas_h2_45_extendable_EAF,%/yr,,,,,,0.9,0.9,0.9,0.9,0.9,0.9,0.9,0.9,0.9,0.9,0.9,0.9,0.9,0.9,0.9,0.9,0.9,0.9,0.9,0.9,0.9,0.9,0.95,0.95,0.95,0.95,0.95,0.95,,,,,,,,,,,,,,,,,,,,,,,,,,,,,,,,,,,,,,,,,,,,,,,,,,,,,,,,,,,,,,
ME IRP 2024,annual_availability,BASE,ocgt_gas_h2_50_extendable_EAF,%/yr,,,,,,0.9,0.9,0.9,0.9,0.9,0.9,0.9,0.9,0.9,0.9,0.9,0.9,0.9,0.9,0.9,0.9,0.9,0.9,0.9,0.9,0.9,0.9,0.9,0.9,0.9,0.9,0.9,0.95,,,,,,,,,,,,,,,,,,,,,,,,,,,,,,,,,,,,,,,,,,,,,,,,,,,,,,,,,,,,,,
ME IRP 2024,annual_availability,BASE,ccgt_steam_extendable_EAF,%/yr,,,,,,0.9,0.9,0.9,0.9,0.9,0.9,0.9,0.9,0.9,0.9,0.9,0.9,0.9,0.9,0.9,0.9,0.9,0.9,0.9,0.9,0.9,0.9,0.9,0.9,0.9,0.9,0.9,0.9,,,,,,,,,,,,,,,,,,,,,,,,,,,,,,,,,,,,,,,,,,,,,,,,,,,,,,,,,,,,,,
ME IRP 2024,annual_availability,EAF_REC,Arnot_EAF,%/yr,,,,,,0.564103842509553,0.557589790476558,0.556315794749518,0.557840210637596,0.556435952155766,0.556701385977498,0.563397189922147,0.571774138898707,0.57512497623418,0.582033329343185,0.58872884456359,0.593818716141913,0.595770588273364,0.602748860770146,0.612801517138686,0.618241659345795,0.618655545549695,0.623886579223024,0.6531604987536,0.657071076156945,0.662861104027183,0.665990153022488,0.671080265204348,0.674920778857794,0.684311871741714,0.695937858697352,0.710185678332493,0.71835809024247,,,,,,,,,,,,,,,,,,,,,,,,,,,,,,,,,,,,,,,,,,,,,,,,,,,,,,,,,,,,,,
ME IRP 2024,annual_availability,EAF_REC,Camden_EAF,%/yr,,,,,,0.564103842509553,0.557589790476558,0.556315794749518,0.557840210637596,0.556435952155766,0.556701385977498,0.563397189922147,0.571774138898707,0.57512497623418,0.582033329343185,0.58872884456359,0.593818716141913,0.595770588273364,0.602748860770146,0.612801517138686,0.618241659345795,0.618655545549695,0.623886579223024,0.6531604987536,0.657071076156945,0.662861104027183,0.665990153022488,0.671080265204348,0.674920778857794,0.684311871741714,0.695937858697352,0.710185678332493,0.71835809024247,,,,,,,,,,,,,,,,,,,,,,,,,,,,,,,,,,,,,,,,,,,,,,,,,,,,,,,,,,,,,,
ME IRP 2024,annual_availability,EAF_REC,Duvha_EAF,%/yr,,,,,,0.564103842509553,0.557589790476558,0.556315794749518,0.557840210637596,0.556435952155766,0.556701385977498,0.563397189922147,0.571774138898707,0.57512497623418,0.582033329343185,0.58872884456359,0.593818716141913,0.595770588273364,0.602748860770146,0.612801517138686,0.618241659345795,0.618655545549695,0.623886579223024,0.6531604987536,0.657071076156945,0.662861104027183,0.665990153022488,0.671080265204348,0.674920778857794,0.684311871741714,0.695937858697352,0.710185678332493,0.71835809024247,,,,,,,,,,,,,,,,,,,,,,,,,,,,,,,,,,,,,,,,,,,,,,,,,,,,,,,,,,,,,,
ME IRP 2024,annual_availability,EAF_REC,Grootvlei_EAF,%/yr,,,,,,0.564103842509553,0.557589790476558,0.556315794749518,0.557840210637596,0.556435952155766,0.556701385977498,0.563397189922147,0.571774138898707,0.57512497623418,0.582033329343185,0.58872884456359,0.593818716141913,0.595770588273364,0.602748860770146,0.612801517138686,0.618241659345795,0.618655545549695,0.623886579223024,0.6531604987536,0.657071076156945,0.662861104027183,0.665990153022488,0.671080265204348,0.674920778857794,0.684311871741714,0.695937858697352,0.710185678332493,0.71835809024247,,,,,,,,,,,,,,,,,,,,,,,,,,,,,,,,,,,,,,,,,,,,,,,,,,,,,,,,,,,,,,
ME IRP 2024,annual_availability,EAF_REC,Hendrina_EAF,%/yr,,,,,,0.564103842509553,0.557589790476558,0.556315794749518,0.557840210637596,0.556435952155766,0.556701385977498,0.563397189922147,0.571774138898707,0.57512497623418,0.582033329343185,0.58872884456359,0.593818716141913,0.595770588273364,0.602748860770146,0.612801517138686,0.618241659345795,0.618655545549695,0.623886579223024,0.6531604987536,0.657071076156945,0.662861104027183,0.665990153022488,0.671080265204348,0.674920778857794,0.684311871741714,0.695937858697352,0.710185678332493,0.71835809024247,,,,,,,,,,,,,,,,,,,,,,,,,,,,,,,,,,,,,,,,,,,,,,,,,,,,,,,,,,,,,,
ME IRP 2024,annual_availability,EAF_REC,Kendal_EAF,%/yr,,,,,,0.564103842509553,0.557589790476558,0.556315794749518,0.557840210637596,0.556435952155766,0.556701385977498,0.563397189922147,0.571774138898707,0.57512497623418,0.582033329343185,0.58872884456359,0.593818716141913,0.595770588273364,0.602748860770146,0.612801517138686,0.618241659345795,0.618655545549695,0.623886579223024,0.6531604987536,0.657071076156945,0.662861104027183,0.665990153022488,0.671080265204348,0.674920778857794,0.684311871741714,0.695937858697352,0.710185678332493,0.71835809024247,,,,,,,,,,,,,,,,,,,,,,,,,,,,,,,,,,,,,,,,,,,,,,,,,,,,,,,,,,,,,,
ME IRP 2024,annual_availability,EAF_REC,Komati_EAF,%/yr,,,,,,0.564103842509553,0.557589790476558,0.556315794749518,0.557840210637596,0.556435952155766,0.556701385977498,0.563397189922147,0.571774138898707,0.57512497623418,0.582033329343185,0.58872884456359,0.593818716141913,0.595770588273364,0.602748860770146,0.612801517138686,0.618241659345795,0.618655545549695,0.623886579223024,0.6531604987536,0.657071076156945,0.662861104027183,0.665990153022488,0.671080265204348,0.674920778857794,0.684311871741714,0.695937858697352,0.710185678332493,0.71835809024247,,,,,,,,,,,,,,,,,,,,,,,,,,,,,,,,,,,,,,,,,,,,,,,,,,,,,,,,,,,,,,
ME IRP 2024,annual_availability,EAF_REC,Kriel_EAF,%/yr,,,,,,0.564103842509553,0.557589790476558,0.556315794749518,0.557840210637596,0.556435952155766,0.556701385977498,0.563397189922147,0.571774138898707,0.57512497623418,0.582033329343185,0.58872884456359,0.593818716141913,0.595770588273364,0.602748860770146,0.612801517138686,0.618241659345795,0.618655545549695,0.623886579223024,0.6531604987536,0.657071076156945,0.662861104027183,0.665990153022488,0.671080265204348,0.674920778857794,0.684311871741714,0.695937858697352,0.710185678332493,0.71835809024247,,,,,,,,,,,,,,,,,,,,,,,,,,,,,,,,,,,,,,,,,,,,,,,,,,,,,,,,,,,,,,
ME IRP 2024,annual_availability,EAF_REC,Kusile_EAF,%/yr,,,,,,0.564103842509553,0.557589790476558,0.556315794749518,0.557840210637596,0.556435952155766,0.556701385977498,0.563397189922147,0.571774138898707,0.57512497623418,0.582033329343185,0.58872884456359,0.593818716141913,0.595770588273364,0.602748860770146,0.612801517138686,0.618241659345795,0.618655545549695,0.623886579223024,0.6531604987536,0.657071076156945,0.662861104027183,0.665990153022488,0.671080265204348,0.674920778857794,0.684311871741714,0.695937858697352,0.710185678332493,0.71835809024247,,,,,,,,,,,,,,,,,,,,,,,,,,,,,,,,,,,,,,,,,,,,,,,,,,,,,,,,,,,,,,
ME IRP 2024,annual_availability,EAF_REC,Lethabo_EAF,%/yr,,,,,,0.564103842509553,0.557589790476558,0.556315794749518,0.557840210637596,0.556435952155766,0.556701385977498,0.563397189922147,0.571774138898707,0.57512497623418,0.582033329343185,0.58872884456359,0.593818716141913,0.595770588273364,0.602748860770146,0.612801517138686,0.618241659345795,0.618655545549695,0.623886579223024,0.6531604987536,0.657071076156945,0.662861104027183,0.665990153022488,0.671080265204348,0.674920778857794,0.684311871741714,0.695937858697352,0.710185678332493,0.71835809024247,,,,,,,,,,,,,,,,,,,,,,,,,,,,,,,,,,,,,,,,,,,,,,,,,,,,,,,,,,,,,,
ME IRP 2024,annual_availability,EAF_REC,Majuba_EAF,%/yr,,,,,,0.564103842509553,0.557589790476558,0.556315794749518,0.557840210637596,0.556435952155766,0.556701385977498,0.563397189922147,0.571774138898707,0.57512497623418,0.582033329343185,0.58872884456359,0.593818716141913,0.595770588273364,0.602748860770146,0.612801517138686,0.618241659345795,0.618655545549695,0.623886579223024,0.6531604987536,0.657071076156945,0.662861104027183,0.665990153022488,0.671080265204348,0.674920778857794,0.684311871741714,0.695937858697352,0.710185678332493,0.71835809024247,,,,,,,,,,,,,,,,,,,,,,,,,,,,,,,,,,,,,,,,,,,,,,,,,,,,,,,,,,,,,,
ME IRP 2024,annual_availability,EAF_REC,Matimba_EAF,%/yr,,,,,,0.564103842509553,0.557589790476558,0.556315794749518,0.557840210637596,0.556435952155766,0.556701385977498,0.563397189922147,0.571774138898707,0.57512497623418,0.582033329343185,0.58872884456359,0.593818716141913,0.595770588273364,0.602748860770146,0.612801517138686,0.618241659345795,0.618655545549695,0.623886579223024,0.6531604987536,0.657071076156945,0.662861104027183,0.665990153022488,0.671080265204348,0.674920778857794,0.684311871741714,0.695937858697352,0.710185678332493,0.71835809024247,,,,,,,,,,,,,,,,,,,,,,,,,,,,,,,,,,,,,,,,,,,,,,,,,,,,,,,,,,,,,,
ME IRP 2024,annual_availability,EAF_REC,Matla_EAF,%/yr,,,,,,0.564103842509553,0.557589790476558,0.556315794749518,0.557840210637596,0.556435952155766,0.556701385977498,0.563397189922147,0.571774138898707,0.57512497623418,0.582033329343185,0.58872884456359,0.593818716141913,0.595770588273364,0.602748860770146,0.612801517138686,0.618241659345795,0.618655545549695,0.623886579223024,0.6531604987536,0.657071076156945,0.662861104027183,0.665990153022488,0.671080265204348,0.674920778857794,0.684311871741714,0.695937858697352,0.710185678332493,0.71835809024247,,,,,,,,,,,,,,,,,,,,,,,,,,,,,,,,,,,,,,,,,,,,,,,,,,,,,,,,,,,,,,
ME IRP 2024,annual_availability,EAF_REC,Medupi_EAF,%/yr,,,,,,0.564103842509553,0.557589790476558,0.556315794749518,0.557840210637596,0.556435952155766,0.556701385977498,0.563397189922147,0.571774138898707,0.57512497623418,0.582033329343185,0.58872884456359,0.593818716141913,0.595770588273364,0.602748860770146,0.612801517138686,0.618241659345795,0.618655545549695,0.623886579223024,0.6531604987536,0.657071076156945,0.662861104027183,0.665990153022488,0.671080265204348,0.674920778857794,0.684311871741714,0.695937858697352,0.710185678332493,0.71835809024247,,,,,,,,,,,,,,,,,,,,,,,,,,,,,,,,,,,,,,,,,,,,,,,,,,,,,,,,,,,,,,
ME IRP 2024,annual_availability,EAF_REC,Tutuka_EAF,%/yr,,,,,,0.564103842509553,0.557589790476558,0.556315794749518,0.557840210637596,0.556435952155766,0.556701385977498,0.563397189922147,0.571774138898707,0.57512497623418,0.582033329343185,0.58872884456359,0.593818716141913,0.595770588273364,0.602748860770146,0.612801517138686,0.618241659345795,0.618655545549695,0.623886579223024,0.6531604987536,0.657071076156945,0.662861104027183,0.665990153022488,0.671080265204348,0.674920778857794,0.684311871741714,0.695937858697352,0.710185678332493,0.71835809024247,,,,,,,,,,,,,,,,,,,,,,,,,,,,,,,,,,,,,,,,,,,,,,,,,,,,,,,,,,,,,,
ME IRP 2024,annual_availability,EAF_REC,Koeberg_EAF,%/yr,,,,,,0.564103842509553,0.557589790476558,0.556315794749518,0.557840210637596,0.556435952155766,0.556701385977498,0.563397189922147,0.571774138898707,0.57512497623418,0.582033329343185,0.58872884456359,0.593818716141913,0.595770588273364,0.602748860770146,0.612801517138686,0.618241659345795,0.618655545549695,0.623886579223024,0.6531604987536,0.657071076156945,0.662861104027183,0.665990153022488,0.671080265204348,0.674920778857794,0.684311871741714,0.695937858697352,0.710185678332493,0.71835809024247,,,,,,,,,,,,,,,,,,,,,,,,,,,,,,,,,,,,,,,,,,,,,,,,,,,,,,,,,,,,,,
ME IRP 2024,annual_availability,EAF_REC,Sasol_coal_EAF,%/yr,,,,,,0.8,0.8,0.8,0.8,0.8,0.8,0.8,0.8,0.8,0.8,0.8,0.8,0.8,0.8,0.8,0.8,0.8,0.8,0.8,0.8,0.8,0.8,0.8,0.8,0.8,0.8,0.8,0.8,,,,,,,,,,,,,,,,,,,,,,,,,,,,,,,,,,,,,,,,,,,,,,,,,,,,,,,,,,,,,,
ME IRP 2024,annual_availability,EAF_REC,Kelvin_EAF,%/yr,,,,,,0.8,0.8,0.8,0.8,0.8,0.8,0.8,0.8,0.8,0.8,0.8,0.8,0.8,0.8,0.8,0.8,0.8,0.8,0.8,0.8,0.8,0.8,0.8,0.8,0.8,0.8,0.8,0.8,,,,,,,,,,,,,,,,,,,,,,,,,,,,,,,,,,,,,,,,,,,,,,,,,,,,,,,,,,,,,,
ME IRP 2024,annual_availability,EAF_REC,Sasol_ice_EAF,%/yr,,,,,,1.0,1.0,1.0,1.0,1.0,1.0,1.0,1.0,1.0,1.0,1.0,1.0,1.0,1.0,1.0,1.0,1.0,1.0,1.0,1.0,1.0,1.0,1.0,1.0,1.0,1.0,1.0,1.0,,,,,,,,,,,,,,,,,,,,,,,,,,,,,,,,,,,,,,,,,,,,,,,,,,,,,,,,,,,,,,
ME IRP 2024,annual_availability,EAF_REC,Sasol_ocgt_EAF,%/yr,,,,,,1.0,1.0,1.0,1.0,1.0,1.0,1.0,1.0,1.0,1.0,1.0,1.0,1.0,1.0,1.0,1.0,1.0,1.0,1.0,1.0,1.0,1.0,1.0,1.0,1.0,1.0,1.0,1.0,,,,,,,,,,,,,,,,,,,,,,,,,,,,,,,,,,,,,,,,,,,,,,,,,,,,,,,,,,,,,,
ME IRP 2024,annual_availability,EAF_REC,coal_extendable_EAF,%/yr,,,,,,0.85,0.85,0.85,0.85,0.85,0.85,0.85,0.85,0.85,0.85,0.85,0.85,0.85,0.85,0.85,0.85,0.85,0.85,0.85,0.85,0.85,0.85,0.85,0.85,0.85,0.85,0.85,0.85,,,,,,,,,,,,,,,,,,,,,,,,,,,,,,,,,,,,,,,,,,,,,,,,,,,,,,,,,,,,,,
ME IRP 2024,annual_availability,EAF_REC,nuclear_extendable_EAF,%/yr,,,,,,0.9,0.9,0.9,0.9,0.9,0.9,0.9,0.9,0.9,0.9,0.9,0.9,0.9,0.9,0.9,0.9,0.9,0.9,0.9,0.9,0.9,0.9,0.9,0.9,0.9,0.9,0.9,0.9,,,,,,,,,,,,,,,,,,,,,,,,,,,,,,,,,,,,,,,,,,,,,,,,,,,,,,,,,,,,,,
ME IRP 2024,annual_availability,EAF_REC,ocgt_diesel_extendable_EAF,%/yr,,,,,,0.95,0.95,0.95,0.95,0.95,0.95,0.95,0.95,0.95,0.95,0.95,0.95,0.95,0.95,0.95,0.95,0.95,0.95,0.95,0.95,0.95,0.95,0.95,0.95,0.95,0.95,0.95,0.95,,,,,,,,,,,,,,,,,,,,,,,,,,,,,,,,,,,,,,,,,,,,,,,,,,,,,,,,,,,,,,
ME IRP 2024,annual_availability,EAF_REC,ocgt_diesel_emg_extendable_EAF,%/yr,,,,,,0.95,0.95,0.95,0.95,0.95,0.95,0.95,0.95,0.95,0.95,0.95,0.95,0.95,0.95,0.95,0.95,0.95,0.95,0.95,0.95,0.95,0.95,0.95,0.95,0.95,0.95,0.95,0.95,,,,,,,,,,,,,,,,,,,,,,,,,,,,,,,,,,,,,,,,,,,,,,,,,,,,,,,,,,,,,,
ME IRP 2024,annual_availability,EAF_REC,ocgt_gas_extendable_EAF,%/yr,,,,,,0.9,0.9,0.9,0.9,0.9,0.9,0.9,0.9,0.9,0.9,0.9,0.9,0.9,0.9,0.9,0.9,0.9,0.9,0.9,0.9,0.9,0.9,0.9,0.9,0.9,0.9,0.9,0.9,,,,,,,,,,,,,,,,,,,,,,,,,,,,,,,,,,,,,,,,,,,,,,,,,,,,,,,,,,,,,,
ME IRP 2024,annual_availability,EAF_REC,ocgt_gas_h2_40_extendable_EAF,%/yr,,,,,,0.9,0.9,0.9,0.9,0.9,0.9,0.9,0.9,0.9,0.9,0.9,0.9,0.9,0.9,0.9,0.9,0.9,0.9,0.95,0.95,0.95,0.95,0.95,0.95,0.95,0.95,0.95,0.95,,,,,,,,,,,,,,,,,,,,,,,,,,,,,,,,,,,,,,,,,,,,,,,,,,,,,,,,,,,,,,
ME IRP 2024,annual_availability,EAF_REC,ocgt_gas_h2_45_extendable_EAF,%/yr,,,,,,0.9,0.9,0.9,0.9,0.9,0.9,0.9,0.9,0.9,0.9,0.9,0.9,0.9,0.9,0.9,0.9,0.9,0.9,0.9,0.9,0.9,0.9,0.95,0.95,0.95,0.95,0.95,0.95,,,,,,,,,,,,,,,,,,,,,,,,,,,,,,,,,,,,,,,,,,,,,,,,,,,,,,,,,,,,,,
ME IRP 2024,annual_availability,EAF_REC,ocgt_gas_h2_50_extendable_EAF,%/yr,,,,,,0.9,0.9,0.9,0.9,0.9,0.9,0.9,0.9,0.9,0.9,0.9,0.9,0.9,0.9,0.9,0.9,0.9,0.9,0.9,0.9,0.9,0.9,0.9,0.9,0.9,0.9,0.9,0.95,,,,,,,,,,,,,,,,,,,,,,,,,,,,,,,,,,,,,,,,,,,,,,,,,,,,,,,,,,,,,,
ME IRP 2024,annual_availability,EAF_REC,ccgt_steam_extendable_EAF,%/yr,,,,,,0.9,0.9,0.9,0.9,0.9,0.9,0.9,0.9,0.9,0.9,0.9,0.9,0.9,0.9,0.9,0.9,0.9,0.9,0.9,0.9,0.9,0.9,0.9,0.9,0.9,0.9,0.9,0.9,,,,,,,,,,,,,,,,,,,,,,,,,,,,,,,,,,,,,,,,,,,,,,,,,,,,,,,,,,,,,,
ME IRP 2024,annual_availability,AMBITIONS,Arnot_EAF,%/yr,0.654916247981016,0.589679806355875,0.530490335633333,0.512565586133072,0.461098195066786,0.468218005974133,0.470197629789085,0.470197629789085,0.470197629789085,0.470197629789085,0.470197629789085,0.470197629789085,0.470197629789085,0.470197629789085,0.470197629789085,0.470197629789085,0.470197629789085,0.470197629789085,0.470197629789085,0.470197629789085,0.470197629789085,0.470197629789085,0.470197629789085,0.470197629789085,0.470197629789085,0.470197629789085,0.470197629789085,0.470197629789085,0.470197629789085,0.470197629789085,0.470197629789085,0.470197629789085,0.470197629789085,,,,,,,,,,,,,,,,,,,,,,,,,,,,,,,,,,,,,,,,,,,,,,,,,,,,,,,,,,,,,,
ME IRP 2024,annual_availability,AMBITIONS,Camden_EAF,%/yr,0.6,0.6,0.5581,0.6124,0.6467,0.6305,0.6305,0.6305,0.6305,0.6305,0.6305,0.6305,0.6305,0.6305,0.6305,0.6305,0.6305,0.6305,0.6305,0.6305,0.6305,0.6305,0.6305,0.6305,0.6305,0.6305,0.6305,0.6305,0.6305,0.6305,0.6305,0.6305,0.6305,,,,,,,,,,,,,,,,,,,,,,,,,,,,,,,,,,,,,,,,,,,,,,,,,,,,,,,,,,,,,,
ME IRP 2024,annual_availability,AMBITIONS,Duvha_EAF,%/yr,0.548245808082448,0.493634847115367,0.421996396074754,0.471786194335459,0.421482403455941,0.468218005974133,0.438889418642469,0.438889418642469,0.438889418642469,0.438889418642469,0.438889418642469,0.438889418642469,0.438889418642469,0.438889418642469,0.438889418642469,0.438889418642469,0.438889418642469,0.438889418642469,0.438889418642469,0.438889418642469,0.438889418642469,0.438889418642469,0.438889418642469,0.438889418642469,0.438889418642469,0.438889418642469,0.438889418642469,0.438889418642469,0.438889418642469,0.438889418642469,0.438889418642469,0.438889418642469,0.438889418642469,,,,,,,,,,,,,,,,,,,,,,,,,,,,,,,,,,,,,,,,,,,,,,,,,,,,,,,,,,,,,,
ME IRP 2024,annual_availability,AMBITIONS,Grootvlei_EAF,%/yr,0.8915,0.8915,0.8915,0.8915,0.8915,0.8915,0.8915,0.8915,0.8915,0.8915,0.8915,0.8915,0.8915,0.8915,0.8915,0.8915,0.8915,0.8915,0.8915,0.8915,0.8915,0.8915,0.8915,0.8915,0.8915,0.8915,0.8915,0.8915,0.8915,0.8915,0.8915,0.8915,0.8915,,,,,,,,,,,,,,,,,,,,,,,,,,,,,,,,,,,,,,,,,,,,,,,,,,,,,,,,,,,,,,
ME IRP 2024,annual_availability,AMBITIONS,Hendrina_EAF,%/yr,0.613153764435822,0.552077298728695,0.475436245708541,0.543855927147009,0.543855927147009,0.543855927147009,0.543855927147009,0.543855927147009,0.543855927147009,0.543855927147009,0.543855927147009,0.543855927147009,0.543855927147009,0.543855927147009,0.543855927147009,0.543855927147009,0.543855927147009,0.543855927147009,0.543855927147009,0.543855927147009,0.543855927147009,0.543855927147009,0.543855927147009,0.543855927147009,0.543855927147009,0.543855927147009,0.543855927147009,0.543855927147009,0.543855927147009,0.543855927147009,0.543855927147009,0.543855927147009,0.543855927147009,,,,,,,,,,,,,,,,,,,,,,,,,,,,,,,,,,,,,,,,,,,,,,,,,,,,,,,,,,,,,,
ME IRP 2024,annual_availability,AMBITIONS,Kendal_EAF,%/yr,0.695370509150095,0.626104404105577,0.606104749264606,0.513428227113406,0.541810742460844,0.514503167023152,0.532383205139932,0.532383205139932,0.532383205139932,0.532383205139932,0.532383205139932,0.532383205139932,0.532383205139932,0.532383205139932,0.532383205139932,0.532383205139932,0.532383205139932,0.532383205139932,0.532383205139932,0.532383205139932,0.532383205139932,0.532383205139932,0.532383205139932,0.532383205139932,0.532383205139932,0.532383205139932,0.532383205139932,0.532383205139932,0.532383205139932,0.532383205139932,0.532383205139932,0.532383205139932,0.532383205139932,,,,,,,,,,,,,,,,,,,,,,,,,,,,,,,,,,,,,,,,,,,,,,,,,,,,,,,,,,,,,,
ME IRP 2024,annual_availability,AMBITIONS,Komati_EAF,%/yr,0.8739,0.8739,0.8739,0.8739,0.8739,0.8739,0.8739,0.8739,0.8739,0.8739,0.8739,0.8739,0.8739,0.8739,0.8739,0.8739,0.8739,0.8739,0.8739,0.8739,0.8739,0.8739,0.8739,0.8739,0.8739,0.8739,0.8739,0.8739,0.8739,0.8739,0.8739,0.8739,0.8739,,,,,,,,,,,,,,,,,,,,,,,,,,,,,,,,,,,,,,,,,,,,,,,,,,,,,,,,,,,,,,
ME IRP 2024,annual_availability,AMBITIONS,Kriel_EAF,%/yr,0.544421773444575,0.490191725935047,0.538816417134305,0.428418879596844,0.380533744089965,0.485956924379393,0.462729616121085,0.462729616121085,0.462729616121085,0.462729616121085,0.462729616121085,0.462729616121085,0.462729616121085,0.462729616121085,0.462729616121085,0.462729616121085,0.462729616121085,0.462729616121085,0.462729616121085,0.462729616121085,0.462729616121085,0.462729616121085,0.462729616121085,0.462729616121085,0.462729616121085,0.462729616121085,0.462729616121085,0.462729616121085,0.462729616121085,0.462729616121085,0.462729616121085,0.462729616121085,0.462729616121085,,,,,,,,,,,,,,,,,,,,,,,,,,,,,,,,,,,,,,,,,,,,,,,,,,,,,,,,,,,,,,
ME IRP 2024,annual_availability,AMBITIONS,Kusile_EAF,%/yr,0.72,0.72,0.765,0.837,0.814,0.816,0.832,0.782,0.824,0.817,0.801,0.794,0.789,0.805,0.801,0.798,0.798,0.798,0.8,0.799,0.799,0.799,0.799,0.799,0.799,0.799,0.799,0.799,0.799,0.799,0.799,0.799,0.799,,,,,,,,,,,,,,,,,,,,,,,,,,,,,,,,,,,,,,,,,,,,,,,,,,,,,,,,,,,,,,
ME IRP 2024,annual_availability,AMBITIONS,Lethabo_EAF,%/yr,0.724553931386495,0.652380855218546,0.650368917244261,0.656548207941566,0.603048610988262,0.608340554721566,0.597153862145087,0.597153862145087,0.597153862145087,0.597153862145087,0.597153862145087,0.597153862145087,0.597153862145087,0.597153862145087,0.597153862145087,0.597153862145087,0.597153862145087,0.597153862145087,0.597153862145087,0.597153862145087,0.597153862145087,0.597153862145087,0.597153862145087,0.597153862145087,0.597153862145087,0.597153862145087,0.597153862145087,0.597153862145087,0.597153862145087,0.597153862145087,0.597153862145087,0.597153862145087,0.597153862145087,,,,,,,,,,,,,,,,,,,,,,,,,,,,,,,,,,,,,,,,,,,,,,,,,,,,,,,,,,,,,,
ME IRP 2024,annual_availability,AMBITIONS,Majuba_EAF,%/yr,0.735120342885882,0.661894742690483,0.633971634288266,0.590673805806961,0.537738090986832,0.555272866047006,0.553207474021856,0.553207474021856,0.553207474021856,0.553207474021856,0.553207474021856,0.553207474021856,0.553207474021856,0.553207474021856,0.553207474021856,0.553207474021856,0.553207474021856,0.553207474021856,0.553207474021856,0.553207474021856,0.553207474021856,0.553207474021856,0.553207474021856,0.553207474021856,0.553207474021856,0.553207474021856,0.553207474021856,0.553207474021856,0.553207474021856,0.553207474021856,0.553207474021856,0.553207474021856,0.553207474021856,,,,,,,,,,,,,,,,,,,,,,,,,,,,,,,,,,,,,,,,,,,,,,,,,,,,,,,,,,,,,,
ME IRP 2024,annual_availability,AMBITIONS,Matimba_EAF,%/yr,0.832733858642118,0.74978494124076,0.680869562742718,0.640236451222521,0.600679068312473,0.605210157355932,0.562757914578048,0.562757914578048,0.562757914578048,0.562757914578048,0.562757914578048,0.562757914578048,0.562757914578048,0.562757914578048,0.562757914578048,0.562757914578048,0.562757914578048,0.562757914578048,0.562757914578048,0.562757914578048,0.562757914578048,0.562757914578048,0.562757914578048,0.562757914578048,0.562757914578048,0.562757914578048,0.562757914578048,0.562757914578048,0.562757914578048,0.562757914578048,0.562757914578048,0.562757914578048,0.562757914578048,,,,,,,,,,,,,,,,,,,,,,,,,,,,,,,,,,,,,,,,,,,,,,,,,,,,,,,,,,,,,,
ME IRP 2024,annual_availability,AMBITIONS,Matla_EAF,%/yr,0.677256660865433,0.609794882725113,0.584185065313068,0.554756572262141,0.525520136564795,0.517931697471228,0.506460580773124,0.506460580773124,0.506460580773124,0.506460580773124,0.506460580773124,0.506460580773124,0.506460580773124,0.506460580773124,0.506460580773124,0.506460580773124,0.506460580773124,0.506460580773124,0.506460580773124,0.506460580773124,0.506460580773124,0.506460580773124,0.506460580773124,0.506460580773124,0.506460580773124,0.506460580773124,0.506460580773124,0.506460580773124,0.506460580773124,0.506460580773124,0.506460580773124,0.506460580773124,0.506460580773124,,,,,,,,,,,,,,,,,,,,,,,,,,,,,,,,,,,,,,,,,,,,,,,,,,,,,,,,,,,,,,
ME IRP 2024,annual_availability,AMBITIONS,Medupi_EAF,%/yr,0.766,0.766,0.792,0.842,0.836,0.852,0.819,0.86,0.867,0.795,0.818,0.811,0.806,0.819,0.81,0.813,0.812,0.812,0.813,0.812,0.812,0.812,0.812,0.812,0.812,0.812,0.812,0.812,0.812,0.812,0.812,0.812,0.812,,,,,,,,,,,,,,,,,,,,,,,,,,,,,,,,,,,,,,,,,,,,,,,,,,,,,,,,,,,,,,
ME IRP 2024,annual_availability,AMBITIONS,Tutuka_EAF,%/yr,0.564145741576763,0.507950982549329,0.483082647086985,0.423870408973264,0.437995153977845,0.409336722191967,0.439104842113661,0.439104842113661,0.439104842113661,0.439104842113661,0.439104842113661,0.439104842113661,0.439104842113661,0.439104842113661,0.439104842113661,0.439104842113661,0.439104842113661,0.439104842113661,0.439104842113661,0.439104842113661,0.439104842113661,0.439104842113661,0.439104842113661,0.439104842113661,0.439104842113661,0.439104842113661,0.439104842113661,0.439104842113661,0.439104842113661,0.439104842113661,0.439104842113661,0.439104842113661,0.439104842113661,,,,,,,,,,,,,,,,,,,,,,,,,,,,,,,,,,,,,,,,,,,,,,,,,,,,,,,,,,,,,,
ME IRP 2024,annual_availability,AMBITIONS,Koeberg_EAF,%/yr,0.8416,0.8416,0.8296,0.7032,0.9008,0.8646,0.7493,0.7493,0.7493,0.7493,0.7493,0.7493,0.7493,0.7493,0.7493,0.7493,0.7493,0.7493,0.7493,0.7493,0.7493,0.7493,0.7493,0.7493,0.7493,0.7493,0.7493,0.7493,0.7493,0.7493,0.7493,0.7493,0.7493,,,,,,,,,,,,,,,,,,,,,,,,,,,,,,,,,,,,,,,,,,,,,,,,,,,,,,,,,,,,,,
ME IRP 2024,annual_availability,AMBITIONS,Sasol_coal_EAF,%/yr,0.8,0.8,0.8,0.8,0.8,0.8,0.8,0.8,0.8,0.8,0.8,0.8,0.8,0.8,0.8,0.8,0.8,0.8,0.8,0.8,0.8,0.8,0.8,0.8,0.8,0.8,0.8,0.8,0.8,0.8,0.8,0.8,0.8,,,,,,,,,,,,,,,,,,,,,,,,,,,,,,,,,,,,,,,,,,,,,,,,,,,,,,,,,,,,,,
ME IRP 2024,annual_availability,AMBITIONS,Kelvin_EAF,%/yr,0.8,0.8,0.8,0.8,0.8,0.8,0.8,0.8,0.8,0.8,0.8,0.8,0.8,0.8,0.8,0.8,0.8,0.8,0.8,0.8,0.8,0.8,0.8,0.8,0.8,0.8,0.8,0.8,0.8,0.8,0.8,0.8,0.8,,,,,,,,,,,,,,,,,,,,,,,,,,,,,,,,,,,,,,,,,,,,,,,,,,,,,,,,,,,,,,
ME IRP 2024,annual_availability,AMBITIONS,coal_extendable_EAF,%/yr,0.9,0.9,0.9,0.9,0.9,0.85,0.85,0.85,0.85,0.85,0.85,0.85,0.85,0.85,0.85,0.85,0.85,0.85,0.85,0.85,0.85,0.85,0.85,0.85,0.85,0.85,0.85,0.85,0.85,0.85,0.85,0.85,0.85,,,,,,,,,,,,,,,,,,,,,,,,,,,,,,,,,,,,,,,,,,,,,,,,,,,,,,,,,,,,,,
ME IRP 2024,annual_availability,AMBITIONS_2,Arnot_EAF,%/yr,0.654916247981016,0.585,0.573,0.565,0.564,0.564,0.558,0.556,0.558,0.556,0.557,0.563,0.572,0.575,0.582,0.589,0.594,0.596,0.603,0.613,0.618,0.619,0.624,0.653,0.657,0.663,0.666,0.671,0.675,0.684,0.696,0.71,0.718,,,,,,,,,,,,,,,,,,,,,,,,,,,,,,,,,,,,,,,,,,,,,,,,,,,,,,,,,,,,,,
ME IRP 2024,annual_availability,AMBITIONS_2,Camden_EAF,%/yr,0.6,0.585,0.573,0.565,0.564,0.564,0.558,0.556,0.558,0.556,0.557,0.563,0.572,0.575,0.582,0.589,0.594,0.596,0.603,0.613,0.618,0.619,0.624,0.653,0.657,0.663,0.666,0.671,0.675,0.684,0.696,0.71,0.718,,,,,,,,,,,,,,,,,,,,,,,,,,,,,,,,,,,,,,,,,,,,,,,,,,,,,,,,,,,,,,
ME IRP 2024,annual_availability,AMBITIONS_2,Duvha_EAF,%/yr,0.548245808082448,0.585,0.573,0.565,0.564,0.564,0.558,0.556,0.558,0.556,0.557,0.563,0.572,0.575,0.582,0.589,0.594,0.596,0.603,0.613,0.618,0.619,0.624,0.653,0.657,0.663,0.666,0.671,0.675,0.684,0.696,0.71,0.718,,,,,,,,,,,,,,,,,,,,,,,,,,,,,,,,,,,,,,,,,,,,,,,,,,,,,,,,,,,,,,
ME IRP 2024,annual_availability,AMBITIONS_2,Grootvlei_EAF,%/yr,0.8915,0.585,0.573,0.565,0.564,0.564,0.558,0.556,0.558,0.556,0.557,0.563,0.572,0.575,0.582,0.589,0.594,0.596,0.603,0.613,0.618,0.619,0.624,0.653,0.657,0.663,0.666,0.671,0.675,0.684,0.696,0.71,0.718,,,,,,,,,,,,,,,,,,,,,,,,,,,,,,,,,,,,,,,,,,,,,,,,,,,,,,,,,,,,,,
ME IRP 2024,annual_availability,AMBITIONS_2,Hendrina_EAF,%/yr,0.613153764435822,0.585,0.573,0.565,0.564,0.564,0.558,0.556,0.558,0.556,0.557,0.563,0.572,0.575,0.582,0.589,0.594,0.596,0.603,0.613,0.618,0.619,0.624,0.653,0.657,0.663,0.666,0.671,0.675,0.684,0.696,0.71,0.718,,,,,,,,,,,,,,,,,,,,,,,,,,,,,,,,,,,,,,,,,,,,,,,,,,,,,,,,,,,,,,
ME IRP 2024,annual_availability,AMBITIONS_2,Kendal_EAF,%/yr,0.695370509150095,0.585,0.573,0.565,0.564,0.564,0.558,0.556,0.558,0.556,0.557,0.563,0.572,0.575,0.582,0.589,0.594,0.596,0.603,0.613,0.618,0.619,0.624,0.653,0.657,0.663,0.666,0.671,0.675,0.684,0.696,0.71,0.718,,,,,,,,,,,,,,,,,,,,,,,,,,,,,,,,,,,,,,,,,,,,,,,,,,,,,,,,,,,,,,
ME IRP 2024,annual_availability,AMBITIONS_2,Komati_EAF,%/yr,0.8739,0.585,0.573,0.565,0.564,0.564,0.558,0.556,0.558,0.556,0.557,0.563,0.572,0.575,0.582,0.589,0.594,0.596,0.603,0.613,0.618,0.619,0.624,0.653,0.657,0.663,0.666,0.671,0.675,0.684,0.696,0.71,0.718,,,,,,,,,,,,,,,,,,,,,,,,,,,,,,,,,,,,,,,,,,,,,,,,,,,,,,,,,,,,,,
ME IRP 2024,annual_availability,AMBITIONS_2,Kriel_EAF,%/yr,0.544421773444575,0.585,0.573,0.565,0.564,0.564,0.558,0.556,0.558,0.556,0.557,0.563,0.572,0.575,0.582,0.589,0.594,0.596,0.603,0.613,0.618,0.619,0.624,0.653,0.657,0.663,0.666,0.671,0.675,0.684,0.696,0.71,0.718,,,,,,,,,,,,,,,,,,,,,,,,,,,,,,,,,,,,,,,,,,,,,,,,,,,,,,,,,,,,,,
ME IRP 2024,annual_availability,AMBITIONS_2,Kusile_EAF,%/yr,0.72,0.585,0.573,0.565,0.564,0.564,0.558,0.556,0.558,0.556,0.557,0.563,0.572,0.575,0.582,0.589,0.594,0.596,0.603,0.613,0.618,0.619,0.624,0.653,0.657,0.663,0.666,0.671,0.675,0.684,0.696,0.71,0.718,,,,,,,,,,,,,,,,,,,,,,,,,,,,,,,,,,,,,,,,,,,,,,,,,,,,,,,,,,,,,,
ME IRP 2024,annual_availability,AMBITIONS_2,Lethabo_EAF,%/yr,0.724553931386495,0.585,0.573,0.565,0.564,0.564,0.558,0.556,0.558,0.556,0.557,0.563,0.572,0.575,0.582,0.589,0.594,0.596,0.603,0.613,0.618,0.619,0.624,0.653,0.657,0.663,0.666,0.671,0.675,0.684,0.696,0.71,0.718,,,,,,,,,,,,,,,,,,,,,,,,,,,,,,,,,,,,,,,,,,,,,,,,,,,,,,,,,,,,,,
ME IRP 2024,annual_availability,AMBITIONS_2,Majuba_EAF,%/yr,0.735120342885882,0.585,0.573,0.565,0.564,0.564,0.558,0.556,0.558,0.556,0.557,0.563,0.572,0.575,0.582,0.589,0.594,0.596,0.603,0.613,0.618,0.619,0.624,0.653,0.657,0.663,0.666,0.671,0.675,0.684,0.696,0.71,0.718,,,,,,,,,,,,,,,,,,,,,,,,,,,,,,,,,,,,,,,,,,,,,,,,,,,,,,,,,,,,,,
ME IRP 2024,annual_availability,AMBITIONS_2,Matimba_EAF,%/yr,0.832733858642118,0.585,0.573,0.565,0.564,0.564,0.558,0.556,0.558,0.556,0.557,0.563,0.572,0.575,0.582,0.589,0.594,0.596,0.603,0.613,0.618,0.619,0.624,0.653,0.657,0.663,0.666,0.671,0.675,0.684,0.696,0.71,0.718,,,,,,,,,,,,,,,,,,,,,,,,,,,,,,,,,,,,,,,,,,,,,,,,,,,,,,,,,,,,,,
ME IRP 2024,annual_availability,AMBITIONS_2,Matla_EAF,%/yr,0.677256660865433,0.585,0.573,0.565,0.564,0.564,0.558,0.556,0.558,0.556,0.557,0.563,0.572,0.575,0.582,0.589,0.594,0.596,0.603,0.613,0.618,0.619,0.624,0.653,0.657,0.663,0.666,0.671,0.675,0.684,0.696,0.71,0.718,,,,,,,,,,,,,,,,,,,,,,,,,,,,,,,,,,,,,,,,,,,,,,,,,,,,,,,,,,,,,,
ME IRP 2024,annual_availability,AMBITIONS_2,Medupi_EAF,%/yr,0.766,0.585,0.573,0.565,0.564,0.564,0.558,0.556,0.558,0.556,0.557,0.563,0.572,0.575,0.582,0.589,0.594,0.596,0.603,0.613,0.618,0.619,0.624,0.653,0.657,0.663,0.666,0.671,0.675,0.684,0.696,0.71,0.718,,,,,,,,,,,,,,,,,,,,,,,,,,,,,,,,,,,,,,,,,,,,,,,,,,,,,,,,,,,,,,
ME IRP 2024,annual_availability,AMBITIONS_2,Tutuka_EAF,%/yr,0.564145741576763,0.585,0.573,0.565,0.564,0.564,0.558,0.556,0.558,0.556,0.557,0.563,0.572,0.575,0.582,0.589,0.594,0.596,0.603,0.613,0.618,0.619,0.624,0.653,0.657,0.663,0.666,0.671,0.675,0.684,0.696,0.71,0.718,,,,,,,,,,,,,,,,,,,,,,,,,,,,,,,,,,,,,,,,,,,,,,,,,,,,,,,,,,,,,,
ME IRP 2024,annual_availability,AMBITIONS_2,Koeberg_EAF,%/yr,0.8416,0.8416,0.8296,0.7032,0.9008,0.8646,0.7493,0.7493,0.7493,0.7493,0.7493,0.7493,0.7493,0.7493,0.7493,0.7493,0.7493,0.7493,0.7493,0.7493,0.7493,0.7493,0.7493,0.7493,0.7493,0.7493,0.7493,0.7493,0.7493,0.7493,0.7493,0.7493,0.7493,,,,,,,,,,,,,,,,,,,,,,,,,,,,,,,,,,,,,,,,,,,,,,,,,,,,,,,,,,,,,,
ME IRP 2024,annual_availability,AMBITIONS_2,Sasol_coal_EAF,%/yr,0.8,0.8,0.8,0.8,0.8,0.8,0.8,0.8,0.8,0.8,0.8,0.8,0.8,0.8,0.8,0.8,0.8,0.8,0.8,0.8,0.8,0.8,0.8,0.8,0.8,0.8,0.8,0.8,0.8,0.8,0.8,0.8,0.8,,,,,,,,,,,,,,,,,,,,,,,,,,,,,,,,,,,,,,,,,,,,,,,,,,,,,,,,,,,,,,
ME IRP 2024,annual_availability,AMBITIONS_2,Kelvin_EAF,%/yr,0.8,0.8,0.8,0.8,0.8,0.8,0.8,0.8,0.8,0.8,0.8,0.8,0.8,0.8,0.8,0.8,0.8,0.8,0.8,0.8,0.8,0.8,0.8,0.8,0.8,0.8,0.8,0.8,0.8,0.8,0.8,0.8,0.8,,,,,,,,,,,,,,,,,,,,,,,,,,,,,,,,,,,,,,,,,,,,,,,,,,,,,,,,,,,,,,
ME IRP 2024,annual_availability,AMBITIONS_2,coal_extendable_EAF,%/yr,0.9,0.9,0.9,0.9,0.9,0.85,0.85,0.85,0.85,0.85,0.85,0.85,0.85,0.85,0.85,0.85,0.85,0.85,0.85,0.85,0.85,0.85,0.85,0.85,0.85,0.85,0.85,0.85,0.85,0.85,0.85,0.85,0.85,,,,,,,,,,,,,,,,,,,,,,,,,,,,,,,,,,,,,,,,,,,,,,,,,,,,,,,,,,,,,,
ME IRP 2024,annual_availability,EAF_50,Arnot_EAF,%/yr,,,,,,0.481,0.4602,0.4076,0.41684,0.42608,0.43532000000000004,0.44456000000000007,0.4538000000000001,0.4630400000000001,0.47228000000000014,0.48152000000000017,0.4907600000000002,0.5000000000000002,0.5000000000000002,0.5000000000000002,0.5000000000000002,0.5000000000000002,0.5000000000000002,0.5000000000000002,0.5000000000000002,0.5000000000000002,0.5000000000000002,0.5000000000000002,0.5000000000000002,0.5000000000000002,0.5000000000000002,0.5000000000000002,0.5000000000000002,,,,,,,,,,,,,,,,,,,,,,,,,,,,,,,,,,,,,,,,,,,,,,,,,,,,,,,,,,,,,,
ME IRP 2024,annual_availability,EAF_50,Camden_EAF,%/yr,,,,,,0.481,0.4602,0.4076,0.41684,0.42608,0.43532000000000004,0.44456000000000007,0.4538000000000001,0.4630400000000001,0.47228000000000014,0.48152000000000017,0.4907600000000002,0.5000000000000002,0.5000000000000002,0.5000000000000002,0.5000000000000002,0.5000000000000002,0.5000000000000002,0.5000000000000002,0.5000000000000002,0.5000000000000002,0.5000000000000002,0.5000000000000002,0.5000000000000002,0.5000000000000002,0.5000000000000002,0.5000000000000002,0.5000000000000002,,,,,,,,,,,,,,,,,,,,,,,,,,,,,,,,,,,,,,,,,,,,,,,,,,,,,,,,,,,,,,
ME IRP 2024,annual_availability,EAF_50,Duvha_EAF,%/yr,,,,,,0.481,0.4602,0.4076,0.41684,0.42608,0.43532000000000004,0.44456000000000007,0.4538000000000001,0.4630400000000001,0.47228000000000014,0.48152000000000017,0.4907600000000002,0.5000000000000002,0.5000000000000002,0.5000000000000002,0.5000000000000002,0.5000000000000002,0.5000000000000002,0.5000000000000002,0.5000000000000002,0.5000000000000002,0.5000000000000002,0.5000000000000002,0.5000000000000002,0.5000000000000002,0.5000000000000002,0.5000000000000002,0.5000000000000002,,,,,,,,,,,,,,,,,,,,,,,,,,,,,,,,,,,,,,,,,,,,,,,,,,,,,,,,,,,,,,
ME IRP 2024,annual_availability,EAF_50,Grootvlei_EAF,%/yr,,,,,,0.481,0.4602,0.4076,0.41684,0.42608,0.43532000000000004,0.44456000000000007,0.4538000000000001,0.4630400000000001,0.47228000000000014,0.48152000000000017,0.4907600000000002,0.5000000000000002,0.5000000000000002,0.5000000000000002,0.5000000000000002,0.5000000000000002,0.5000000000000002,0.5000000000000002,0.5000000000000002,0.5000000000000002,0.5000000000000002,0.5000000000000002,0.5000000000000002,0.5000000000000002,0.5000000000000002,0.5000000000000002,0.5000000000000002,,,,,,,,,,,,,,,,,,,,,,,,,,,,,,,,,,,,,,,,,,,,,,,,,,,,,,,,,,,,,,
ME IRP 2024,annual_availability,EAF_50,Hendrina_EAF,%/yr,,,,,,0.481,0.4602,0.4076,0.41684,0.42608,0.43532000000000004,0.44456000000000007,0.4538000000000001,0.4630400000000001,0.47228000000000014,0.48152000000000017,0.4907600000000002,0.5000000000000002,0.5000000000000002,0.5000000000000002,0.5000000000000002,0.5000000000000002,0.5000000000000002,0.5000000000000002,0.5000000000000002,0.5000000000000002,0.5000000000000002,0.5000000000000002,0.5000000000000002,0.5000000000000002,0.5000000000000002,0.5000000000000002,0.5000000000000002,,,,,,,,,,,,,,,,,,,,,,,,,,,,,,,,,,,,,,,,,,,,,,,,,,,,,,,,,,,,,,
ME IRP 2024,annual_availability,EAF_50,Kendal_EAF,%/yr,,,,,,0.481,0.4602,0.4076,0.41684,0.42608,0.43532000000000004,0.44456000000000007,0.4538000000000001,0.4630400000000001,0.47228000000000014,0.48152000000000017,0.4907600000000002,0.5000000000000002,0.5000000000000002,0.5000000000000002,0.5000000000000002,0.5000000000000002,0.5000000000000002,0.5000000000000002,0.5000000000000002,0.5000000000000002,0.5000000000000002,0.5000000000000002,0.5000000000000002,0.5000000000000002,0.5000000000000002,0.5000000000000002,0.5000000000000002,,,,,,,,,,,,,,,,,,,,,,,,,,,,,,,,,,,,,,,,,,,,,,,,,,,,,,,,,,,,,,
ME IRP 2024,annual_availability,EAF_50,Komati_EAF,%/yr,,,,,,0.481,0.4602,0.4076,0.41684,0.42608,0.43532000000000004,0.44456000000000007,0.4538000000000001,0.4630400000000001,0.47228000000000014,0.48152000000000017,0.4907600000000002,0.5000000000000002,0.5000000000000002,0.5000000000000002,0.5000000000000002,0.5000000000000002,0.5000000000000002,0.5000000000000002,0.5000000000000002,0.5000000000000002,0.5000000000000002,0.5000000000000002,0.5000000000000002,0.5000000000000002,0.5000000000000002,0.5000000000000002,0.5000000000000002,,,,,,,,,,,,,,,,,,,,,,,,,,,,,,,,,,,,,,,,,,,,,,,,,,,,,,,,,,,,,,
ME IRP 2024,annual_availability,EAF_50,Kriel_EAF,%/yr,,,,,,0.481,0.4602,0.4076,0.41684,0.42608,0.43532000000000004,0.44456000000000007,0.4538000000000001,0.4630400000000001,0.47228000000000014,0.48152000000000017,0.4907600000000002,0.5000000000000002,0.5000000000000002,0.5000000000000002,0.5000000000000002,0.5000000000000002,0.5000000000000002,0.5000000000000002,0.5000000000000002,0.5000000000000002,0.5000000000000002,0.5000000000000002,0.5000000000000002,0.5000000000000002,0.5000000000000002,0.5000000000000002,0.5000000000000002,,,,,,,,,,,,,,,,,,,,,,,,,,,,,,,,,,,,,,,,,,,,,,,,,,,,,,,,,,,,,,
ME IRP 2024,annual_availability,EAF_50,Kusile_EAF,%/yr,,,,,,0.481,0.4602,0.4076,0.41684,0.42608,0.43532000000000004,0.44456000000000007,0.4538000000000001,0.4630400000000001,0.47228000000000014,0.48152000000000017,0.4907600000000002,0.5000000000000002,0.5000000000000002,0.5000000000000002,0.5000000000000002,0.5000000000000002,0.5000000000000002,0.5000000000000002,0.5000000000000002,0.5000000000000002,0.5000000000000002,0.5000000000000002,0.5000000000000002,0.5000000000000002,0.5000000000000002,0.5000000000000002,0.5000000000000002,,,,,,,,,,,,,,,,,,,,,,,,,,,,,,,,,,,,,,,,,,,,,,,,,,,,,,,,,,,,,,
ME IRP 2024,annual_availability,EAF_50,Lethabo_EAF,%/yr,,,,,,0.481,0.4602,0.4076,0.41684,0.42608,0.43532000000000004,0.44456000000000007,0.4538000000000001,0.4630400000000001,0.47228000000000014,0.48152000000000017,0.4907600000000002,0.5000000000000002,0.5000000000000002,0.5000000000000002,0.5000000000000002,0.5000000000000002,0.5000000000000002,0.5000000000000002,0.5000000000000002,0.5000000000000002,0.5000000000000002,0.5000000000000002,0.5000000000000002,0.5000000000000002,0.5000000000000002,0.5000000000000002,0.5000000000000002,,,,,,,,,,,,,,,,,,,,,,,,,,,,,,,,,,,,,,,,,,,,,,,,,,,,,,,,,,,,,,
ME IRP 2024,annual_availability,EAF_50,Majuba_EAF,%/yr,,,,,,0.481,0.4602,0.4076,0.41684,0.42608,0.43532000000000004,0.44456000000000007,0.4538000000000001,0.4630400000000001,0.47228000000000014,0.48152000000000017,0.4907600000000002,0.5000000000000002,0.5000000000000002,0.5000000000000002,0.5000000000000002,0.5000000000000002,0.5000000000000002,0.5000000000000002,0.5000000000000002,0.5000000000000002,0.5000000000000002,0.5000000000000002,0.5000000000000002,0.5000000000000002,0.5000000000000002,0.5000000000000002,0.5000000000000002,,,,,,,,,,,,,,,,,,,,,,,,,,,,,,,,,,,,,,,,,,,,,,,,,,,,,,,,,,,,,,
ME IRP 2024,annual_availability,EAF_50,Matimba_EAF,%/yr,,,,,,0.481,0.4602,0.4076,0.41684,0.42608,0.43532000000000004,0.44456000000000007,0.4538000000000001,0.4630400000000001,0.47228000000000014,0.48152000000000017,0.4907600000000002,0.5000000000000002,0.5000000000000002,0.5000000000000002,0.5000000000000002,0.5000000000000002,0.5000000000000002,0.5000000000000002,0.5000000000000002,0.5000000000000002,0.5000000000000002,0.5000000000000002,0.5000000000000002,0.5000000000000002,0.5000000000000002,0.5000000000000002,0.5000000000000002,,,,,,,,,,,,,,,,,,,,,,,,,,,,,,,,,,,,,,,,,,,,,,,,,,,,,,,,,,,,,,
ME IRP 2024,annual_availability,EAF_50,Matla_EAF,%/yr,,,,,,0.481,0.4602,0.4076,0.41684,0.42608,0.43532000000000004,0.44456000000000007,0.4538000000000001,0.4630400000000001,0.47228000000000014,0.48152000000000017,0.4907600000000002,0.5000000000000002,0.5000000000000002,0.5000000000000002,0.5000000000000002,0.5000000000000002,0.5000000000000002,0.5000000000000002,0.5000000000000002,0.5000000000000002,0.5000000000000002,0.5000000000000002,0.5000000000000002,0.5000000000000002,0.5000000000000002,0.5000000000000002,0.5000000000000002,,,,,,,,,,,,,,,,,,,,,,,,,,,,,,,,,,,,,,,,,,,,,,,,,,,,,,,,,,,,,,
ME IRP 2024,annual_availability,EAF_50,Medupi_EAF,%/yr,,,,,,0.481,0.4602,0.4076,0.41684,0.42608,0.43532000000000004,0.44456000000000007,0.4538000000000001,0.4630400000000001,0.47228000000000014,0.48152000000000017,0.4907600000000002,0.5000000000000002,0.5000000000000002,0.5000000000000002,0.5000000000000002,0.5000000000000002,0.5000000000000002,0.5000000000000002,0.5000000000000002,0.5000000000000002,0.5000000000000002,0.5000000000000002,0.5000000000000002,0.5000000000000002,0.5000000000000002,0.5000000000000002,0.5000000000000002,,,,,,,,,,,,,,,,,,,,,,,,,,,,,,,,,,,,,,,,,,,,,,,,,,,,,,,,,,,,,,
ME IRP 2024,annual_availability,EAF_50,Tutuka_EAF,%/yr,,,,,,0.481,0.4602,0.4076,0.41684,0.42608,0.43532000000000004,0.44456000000000007,0.4538000000000001,0.4630400000000001,0.47228000000000014,0.48152000000000017,0.4907600000000002,0.5000000000000002,0.5000000000000002,0.5000000000000002,0.5000000000000002,0.5000000000000002,0.5000000000000002,0.5000000000000002,0.5000000000000002,0.5000000000000002,0.5000000000000002,0.5000000000000002,0.5000000000000002,0.5000000000000002,0.5000000000000002,0.5000000000000002,0.5000000000000002,,,,,,,,,,,,,,,,,,,,,,,,,,,,,,,,,,,,,,,,,,,,,,,,,,,,,,,,,,,,,,
ME IRP 2024,annual_availability,EAF_50,Koeberg_EAF,%/yr,,,,,,0.5083,0.4167,0.9333,0.75,0.9583,0.7917,0.875,0.9,0.9,0.9,0.9,0.9,0.9,0.9,0.9,0.9,0.9,0.9,0.9,0.9,0.9,0.9,0.9,0.9,0.9,0.9,0.9,0.9,,,,,,,,,,,,,,,,,,,,,,,,,,,,,,,,,,,,,,,,,,,,,,,,,,,,,,,,,,,,,,
ME IRP 2024,annual_availability,EAF_50,Sasol_coal_EAF,%/yr,,,,,,0.8,0.8,0.8,0.8,0.8,0.8,0.8,0.8,0.8,0.8,0.8,0.8,0.8,0.8,0.8,0.8,0.8,0.8,0.8,0.8,0.8,0.8,0.8,0.8,0.8,0.8,0.8,0.8,,,,,,,,,,,,,,,,,,,,,,,,,,,,,,,,,,,,,,,,,,,,,,,,,,,,,,,,,,,,,,
ME IRP 2024,annual_availability,EAF_50,Kelvin_EAF,%/yr,,,,,,0.8,0.8,0.8,0.8,0.8,0.8,0.8,0.8,0.8,0.8,0.8,0.8,0.8,0.8,0.8,0.8,0.8,0.8,0.8,0.8,0.8,0.8,0.8,0.8,0.8,0.8,0.8,0.8,,,,,,,,,,,,,,,,,,,,,,,,,,,,,,,,,,,,,,,,,,,,,,,,,,,,,,,,,,,,,,
ME IRP 2024,annual_availability,EAF_50,Sasol_ice_EAF,%/yr,,,,,,1.0,1.0,1.0,1.0,1.0,1.0,1.0,1.0,1.0,1.0,1.0,1.0,1.0,1.0,1.0,1.0,1.0,1.0,1.0,1.0,1.0,1.0,1.0,1.0,1.0,1.0,1.0,1.0,,,,,,,,,,,,,,,,,,,,,,,,,,,,,,,,,,,,,,,,,,,,,,,,,,,,,,,,,,,,,,
ME IRP 2024,annual_availability,EAF_50,Sasol_ocgt_EAF,%/yr,,,,,,1.0,1.0,1.0,1.0,1.0,1.0,1.0,1.0,1.0,1.0,1.0,1.0,1.0,1.0,1.0,1.0,1.0,1.0,1.0,1.0,1.0,1.0,1.0,1.0,1.0,1.0,1.0,1.0,,,,,,,,,,,,,,,,,,,,,,,,,,,,,,,,,,,,,,,,,,,,,,,,,,,,,,,,,,,,,,
ME IRP 2024,annual_availability,EAF_50,coal_extendable_EAF,%/yr,,,,,,0.85,0.85,0.85,0.85,0.85,0.85,0.85,0.85,0.85,0.85,0.85,0.85,0.85,0.85,0.85,0.85,0.85,0.85,0.85,0.85,0.85,0.85,0.85,0.85,0.85,0.85,0.85,0.85,,,,,,,,,,,,,,,,,,,,,,,,,,,,,,,,,,,,,,,,,,,,,,,,,,,,,,,,,,,,,,
ME IRP 2024,annual_availability,EAF_50,nuclear_extendable_EAF,%/yr,,,,,,0.9,0.9,0.9,0.9,0.9,0.9,0.9,0.9,0.9,0.9,0.9,0.9,0.9,0.9,0.9,0.9,0.9,0.9,0.9,0.9,0.9,0.9,0.9,0.9,0.9,0.9,0.9,0.9,,,,,,,,,,,,,,,,,,,,,,,,,,,,,,,,,,,,,,,,,,,,,,,,,,,,,,,,,,,,,,
ME IRP 2024,annual_availability,EAF_50,ocgt_diesel_extendable_EAF,%/yr,,,,,,0.95,0.95,0.95,0.95,0.95,0.95,0.95,0.95,0.95,0.95,0.95,0.95,0.95,0.95,0.95,0.95,0.95,0.95,0.95,0.95,0.95,0.95,0.95,0.95,0.95,0.95,0.95,0.95,,,,,,,,,,,,,,,,,,,,,,,,,,,,,,,,,,,,,,,,,,,,,,,,,,,,,,,,,,,,,,
ME IRP 2024,annual_availability,EAF_50,ocgt_diesel_emg_extendable_EAF,%/yr,,,,,,0.95,0.95,0.95,0.95,0.95,0.95,0.95,0.95,0.95,0.95,0.95,0.95,0.95,0.95,0.95,0.95,0.95,0.95,0.95,0.95,0.95,0.95,0.95,0.95,0.95,0.95,0.95,0.95,,,,,,,,,,,,,,,,,,,,,,,,,,,,,,,,,,,,,,,,,,,,,,,,,,,,,,,,,,,,,,
ME IRP 2024,annual_availability,EAF_50,ocgt_gas_extendable_EAF,%/yr,,,,,,0.9,0.9,0.9,0.9,0.9,0.9,0.9,0.9,0.9,0.9,0.9,0.9,0.9,0.9,0.9,0.9,0.9,0.9,0.9,0.9,0.9,0.9,0.9,0.9,0.9,0.9,0.9,0.9,,,,,,,,,,,,,,,,,,,,,,,,,,,,,,,,,,,,,,,,,,,,,,,,,,,,,,,,,,,,,,
ME IRP 2024,annual_availability,EAF_50,ocgt_gas_h2_40_extendable_EAF,%/yr,,,,,,0.9,0.9,0.9,0.9,0.9,0.9,0.9,0.9,0.9,0.9,0.9,0.9,0.9,0.9,0.9,0.9,0.9,0.9,0.95,0.95,0.95,0.95,0.95,0.95,0.95,0.95,0.95,0.95,,,,,,,,,,,,,,,,,,,,,,,,,,,,,,,,,,,,,,,,,,,,,,,,,,,,,,,,,,,,,,
ME IRP 2024,annual_availability,EAF_50,ocgt_gas_h2_45_extendable_EAF,%/yr,,,,,,0.9,0.9,0.9,0.9,0.9,0.9,0.9,0.9,0.9,0.9,0.9,0.9,0.9,0.9,0.9,0.9,0.9,0.9,0.9,0.9,0.9,0.9,0.95,0.95,0.95,0.95,0.95,0.95,,,,,,,,,,,,,,,,,,,,,,,,,,,,,,,,,,,,,,,,,,,,,,,,,,,,,,,,,,,,,,
ME IRP 2024,annual_availability,EAF_50,ocgt_gas_h2_50_extendable_EAF,%/yr,,,,,,0.9,0.9,0.9,0.9,0.9,0.9,0.9,0.9,0.9,0.9,0.9,0.9,0.9,0.9,0.9,0.9,0.9,0.9,0.9,0.9,0.9,0.9,0.9,0.9,0.9,0.9,0.9,0.95,,,,,,,,,,,,,,,,,,,,,,,,,,,,,,,,,,,,,,,,,,,,,,,,,,,,,,,,,,,,,,
ME IRP 2024,annual_availability,EAF_50,ccgt_steam_extendable_EAF,%/yr,,,,,,0.9,0.9,0.9,0.9,0.9,0.9,0.9,0.9,0.9,0.9,0.9,0.9,0.9,0.9,0.9,0.9,0.9,0.9,0.9,0.9,0.9,0.9,0.9,0.9,0.9,0.9,0.9,0.9,,,,,,,,,,,,,,,,,,,,,,,,,,,,,,,,,,,,,,,,,,,,,,,,,,,,,,,,,,,,,,
ME IRP 2024,annual_availability,EAF_55,Arnot_EAF,%/yr,,,,,,0.481,0.4602,0.4076,0.42184,0.43608,0.45032000000000005,0.4645600000000001,0.4788000000000001,0.49304000000000014,0.5072800000000002,0.5215200000000002,0.5357600000000002,0.5500000000000003,0.5500000000000003,0.5500000000000003,0.5500000000000003,0.5500000000000003,0.5500000000000003,0.5500000000000003,0.5500000000000003,0.5500000000000003,0.5500000000000003,0.5500000000000003,0.5500000000000003,0.5500000000000003,0.5500000000000003,0.5500000000000003,0.5500000000000003,,,,,,,,,,,,,,,,,,,,,,,,,,,,,,,,,,,,,,,,,,,,,,,,,,,,,,,,,,,,,,
ME IRP 2024,annual_availability,EAF_55,Camden_EAF,%/yr,,,,,,0.481,0.4602,0.4076,0.42184,0.43608,0.45032000000000005,0.4645600000000001,0.4788000000000001,0.49304000000000014,0.5072800000000002,0.5215200000000002,0.5357600000000002,0.5500000000000003,0.5500000000000003,0.5500000000000003,0.5500000000000003,0.5500000000000003,0.5500000000000003,0.5500000000000003,0.5500000000000003,0.5500000000000003,0.5500000000000003,0.5500000000000003,0.5500000000000003,0.5500000000000003,0.5500000000000003,0.5500000000000003,0.5500000000000003,,,,,,,,,,,,,,,,,,,,,,,,,,,,,,,,,,,,,,,,,,,,,,,,,,,,,,,,,,,,,,
ME IRP 2024,annual_availability,EAF_55,Duvha_EAF,%/yr,,,,,,0.481,0.4602,0.4076,0.42184,0.43608,0.45032000000000005,0.4645600000000001,0.4788000000000001,0.49304000000000014,0.5072800000000002,0.5215200000000002,0.5357600000000002,0.5500000000000003,0.5500000000000003,0.5500000000000003,0.5500000000000003,0.5500000000000003,0.5500000000000003,0.5500000000000003,0.5500000000000003,0.5500000000000003,0.5500000000000003,0.5500000000000003,0.5500000000000003,0.5500000000000003,0.5500000000000003,0.5500000000000003,0.5500000000000003,,,,,,,,,,,,,,,,,,,,,,,,,,,,,,,,,,,,,,,,,,,,,,,,,,,,,,,,,,,,,,
ME IRP 2024,annual_availability,EAF_55,Grootvlei_EAF,%/yr,,,,,,0.481,0.4602,0.4076,0.42184,0.43608,0.45032000000000005,0.4645600000000001,0.4788000000000001,0.49304000000000014,0.5072800000000002,0.5215200000000002,0.5357600000000002,0.5500000000000003,0.5500000000000003,0.5500000000000003,0.5500000000000003,0.5500000000000003,0.5500000000000003,0.5500000000000003,0.5500000000000003,0.5500000000000003,0.5500000000000003,0.5500000000000003,0.5500000000000003,0.5500000000000003,0.5500000000000003,0.5500000000000003,0.5500000000000003,,,,,,,,,,,,,,,,,,,,,,,,,,,,,,,,,,,,,,,,,,,,,,,,,,,,,,,,,,,,,,
ME IRP 2024,annual_availability,EAF_55,Hendrina_EAF,%/yr,,,,,,0.481,0.4602,0.4076,0.42184,0.43608,0.45032000000000005,0.4645600000000001,0.4788000000000001,0.49304000000000014,0.5072800000000002,0.5215200000000002,0.5357600000000002,0.5500000000000003,0.5500000000000003,0.5500000000000003,0.5500000000000003,0.5500000000000003,0.5500000000000003,0.5500000000000003,0.5500000000000003,0.5500000000000003,0.5500000000000003,0.5500000000000003,0.5500000000000003,0.5500000000000003,0.5500000000000003,0.5500000000000003,0.5500000000000003,,,,,,,,,,,,,,,,,,,,,,,,,,,,,,,,,,,,,,,,,,,,,,,,,,,,,,,,,,,,,,
ME IRP 2024,annual_availability,EAF_55,Kendal_EAF,%/yr,,,,,,0.481,0.4602,0.4076,0.42184,0.43608,0.45032000000000005,0.4645600000000001,0.4788000000000001,0.49304000000000014,0.5072800000000002,0.5215200000000002,0.5357600000000002,0.5500000000000003,0.5500000000000003,0.5500000000000003,0.5500000000000003,0.5500000000000003,0.5500000000000003,0.5500000000000003,0.5500000000000003,0.5500000000000003,0.5500000000000003,0.5500000000000003,0.5500000000000003,0.5500000000000003,0.5500000000000003,0.5500000000000003,0.5500000000000003,,,,,,,,,,,,,,,,,,,,,,,,,,,,,,,,,,,,,,,,,,,,,,,,,,,,,,,,,,,,,,
ME IRP 2024,annual_availability,EAF_55,Komati_EAF,%/yr,,,,,,0.481,0.4602,0.4076,0.42184,0.43608,0.45032000000000005,0.4645600000000001,0.4788000000000001,0.49304000000000014,0.5072800000000002,0.5215200000000002,0.5357600000000002,0.5500000000000003,0.5500000000000003,0.5500000000000003,0.5500000000000003,0.5500000000000003,0.5500000000000003,0.5500000000000003,0.5500000000000003,0.5500000000000003,0.5500000000000003,0.5500000000000003,0.5500000000000003,0.5500000000000003,0.5500000000000003,0.5500000000000003,0.5500000000000003,,,,,,,,,,,,,,,,,,,,,,,,,,,,,,,,,,,,,,,,,,,,,,,,,,,,,,,,,,,,,,
ME IRP 2024,annual_availability,EAF_55,Kriel_EAF,%/yr,,,,,,0.481,0.4602,0.4076,0.42184,0.43608,0.45032000000000005,0.4645600000000001,0.4788000000000001,0.49304000000000014,0.5072800000000002,0.5215200000000002,0.5357600000000002,0.5500000000000003,0.5500000000000003,0.5500000000000003,0.5500000000000003,0.5500000000000003,0.5500000000000003,0.5500000000000003,0.5500000000000003,0.5500000000000003,0.5500000000000003,0.5500000000000003,0.5500000000000003,0.5500000000000003,0.5500000000000003,0.5500000000000003,0.5500000000000003,,,,,,,,,,,,,,,,,,,,,,,,,,,,,,,,,,,,,,,,,,,,,,,,,,,,,,,,,,,,,,
ME IRP 2024,annual_availability,EAF_55,Kusile_EAF,%/yr,,,,,,0.481,0.4602,0.4076,0.42184,0.43608,0.45032000000000005,0.4645600000000001,0.4788000000000001,0.49304000000000014,0.5072800000000002,0.5215200000000002,0.5357600000000002,0.5500000000000003,0.5500000000000003,0.5500000000000003,0.5500000000000003,0.5500000000000003,0.5500000000000003,0.5500000000000003,0.5500000000000003,0.5500000000000003,0.5500000000000003,0.5500000000000003,0.5500000000000003,0.5500000000000003,0.5500000000000003,0.5500000000000003,0.5500000000000003,,,,,,,,,,,,,,,,,,,,,,,,,,,,,,,,,,,,,,,,,,,,,,,,,,,,,,,,,,,,,,
ME IRP 2024,annual_availability,EAF_55,Lethabo_EAF,%/yr,,,,,,0.481,0.4602,0.4076,0.42184,0.43608,0.45032000000000005,0.4645600000000001,0.4788000000000001,0.49304000000000014,0.5072800000000002,0.5215200000000002,0.5357600000000002,0.5500000000000003,0.5500000000000003,0.5500000000000003,0.5500000000000003,0.5500000000000003,0.5500000000000003,0.5500000000000003,0.5500000000000003,0.5500000000000003,0.5500000000000003,0.5500000000000003,0.5500000000000003,0.5500000000000003,0.5500000000000003,0.5500000000000003,0.5500000000000003,,,,,,,,,,,,,,,,,,,,,,,,,,,,,,,,,,,,,,,,,,,,,,,,,,,,,,,,,,,,,,
ME IRP 2024,annual_availability,EAF_55,Majuba_EAF,%/yr,,,,,,0.481,0.4602,0.4076,0.42184,0.43608,0.45032000000000005,0.4645600000000001,0.4788000000000001,0.49304000000000014,0.5072800000000002,0.5215200000000002,0.5357600000000002,0.5500000000000003,0.5500000000000003,0.5500000000000003,0.5500000000000003,0.5500000000000003,0.5500000000000003,0.5500000000000003,0.5500000000000003,0.5500000000000003,0.5500000000000003,0.5500000000000003,0.5500000000000003,0.5500000000000003,0.5500000000000003,0.5500000000000003,0.5500000000000003,,,,,,,,,,,,,,,,,,,,,,,,,,,,,,,,,,,,,,,,,,,,,,,,,,,,,,,,,,,,,,
ME IRP 2024,annual_availability,EAF_55,Matimba_EAF,%/yr,,,,,,0.481,0.4602,0.4076,0.42184,0.43608,0.45032000000000005,0.4645600000000001,0.4788000000000001,0.49304000000000014,0.5072800000000002,0.5215200000000002,0.5357600000000002,0.5500000000000003,0.5500000000000003,0.5500000000000003,0.5500000000000003,0.5500000000000003,0.5500000000000003,0.5500000000000003,0.5500000000000003,0.5500000000000003,0.5500000000000003,0.5500000000000003,0.5500000000000003,0.5500000000000003,0.5500000000000003,0.5500000000000003,0.5500000000000003,,,,,,,,,,,,,,,,,,,,,,,,,,,,,,,,,,,,,,,,,,,,,,,,,,,,,,,,,,,,,,
ME IRP 2024,annual_availability,EAF_55,Matla_EAF,%/yr,,,,,,0.481,0.4602,0.4076,0.42184,0.43608,0.45032000000000005,0.4645600000000001,0.4788000000000001,0.49304000000000014,0.5072800000000002,0.5215200000000002,0.5357600000000002,0.5500000000000003,0.5500000000000003,0.5500000000000003,0.5500000000000003,0.5500000000000003,0.5500000000000003,0.5500000000000003,0.5500000000000003,0.5500000000000003,0.5500000000000003,0.5500000000000003,0.5500000000000003,0.5500000000000003,0.5500000000000003,0.5500000000000003,0.5500000000000003,,,,,,,,,,,,,,,,,,,,,,,,,,,,,,,,,,,,,,,,,,,,,,,,,,,,,,,,,,,,,,
ME IRP 2024,annual_availability,EAF_55,Medupi_EAF,%/yr,,,,,,0.481,0.4602,0.4076,0.42184,0.43608,0.45032000000000005,0.4645600000000001,0.4788000000000001,0.49304000000000014,0.5072800000000002,0.5215200000000002,0.5357600000000002,0.5500000000000003,0.5500000000000003,0.5500000000000003,0.5500000000000003,0.5500000000000003,0.5500000000000003,0.5500000000000003,0.5500000000000003,0.5500000000000003,0.5500000000000003,0.5500000000000003,0.5500000000000003,0.5500000000000003,0.5500000000000003,0.5500000000000003,0.5500000000000003,,,,,,,,,,,,,,,,,,,,,,,,,,,,,,,,,,,,,,,,,,,,,,,,,,,,,,,,,,,,,,
ME IRP 2024,annual_availability,EAF_55,Tutuka_EAF,%/yr,,,,,,0.481,0.4602,0.4076,0.42184,0.43608,0.45032000000000005,0.4645600000000001,0.4788000000000001,0.49304000000000014,0.5072800000000002,0.5215200000000002,0.5357600000000002,0.5500000000000003,0.5500000000000003,0.5500000000000003,0.5500000000000003,0.5500000000000003,0.5500000000000003,0.5500000000000003,0.5500000000000003,0.5500000000000003,0.5500000000000003,0.5500000000000003,0.5500000000000003,0.5500000000000003,0.5500000000000003,0.5500000000000003,0.5500000000000003,,,,,,,,,,,,,,,,,,,,,,,,,,,,,,,,,,,,,,,,,,,,,,,,,,,,,,,,,,,,,,
ME IRP 2024,annual_availability,EAF_55,Koeberg_EAF,%/yr,,,,,,0.5083,0.4167,0.9333,0.75,0.9583,0.7917,0.875,0.9,0.9,0.9,0.9,0.9,0.9,0.9,0.9,0.9,0.9,0.9,0.9,0.9,0.9,0.9,0.9,0.9,0.9,0.9,0.9,0.9,,,,,,,,,,,,,,,,,,,,,,,,,,,,,,,,,,,,,,,,,,,,,,,,,,,,,,,,,,,,,,
ME IRP 2024,annual_availability,EAF_55,Sasol_coal_EAF,%/yr,,,,,,0.8,0.8,0.8,0.8,0.8,0.8,0.8,0.8,0.8,0.8,0.8,0.8,0.8,0.8,0.8,0.8,0.8,0.8,0.8,0.8,0.8,0.8,0.8,0.8,0.8,0.8,0.8,0.8,,,,,,,,,,,,,,,,,,,,,,,,,,,,,,,,,,,,,,,,,,,,,,,,,,,,,,,,,,,,,,
ME IRP 2024,annual_availability,EAF_55,Kelvin_EAF,%/yr,,,,,,0.8,0.8,0.8,0.8,0.8,0.8,0.8,0.8,0.8,0.8,0.8,0.8,0.8,0.8,0.8,0.8,0.8,0.8,0.8,0.8,0.8,0.8,0.8,0.8,0.8,0.8,0.8,0.8,,,,,,,,,,,,,,,,,,,,,,,,,,,,,,,,,,,,,,,,,,,,,,,,,,,,,,,,,,,,,,
ME IRP 2024,annual_availability,EAF_55,Sasol_ice_EAF,%/yr,,,,,,1.0,1.0,1.0,1.0,1.0,1.0,1.0,1.0,1.0,1.0,1.0,1.0,1.0,1.0,1.0,1.0,1.0,1.0,1.0,1.0,1.0,1.0,1.0,1.0,1.0,1.0,1.0,1.0,,,,,,,,,,,,,,,,,,,,,,,,,,,,,,,,,,,,,,,,,,,,,,,,,,,,,,,,,,,,,,
ME IRP 2024,annual_availability,EAF_55,Sasol_ocgt_EAF,%/yr,,,,,,1.0,1.0,1.0,1.0,1.0,1.0,1.0,1.0,1.0,1.0,1.0,1.0,1.0,1.0,1.0,1.0,1.0,1.0,1.0,1.0,1.0,1.0,1.0,1.0,1.0,1.0,1.0,1.0,,,,,,,,,,,,,,,,,,,,,,,,,,,,,,,,,,,,,,,,,,,,,,,,,,,,,,,,,,,,,,
ME IRP 2024,annual_availability,EAF_55,coal_extendable_EAF,%/yr,,,,,,0.85,0.85,0.85,0.85,0.85,0.85,0.85,0.85,0.85,0.85,0.85,0.85,0.85,0.85,0.85,0.85,0.85,0.85,0.85,0.85,0.85,0.85,0.85,0.85,0.85,0.85,0.85,0.85,,,,,,,,,,,,,,,,,,,,,,,,,,,,,,,,,,,,,,,,,,,,,,,,,,,,,,,,,,,,,,
ME IRP 2024,annual_availability,EAF_55,nuclear_extendable_EAF,%/yr,,,,,,0.9,0.9,0.9,0.9,0.9,0.9,0.9,0.9,0.9,0.9,0.9,0.9,0.9,0.9,0.9,0.9,0.9,0.9,0.9,0.9,0.9,0.9,0.9,0.9,0.9,0.9,0.9,0.9,,,,,,,,,,,,,,,,,,,,,,,,,,,,,,,,,,,,,,,,,,,,,,,,,,,,,,,,,,,,,,
ME IRP 2024,annual_availability,EAF_55,ocgt_diesel_extendable_EAF,%/yr,,,,,,0.95,0.95,0.95,0.95,0.95,0.95,0.95,0.95,0.95,0.95,0.95,0.95,0.95,0.95,0.95,0.95,0.95,0.95,0.95,0.95,0.95,0.95,0.95,0.95,0.95,0.95,0.95,0.95,,,,,,,,,,,,,,,,,,,,,,,,,,,,,,,,,,,,,,,,,,,,,,,,,,,,,,,,,,,,,,
ME IRP 2024,annual_availability,EAF_55,ocgt_diesel_emg_extendable_EAF,%/yr,,,,,,0.95,0.95,0.95,0.95,0.95,0.95,0.95,0.95,0.95,0.95,0.95,0.95,0.95,0.95,0.95,0.95,0.95,0.95,0.95,0.95,0.95,0.95,0.95,0.95,0.95,0.95,0.95,0.95,,,,,,,,,,,,,,,,,,,,,,,,,,,,,,,,,,,,,,,,,,,,,,,,,,,,,,,,,,,,,,
ME IRP 2024,annual_availability,EAF_55,ocgt_gas_extendable_EAF,%/yr,,,,,,0.9,0.9,0.9,0.9,0.9,0.9,0.9,0.9,0.9,0.9,0.9,0.9,0.9,0.9,0.9,0.9,0.9,0.9,0.9,0.9,0.9,0.9,0.9,0.9,0.9,0.9,0.9,0.9,,,,,,,,,,,,,,,,,,,,,,,,,,,,,,,,,,,,,,,,,,,,,,,,,,,,,,,,,,,,,,
ME IRP 2024,annual_availability,EAF_55,ocgt_gas_h2_40_extendable_EAF,%/yr,,,,,,0.9,0.9,0.9,0.9,0.9,0.9,0.9,0.9,0.9,0.9,0.9,0.9,0.9,0.9,0.9,0.9,0.9,0.9,0.95,0.95,0.95,0.95,0.95,0.95,0.95,0.95,0.95,0.95,,,,,,,,,,,,,,,,,,,,,,,,,,,,,,,,,,,,,,,,,,,,,,,,,,,,,,,,,,,,,,
ME IRP 2024,annual_availability,EAF_55,ocgt_gas_h2_45_extendable_EAF,%/yr,,,,,,0.9,0.9,0.9,0.9,0.9,0.9,0.9,0.9,0.9,0.9,0.9,0.9,0.9,0.9,0.9,0.9,0.9,0.9,0.9,0.9,0.9,0.9,0.95,0.95,0.95,0.95,0.95,0.95,,,,,,,,,,,,,,,,,,,,,,,,,,,,,,,,,,,,,,,,,,,,,,,,,,,,,,,,,,,,,,
ME IRP 2024,annual_availability,EAF_55,ocgt_gas_h2_50_extendable_EAF,%/yr,,,,,,0.9,0.9,0.9,0.9,0.9,0.9,0.9,0.9,0.9,0.9,0.9,0.9,0.9,0.9,0.9,0.9,0.9,0.9,0.9,0.9,0.9,0.9,0.9,0.9,0.9,0.9,0.9,0.95,,,,,,,,,,,,,,,,,,,,,,,,,,,,,,,,,,,,,,,,,,,,,,,,,,,,,,,,,,,,,,
ME IRP 2024,annual_availability,EAF_55,ccgt_steam_extendable_EAF,%/yr,,,,,,0.9,0.9,0.9,0.9,0.9,0.9,0.9,0.9,0.9,0.9,0.9,0.9,0.9,0.9,0.9,0.9,0.9,0.9,0.9,0.9,0.9,0.9,0.9,0.9,0.9,0.9,0.9,0.9,,,,,,,,,,,,,,,,,,,,,,,,,,,,,,,,,,,,,,,,,,,,,,,,,,,,,,,,,,,,,,
ME IRP 2024,annual_availability,EAF_60,Arnot_EAF,%/yr,,,,,,0.481,0.4602,0.4076,0.42684,0.44608,0.46531999999999996,0.48455999999999994,0.5037999999999999,0.52304,0.54228,0.56152,0.58076,0.6000000000000001,0.6000000000000001,0.6000000000000001,0.6000000000000001,0.6000000000000001,0.6000000000000001,0.6000000000000001,0.6000000000000001,0.6000000000000001,0.6000000000000001,0.6000000000000001,0.6000000000000001,0.6000000000000001,0.6000000000000001,0.6000000000000001,0.6000000000000001,,,,,,,,,,,,,,,,,,,,,,,,,,,,,,,,,,,,,,,,,,,,,,,,,,,,,,,,,,,,,,
ME IRP 2024,annual_availability,EAF_60,Camden_EAF,%/yr,,,,,,0.481,0.4602,0.4076,0.42684,0.44608,0.46531999999999996,0.48455999999999994,0.5037999999999999,0.52304,0.54228,0.56152,0.58076,0.6000000000000001,0.6000000000000001,0.6000000000000001,0.6000000000000001,0.6000000000000001,0.6000000000000001,0.6000000000000001,0.6000000000000001,0.6000000000000001,0.6000000000000001,0.6000000000000001,0.6000000000000001,0.6000000000000001,0.6000000000000001,0.6000000000000001,0.6000000000000001,,,,,,,,,,,,,,,,,,,,,,,,,,,,,,,,,,,,,,,,,,,,,,,,,,,,,,,,,,,,,,
ME IRP 2024,annual_availability,EAF_60,Duvha_EAF,%/yr,,,,,,0.481,0.4602,0.4076,0.42684,0.44608,0.46531999999999996,0.48455999999999994,0.5037999999999999,0.52304,0.54228,0.56152,0.58076,0.6000000000000001,0.6000000000000001,0.6000000000000001,0.6000000000000001,0.6000000000000001,0.6000000000000001,0.6000000000000001,0.6000000000000001,0.6000000000000001,0.6000000000000001,0.6000000000000001,0.6000000000000001,0.6000000000000001,0.6000000000000001,0.6000000000000001,0.6000000000000001,,,,,,,,,,,,,,,,,,,,,,,,,,,,,,,,,,,,,,,,,,,,,,,,,,,,,,,,,,,,,,
ME IRP 2024,annual_availability,EAF_60,Grootvlei_EAF,%/yr,,,,,,0.481,0.4602,0.4076,0.42684,0.44608,0.46531999999999996,0.48455999999999994,0.5037999999999999,0.52304,0.54228,0.56152,0.58076,0.6000000000000001,0.6000000000000001,0.6000000000000001,0.6000000000000001,0.6000000000000001,0.6000000000000001,0.6000000000000001,0.6000000000000001,0.6000000000000001,0.6000000000000001,0.6000000000000001,0.6000000000000001,0.6000000000000001,0.6000000000000001,0.6000000000000001,0.6000000000000001,,,,,,,,,,,,,,,,,,,,,,,,,,,,,,,,,,,,,,,,,,,,,,,,,,,,,,,,,,,,,,
ME IRP 2024,annual_availability,EAF_60,Hendrina_EAF,%/yr,,,,,,0.481,0.4602,0.4076,0.42684,0.44608,0.46531999999999996,0.48455999999999994,0.5037999999999999,0.52304,0.54228,0.56152,0.58076,0.6000000000000001,0.6000000000000001,0.6000000000000001,0.6000000000000001,0.6000000000000001,0.6000000000000001,0.6000000000000001,0.6000000000000001,0.6000000000000001,0.6000000000000001,0.6000000000000001,0.6000000000000001,0.6000000000000001,0.6000000000000001,0.6000000000000001,0.6000000000000001,,,,,,,,,,,,,,,,,,,,,,,,,,,,,,,,,,,,,,,,,,,,,,,,,,,,,,,,,,,,,,
ME IRP 2024,annual_availability,EAF_60,Kendal_EAF,%/yr,,,,,,0.481,0.4602,0.4076,0.42684,0.44608,0.46531999999999996,0.48455999999999994,0.5037999999999999,0.52304,0.54228,0.56152,0.58076,0.6000000000000001,0.6000000000000001,0.6000000000000001,0.6000000000000001,0.6000000000000001,0.6000000000000001,0.6000000000000001,0.6000000000000001,0.6000000000000001,0.6000000000000001,0.6000000000000001,0.6000000000000001,0.6000000000000001,0.6000000000000001,0.6000000000000001,0.6000000000000001,,,,,,,,,,,,,,,,,,,,,,,,,,,,,,,,,,,,,,,,,,,,,,,,,,,,,,,,,,,,,,
ME IRP 2024,annual_availability,EAF_60,Komati_EAF,%/yr,,,,,,0.481,0.4602,0.4076,0.42684,0.44608,0.46531999999999996,0.48455999999999994,0.5037999999999999,0.52304,0.54228,0.56152,0.58076,0.6000000000000001,0.6000000000000001,0.6000000000000001,0.6000000000000001,0.6000000000000001,0.6000000000000001,0.6000000000000001,0.6000000000000001,0.6000000000000001,0.6000000000000001,0.6000000000000001,0.6000000000000001,0.6000000000000001,0.6000000000000001,0.6000000000000001,0.6000000000000001,,,,,,,,,,,,,,,,,,,,,,,,,,,,,,,,,,,,,,,,,,,,,,,,,,,,,,,,,,,,,,
ME IRP 2024,annual_availability,EAF_60,Kriel_EAF,%/yr,,,,,,0.481,0.4602,0.4076,0.42684,0.44608,0.46531999999999996,0.48455999999999994,0.5037999999999999,0.52304,0.54228,0.56152,0.58076,0.6000000000000001,0.6000000000000001,0.6000000000000001,0.6000000000000001,0.6000000000000001,0.6000000000000001,0.6000000000000001,0.6000000000000001,0.6000000000000001,0.6000000000000001,0.6000000000000001,0.6000000000000001,0.6000000000000001,0.6000000000000001,0.6000000000000001,0.6000000000000001,,,,,,,,,,,,,,,,,,,,,,,,,,,,,,,,,,,,,,,,,,,,,,,,,,,,,,,,,,,,,,
ME IRP 2024,annual_availability,EAF_60,Kusile_EAF,%/yr,,,,,,0.481,0.4602,0.4076,0.42684,0.44608,0.46531999999999996,0.48455999999999994,0.5037999999999999,0.52304,0.54228,0.56152,0.58076,0.6000000000000001,0.6000000000000001,0.6000000000000001,0.6000000000000001,0.6000000000000001,0.6000000000000001,0.6000000000000001,0.6000000000000001,0.6000000000000001,0.6000000000000001,0.6000000000000001,0.6000000000000001,0.6000000000000001,0.6000000000000001,0.6000000000000001,0.6000000000000001,,,,,,,,,,,,,,,,,,,,,,,,,,,,,,,,,,,,,,,,,,,,,,,,,,,,,,,,,,,,,,
ME IRP 2024,annual_availability,EAF_60,Lethabo_EAF,%/yr,,,,,,0.481,0.4602,0.4076,0.42684,0.44608,0.46531999999999996,0.48455999999999994,0.5037999999999999,0.52304,0.54228,0.56152,0.58076,0.6000000000000001,0.6000000000000001,0.6000000000000001,0.6000000000000001,0.6000000000000001,0.6000000000000001,0.6000000000000001,0.6000000000000001,0.6000000000000001,0.6000000000000001,0.6000000000000001,0.6000000000000001,0.6000000000000001,0.6000000000000001,0.6000000000000001,0.6000000000000001,,,,,,,,,,,,,,,,,,,,,,,,,,,,,,,,,,,,,,,,,,,,,,,,,,,,,,,,,,,,,,
ME IRP 2024,annual_availability,EAF_60,Majuba_EAF,%/yr,,,,,,0.481,0.4602,0.4076,0.42684,0.44608,0.46531999999999996,0.48455999999999994,0.5037999999999999,0.52304,0.54228,0.56152,0.58076,0.6000000000000001,0.6000000000000001,0.6000000000000001,0.6000000000000001,0.6000000000000001,0.6000000000000001,0.6000000000000001,0.6000000000000001,0.6000000000000001,0.6000000000000001,0.6000000000000001,0.6000000000000001,0.6000000000000001,0.6000000000000001,0.6000000000000001,0.6000000000000001,,,,,,,,,,,,,,,,,,,,,,,,,,,,,,,,,,,,,,,,,,,,,,,,,,,,,,,,,,,,,,
ME IRP 2024,annual_availability,EAF_60,Matimba_EAF,%/yr,,,,,,0.481,0.4602,0.4076,0.42684,0.44608,0.46531999999999996,0.48455999999999994,0.5037999999999999,0.52304,0.54228,0.56152,0.58076,0.6000000000000001,0.6000000000000001,0.6000000000000001,0.6000000000000001,0.6000000000000001,0.6000000000000001,0.6000000000000001,0.6000000000000001,0.6000000000000001,0.6000000000000001,0.6000000000000001,0.6000000000000001,0.6000000000000001,0.6000000000000001,0.6000000000000001,0.6000000000000001,,,,,,,,,,,,,,,,,,,,,,,,,,,,,,,,,,,,,,,,,,,,,,,,,,,,,,,,,,,,,,
ME IRP 2024,annual_availability,EAF_60,Matla_EAF,%/yr,,,,,,0.481,0.4602,0.4076,0.42684,0.44608,0.46531999999999996,0.48455999999999994,0.5037999999999999,0.52304,0.54228,0.56152,0.58076,0.6000000000000001,0.6000000000000001,0.6000000000000001,0.6000000000000001,0.6000000000000001,0.6000000000000001,0.6000000000000001,0.6000000000000001,0.6000000000000001,0.6000000000000001,0.6000000000000001,0.6000000000000001,0.6000000000000001,0.6000000000000001,0.6000000000000001,0.6000000000000001,,,,,,,,,,,,,,,,,,,,,,,,,,,,,,,,,,,,,,,,,,,,,,,,,,,,,,,,,,,,,,
ME IRP 2024,annual_availability,EAF_60,Medupi_EAF,%/yr,,,,,,0.481,0.4602,0.4076,0.42684,0.44608,0.46531999999999996,0.48455999999999994,0.5037999999999999,0.52304,0.54228,0.56152,0.58076,0.6000000000000001,0.6000000000000001,0.6000000000000001,0.6000000000000001,0.6000000000000001,0.6000000000000001,0.6000000000000001,0.6000000000000001,0.6000000000000001,0.6000000000000001,0.6000000000000001,0.6000000000000001,0.6000000000000001,0.6000000000000001,0.6000000000000001,0.6000000000000001,,,,,,,,,,,,,,,,,,,,,,,,,,,,,,,,,,,,,,,,,,,,,,,,,,,,,,,,,,,,,,
ME IRP 2024,annual_availability,EAF_60,Tutuka_EAF,%/yr,,,,,,0.481,0.4602,0.4076,0.42684,0.44608,0.46531999999999996,0.48455999999999994,0.5037999999999999,0.52304,0.54228,0.56152,0.58076,0.6000000000000001,0.6000000000000001,0.6000000000000001,0.6000000000000001,0.6000000000000001,0.6000000000000001,0.6000000000000001,0.6000000000000001,0.6000000000000001,0.6000000000000001,0.6000000000000001,0.6000000000000001,0.6000000000000001,0.6000000000000001,0.6000000000000001,0.6000000000000001,,,,,,,,,,,,,,,,,,,,,,,,,,,,,,,,,,,,,,,,,,,,,,,,,,,,,,,,,,,,,,
ME IRP 2024,annual_availability,EAF_60,Koeberg_EAF,%/yr,,,,,,0.5083,0.4167,0.9333,0.75,0.9583,0.7917,0.875,0.9,0.9,0.9,0.9,0.9,0.9,0.9,0.9,0.9,0.9,0.9,0.9,0.9,0.9,0.9,0.9,0.9,0.9,0.9,0.9,0.9,,,,,,,,,,,,,,,,,,,,,,,,,,,,,,,,,,,,,,,,,,,,,,,,,,,,,,,,,,,,,,
ME IRP 2024,annual_availability,EAF_60,Sasol_coal_EAF,%/yr,,,,,,0.8,0.8,0.8,0.8,0.8,0.8,0.8,0.8,0.8,0.8,0.8,0.8,0.8,0.8,0.8,0.8,0.8,0.8,0.8,0.8,0.8,0.8,0.8,0.8,0.8,0.8,0.8,0.8,,,,,,,,,,,,,,,,,,,,,,,,,,,,,,,,,,,,,,,,,,,,,,,,,,,,,,,,,,,,,,
ME IRP 2024,annual_availability,EAF_60,Kelvin_EAF,%/yr,,,,,,0.8,0.8,0.8,0.8,0.8,0.8,0.8,0.8,0.8,0.8,0.8,0.8,0.8,0.8,0.8,0.8,0.8,0.8,0.8,0.8,0.8,0.8,0.8,0.8,0.8,0.8,0.8,0.8,,,,,,,,,,,,,,,,,,,,,,,,,,,,,,,,,,,,,,,,,,,,,,,,,,,,,,,,,,,,,,
ME IRP 2024,annual_availability,EAF_60,Sasol_ice_EAF,%/yr,,,,,,1.0,1.0,1.0,1.0,1.0,1.0,1.0,1.0,1.0,1.0,1.0,1.0,1.0,1.0,1.0,1.0,1.0,1.0,1.0,1.0,1.0,1.0,1.0,1.0,1.0,1.0,1.0,1.0,,,,,,,,,,,,,,,,,,,,,,,,,,,,,,,,,,,,,,,,,,,,,,,,,,,,,,,,,,,,,,
ME IRP 2024,annual_availability,EAF_60,Sasol_ocgt_EAF,%/yr,,,,,,1.0,1.0,1.0,1.0,1.0,1.0,1.0,1.0,1.0,1.0,1.0,1.0,1.0,1.0,1.0,1.0,1.0,1.0,1.0,1.0,1.0,1.0,1.0,1.0,1.0,1.0,1.0,1.0,,,,,,,,,,,,,,,,,,,,,,,,,,,,,,,,,,,,,,,,,,,,,,,,,,,,,,,,,,,,,,
ME IRP 2024,annual_availability,EAF_60,coal_extendable_EAF,%/yr,,,,,,0.85,0.85,0.85,0.85,0.85,0.85,0.85,0.85,0.85,0.85,0.85,0.85,0.85,0.85,0.85,0.85,0.85,0.85,0.85,0.85,0.85,0.85,0.85,0.85,0.85,0.85,0.85,0.85,,,,,,,,,,,,,,,,,,,,,,,,,,,,,,,,,,,,,,,,,,,,,,,,,,,,,,,,,,,,,,
ME IRP 2024,annual_availability,EAF_60,nuclear_extendable_EAF,%/yr,,,,,,0.9,0.9,0.9,0.9,0.9,0.9,0.9,0.9,0.9,0.9,0.9,0.9,0.9,0.9,0.9,0.9,0.9,0.9,0.9,0.9,0.9,0.9,0.9,0.9,0.9,0.9,0.9,0.9,,,,,,,,,,,,,,,,,,,,,,,,,,,,,,,,,,,,,,,,,,,,,,,,,,,,,,,,,,,,,,
ME IRP 2024,annual_availability,EAF_60,ocgt_diesel_extendable_EAF,%/yr,,,,,,0.95,0.95,0.95,0.95,0.95,0.95,0.95,0.95,0.95,0.95,0.95,0.95,0.95,0.95,0.95,0.95,0.95,0.95,0.95,0.95,0.95,0.95,0.95,0.95,0.95,0.95,0.95,0.95,,,,,,,,,,,,,,,,,,,,,,,,,,,,,,,,,,,,,,,,,,,,,,,,,,,,,,,,,,,,,,
ME IRP 2024,annual_availability,EAF_60,ocgt_diesel_emg_extendable_EAF,%/yr,,,,,,0.95,0.95,0.95,0.95,0.95,0.95,0.95,0.95,0.95,0.95,0.95,0.95,0.95,0.95,0.95,0.95,0.95,0.95,0.95,0.95,0.95,0.95,0.95,0.95,0.95,0.95,0.95,0.95,,,,,,,,,,,,,,,,,,,,,,,,,,,,,,,,,,,,,,,,,,,,,,,,,,,,,,,,,,,,,,
ME IRP 2024,annual_availability,EAF_60,ocgt_gas_extendable_EAF,%/yr,,,,,,0.9,0.9,0.9,0.9,0.9,0.9,0.9,0.9,0.9,0.9,0.9,0.9,0.9,0.9,0.9,0.9,0.9,0.9,0.9,0.9,0.9,0.9,0.9,0.9,0.9,0.9,0.9,0.9,,,,,,,,,,,,,,,,,,,,,,,,,,,,,,,,,,,,,,,,,,,,,,,,,,,,,,,,,,,,,,
ME IRP 2024,annual_availability,EAF_60,ocgt_gas_h2_40_extendable_EAF,%/yr,,,,,,0.9,0.9,0.9,0.9,0.9,0.9,0.9,0.9,0.9,0.9,0.9,0.9,0.9,0.9,0.9,0.9,0.9,0.9,0.95,0.95,0.95,0.95,0.95,0.95,0.95,0.95,0.95,0.95,,,,,,,,,,,,,,,,,,,,,,,,,,,,,,,,,,,,,,,,,,,,,,,,,,,,,,,,,,,,,,
ME IRP 2024,annual_availability,EAF_60,ocgt_gas_h2_45_extendable_EAF,%/yr,,,,,,0.9,0.9,0.9,0.9,0.9,0.9,0.9,0.9,0.9,0.9,0.9,0.9,0.9,0.9,0.9,0.9,0.9,0.9,0.9,0.9,0.9,0.9,0.95,0.95,0.95,0.95,0.95,0.95,,,,,,,,,,,,,,,,,,,,,,,,,,,,,,,,,,,,,,,,,,,,,,,,,,,,,,,,,,,,,,
ME IRP 2024,annual_availability,EAF_60,ocgt_gas_h2_50_extendable_EAF,%/yr,,,,,,0.9,0.9,0.9,0.9,0.9,0.9,0.9,0.9,0.9,0.9,0.9,0.9,0.9,0.9,0.9,0.9,0.9,0.9,0.9,0.9,0.9,0.9,0.9,0.9,0.9,0.9,0.9,0.95,,,,,,,,,,,,,,,,,,,,,,,,,,,,,,,,,,,,,,,,,,,,,,,,,,,,,,,,,,,,,,
ME IRP 2024,annual_availability,EAF_60,ccgt_steam_extendable_EAF,%/yr,,,,,,0.9,0.9,0.9,0.9,0.9,0.9,0.9,0.9,0.9,0.9,0.9,0.9,0.9,0.9,0.9,0.9,0.9,0.9,0.9,0.9,0.9,0.9,0.9,0.9,0.9,0.9,0.9,0.9,,,,,,,,,,,,,,,,,,,,,,,,,,,,,,,,,,,,,,,,,,,,,,,,,,,,,,,,,,,,,,
ME IRP 2024,annual_availability,EAF_70,Arnot_EAF,%/yr,,,,,,0.481,0.4602,0.4076,0.43684,0.46608,0.49532,0.52456,0.5538000000000001,0.5830400000000001,0.6122800000000002,0.6415200000000002,0.6707600000000002,0.7000000000000003,0.7000000000000003,0.7000000000000003,0.7000000000000003,0.7000000000000003,0.7000000000000003,0.7000000000000003,0.7000000000000003,0.7000000000000003,0.7000000000000003,0.7000000000000003,0.7000000000000003,0.7000000000000003,0.7000000000000003,0.7000000000000003,0.7000000000000003,,,,,,,,,,,,,,,,,,,,,,,,,,,,,,,,,,,,,,,,,,,,,,,,,,,,,,,,,,,,,,
ME IRP 2024,annual_availability,EAF_70,Camden_EAF,%/yr,,,,,,0.481,0.4602,0.4076,0.43684,0.46608,0.49532,0.52456,0.5538000000000001,0.5830400000000001,0.6122800000000002,0.6415200000000002,0.6707600000000002,0.7000000000000003,0.7000000000000003,0.7000000000000003,0.7000000000000003,0.7000000000000003,0.7000000000000003,0.7000000000000003,0.7000000000000003,0.7000000000000003,0.7000000000000003,0.7000000000000003,0.7000000000000003,0.7000000000000003,0.7000000000000003,0.7000000000000003,0.7000000000000003,,,,,,,,,,,,,,,,,,,,,,,,,,,,,,,,,,,,,,,,,,,,,,,,,,,,,,,,,,,,,,
ME IRP 2024,annual_availability,EAF_70,Duvha_EAF,%/yr,,,,,,0.481,0.4602,0.4076,0.43684,0.46608,0.49532,0.52456,0.5538000000000001,0.5830400000000001,0.6122800000000002,0.6415200000000002,0.6707600000000002,0.7000000000000003,0.7000000000000003,0.7000000000000003,0.7000000000000003,0.7000000000000003,0.7000000000000003,0.7000000000000003,0.7000000000000003,0.7000000000000003,0.7000000000000003,0.7000000000000003,0.7000000000000003,0.7000000000000003,0.7000000000000003,0.7000000000000003,0.7000000000000003,,,,,,,,,,,,,,,,,,,,,,,,,,,,,,,,,,,,,,,,,,,,,,,,,,,,,,,,,,,,,,
ME IRP 2024,annual_availability,EAF_70,Grootvlei_EAF,%/yr,,,,,,0.481,0.4602,0.4076,0.43684,0.46608,0.49532,0.52456,0.5538000000000001,0.5830400000000001,0.6122800000000002,0.6415200000000002,0.6707600000000002,0.7000000000000003,0.7000000000000003,0.7000000000000003,0.7000000000000003,0.7000000000000003,0.7000000000000003,0.7000000000000003,0.7000000000000003,0.7000000000000003,0.7000000000000003,0.7000000000000003,0.7000000000000003,0.7000000000000003,0.7000000000000003,0.7000000000000003,0.7000000000000003,,,,,,,,,,,,,,,,,,,,,,,,,,,,,,,,,,,,,,,,,,,,,,,,,,,,,,,,,,,,,,
ME IRP 2024,annual_availability,EAF_70,Hendrina_EAF,%/yr,,,,,,0.481,0.4602,0.4076,0.43684,0.46608,0.49532,0.52456,0.5538000000000001,0.5830400000000001,0.6122800000000002,0.6415200000000002,0.6707600000000002,0.7000000000000003,0.7000000000000003,0.7000000000000003,0.7000000000000003,0.7000000000000003,0.7000000000000003,0.7000000000000003,0.7000000000000003,0.7000000000000003,0.7000000000000003,0.7000000000000003,0.7000000000000003,0.7000000000000003,0.7000000000000003,0.7000000000000003,0.7000000000000003,,,,,,,,,,,,,,,,,,,,,,,,,,,,,,,,,,,,,,,,,,,,,,,,,,,,,,,,,,,,,,
ME IRP 2024,annual_availability,EAF_70,Kendal_EAF,%/yr,,,,,,0.481,0.4602,0.4076,0.43684,0.46608,0.49532,0.52456,0.5538000000000001,0.5830400000000001,0.6122800000000002,0.6415200000000002,0.6707600000000002,0.7000000000000003,0.7000000000000003,0.7000000000000003,0.7000000000000003,0.7000000000000003,0.7000000000000003,0.7000000000000003,0.7000000000000003,0.7000000000000003,0.7000000000000003,0.7000000000000003,0.7000000000000003,0.7000000000000003,0.7000000000000003,0.7000000000000003,0.7000000000000003,,,,,,,,,,,,,,,,,,,,,,,,,,,,,,,,,,,,,,,,,,,,,,,,,,,,,,,,,,,,,,
ME IRP 2024,annual_availability,EAF_70,Komati_EAF,%/yr,,,,,,0.481,0.4602,0.4076,0.43684,0.46608,0.49532,0.52456,0.5538000000000001,0.5830400000000001,0.6122800000000002,0.6415200000000002,0.6707600000000002,0.7000000000000003,0.7000000000000003,0.7000000000000003,0.7000000000000003,0.7000000000000003,0.7000000000000003,0.7000000000000003,0.7000000000000003,0.7000000000000003,0.7000000000000003,0.7000000000000003,0.7000000000000003,0.7000000000000003,0.7000000000000003,0.7000000000000003,0.7000000000000003,,,,,,,,,,,,,,,,,,,,,,,,,,,,,,,,,,,,,,,,,,,,,,,,,,,,,,,,,,,,,,
ME IRP 2024,annual_availability,EAF_70,Kriel_EAF,%/yr,,,,,,0.481,0.4602,0.4076,0.43684,0.46608,0.49532,0.52456,0.5538000000000001,0.5830400000000001,0.6122800000000002,0.6415200000000002,0.6707600000000002,0.7000000000000003,0.7000000000000003,0.7000000000000003,0.7000000000000003,0.7000000000000003,0.7000000000000003,0.7000000000000003,0.7000000000000003,0.7000000000000003,0.7000000000000003,0.7000000000000003,0.7000000000000003,0.7000000000000003,0.7000000000000003,0.7000000000000003,0.7000000000000003,,,,,,,,,,,,,,,,,,,,,,,,,,,,,,,,,,,,,,,,,,,,,,,,,,,,,,,,,,,,,,
ME IRP 2024,annual_availability,EAF_70,Kusile_EAF,%/yr,,,,,,0.481,0.4602,0.4076,0.43684,0.46608,0.49532,0.52456,0.5538000000000001,0.5830400000000001,0.6122800000000002,0.6415200000000002,0.6707600000000002,0.7000000000000003,0.7000000000000003,0.7000000000000003,0.7000000000000003,0.7000000000000003,0.7000000000000003,0.7000000000000003,0.7000000000000003,0.7000000000000003,0.7000000000000003,0.7000000000000003,0.7000000000000003,0.7000000000000003,0.7000000000000003,0.7000000000000003,0.7000000000000003,,,,,,,,,,,,,,,,,,,,,,,,,,,,,,,,,,,,,,,,,,,,,,,,,,,,,,,,,,,,,,
ME IRP 2024,annual_availability,EAF_70,Lethabo_EAF,%/yr,,,,,,0.481,0.4602,0.4076,0.43684,0.46608,0.49532,0.52456,0.5538000000000001,0.5830400000000001,0.6122800000000002,0.6415200000000002,0.6707600000000002,0.7000000000000003,0.7000000000000003,0.7000000000000003,0.7000000000000003,0.7000000000000003,0.7000000000000003,0.7000000000000003,0.7000000000000003,0.7000000000000003,0.7000000000000003,0.7000000000000003,0.7000000000000003,0.7000000000000003,0.7000000000000003,0.7000000000000003,0.7000000000000003,,,,,,,,,,,,,,,,,,,,,,,,,,,,,,,,,,,,,,,,,,,,,,,,,,,,,,,,,,,,,,
ME IRP 2024,annual_availability,EAF_70,Majuba_EAF,%/yr,,,,,,0.481,0.4602,0.4076,0.43684,0.46608,0.49532,0.52456,0.5538000000000001,0.5830400000000001,0.6122800000000002,0.6415200000000002,0.6707600000000002,0.7000000000000003,0.7000000000000003,0.7000000000000003,0.7000000000000003,0.7000000000000003,0.7000000000000003,0.7000000000000003,0.7000000000000003,0.7000000000000003,0.7000000000000003,0.7000000000000003,0.7000000000000003,0.7000000000000003,0.7000000000000003,0.7000000000000003,0.7000000000000003,,,,,,,,,,,,,,,,,,,,,,,,,,,,,,,,,,,,,,,,,,,,,,,,,,,,,,,,,,,,,,
ME IRP 2024,annual_availability,EAF_70,Matimba_EAF,%/yr,,,,,,0.481,0.4602,0.4076,0.43684,0.46608,0.49532,0.52456,0.5538000000000001,0.5830400000000001,0.6122800000000002,0.6415200000000002,0.6707600000000002,0.7000000000000003,0.7000000000000003,0.7000000000000003,0.7000000000000003,0.7000000000000003,0.7000000000000003,0.7000000000000003,0.7000000000000003,0.7000000000000003,0.7000000000000003,0.7000000000000003,0.7000000000000003,0.7000000000000003,0.7000000000000003,0.7000000000000003,0.7000000000000003,,,,,,,,,,,,,,,,,,,,,,,,,,,,,,,,,,,,,,,,,,,,,,,,,,,,,,,,,,,,,,
ME IRP 2024,annual_availability,EAF_70,Matla_EAF,%/yr,,,,,,0.481,0.4602,0.4076,0.43684,0.46608,0.49532,0.52456,0.5538000000000001,0.5830400000000001,0.6122800000000002,0.6415200000000002,0.6707600000000002,0.7000000000000003,0.7000000000000003,0.7000000000000003,0.7000000000000003,0.7000000000000003,0.7000000000000003,0.7000000000000003,0.7000000000000003,0.7000000000000003,0.7000000000000003,0.7000000000000003,0.7000000000000003,0.7000000000000003,0.7000000000000003,0.7000000000000003,0.7000000000000003,,,,,,,,,,,,,,,,,,,,,,,,,,,,,,,,,,,,,,,,,,,,,,,,,,,,,,,,,,,,,,
ME IRP 2024,annual_availability,EAF_70,Medupi_EAF,%/yr,,,,,,0.481,0.4602,0.4076,0.43684,0.46608,0.49532,0.52456,0.5538000000000001,0.5830400000000001,0.6122800000000002,0.6415200000000002,0.6707600000000002,0.7000000000000003,0.7000000000000003,0.7000000000000003,0.7000000000000003,0.7000000000000003,0.7000000000000003,0.7000000000000003,0.7000000000000003,0.7000000000000003,0.7000000000000003,0.7000000000000003,0.7000000000000003,0.7000000000000003,0.7000000000000003,0.7000000000000003,0.7000000000000003,,,,,,,,,,,,,,,,,,,,,,,,,,,,,,,,,,,,,,,,,,,,,,,,,,,,,,,,,,,,,,
ME IRP 2024,annual_availability,EAF_70,Tutuka_EAF,%/yr,,,,,,0.481,0.4602,0.4076,0.43684,0.46608,0.49532,0.52456,0.5538000000000001,0.5830400000000001,0.6122800000000002,0.6415200000000002,0.6707600000000002,0.7000000000000003,0.7000000000000003,0.7000000000000003,0.7000000000000003,0.7000000000000003,0.7000000000000003,0.7000000000000003,0.7000000000000003,0.7000000000000003,0.7000000000000003,0.7000000000000003,0.7000000000000003,0.7000000000000003,0.7000000000000003,0.7000000000000003,0.7000000000000003,,,,,,,,,,,,,,,,,,,,,,,,,,,,,,,,,,,,,,,,,,,,,,,,,,,,,,,,,,,,,,
ME IRP 2024,annual_availability,EAF_70,Koeberg_EAF,%/yr,,,,,,0.5083,0.4167,0.9333,0.75,0.9583,0.7917,0.875,0.9,0.9,0.9,0.9,0.9,0.9,0.9,0.9,0.9,0.9,0.9,0.9,0.9,0.9,0.9,0.9,0.9,0.9,0.9,0.9,0.9,,,,,,,,,,,,,,,,,,,,,,,,,,,,,,,,,,,,,,,,,,,,,,,,,,,,,,,,,,,,,,
ME IRP 2024,annual_availability,EAF_70,Sasol_coal_EAF,%/yr,,,,,,0.8,0.8,0.8,0.8,0.8,0.8,0.8,0.8,0.8,0.8,0.8,0.8,0.8,0.8,0.8,0.8,0.8,0.8,0.8,0.8,0.8,0.8,0.8,0.8,0.8,0.8,0.8,0.8,,,,,,,,,,,,,,,,,,,,,,,,,,,,,,,,,,,,,,,,,,,,,,,,,,,,,,,,,,,,,,
ME IRP 2024,annual_availability,EAF_70,Kelvin_EAF,%/yr,,,,,,0.8,0.8,0.8,0.8,0.8,0.8,0.8,0.8,0.8,0.8,0.8,0.8,0.8,0.8,0.8,0.8,0.8,0.8,0.8,0.8,0.8,0.8,0.8,0.8,0.8,0.8,0.8,0.8,,,,,,,,,,,,,,,,,,,,,,,,,,,,,,,,,,,,,,,,,,,,,,,,,,,,,,,,,,,,,,
ME IRP 2024,annual_availability,EAF_70,Sasol_ice_EAF,%/yr,,,,,,1.0,1.0,1.0,1.0,1.0,1.0,1.0,1.0,1.0,1.0,1.0,1.0,1.0,1.0,1.0,1.0,1.0,1.0,1.0,1.0,1.0,1.0,1.0,1.0,1.0,1.0,1.0,1.0,,,,,,,,,,,,,,,,,,,,,,,,,,,,,,,,,,,,,,,,,,,,,,,,,,,,,,,,,,,,,,
ME IRP 2024,annual_availability,EAF_70,Sasol_ocgt_EAF,%/yr,,,,,,1.0,1.0,1.0,1.0,1.0,1.0,1.0,1.0,1.0,1.0,1.0,1.0,1.0,1.0,1.0,1.0,1.0,1.0,1.0,1.0,1.0,1.0,1.0,1.0,1.0,1.0,1.0,1.0,,,,,,,,,,,,,,,,,,,,,,,,,,,,,,,,,,,,,,,,,,,,,,,,,,,,,,,,,,,,,,
ME IRP 2024,annual_availability,EAF_70,coal_extendable_EAF,%/yr,,,,,,0.85,0.85,0.85,0.85,0.85,0.85,0.85,0.85,0.85,0.85,0.85,0.85,0.85,0.85,0.85,0.85,0.85,0.85,0.85,0.85,0.85,0.85,0.85,0.85,0.85,0.85,0.85,0.85,,,,,,,,,,,,,,,,,,,,,,,,,,,,,,,,,,,,,,,,,,,,,,,,,,,,,,,,,,,,,,
ME IRP 2024,annual_availability,EAF_70,nuclear_extendable_EAF,%/yr,,,,,,0.9,0.9,0.9,0.9,0.9,0.9,0.9,0.9,0.9,0.9,0.9,0.9,0.9,0.9,0.9,0.9,0.9,0.9,0.9,0.9,0.9,0.9,0.9,0.9,0.9,0.9,0.9,0.9,,,,,,,,,,,,,,,,,,,,,,,,,,,,,,,,,,,,,,,,,,,,,,,,,,,,,,,,,,,,,,
ME IRP 2024,annual_availability,EAF_70,ocgt_diesel_extendable_EAF,%/yr,,,,,,0.95,0.95,0.95,0.95,0.95,0.95,0.95,0.95,0.95,0.95,0.95,0.95,0.95,0.95,0.95,0.95,0.95,0.95,0.95,0.95,0.95,0.95,0.95,0.95,0.95,0.95,0.95,0.95,,,,,,,,,,,,,,,,,,,,,,,,,,,,,,,,,,,,,,,,,,,,,,,,,,,,,,,,,,,,,,
ME IRP 2024,annual_availability,EAF_70,ocgt_diesel_emg_extendable_EAF,%/yr,,,,,,0.95,0.95,0.95,0.95,0.95,0.95,0.95,0.95,0.95,0.95,0.95,0.95,0.95,0.95,0.95,0.95,0.95,0.95,0.95,0.95,0.95,0.95,0.95,0.95,0.95,0.95,0.95,0.95,,,,,,,,,,,,,,,,,,,,,,,,,,,,,,,,,,,,,,,,,,,,,,,,,,,,,,,,,,,,,,
ME IRP 2024,annual_availability,EAF_70,ocgt_gas_extendable_EAF,%/yr,,,,,,0.9,0.9,0.9,0.9,0.9,0.9,0.9,0.9,0.9,0.9,0.9,0.9,0.9,0.9,0.9,0.9,0.9,0.9,0.9,0.9,0.9,0.9,0.9,0.9,0.9,0.9,0.9,0.9,,,,,,,,,,,,,,,,,,,,,,,,,,,,,,,,,,,,,,,,,,,,,,,,,,,,,,,,,,,,,,
ME IRP 2024,annual_availability,EAF_70,ocgt_gas_h2_40_extendable_EAF,%/yr,,,,,,0.9,0.9,0.9,0.9,0.9,0.9,0.9,0.9,0.9,0.9,0.9,0.9,0.9,0.9,0.9,0.9,0.9,0.9,0.95,0.95,0.95,0.95,0.95,0.95,0.95,0.95,0.95,0.95,,,,,,,,,,,,,,,,,,,,,,,,,,,,,,,,,,,,,,,,,,,,,,,,,,,,,,,,,,,,,,
ME IRP 2024,annual_availability,EAF_70,ocgt_gas_h2_45_extendable_EAF,%/yr,,,,,,0.9,0.9,0.9,0.9,0.9,0.9,0.9,0.9,0.9,0.9,0.9,0.9,0.9,0.9,0.9,0.9,0.9,0.9,0.9,0.9,0.9,0.9,0.95,0.95,0.95,0.95,0.95,0.95,,,,,,,,,,,,,,,,,,,,,,,,,,,,,,,,,,,,,,,,,,,,,,,,,,,,,,,,,,,,,,
ME IRP 2024,annual_availability,EAF_70,ocgt_gas_h2_50_extendable_EAF,%/yr,,,,,,0.9,0.9,0.9,0.9,0.9,0.9,0.9,0.9,0.9,0.9,0.9,0.9,0.9,0.9,0.9,0.9,0.9,0.9,0.9,0.9,0.9,0.9,0.9,0.9,0.9,0.9,0.9,0.95,,,,,,,,,,,,,,,,,,,,,,,,,,,,,,,,,,,,,,,,,,,,,,,,,,,,,,,,,,,,,,
ME IRP 2024,annual_availability,EAF_70,ccgt_steam_extendable_EAF,%/yr,,,,,,0.9,0.9,0.9,0.9,0.9,0.9,0.9,0.9,0.9,0.9,0.9,0.9,0.9,0.9,0.9,0.9,0.9,0.9,0.9,0.9,0.9,0.9,0.9,0.9,0.9,0.9,0.9,0.9,,,,,,,,,,,,,,,,,,,,,,,,,,,,,,,,,,,,,,,,,,,,,,,,,,,,,,,,,,,,,,
ME IRP 2024,outage_profiles,,,,,,,,,,,,,,,,,,,,,,,,,,,,,,,,,,,,,scenario,type,week,Arnot,Camden,Duvha,Grootvlei,Hendrina,Kendal,Komati,Kriel,Kusile,Lethabo,Majuba,Matimba,Matla,Medupi,Tutuka,Koeberg,Drakensberg,Ingula,Palmiet,Gariep,Vanderkloof,Acacia,Ankerlig,Gourikwa,PortRex,Kelvin,Sasol_coal,Avon,Dedisa,Sasol_ice,Sasol_ocgt,Steenbras,coal,nuclear,ocgt_diesel,ocgt_diesel_emg,ocgt_gas,ocgt_gas_h2_40,ocgt_gas_h2_45,ocgt_gas_h2_50,ccgt_steam,hydro,,,,,,,,,,,,,,,,,
ME IRP 2024,outage_profiles,,,,,,,,,,,,,,,,,,,,,,,,,,,,,,,,,,,,,BASE,planned,1,0.144448346227856,0.144448346227856,0.144448346227856,0.144448346227856,0.144448346227856,0.144448346227856,0.144448346227856,0.144448346227856,0.144448346227856,0.144448346227856,0.144448346227856,0.144448346227856,0.144448346227856,0.144448346227856,0.144448346227856,0,0,0,0,0,0,0,0,0,0,0,0,0,0,0,0,0,0.144448346227856,0.1,0,0,0,0,0,0,0,0,,,,,,,,,,,,,,,,,
ME IRP 2024,outage_profiles,,,,,,,,,,,,,,,,,,,,,,,,,,,,,,,,,,,,,BASE,planned,2,0.133671010589736,0.133671010589736,0.133671010589736,0.133671010589736,0.133671010589736,0.133671010589736,0.133671010589736,0.133671010589736,0.133671010589736,0.133671010589736,0.133671010589736,0.133671010589736,0.133671010589736,0.133671010589736,0.133671010589736,0,0,0,0,0,0,0,0,0,0,0,0,0,0,0,0,0,0.133671010589736,0.1,0,0,0,0,0,0,0,0,,,,,,,,,,,,,,,,,
ME IRP 2024,outage_profiles,,,,,,,,,,,,,,,,,,,,,,,,,,,,,,,,,,,,,BASE,planned,3,0.136173770644453,0.136173770644453,0.136173770644453,0.136173770644453,0.136173770644453,0.136173770644453,0.136173770644453,0.136173770644453,0.136173770644453,0.136173770644453,0.136173770644453,0.136173770644453,0.136173770644453,0.136173770644453,0.136173770644453,0,0,0,0,0,0,0,0,0,0,0,0,0,0,0,0,0,0.136173770644453,0.1,0,0,0,0,0,0,0,0,,,,,,,,,,,,,,,,,
ME IRP 2024,outage_profiles,,,,,,,,,,,,,,,,,,,,,,,,,,,,,,,,,,,,,BASE,planned,4,0.120281708321794,0.120281708321794,0.120281708321794,0.120281708321794,0.120281708321794,0.120281708321794,0.120281708321794,0.120281708321794,0.120281708321794,0.120281708321794,0.120281708321794,0.120281708321794,0.120281708321794,0.120281708321794,0.120281708321794,0,0,0,0,0,0,0,0,0,0,0,0,0,0,0,0,0,0.120281708321794,0.1,0,0,0,0,0,0,0,0,,,,,,,,,,,,,,,,,
ME IRP 2024,outage_profiles,,,,,,,,,,,,,,,,,,,,,,,,,,,,,,,,,,,,,BASE,planned,5,0.115028277697044,0.115028277697044,0.115028277697044,0.115028277697044,0.115028277697044,0.115028277697044,0.115028277697044,0.115028277697044,0.115028277697044,0.115028277697044,0.115028277697044,0.115028277697044,0.115028277697044,0.115028277697044,0.115028277697044,0,0,0,0,0,0,0,0,0,0,0,0,0,0,0,0,0,0.115028277697044,0.1,0,0,0,0,0,0,0,0,,,,,,,,,,,,,,,,,
ME IRP 2024,outage_profiles,,,,,,,,,,,,,,,,,,,,,,,,,,,,,,,,,,,,,BASE,planned,6,0.128043894987818,0.128043894987818,0.128043894987818,0.128043894987818,0.128043894987818,0.128043894987818,0.128043894987818,0.128043894987818,0.128043894987818,0.128043894987818,0.128043894987818,0.128043894987818,0.128043894987818,0.128043894987818,0.128043894987818,0,0,0,0,0,0,0,0,0,0,0,0,0,0,0,0,0,0.128043894987818,0.1,0,0,0,0,0,0,0,0,,,,,,,,,,,,,,,,,
ME IRP 2024,outage_profiles,,,,,,,,,,,,,,,,,,,,,,,,,,,,,,,,,,,,,BASE,planned,7,0.127008896492344,0.127008896492344,0.127008896492344,0.127008896492344,0.127008896492344,0.127008896492344,0.127008896492344,0.127008896492344,0.127008896492344,0.127008896492344,0.127008896492344,0.127008896492344,0.127008896492344,0.127008896492344,0.127008896492344,0,0,0,0,0,0,0,0,0,0,0,0,0,0,0,0,0,0.127008896492344,0.1,0,0,0,0,0,0,0,0,,,,,,,,,,,,,,,,,
ME IRP 2024,outage_profiles,,,,,,,,,,,,,,,,,,,,,,,,,,,,,,,,,,,,,BASE,planned,8,0.112240222929596,0.112240222929596,0.112240222929596,0.112240222929596,0.112240222929596,0.112240222929596,0.112240222929596,0.112240222929596,0.112240222929596,0.112240222929596,0.112240222929596,0.112240222929596,0.112240222929596,0.112240222929596,0.112240222929596,0,0,0,0,0,0,0,0,0,0,0,0,0,0,0,0,0,0.112240222929596,0.1,0,0,0,0,0,0,0,0,,,,,,,,,,,,,,,,,
ME IRP 2024,outage_profiles,,,,,,,,,,,,,,,,,,,,,,,,,,,,,,,,,,,,,BASE,planned,9,0.10482444753816,0.10482444753816,0.10482444753816,0.10482444753816,0.10482444753816,0.10482444753816,0.10482444753816,0.10482444753816,0.10482444753816,0.10482444753816,0.10482444753816,0.10482444753816,0.10482444753816,0.10482444753816,0.10482444753816,0,0,0,0,0,0,0,0,0,0,0,0,0,0,0,0,0,0.10482444753816,0.1,0,0,0,0,0,0,0,0,,,,,,,,,,,,,,,,,
ME IRP 2024,outage_profiles,,,,,,,,,,,,,,,,,,,,,,,,,,,,,,,,,,,,,BASE,planned,10,0.0929198862527063,0.0929198862527063,0.0929198862527063,0.0929198862527063,0.0929198862527063,0.0929198862527063,0.0929198862527063,0.0929198862527063,0.0929198862527063,0.0929198862527063,0.0929198862527063,0.0929198862527063,0.0929198862527063,0.0929198862527063,0.0929198862527063,0,0,0,0,0,0,0,0,0,0,0,0,0,0,0,0,0,0.0929198862527063,0.1,0,0,0,0,0,0,0,0,,,,,,,,,,,,,,,,,
ME IRP 2024,outage_profiles,,,,,,,,,,,,,,,,,,,,,,,,,,,,,,,,,,,,,BASE,planned,11,0.120792247439271,0.120792247439271,0.120792247439271,0.120792247439271,0.120792247439271,0.120792247439271,0.120792247439271,0.120792247439271,0.120792247439271,0.120792247439271,0.120792247439271,0.120792247439271,0.120792247439271,0.120792247439271,0.120792247439271,0,0,0,0,0,0,0,0,0,0,0,0,0,0,0,0,0,0.120792247439271,0.1,0,0,0,0,0,0,0,0,,,,,,,,,,,,,,,,,
ME IRP 2024,outage_profiles,,,,,,,,,,,,,,,,,,,,,,,,,,,,,,,,,,,,,BASE,planned,12,0.140292722474832,0.140292722474832,0.140292722474832,0.140292722474832,0.140292722474832,0.140292722474832,0.140292722474832,0.140292722474832,0.140292722474832,0.140292722474832,0.140292722474832,0.140292722474832,0.140292722474832,0.140292722474832,0.140292722474832,0,0,0,0,0,0,0,0,0,0,0,0,0,0,0,0,0,0.140292722474832,0.1,0,0,0,0,0,0,0,0,,,,,,,,,,,,,,,,,
ME IRP 2024,outage_profiles,,,,,,,,,,,,,,,,,,,,,,,,,,,,,,,,,,,,,BASE,planned,13,0.121933104149519,0.121933104149519,0.121933104149519,0.121933104149519,0.121933104149519,0.121933104149519,0.121933104149519,0.121933104149519,0.121933104149519,0.121933104149519,0.121933104149519,0.121933104149519,0.121933104149519,0.121933104149519,0.121933104149519,0,0,0,0,0,0,0,0,0,0,0,0,0,0,0,0,0,0.121933104149519,0.1,0,0,0,0,0,0,0,0,,,,,,,,,,,,,,,,,
ME IRP 2024,outage_profiles,,,,,,,,,,,,,,,,,,,,,,,,,,,,,,,,,,,,,BASE,planned,14,0.141960897240234,0.141960897240234,0.141960897240234,0.141960897240234,0.141960897240234,0.141960897240234,0.141960897240234,0.141960897240234,0.141960897240234,0.141960897240234,0.141960897240234,0.141960897240234,0.141960897240234,0.141960897240234,0.141960897240234,0,0,0,0,0,0,0,0,0,0,0,0,0,0,0,0,0,0.141960897240234,0.1,0,0,0,0,0,0,0,0,,,,,,,,,,,,,,,,,
ME IRP 2024,outage_profiles,,,,,,,,,,,,,,,,,,,,,,,,,,,,,,,,,,,,,BASE,planned,15,0.128134168937135,0.128134168937135,0.128134168937135,0.128134168937135,0.128134168937135,0.128134168937135,0.128134168937135,0.128134168937135,0.128134168937135,0.128134168937135,0.128134168937135,0.128134168937135,0.128134168937135,0.128134168937135,0.128134168937135,0,0,0,0,0,0,0,0,0,0,0,0,0,0,0,0,0,0.128134168937135,0.1,0,0,0,0,0,0,0,0,,,,,,,,,,,,,,,,,
ME IRP 2024,outage_profiles,,,,,,,,,,,,,,,,,,,,,,,,,,,,,,,,,,,,,BASE,planned,16,0.142108365804791,0.142108365804791,0.142108365804791,0.142108365804791,0.142108365804791,0.142108365804791,0.142108365804791,0.142108365804791,0.142108365804791,0.142108365804791,0.142108365804791,0.142108365804791,0.142108365804791,0.142108365804791,0.142108365804791,0,0,0,0,0,0,0,0,0,0,0,0,0,0,0,0,0,0.142108365804791,0.1,0,0,0,0,0,0,0,0,,,,,,,,,,,,,,,,,
ME IRP 2024,outage_profiles,,,,,,,,,,,,,,,,,,,,,,,,,,,,,,,,,,,,,BASE,planned,17,0.1007295720618,0.1007295720618,0.1007295720618,0.1007295720618,0.1007295720618,0.1007295720618,0.1007295720618,0.1007295720618,0.1007295720618,0.1007295720618,0.1007295720618,0.1007295720618,0.1007295720618,0.1007295720618,0.1007295720618,0,0,0,0,0,0,0,0,0,0,0,0,0,0,0,0,0,0.1007295720618,0.1,0,0,0,0,0,0,0,0,,,,,,,,,,,,,,,,,
ME IRP 2024,outage_profiles,,,,,,,,,,,,,,,,,,,,,,,,,,,,,,,,,,,,,BASE,planned,18,0.106006055140041,0.106006055140041,0.106006055140041,0.106006055140041,0.106006055140041,0.106006055140041,0.106006055140041,0.106006055140041,0.106006055140041,0.106006055140041,0.106006055140041,0.106006055140041,0.106006055140041,0.106006055140041,0.106006055140041,0,0,0,0,0,0,0,0,0,0,0,0,0,0,0,0,0,0.106006055140041,0.1,0,0,0,0,0,0,0,0,,,,,,,,,,,,,,,,,
ME IRP 2024,outage_profiles,,,,,,,,,,,,,,,,,,,,,,,,,,,,,,,,,,,,,BASE,planned,19,0.0953305255022937,0.0953305255022937,0.0953305255022937,0.0953305255022937,0.0953305255022937,0.0953305255022937,0.0953305255022937,0.0953305255022937,0.0953305255022937,0.0953305255022937,0.0953305255022937,0.0953305255022937,0.0953305255022937,0.0953305255022937,0.0953305255022937,0,0,0,0,0,0,0,0,0,0,0,0,0,0,0,0,0,0.0953305255022937,0.1,0,0,0,0,0,0,0,0,,,,,,,,,,,,,,,,,
ME IRP 2024,outage_profiles,,,,,,,,,,,,,,,,,,,,,,,,,,,,,,,,,,,,,BASE,planned,20,0.0863862285112283,0.0863862285112283,0.0863862285112283,0.0863862285112283,0.0863862285112283,0.0863862285112283,0.0863862285112283,0.0863862285112283,0.0863862285112283,0.0863862285112283,0.0863862285112283,0.0863862285112283,0.0863862285112283,0.0863862285112283,0.0863862285112283,0,0,0,0,0,0,0,0,0,0,0,0,0,0,0,0,0,0.0863862285112283,0.1,0,0,0,0,0,0,0,0,,,,,,,,,,,,,,,,,
ME IRP 2024,outage_profiles,,,,,,,,,,,,,,,,,,,,,,,,,,,,,,,,,,,,,BASE,planned,21,0.105572782745234,0.105572782745234,0.105572782745234,0.105572782745234,0.105572782745234,0.105572782745234,0.105572782745234,0.105572782745234,0.105572782745234,0.105572782745234,0.105572782745234,0.105572782745234,0.105572782745234,0.105572782745234,0.105572782745234,0,0,0,0,0,0,0,0,0,0,0,0,0,0,0,0,0,0.105572782745234,0.1,0,0,0,0,0,0,0,0,,,,,,,,,,,,,,,,,
ME IRP 2024,outage_profiles,,,,,,,,,,,,,,,,,,,,,,,,,,,,,,,,,,,,,BASE,planned,22,0.0815602003819963,0.0815602003819963,0.0815602003819963,0.0815602003819963,0.0815602003819963,0.0815602003819963,0.0815602003819963,0.0815602003819963,0.0815602003819963,0.0815602003819963,0.0815602003819963,0.0815602003819963,0.0815602003819963,0.0815602003819963,0.0815602003819963,0,0,0,0,0,0,0,0,0,0,0,0,0,0,0,0,0,0.0815602003819963,0.1,0,0,0,0,0,0,0,0,,,,,,,,,,,,,,,,,
ME IRP 2024,outage_profiles,,,,,,,,,,,,,,,,,,,,,,,,,,,,,,,,,,,,,BASE,planned,23,0.0613525929275099,0.0613525929275099,0.0613525929275099,0.0613525929275099,0.0613525929275099,0.0613525929275099,0.0613525929275099,0.0613525929275099,0.0613525929275099,0.0613525929275099,0.0613525929275099,0.0613525929275099,0.0613525929275099,0.0613525929275099,0.0613525929275099,0,0,0,0,0,0,0,0,0,0,0,0,0,0,0,0,0,0.0613525929275099,0.1,0,0,0,0,0,0,0,0,,,,,,,,,,,,,,,,,
ME IRP 2024,outage_profiles,,,,,,,,,,,,,,,,,,,,,,,,,,,,,,,,,,,,,BASE,planned,24,0.0502896170028366,0.0502896170028366,0.0502896170028366,0.0502896170028366,0.0502896170028366,0.0502896170028366,0.0502896170028366,0.0502896170028366,0.0502896170028366,0.0502896170028366,0.0502896170028366,0.0502896170028366,0.0502896170028366,0.0502896170028366,0.0502896170028366,0,0,0,0,0,0,0,0,0,0,0,0,0,0,0,0,0,0.0502896170028366,0.1,0,0,0,0,0,0,0,0,,,,,,,,,,,,,,,,,
ME IRP 2024,outage_profiles,,,,,,,,,,,,,,,,,,,,,,,,,,,,,,,,,,,,,BASE,planned,25,0.058321750041365,0.058321750041365,0.058321750041365,0.058321750041365,0.058321750041365,0.058321750041365,0.058321750041365,0.058321750041365,0.058321750041365,0.058321750041365,0.058321750041365,0.058321750041365,0.058321750041365,0.058321750041365,0.058321750041365,0,0,0,0,0,0,0,0,0,0,0,0,0,0,0,0,0,0.058321750041365,0.1,0,0,0,0,0,0,0,0,,,,,,,,,,,,,,,,,
ME IRP 2024,outage_profiles,,,,,,,,,,,,,,,,,,,,,,,,,,,,,,,,,,,,,BASE,planned,26,0.0527164674032442,0.0527164674032442,0.0527164674032442,0.0527164674032442,0.0527164674032442,0.0527164674032442,0.0527164674032442,0.0527164674032442,0.0527164674032442,0.0527164674032442,0.0527164674032442,0.0527164674032442,0.0527164674032442,0.0527164674032442,0.0527164674032442,0,0,0,0,0,0,0,0,0,0,0,0,0,0,0,0,0,0.0527164674032442,0.1,0,0,0,0,0,0,0,0,,,,,,,,,,,,,,,,,
ME IRP 2024,outage_profiles,,,,,,,,,,,,,,,,,,,,,,,,,,,,,,,,,,,,,BASE,planned,27,0.0574051743269372,0.0574051743269372,0.0574051743269372,0.0574051743269372,0.0574051743269372,0.0574051743269372,0.0574051743269372,0.0574051743269372,0.0574051743269372,0.0574051743269372,0.0574051743269372,0.0574051743269372,0.0574051743269372,0.0574051743269372,0.0574051743269372,0,0,0,0,0,0,0,0,0,0,0,0,0,0,0,0,0,0.0574051743269372,0.1,0,0,0,0,0,0,0,0,,,,,,,,,,,,,,,,,
ME IRP 2024,outage_profiles,,,,,,,,,,,,,,,,,,,,,,,,,,,,,,,,,,,,,BASE,planned,28,0.0512732952090228,0.0512732952090228,0.0512732952090228,0.0512732952090228,0.0512732952090228,0.0512732952090228,0.0512732952090228,0.0512732952090228,0.0512732952090228,0.0512732952090228,0.0512732952090228,0.0512732952090228,0.0512732952090228,0.0512732952090228,0.0512732952090228,0,0,0,0,0,0,0,0,0,0,0,0,0,0,0,0,0,0.0512732952090228,0.1,0,0,0,0,0,0,0,0,,,,,,,,,,,,,,,,,
ME IRP 2024,outage_profiles,,,,,,,,,,,,,,,,,,,,,,,,,,,,,,,,,,,,,BASE,planned,29,0.0588851155783779,0.0588851155783779,0.0588851155783779,0.0588851155783779,0.0588851155783779,0.0588851155783779,0.0588851155783779,0.0588851155783779,0.0588851155783779,0.0588851155783779,0.0588851155783779,0.0588851155783779,0.0588851155783779,0.0588851155783779,0.0588851155783779,0,0,0,0,0,0,0,0,0,0,0,0,0,0,0,0,0,0.0588851155783779,0.1,0,0,0,0,0,0,0,0,,,,,,,,,,,,,,,,,
ME IRP 2024,outage_profiles,,,,,,,,,,,,,,,,,,,,,,,,,,,,,,,,,,,,,BASE,planned,30,0.0566952274375193,0.0566952274375193,0.0566952274375193,0.0566952274375193,0.0566952274375193,0.0566952274375193,0.0566952274375193,0.0566952274375193,0.0566952274375193,0.0566952274375193,0.0566952274375193,0.0566952274375193,0.0566952274375193,0.0566952274375193,0.0566952274375193,0,0,0,0,0,0,0,0,0,0,0,0,0,0,0,0,0,0.0566952274375193,0.1,0,0,0,0,0,0,0,0,,,,,,,,,,,,,,,,,
ME IRP 2024,outage_profiles,,,,,,,,,,,,,,,,,,,,,,,,,,,,,,,,,,,,,BASE,planned,31,0.0566170466606266,0.0566170466606266,0.0566170466606266,0.0566170466606266,0.0566170466606266,0.0566170466606266,0.0566170466606266,0.0566170466606266,0.0566170466606266,0.0566170466606266,0.0566170466606266,0.0566170466606266,0.0566170466606266,0.0566170466606266,0.0566170466606266,0,0,0,0,0,0,0,0,0,0,0,0,0,0,0,0,0,0.0566170466606266,0.1,0,0,0,0,0,0,0,0,,,,,,,,,,,,,,,,,
ME IRP 2024,outage_profiles,,,,,,,,,,,,,,,,,,,,,,,,,,,,,,,,,,,,,BASE,planned,32,0.0601857389708191,0.0601857389708191,0.0601857389708191,0.0601857389708191,0.0601857389708191,0.0601857389708191,0.0601857389708191,0.0601857389708191,0.0601857389708191,0.0601857389708191,0.0601857389708191,0.0601857389708191,0.0601857389708191,0.0601857389708191,0.0601857389708191,0,0,0,0,0,0,0,0,0,0,0,0,0,0,0,0,0,0.0601857389708191,0.1,0,0,0,0,0,0,0,0,,,,,,,,,,,,,,,,,
ME IRP 2024,outage_profiles,,,,,,,,,,,,,,,,,,,,,,,,,,,,,,,,,,,,,BASE,planned,33,0.0904503160312234,0.0904503160312234,0.0904503160312234,0.0904503160312234,0.0904503160312234,0.0904503160312234,0.0904503160312234,0.0904503160312234,0.0904503160312234,0.0904503160312234,0.0904503160312234,0.0904503160312234,0.0904503160312234,0.0904503160312234,0.0904503160312234,0,0,0,0,0,0,0,0,0,0,0,0,0,0,0,0,0,0.0904503160312234,0.1,0,0,0,0,0,0,0,0,,,,,,,,,,,,,,,,,
ME IRP 2024,outage_profiles,,,,,,,,,,,,,,,,,,,,,,,,,,,,,,,,,,,,,BASE,planned,34,0.124714989032695,0.124714989032695,0.124714989032695,0.124714989032695,0.124714989032695,0.124714989032695,0.124714989032695,0.124714989032695,0.124714989032695,0.124714989032695,0.124714989032695,0.124714989032695,0.124714989032695,0.124714989032695,0.124714989032695,0,0,0,0,0,0,0,0,0,0,0,0,0,0,0,0,0,0.124714989032695,0.1,0,0,0,0,0,0,0,0,,,,,,,,,,,,,,,,,
ME IRP 2024,outage_profiles,,,,,,,,,,,,,,,,,,,,,,,,,,,,,,,,,,,,,BASE,planned,35,0.143697414963733,0.143697414963733,0.143697414963733,0.143697414963733,0.143697414963733,0.143697414963733,0.143697414963733,0.143697414963733,0.143697414963733,0.143697414963733,0.143697414963733,0.143697414963733,0.143697414963733,0.143697414963733,0.143697414963733,0,0,0,0,0,0,0,0,0,0,0,0,0,0,0,0,0,0.143697414963733,0.1,0,0,0,0,0,0,0,0,,,,,,,,,,,,,,,,,
ME IRP 2024,outage_profiles,,,,,,,,,,,,,,,,,,,,,,,,,,,,,,,,,,,,,BASE,planned,36,0.104225920574715,0.104225920574715,0.104225920574715,0.104225920574715,0.104225920574715,0.104225920574715,0.104225920574715,0.104225920574715,0.104225920574715,0.104225920574715,0.104225920574715,0.104225920574715,0.104225920574715,0.104225920574715,0.104225920574715,0,0,0,0,0,0,0,0,0,0,0,0,0,0,0,0,0,0.104225920574715,0.1,0,0,0,0,0,0,0,0,,,,,,,,,,,,,,,,,
ME IRP 2024,outage_profiles,,,,,,,,,,,,,,,,,,,,,,,,,,,,,,,,,,,,,BASE,planned,37,0.103169387064252,0.103169387064252,0.103169387064252,0.103169387064252,0.103169387064252,0.103169387064252,0.103169387064252,0.103169387064252,0.103169387064252,0.103169387064252,0.103169387064252,0.103169387064252,0.103169387064252,0.103169387064252,0.103169387064252,0,0,0,0,0,0,0,0,0,0,0,0,0,0,0,0,0,0.103169387064252,0.1,0,0,0,0,0,0,0,0,,,,,,,,,,,,,,,,,
ME IRP 2024,outage_profiles,,,,,,,,,,,,,,,,,,,,,,,,,,,,,,,,,,,,,BASE,planned,38,0.108444088852471,0.108444088852471,0.108444088852471,0.108444088852471,0.108444088852471,0.108444088852471,0.108444088852471,0.108444088852471,0.108444088852471,0.108444088852471,0.108444088852471,0.108444088852471,0.108444088852471,0.108444088852471,0.108444088852471,0,0,0,0,0,0,0,0,0,0,0,0,0,0,0,0,0,0.108444088852471,0.1,0,0,0,0,0,0,0,0,,,,,,,,,,,,,,,,,
ME IRP 2024,outage_profiles,,,,,,,,,,,,,,,,,,,,,,,,,,,,,,,,,,,,,BASE,planned,39,0.125128552515343,0.125128552515343,0.125128552515343,0.125128552515343,0.125128552515343,0.125128552515343,0.125128552515343,0.125128552515343,0.125128552515343,0.125128552515343,0.125128552515343,0.125128552515343,0.125128552515343,0.125128552515343,0.125128552515343,0,0,0,0,0,0,0,0,0,0,0,0,0,0,0,0,0,0.125128552515343,0.1,0,0,0,0,0,0,0,0,,,,,,,,,,,,,,,,,
ME IRP 2024,outage_profiles,,,,,,,,,,,,,,,,,,,,,,,,,,,,,,,,,,,,,BASE,planned,40,0.0996752111823199,0.0996752111823199,0.0996752111823199,0.0996752111823199,0.0996752111823199,0.0996752111823199,0.0996752111823199,0.0996752111823199,0.0996752111823199,0.0996752111823199,0.0996752111823199,0.0996752111823199,0.0996752111823199,0.0996752111823199,0.0996752111823199,0,0,0,0,0,0,0,0,0,0,0,0,0,0,0,0,0,0.0996752111823199,0.1,0,0,0,0,0,0,0,0,,,,,,,,,,,,,,,,,
ME IRP 2024,outage_profiles,,,,,,,,,,,,,,,,,,,,,,,,,,,,,,,,,,,,,BASE,planned,41,0.0926445209646492,0.0926445209646492,0.0926445209646492,0.0926445209646492,0.0926445209646492,0.0926445209646492,0.0926445209646492,0.0926445209646492,0.0926445209646492,0.0926445209646492,0.0926445209646492,0.0926445209646492,0.0926445209646492,0.0926445209646492,0.0926445209646492,0,0,0,0,0,0,0,0,0,0,0,0,0,0,0,0,0,0.0926445209646492,0.1,0,0,0,0,0,0,0,0,,,,,,,,,,,,,,,,,
ME IRP 2024,outage_profiles,,,,,,,,,,,,,,,,,,,,,,,,,,,,,,,,,,,,,BASE,planned,42,0.0713208606673144,0.0713208606673144,0.0713208606673144,0.0713208606673144,0.0713208606673144,0.0713208606673144,0.0713208606673144,0.0713208606673144,0.0713208606673144,0.0713208606673144,0.0713208606673144,0.0713208606673144,0.0713208606673144,0.0713208606673144,0.0713208606673144,0,0,0,0,0,0,0,0,0,0,0,0,0,0,0,0,0,0.0713208606673144,0.1,0,0,0,0,0,0,0,0,,,,,,,,,,,,,,,,,
ME IRP 2024,outage_profiles,,,,,,,,,,,,,,,,,,,,,,,,,,,,,,,,,,,,,BASE,planned,43,0.0838455544834758,0.0838455544834758,0.0838455544834758,0.0838455544834758,0.0838455544834758,0.0838455544834758,0.0838455544834758,0.0838455544834758,0.0838455544834758,0.0838455544834758,0.0838455544834758,0.0838455544834758,0.0838455544834758,0.0838455544834758,0.0838455544834758,0,0,0,0,0,0,0,0,0,0,0,0,0,0,0,0,0,0.0838455544834758,0.1,0,0,0,0,0,0,0,0,,,,,,,,,,,,,,,,,
ME IRP 2024,outage_profiles,,,,,,,,,,,,,,,,,,,,,,,,,,,,,,,,,,,,,BASE,planned,44,0.0941684301322409,0.0941684301322409,0.0941684301322409,0.0941684301322409,0.0941684301322409,0.0941684301322409,0.0941684301322409,0.0941684301322409,0.0941684301322409,0.0941684301322409,0.0941684301322409,0.0941684301322409,0.0941684301322409,0.0941684301322409,0.0941684301322409,0,0,0,0,0,0,0,0,0,0,0,0,0,0,0,0,0,0.0941684301322409,0.1,0,0,0,0,0,0,0,0,,,,,,,,,,,,,,,,,
ME IRP 2024,outage_profiles,,,,,,,,,,,,,,,,,,,,,,,,,,,,,,,,,,,,,BASE,planned,45,0.0805672126997332,0.0805672126997332,0.0805672126997332,0.0805672126997332,0.0805672126997332,0.0805672126997332,0.0805672126997332,0.0805672126997332,0.0805672126997332,0.0805672126997332,0.0805672126997332,0.0805672126997332,0.0805672126997332,0.0805672126997332,0.0805672126997332,0,0,0,0,0,0,0,0,0,0,0,0,0,0,0,0,0,0.0805672126997332,0.1,0,0,0,0,0,0,0,0,,,,,,,,,,,,,,,,,
ME IRP 2024,outage_profiles,,,,,,,,,,,,,,,,,,,,,,,,,,,,,,,,,,,,,BASE,planned,46,0.104068745652264,0.104068745652264,0.104068745652264,0.104068745652264,0.104068745652264,0.104068745652264,0.104068745652264,0.104068745652264,0.104068745652264,0.104068745652264,0.104068745652264,0.104068745652264,0.104068745652264,0.104068745652264,0.104068745652264,0,0,0,0,0,0,0,0,0,0,0,0,0,0,0,0,0,0.104068745652264,0.1,0,0,0,0,0,0,0,0,,,,,,,,,,,,,,,,,
ME IRP 2024,outage_profiles,,,,,,,,,,,,,,,,,,,,,,,,,,,,,,,,,,,,,BASE,planned,47,0.122324626770187,0.122324626770187,0.122324626770187,0.122324626770187,0.122324626770187,0.122324626770187,0.122324626770187,0.122324626770187,0.122324626770187,0.122324626770187,0.122324626770187,0.122324626770187,0.122324626770187,0.122324626770187,0.122324626770187,0,0,0,0,0,0,0,0,0,0,0,0,0,0,0,0,0,0.122324626770187,0.1,0,0,0,0,0,0,0,0,,,,,,,,,,,,,,,,,
ME IRP 2024,outage_profiles,,,,,,,,,,,,,,,,,,,,,,,,,,,,,,,,,,,,,BASE,planned,48,0.112915237244291,0.112915237244291,0.112915237244291,0.112915237244291,0.112915237244291,0.112915237244291,0.112915237244291,0.112915237244291,0.112915237244291,0.112915237244291,0.112915237244291,0.112915237244291,0.112915237244291,0.112915237244291,0.112915237244291,0,0,0,0,0,0,0,0,0,0,0,0,0,0,0,0,0,0.112915237244291,0.1,0,0,0,0,0,0,0,0,,,,,,,,,,,,,,,,,
ME IRP 2024,outage_profiles,,,,,,,,,,,,,,,,,,,,,,,,,,,,,,,,,,,,,BASE,planned,49,0.101101789959414,0.101101789959414,0.101101789959414,0.101101789959414,0.101101789959414,0.101101789959414,0.101101789959414,0.101101789959414,0.101101789959414,0.101101789959414,0.101101789959414,0.101101789959414,0.101101789959414,0.101101789959414,0.101101789959414,0,0,0,0,0,0,0,0,0,0,0,0,0,0,0,0,0,0.101101789959414,0.1,0,0,0,0,0,0,0,0,,,,,,,,,,,,,,,,,
ME IRP 2024,outage_profiles,,,,,,,,,,,,,,,,,,,,,,,,,,,,,,,,,,,,,BASE,planned,50,0.0916742230147061,0.0916742230147061,0.0916742230147061,0.0916742230147061,0.0916742230147061,0.0916742230147061,0.0916742230147061,0.0916742230147061,0.0916742230147061,0.0916742230147061,0.0916742230147061,0.0916742230147061,0.0916742230147061,0.0916742230147061,0.0916742230147061,0,0,0,0,0,0,0,0,0,0,0,0,0,0,0,0,0,0.0916742230147061,0.1,0,0,0,0,0,0,0,0,,,,,,,,,,,,,,,,,
ME IRP 2024,outage_profiles,,,,,,,,,,,,,,,,,,,,,,,,,,,,,,,,,,,,,BASE,planned,51,0.0834721403441656,0.0834721403441656,0.0834721403441656,0.0834721403441656,0.0834721403441656,0.0834721403441656,0.0834721403441656,0.0834721403441656,0.0834721403441656,0.0834721403441656,0.0834721403441656,0.0834721403441656,0.0834721403441656,0.0834721403441656,0.0834721403441656,0,0,0,0,0,0,0,0,0,0,0,0,0,0,0,0,0,0.0834721403441656,0.1,0,0,0,0,0,0,0,0,,,,,,,,,,,,,,,,,
ME IRP 2024,outage_profiles,,,,,,,,,,,,,,,,,,,,,,,,,,,,,,,,,,,,,BASE,planned,52,0.113201420222666,0.113201420222666,0.113201420222666,0.113201420222666,0.113201420222666,0.113201420222666,0.113201420222666,0.113201420222666,0.113201420222666,0.113201420222666,0.113201420222666,0.113201420222666,0.113201420222666,0.113201420222666,0.113201420222666,0,0,0,0,0,0,0,0,0,0,0,0,0,0,0,0,0,0.113201420222666,0.1,0,0,0,0,0,0,0,0,,,,,,,,,,,,,,,,,
ME IRP 2024,outage_profiles,,,,,,,,,,,,,,,,,,,,,,,,,,,,,,,,,,,,,BASE,planned,53,0.113201420222666,0.113201420222666,0.113201420222666,0.113201420222666,0.113201420222666,0.113201420222666,0.113201420222666,0.113201420222666,0.113201420222666,0.113201420222666,0.113201420222666,0.113201420222666,0.113201420222666,0.113201420222666,0.113201420222666,0,0,0,0,0,0,0,0,0,0,0,0,0,0,0,0,0,0.113201420222666,0.1,0,0,0,0,0,0,0,0,,,,,,,,,,,,,,,,,
ME IRP 2024,outage_profiles,,,,,,,,,,,,,,,,,,,,,,,,,,,,,,,,,,,,,BASE,planned,average,0.10024908340042765,0.10024908340042765,0.10024908340042765,0.10024908340042765,0.10024908340042765,0.10024908340042765,0.10024908340042765,0.10024908340042765,0.10024908340042765,0.10024908340042765,0.10024908340042765,0.10024908340042765,0.10024908340042765,0.10024908340042765,0.10024908340042765,0,0,0,0,0,0,0,0,0,0,0,0,0,0,0,0,0,0.10024908340042765,0.09999999999999995,0,0,0,0,0,0,0,0,,,,,,,,,,,,,,,,,
ME IRP 2024,outage_profiles,,,,,,,,,,,,,,,,,,,,,,,,,,,,,,,,,,,,,BASE,planned,std_dev_noise,0.02,0.02,0.02,0.02,0.02,0.02,0.02,0.02,0.02,0.02,0.02,0.02,0.02,0.02,0.02,0,0,0,0,0,0,0,0,0,0,0,0,0,0,0,0,0,0.02,0,0,0,0,0,0,0,0,0,,,,,,,,,,,,,,,,,
ME IRP 2024,outage_profiles,,,,,,,,,,,,,,,,,,,,,,,,,,,,,,,,,,,,,BASE,unplanned,1,0.310320193644125,0.3,0.406365152884633,0.00850000000000006,0.347922701271305,0.273895595894423,0.0261,0.409808274064953,0.18,0.247619144781454,0.238105257309517,0.15021505875924,0.290205117274887,0.134,0.392,0,0,0,0,0,0,0,0,0,0,0,0,0,0,0,0,0,0.247619144781454,0,0,0,0,0,0,0,0,0,,,,,,,,,,,,,,,,,
ME IRP 2024,outage_profiles,,,,,,,,,,,,,,,,,,,,,,,,,,,,,,,,,,,,,BASE,unplanned,2,0.310320193644125,0.3,0.406365152884633,0.00850000000000006,0.347922701271305,0.273895595894423,0.0261,0.409808274064953,0.18,0.247619144781454,0.238105257309517,0.15021505875924,0.290205117274887,0.134,0.392,0,0,0,0,0,0,0,0,0,0,0,0,0,0,0,0,0,0.247619144781454,0,0,0,0,0,0,0,0,0,,,,,,,,,,,,,,,,,
ME IRP 2024,outage_profiles,,,,,,,,,,,,,,,,,,,,,,,,,,,,,,,,,,,,,BASE,unplanned,3,0.310320193644125,0.3,0.406365152884633,0.00850000000000006,0.347922701271305,0.273895595894423,0.0261,0.409808274064953,0.18,0.247619144781454,0.238105257309517,0.15021505875924,0.290205117274887,0.134,0.392,0,0,0,0,0,0,0,0,0,0,0,0,0,0,0,0,0,0.247619144781454,0,0,0,0,0,0,0,0,0,,,,,,,,,,,,,,,,,
ME IRP 2024,outage_profiles,,,,,,,,,,,,,,,,,,,,,,,,,,,,,,,,,,,,,BASE,unplanned,4,0.310320193644125,0.3,0.406365152884633,0.00850000000000006,0.347922701271305,0.273895595894423,0.0261,0.409808274064953,0.18,0.247619144781454,0.238105257309517,0.15021505875924,0.290205117274887,0.134,0.392,0,0,0,0,0,0,0,0,0,0,0,0,0,0,0,0,0,0.247619144781454,0,0,0,0,0,0,0,0,0,,,,,,,,,,,,,,,,,
ME IRP 2024,outage_profiles,,,,,,,,,,,,,,,,,,,,,,,,,,,,,,,,,,,,,BASE,unplanned,5,0.310320193644125,0.3,0.406365152884633,0.00850000000000006,0.347922701271305,0.273895595894423,0.0261,0.409808274064953,0.18,0.247619144781454,0.238105257309517,0.15021505875924,0.290205117274887,0.134,0.392,0,0,0,0,0,0,0,0,0,0,0,0,0,0,0,0,0,0.247619144781454,0,0,0,0,0,0,0,0,0,,,,,,,,,,,,,,,,,
ME IRP 2024,outage_profiles,,,,,,,,,,,,,,,,,,,,,,,,,,,,,,,,,,,,,BASE,unplanned,6,0.310320193644125,0.3,0.406365152884633,0.00850000000000006,0.347922701271305,0.273895595894423,0.0261,0.409808274064953,0.18,0.247619144781454,0.238105257309517,0.15021505875924,0.290205117274887,0.134,0.392,0,0,0,0,0,0,0,0,0,0,0,0,0,0,0,0,0,0.247619144781454,0,0,0,0,0,0,0,0,0,,,,,,,,,,,,,,,,,
ME IRP 2024,outage_profiles,,,,,,,,,,,,,,,,,,,,,,,,,,,,,,,,,,,,,BASE,unplanned,7,0.310320193644125,0.3,0.406365152884633,0.00850000000000006,0.347922701271305,0.273895595894423,0.0261,0.409808274064953,0.18,0.247619144781454,0.238105257309517,0.15021505875924,0.290205117274887,0.134,0.392,0,0,0,0,0,0,0,0,0,0,0,0,0,0,0,0,0,0.247619144781454,0,0,0,0,0,0,0,0,0,,,,,,,,,,,,,,,,,
ME IRP 2024,outage_profiles,,,,,,,,,,,,,,,,,,,,,,,,,,,,,,,,,,,,,BASE,unplanned,8,0.310320193644125,0.3,0.406365152884633,0.00850000000000006,0.347922701271305,0.273895595894423,0.0261,0.409808274064953,0.18,0.247619144781454,0.238105257309517,0.15021505875924,0.290205117274887,0.134,0.392,0,0,0,0,0,0,0,0,0,0,0,0,0,0,0,0,0,0.247619144781454,0,0,0,0,0,0,0,0,0,,,,,,,,,,,,,,,,,
ME IRP 2024,outage_profiles,,,,,,,,,,,,,,,,,,,,,,,,,,,,,,,,,,,,,BASE,unplanned,9,0.310320193644125,0.3,0.406365152884633,0.00850000000000006,0.347922701271305,0.273895595894423,0.0261,0.409808274064953,0.18,0.247619144781454,0.238105257309517,0.15021505875924,0.290205117274887,0.134,0.392,0,0,0,0,0,0,0,0,0,0,0,0,0,0,0,0,0,0.247619144781454,0,0,0,0,0,0,0,0,0,,,,,,,,,,,,,,,,,
ME IRP 2024,outage_profiles,,,,,,,,,,,,,,,,,,,,,,,,,,,,,,,,,,,,,BASE,unplanned,10,0.310320193644125,0.3,0.406365152884633,0.00850000000000006,0.347922701271305,0.273895595894423,0.0261,0.409808274064953,0.18,0.247619144781454,0.238105257309517,0.15021505875924,0.290205117274887,0.134,0.392,0,0,0,0,0,0,0,0,0,0,0,0,0,0,0,0,0,0.247619144781454,0,0,0,0,0,0,0,0,0,,,,,,,,,,,,,,,,,
ME IRP 2024,outage_profiles,,,,,,,,,,,,,,,,,,,,,,,,,,,,,,,,,,,,,BASE,unplanned,11,0.310320193644125,0.3,0.406365152884633,0.00850000000000006,0.347922701271305,0.273895595894423,0.0261,0.409808274064953,0.18,0.247619144781454,0.238105257309517,0.15021505875924,0.290205117274887,0.134,0.392,0,0,0,0,0,0,0,0,0,0,0,0,0,0,0,0,0,0.247619144781454,0,0,0,0,0,0,0,0,0,,,,,,,,,,,,,,,,,
ME IRP 2024,outage_profiles,,,,,,,,,,,,,,,,,,,,,,,,,,,,,,,,,,,,,BASE,unplanned,12,0.310320193644125,0.3,0.406365152884633,0.00850000000000006,0.347922701271305,0.273895595894423,0.0261,0.409808274064953,0.18,0.247619144781454,0.238105257309517,0.15021505875924,0.290205117274887,0.134,0.392,0,0,0,0,0,0,0,0,0,0,0,0,0,0,0,0,0,0.247619144781454,0,0,0,0,0,0,0,0,0,,,,,,,,,,,,,,,,,
ME IRP 2024,outage_profiles,,,,,,,,,,,,,,,,,,,,,,,,,,,,,,,,,,,,,BASE,unplanned,13,0.310320193644125,0.3,0.406365152884633,0.00850000000000006,0.347922701271305,0.273895595894423,0.0261,0.409808274064953,0.18,0.247619144781454,0.238105257309517,0.15021505875924,0.290205117274887,0.134,0.392,0,0,0,0,0,0,0,0,0,0,0,0,0,0,0,0,0,0.247619144781454,0,0,0,0,0,0,0,0,0,,,,,,,,,,,,,,,,,
ME IRP 2024,outage_profiles,,,,,,,,,,,,,,,,,,,,,,,,,,,,,,,,,,,,,BASE,unplanned,14,0.310320193644125,0.3,0.406365152884633,0.00850000000000006,0.347922701271305,0.273895595894423,0.0261,0.409808274064953,0.18,0.247619144781454,0.238105257309517,0.15021505875924,0.290205117274887,0.134,0.392,0,0,0,0,0,0,0,0,0,0,0,0,0,0,0,0,0,0.247619144781454,0,0,0,0,0,0,0,0,0,,,,,,,,,,,,,,,,,
ME IRP 2024,outage_profiles,,,,,,,,,,,,,,,,,,,,,,,,,,,,,,,,,,,,,BASE,unplanned,15,0.310320193644125,0.3,0.406365152884633,0.00850000000000006,0.347922701271305,0.273895595894423,0.0261,0.409808274064953,0.18,0.247619144781454,0.238105257309517,0.15021505875924,0.290205117274887,0.134,0.392,0,0,0,0,0,0,0,0,0,0,0,0,0,0,0,0,0,0.247619144781454,0,0,0,0,0,0,0,0,0,,,,,,,,,,,,,,,,,
ME IRP 2024,outage_profiles,,,,,,,,,,,,,,,,,,,,,,,,,,,,,,,,,,,,,BASE,unplanned,16,0.310320193644125,0.3,0.406365152884633,0.00850000000000006,0.347922701271305,0.273895595894423,0.0261,0.409808274064953,0.18,0.247619144781454,0.238105257309517,0.15021505875924,0.290205117274887,0.134,0.392,0,0,0,0,0,0,0,0,0,0,0,0,0,0,0,0,0,0.247619144781454,0,0,0,0,0,0,0,0,0,,,,,,,,,,,,,,,,,
ME IRP 2024,outage_profiles,,,,,,,,,,,,,,,,,,,,,,,,,,,,,,,,,,,,,BASE,unplanned,17,0.310320193644125,0.3,0.406365152884633,0.00850000000000006,0.347922701271305,0.273895595894423,0.0261,0.409808274064953,0.18,0.247619144781454,0.238105257309517,0.15021505875924,0.290205117274887,0.134,0.392,0,0,0,0,0,0,0,0,0,0,0,0,0,0,0,0,0,0.247619144781454,0,0,0,0,0,0,0,0,0,,,,,,,,,,,,,,,,,
ME IRP 2024,outage_profiles,,,,,,,,,,,,,,,,,,,,,,,,,,,,,,,,,,,,,BASE,unplanned,18,0.310320193644125,0.3,0.406365152884633,0.00850000000000006,0.347922701271305,0.273895595894423,0.0261,0.409808274064953,0.18,0.247619144781454,0.238105257309517,0.15021505875924,0.290205117274887,0.134,0.392,0,0,0,0,0,0,0,0,0,0,0,0,0,0,0,0,0,0.247619144781454,0,0,0,0,0,0,0,0,0,,,,,,,,,,,,,,,,,
ME IRP 2024,outage_profiles,,,,,,,,,,,,,,,,,,,,,,,,,,,,,,,,,,,,,BASE,unplanned,19,0.310320193644125,0.3,0.406365152884633,0.00850000000000006,0.347922701271305,0.273895595894423,0.0261,0.409808274064953,0.18,0.247619144781454,0.238105257309517,0.15021505875924,0.290205117274887,0.134,0.392,0,0,0,0,0,0,0,0,0,0,0,0,0,0,0,0,0,0.247619144781454,0,0,0,0,0,0,0,0,0,,,,,,,,,,,,,,,,,
ME IRP 2024,outage_profiles,,,,,,,,,,,,,,,,,,,,,,,,,,,,,,,,,,,,,BASE,unplanned,20,0.310320193644125,0.3,0.406365152884633,0.00850000000000006,0.347922701271305,0.273895595894423,0.0261,0.409808274064953,0.18,0.247619144781454,0.238105257309517,0.15021505875924,0.290205117274887,0.134,0.392,0,0,0,0,0,0,0,0,0,0,0,0,0,0,0,0,0,0.247619144781454,0,0,0,0,0,0,0,0,0,,,,,,,,,,,,,,,,,
ME IRP 2024,outage_profiles,,,,,,,,,,,,,,,,,,,,,,,,,,,,,,,,,,,,,BASE,unplanned,21,0.310320193644125,0.3,0.406365152884633,0.00850000000000006,0.347922701271305,0.273895595894423,0.0261,0.409808274064953,0.18,0.247619144781454,0.238105257309517,0.15021505875924,0.290205117274887,0.134,0.392,0,0,0,0,0,0,0,0,0,0,0,0,0,0,0,0,0,0.247619144781454,0,0,0,0,0,0,0,0,0,,,,,,,,,,,,,,,,,
ME IRP 2024,outage_profiles,,,,,,,,,,,,,,,,,,,,,,,,,,,,,,,,,,,,,BASE,unplanned,22,0.310320193644125,0.3,0.406365152884633,0.00850000000000006,0.347922701271305,0.273895595894423,0.0261,0.409808274064953,0.18,0.247619144781454,0.238105257309517,0.15021505875924,0.290205117274887,0.134,0.392,0,0,0,0,0,0,0,0,0,0,0,0,0,0,0,0,0,0.247619144781454,0,0,0,0,0,0,0,0,0,,,,,,,,,,,,,,,,,
ME IRP 2024,outage_profiles,,,,,,,,,,,,,,,,,,,,,,,,,,,,,,,,,,,,,BASE,unplanned,23,0.310320193644125,0.3,0.406365152884633,0.00850000000000006,0.347922701271305,0.273895595894423,0.0261,0.409808274064953,0.18,0.247619144781454,0.238105257309517,0.15021505875924,0.290205117274887,0.134,0.392,0,0,0,0,0,0,0,0,0,0,0,0,0,0,0,0,0,0.247619144781454,0,0,0,0,0,0,0,0,0,,,,,,,,,,,,,,,,,
ME IRP 2024,outage_profiles,,,,,,,,,,,,,,,,,,,,,,,,,,,,,,,,,,,,,BASE,unplanned,24,0.310320193644125,0.3,0.406365152884633,0.00850000000000006,0.347922701271305,0.273895595894423,0.0261,0.409808274064953,0.18,0.247619144781454,0.238105257309517,0.15021505875924,0.290205117274887,0.134,0.392,0,0,0,0,0,0,0,0,0,0,0,0,0,0,0,0,0,0.247619144781454,0,0,0,0,0,0,0,0,0,,,,,,,,,,,,,,,,,
ME IRP 2024,outage_profiles,,,,,,,,,,,,,,,,,,,,,,,,,,,,,,,,,,,,,BASE,unplanned,25,0.310320193644125,0.3,0.406365152884633,0.00850000000000006,0.347922701271305,0.273895595894423,0.0261,0.409808274064953,0.18,0.247619144781454,0.238105257309517,0.15021505875924,0.290205117274887,0.134,0.392,0,0,0,0,0,0,0,0,0,0,0,0,0,0,0,0,0,0.247619144781454,0,0,0,0,0,0,0,0,0,,,,,,,,,,,,,,,,,
ME IRP 2024,outage_profiles,,,,,,,,,,,,,,,,,,,,,,,,,,,,,,,,,,,,,BASE,unplanned,26,0.310320193644125,0.3,0.406365152884633,0.00850000000000006,0.347922701271305,0.273895595894423,0.0261,0.409808274064953,0.18,0.247619144781454,0.238105257309517,0.15021505875924,0.290205117274887,0.134,0.392,0,0,0,0,0,0,0,0,0,0,0,0,0,0,0,0,0,0.247619144781454,0,0,0,0,0,0,0,0,0,,,,,,,,,,,,,,,,,
ME IRP 2024,outage_profiles,,,,,,,,,,,,,,,,,,,,,,,,,,,,,,,,,,,,,BASE,unplanned,27,0.310320193644125,0.3,0.406365152884633,0.00850000000000006,0.347922701271305,0.273895595894423,0.0261,0.409808274064953,0.18,0.247619144781454,0.238105257309517,0.15021505875924,0.290205117274887,0.134,0.392,0,0,0,0,0,0,0,0,0,0,0,0,0,0,0,0,0,0.247619144781454,0,0,0,0,0,0,0,0,0,,,,,,,,,,,,,,,,,
ME IRP 2024,outage_profiles,,,,,,,,,,,,,,,,,,,,,,,,,,,,,,,,,,,,,BASE,unplanned,28,0.310320193644125,0.3,0.406365152884633,0.00850000000000006,0.347922701271305,0.273895595894423,0.0261,0.409808274064953,0.18,0.247619144781454,0.238105257309517,0.15021505875924,0.290205117274887,0.134,0.392,0,0,0,0,0,0,0,0,0,0,0,0,0,0,0,0,0,0.247619144781454,0,0,0,0,0,0,0,0,0,,,,,,,,,,,,,,,,,
ME IRP 2024,outage_profiles,,,,,,,,,,,,,,,,,,,,,,,,,,,,,,,,,,,,,BASE,unplanned,29,0.310320193644125,0.3,0.406365152884633,0.00850000000000006,0.347922701271305,0.273895595894423,0.0261,0.409808274064953,0.18,0.247619144781454,0.238105257309517,0.15021505875924,0.290205117274887,0.134,0.392,0,0,0,0,0,0,0,0,0,0,0,0,0,0,0,0,0,0.247619144781454,0,0,0,0,0,0,0,0,0,,,,,,,,,,,,,,,,,
ME IRP 2024,outage_profiles,,,,,,,,,,,,,,,,,,,,,,,,,,,,,,,,,,,,,BASE,unplanned,30,0.310320193644125,0.3,0.406365152884633,0.00850000000000006,0.347922701271305,0.273895595894423,0.0261,0.409808274064953,0.18,0.247619144781454,0.238105257309517,0.15021505875924,0.290205117274887,0.134,0.392,0,0,0,0,0,0,0,0,0,0,0,0,0,0,0,0,0,0.247619144781454,0,0,0,0,0,0,0,0,0,,,,,,,,,,,,,,,,,
ME IRP 2024,outage_profiles,,,,,,,,,,,,,,,,,,,,,,,,,,,,,,,,,,,,,BASE,unplanned,31,0.310320193644125,0.3,0.406365152884633,0.00850000000000006,0.347922701271305,0.273895595894423,0.0261,0.409808274064953,0.18,0.247619144781454,0.238105257309517,0.15021505875924,0.290205117274887,0.134,0.392,0,0,0,0,0,0,0,0,0,0,0,0,0,0,0,0,0,0.247619144781454,0,0,0,0,0,0,0,0,0,,,,,,,,,,,,,,,,,
ME IRP 2024,outage_profiles,,,,,,,,,,,,,,,,,,,,,,,,,,,,,,,,,,,,,BASE,unplanned,32,0.310320193644125,0.3,0.406365152884633,0.00850000000000006,0.347922701271305,0.273895595894423,0.0261,0.409808274064953,0.18,0.247619144781454,0.238105257309517,0.15021505875924,0.290205117274887,0.134,0.392,0,0,0,0,0,0,0,0,0,0,0,0,0,0,0,0,0,0.247619144781454,0,0,0,0,0,0,0,0,0,,,,,,,,,,,,,,,,,
ME IRP 2024,outage_profiles,,,,,,,,,,,,,,,,,,,,,,,,,,,,,,,,,,,,,BASE,unplanned,33,0.310320193644125,0.3,0.406365152884633,0.00850000000000006,0.347922701271305,0.273895595894423,0.0261,0.409808274064953,0.18,0.247619144781454,0.238105257309517,0.15021505875924,0.290205117274887,0.134,0.392,0,0,0,0,0,0,0,0,0,0,0,0,0,0,0,0,0,0.247619144781454,0,0,0,0,0,0,0,0,0,,,,,,,,,,,,,,,,,
ME IRP 2024,outage_profiles,,,,,,,,,,,,,,,,,,,,,,,,,,,,,,,,,,,,,BASE,unplanned,34,0.310320193644125,0.3,0.406365152884633,0.00850000000000006,0.347922701271305,0.273895595894423,0.0261,0.409808274064953,0.18,0.247619144781454,0.238105257309517,0.15021505875924,0.290205117274887,0.134,0.392,0,0,0,0,0,0,0,0,0,0,0,0,0,0,0,0,0,0.247619144781454,0,0,0,0,0,0,0,0,0,,,,,,,,,,,,,,,,,
ME IRP 2024,outage_profiles,,,,,,,,,,,,,,,,,,,,,,,,,,,,,,,,,,,,,BASE,unplanned,35,0.310320193644125,0.3,0.406365152884633,0.00850000000000006,0.347922701271305,0.273895595894423,0.0261,0.409808274064953,0.18,0.247619144781454,0.238105257309517,0.15021505875924,0.290205117274887,0.134,0.392,0,0,0,0,0,0,0,0,0,0,0,0,0,0,0,0,0,0.247619144781454,0,0,0,0,0,0,0,0,0,,,,,,,,,,,,,,,,,
ME IRP 2024,outage_profiles,,,,,,,,,,,,,,,,,,,,,,,,,,,,,,,,,,,,,BASE,unplanned,36,0.310320193644125,0.3,0.406365152884633,0.00850000000000006,0.347922701271305,0.273895595894423,0.0261,0.409808274064953,0.18,0.247619144781454,0.238105257309517,0.15021505875924,0.290205117274887,0.134,0.392,0,0,0,0,0,0,0,0,0,0,0,0,0,0,0,0,0,0.247619144781454,0,0,0,0,0,0,0,0,0,,,,,,,,,,,,,,,,,
ME IRP 2024,outage_profiles,,,,,,,,,,,,,,,,,,,,,,,,,,,,,,,,,,,,,BASE,unplanned,37,0.310320193644125,0.3,0.406365152884633,0.00850000000000006,0.347922701271305,0.273895595894423,0.0261,0.409808274064953,0.18,0.247619144781454,0.238105257309517,0.15021505875924,0.290205117274887,0.134,0.392,0,0,0,0,0,0,0,0,0,0,0,0,0,0,0,0,0,0.247619144781454,0,0,0,0,0,0,0,0,0,,,,,,,,,,,,,,,,,
ME IRP 2024,outage_profiles,,,,,,,,,,,,,,,,,,,,,,,,,,,,,,,,,,,,,BASE,unplanned,38,0.310320193644125,0.3,0.406365152884633,0.00850000000000006,0.347922701271305,0.273895595894423,0.0261,0.409808274064953,0.18,0.247619144781454,0.238105257309517,0.15021505875924,0.290205117274887,0.134,0.392,0,0,0,0,0,0,0,0,0,0,0,0,0,0,0,0,0,0.247619144781454,0,0,0,0,0,0,0,0,0,,,,,,,,,,,,,,,,,
ME IRP 2024,outage_profiles,,,,,,,,,,,,,,,,,,,,,,,,,,,,,,,,,,,,,BASE,unplanned,39,0.310320193644125,0.3,0.406365152884633,0.00850000000000006,0.347922701271305,0.273895595894423,0.0261,0.409808274064953,0.18,0.247619144781454,0.238105257309517,0.15021505875924,0.290205117274887,0.134,0.392,0,0,0,0,0,0,0,0,0,0,0,0,0,0,0,0,0,0.247619144781454,0,0,0,0,0,0,0,0,0,,,,,,,,,,,,,,,,,
ME IRP 2024,outage_profiles,,,,,,,,,,,,,,,,,,,,,,,,,,,,,,,,,,,,,BASE,unplanned,40,0.310320193644125,0.3,0.406365152884633,0.00850000000000006,0.347922701271305,0.273895595894423,0.0261,0.409808274064953,0.18,0.247619144781454,0.238105257309517,0.15021505875924,0.290205117274887,0.134,0.392,0,0,0,0,0,0,0,0,0,0,0,0,0,0,0,0,0,0.247619144781454,0,0,0,0,0,0,0,0,0,,,,,,,,,,,,,,,,,
ME IRP 2024,outage_profiles,,,,,,,,,,,,,,,,,,,,,,,,,,,,,,,,,,,,,BASE,unplanned,41,0.310320193644125,0.3,0.406365152884633,0.00850000000000006,0.347922701271305,0.273895595894423,0.0261,0.409808274064953,0.18,0.247619144781454,0.238105257309517,0.15021505875924,0.290205117274887,0.134,0.392,0,0,0,0,0,0,0,0,0,0,0,0,0,0,0,0,0,0.247619144781454,0,0,0,0,0,0,0,0,0,,,,,,,,,,,,,,,,,
ME IRP 2024,outage_profiles,,,,,,,,,,,,,,,,,,,,,,,,,,,,,,,,,,,,,BASE,unplanned,42,0.310320193644125,0.3,0.406365152884633,0.00850000000000006,0.347922701271305,0.273895595894423,0.0261,0.409808274064953,0.18,0.247619144781454,0.238105257309517,0.15021505875924,0.290205117274887,0.134,0.392,0,0,0,0,0,0,0,0,0,0,0,0,0,0,0,0,0,0.247619144781454,0,0,0,0,0,0,0,0,0,,,,,,,,,,,,,,,,,
ME IRP 2024,outage_profiles,,,,,,,,,,,,,,,,,,,,,,,,,,,,,,,,,,,,,BASE,unplanned,43,0.310320193644125,0.3,0.406365152884633,0.00850000000000006,0.347922701271305,0.273895595894423,0.0261,0.409808274064953,0.18,0.247619144781454,0.238105257309517,0.15021505875924,0.290205117274887,0.134,0.392,0,0,0,0,0,0,0,0,0,0,0,0,0,0,0,0,0,0.247619144781454,0,0,0,0,0,0,0,0,0,,,,,,,,,,,,,,,,,
ME IRP 2024,outage_profiles,,,,,,,,,,,,,,,,,,,,,,,,,,,,,,,,,,,,,BASE,unplanned,44,0.310320193644125,0.3,0.406365152884633,0.00850000000000006,0.347922701271305,0.273895595894423,0.0261,0.409808274064953,0.18,0.247619144781454,0.238105257309517,0.15021505875924,0.290205117274887,0.134,0.392,0,0,0,0,0,0,0,0,0,0,0,0,0,0,0,0,0,0.247619144781454,0,0,0,0,0,0,0,0,0,,,,,,,,,,,,,,,,,
ME IRP 2024,outage_profiles,,,,,,,,,,,,,,,,,,,,,,,,,,,,,,,,,,,,,BASE,unplanned,45,0.310320193644125,0.3,0.406365152884633,0.00850000000000006,0.347922701271305,0.273895595894423,0.0261,0.409808274064953,0.18,0.247619144781454,0.238105257309517,0.15021505875924,0.290205117274887,0.134,0.392,0,0,0,0,0,0,0,0,0,0,0,0,0,0,0,0,0,0.247619144781454,0,0,0,0,0,0,0,0,0,,,,,,,,,,,,,,,,,
ME IRP 2024,outage_profiles,,,,,,,,,,,,,,,,,,,,,,,,,,,,,,,,,,,,,BASE,unplanned,46,0.310320193644125,0.3,0.406365152884633,0.00850000000000006,0.347922701271305,0.273895595894423,0.0261,0.409808274064953,0.18,0.247619144781454,0.238105257309517,0.15021505875924,0.290205117274887,0.134,0.392,0,0,0,0,0,0,0,0,0,0,0,0,0,0,0,0,0,0.247619144781454,0,0,0,0,0,0,0,0,0,,,,,,,,,,,,,,,,,
ME IRP 2024,outage_profiles,,,,,,,,,,,,,,,,,,,,,,,,,,,,,,,,,,,,,BASE,unplanned,47,0.310320193644125,0.3,0.406365152884633,0.00850000000000006,0.347922701271305,0.273895595894423,0.0261,0.409808274064953,0.18,0.247619144781454,0.238105257309517,0.15021505875924,0.290205117274887,0.134,0.392,0,0,0,0,0,0,0,0,0,0,0,0,0,0,0,0,0,0.247619144781454,0,0,0,0,0,0,0,0,0,,,,,,,,,,,,,,,,,
ME IRP 2024,outage_profiles,,,,,,,,,,,,,,,,,,,,,,,,,,,,,,,,,,,,,BASE,unplanned,48,0.310320193644125,0.3,0.406365152884633,0.00850000000000006,0.347922701271305,0.273895595894423,0.0261,0.409808274064953,0.18,0.247619144781454,0.238105257309517,0.15021505875924,0.290205117274887,0.134,0.392,0,0,0,0,0,0,0,0,0,0,0,0,0,0,0,0,0,0.247619144781454,0,0,0,0,0,0,0,0,0,,,,,,,,,,,,,,,,,
ME IRP 2024,outage_profiles,,,,,,,,,,,,,,,,,,,,,,,,,,,,,,,,,,,,,BASE,unplanned,49,0.310320193644125,0.3,0.406365152884633,0.00850000000000006,0.347922701271305,0.273895595894423,0.0261,0.409808274064953,0.18,0.247619144781454,0.238105257309517,0.15021505875924,0.290205117274887,0.134,0.392,0,0,0,0,0,0,0,0,0,0,0,0,0,0,0,0,0,0.247619144781454,0,0,0,0,0,0,0,0,0,,,,,,,,,,,,,,,,,
ME IRP 2024,outage_profiles,,,,,,,,,,,,,,,,,,,,,,,,,,,,,,,,,,,,,BASE,unplanned,50,0.310320193644125,0.3,0.406365152884633,0.00850000000000006,0.347922701271305,0.273895595894423,0.0261,0.409808274064953,0.18,0.247619144781454,0.238105257309517,0.15021505875924,0.290205117274887,0.134,0.392,0,0,0,0,0,0,0,0,0,0,0,0,0,0,0,0,0,0.247619144781454,0,0,0,0,0,0,0,0,0,,,,,,,,,,,,,,,,,
ME IRP 2024,outage_profiles,,,,,,,,,,,,,,,,,,,,,,,,,,,,,,,,,,,,,BASE,unplanned,51,0.310320193644125,0.3,0.406365152884633,0.00850000000000006,0.347922701271305,0.273895595894423,0.0261,0.409808274064953,0.18,0.247619144781454,0.238105257309517,0.15021505875924,0.290205117274887,0.134,0.392,0,0,0,0,0,0,0,0,0,0,0,0,0,0,0,0,0,0.247619144781454,0,0,0,0,0,0,0,0,0,,,,,,,,,,,,,,,,,
ME IRP 2024,outage_profiles,,,,,,,,,,,,,,,,,,,,,,,,,,,,,,,,,,,,,BASE,unplanned,52,0.310320193644125,0.3,0.406365152884633,0.00850000000000006,0.347922701271305,0.273895595894423,0.0261,0.409808274064953,0.18,0.247619144781454,0.238105257309517,0.15021505875924,0.290205117274887,0.134,0.392,0,0,0,0,0,0,0,0,0,0,0,0,0,0,0,0,0,0.247619144781454,0,0,0,0,0,0,0,0,0,,,,,,,,,,,,,,,,,
ME IRP 2024,outage_profiles,,,,,,,,,,,,,,,,,,,,,,,,,,,,,,,,,,,,,BASE,unplanned,53,0.310320193644125,0.3,0.406365152884633,0.00850000000000006,0.347922701271305,0.273895595894423,0.0261,0.409808274064953,0.18,0.247619144781454,0.238105257309517,0.15021505875924,0.290205117274887,0.134,0.392,0,0,0,0,0,0,0,0,0,0,0,0,0,0,0,0,0,0.247619144781454,0,0,0,0,0,0,0,0,0,,,,,,,,,,,,,,,,,
ME IRP 2024,outage_profiles,,,,,,,,,,,,,,,,,,,,,,,,,,,,,,,,,,,,,BASE,unplanned,average,0.310320193644125,0.3,0.406365152884633,0.00850000000000006,0.347922701271305,0.273895595894423,0.0261,0.409808274064953,0.18,0.247619144781454,0.238105257309517,0.15021505875924,0.290205117274887,0.134,0.392,0,0,0,0,0,0,0,0,0,0,0,0,0,0,0,0,0,0.247619144781454,0,0,0,0,0,0,0,0,0,,,,,,,,,,,,,,,,,
ME IRP 2024,outage_profiles,,,,,,,,,,,,,,,,,,,,,,,,,,,,,,,,,,,,,BASE,unplanned,std_dev_noise,0.04,0.04,0.04,0.04,0.04,0.04,0.04,0.04,0.04,0.04,0.04,0.04,0.04,0.04,0.04,0,0,0,0,0,0,0,0,0,0,0,0,0,0,0,0,0,0.04,0,0,0,0,0,0,0,0,0,,,,,,,,,,,,,,,,,
ME IRP 2024,min_station_hrly_cap_fact,BASE,,%,,,0.3,0.3,0.3,0.3,0.3,0.3,0.3,0.3,0.3,0.3,0.3,0.3,0.3,0.3,0.3,0.3,0.3,0.3,0.3,0.3,0.3,0.3,0.3,0.3,0.3,0.3,0.3,0.3,0.3,0.3,0.3,,,,,,,,,,,,,,,,,,,,,,,,,,,,,,,,,,,,,,,,,,,,,,coal,,,,,,,,,,,,,,,,
ME IRP 2024,min_station_hrly_cap_fact,2040_0,,%,,,0.3,0.3,0.3,0.3,0.3,0.3,0.3,0.3,0.3,0.3,0.3,0.3,0.3,0.3,0.3,0.3,0.3,0.3,0.3,0.3,0.0,0.0,0.0,0.0,0.0,0.0,0.0,0.0,0.0,0.0,0.0,,,,,,,,,,,,,,,,,,,,,,,,,,,,,,,,,,,,,,,,,,,,,,coal,,,,,,,,,,,,,,,,
Coal_Flexibilisation,annual_availability,EAF_65,RSA-coal_eskom_high,%/yr,,,,,,0.65,0.65,0.65,0.65,0.65,0.65,0.65,0.65,0.65,0.65,0.65,0.65,0.65,0.65,0.65,0.65,0.65,0.65,0.65,0.65,0.65,0.65,0.65,0.65,0.65,0.65,0.65,0.65,,,,,,,,,,,,,,,,,,,,,,,,,,,,,,,,,,,,,,,,,,,,,,,0.65,0.65,0.65,0.65,0.65,0.65,0.65,0.65,0.65,0.65,,,,,,
Coal_Flexibilisation,annual_availability,EAF_65,RSA-coal_eskom_med,%/yr,,,,,,0.65,0.65,0.65,0.65,0.65,0.65,0.65,0.65,0.65,0.65,0.65,0.65,0.65,0.65,0.65,0.65,0.65,0.65,0.65,0.65,0.65,0.65,0.65,0.65,0.65,0.65,0.65,0.65,,,,,,,,,,,,,,,,,,,,,,,,,,,,,,,,,,,,,,,,,,,,,,,0.65,0.65,0.65,0.65,0.65,0.65,0.65,0.65,0.65,0.65,,,,,,
Coal_Flexibilisation,annual_availability,EAF_65,RSA-coal_eskom_low,%/yr,,,,,,0.65,0.65,0.65,0.65,0.65,0.65,0.65,0.65,0.65,0.65,0.65,0.65,0.65,0.65,0.65,0.65,0.65,0.65,0.65,0.65,0.65,0.65,0.65,0.65,0.65,0.65,0.65,0.65,,,,,,,,,,,,,,,,,,,,,,,,,,,,,,,,,,,,,,,,,,,,,,,0.65,0.65,0.65,0.65,0.65,0.65,0.65,0.65,0.65,0.65,,,,,,
Coal_Flexibilisation,annual_availability,EAF_65,Arnot_EAF,%/yr,,,,,,0.65,0.65,0.65,0.65,0.65,0.65,0.65,0.65,0.65,0.65,0.65,0.65,0.65,0.65,0.65,0.65,0.65,0.65,0.65,0.65,0.65,0.65,0.65,0.65,0.65,0.65,0.65,0.65,,,,,,,,,,,,,,,,,,,,,,,,,,,,,,,,,,,,,,,,,,,,,,,0.65,0.65,0.65,0.65,0.65,0.65,0.65,0.65,0.65,0.65,,,,,,
Coal_Flexibilisation,annual_availability,EAF_65,Camden_EAF,%/yr,,,,,,0.65,0.65,0.65,0.65,0.65,0.65,0.65,0.65,0.65,0.65,0.65,0.65,0.65,0.65,0.65,0.65,0.65,0.65,0.65,0.65,0.65,0.65,0.65,0.65,0.65,0.65,0.65,0.65,,,,,,,,,,,,,,,,,,,,,,,,,,,,,,,,,,,,,,,,,,,,,,,0.65,0.65,0.65,0.65,0.65,0.65,0.65,0.65,0.65,0.65,,,,,,
Coal_Flexibilisation,annual_availability,EAF_65,Duvha_EAF,%/yr,,,,,,0.65,0.65,0.65,0.65,0.65,0.65,0.65,0.65,0.65,0.65,0.65,0.65,0.65,0.65,0.65,0.65,0.65,0.65,0.65,0.65,0.65,0.65,0.65,0.65,0.65,0.65,0.65,0.65,,,,,,,,,,,,,,,,,,,,,,,,,,,,,,,,,,,,,,,,,,,,,,,0.65,0.65,0.65,0.65,0.65,0.65,0.65,0.65,0.65,0.65,,,,,,
Coal_Flexibilisation,annual_availability,EAF_65,Grootvlei_EAF,%/yr,,,,,,0.65,0.65,0.65,0.65,0.65,0.65,0.65,0.65,0.65,0.65,0.65,0.65,0.65,0.65,0.65,0.65,0.65,0.65,0.65,0.65,0.65,0.65,0.65,0.65,0.65,0.65,0.65,0.65,,,,,,,,,,,,,,,,,,,,,,,,,,,,,,,,,,,,,,,,,,,,,,,0.65,0.65,0.65,0.65,0.65,0.65,0.65,0.65,0.65,0.65,,,,,,
Coal_Flexibilisation,annual_availability,EAF_65,Hendrina_EAF,%/yr,,,,,,0.65,0.65,0.65,0.65,0.65,0.65,0.65,0.65,0.65,0.65,0.65,0.65,0.65,0.65,0.65,0.65,0.65,0.65,0.65,0.65,0.65,0.65,0.65,0.65,0.65,0.65,0.65,0.65,,,,,,,,,,,,,,,,,,,,,,,,,,,,,,,,,,,,,,,,,,,,,,,0.65,0.65,0.65,0.65,0.65,0.65,0.65,0.65,0.65,0.65,,,,,,
Coal_Flexibilisation,annual_availability,EAF_65,Kendal_EAF,%/yr,,,,,,0.65,0.65,0.65,0.65,0.65,0.65,0.65,0.65,0.65,0.65,0.65,0.65,0.65,0.65,0.65,0.65,0.65,0.65,0.65,0.65,0.65,0.65,0.65,0.65,0.65,0.65,0.65,0.65,,,,,,,,,,,,,,,,,,,,,,,,,,,,,,,,,,,,,,,,,,,,,,,0.65,0.65,0.65,0.65,0.65,0.65,0.65,0.65,0.65,0.65,,,,,,
Coal_Flexibilisation,annual_availability,EAF_65,Komati_EAF,%/yr,,,,,,0.65,0.65,0.65,0.65,0.65,0.65,0.65,0.65,0.65,0.65,0.65,0.65,0.65,0.65,0.65,0.65,0.65,0.65,0.65,0.65,0.65,0.65,0.65,0.65,0.65,0.65,0.65,0.65,,,,,,,,,,,,,,,,,,,,,,,,,,,,,,,,,,,,,,,,,,,,,,,0.65,0.65,0.65,0.65,0.65,0.65,0.65,0.65,0.65,0.65,,,,,,
Coal_Flexibilisation,annual_availability,EAF_65,Kriel_EAF,%/yr,,,,,,0.65,0.65,0.65,0.65,0.65,0.65,0.65,0.65,0.65,0.65,0.65,0.65,0.65,0.65,0.65,0.65,0.65,0.65,0.65,0.65,0.65,0.65,0.65,0.65,0.65,0.65,0.65,0.65,,,,,,,,,,,,,,,,,,,,,,,,,,,,,,,,,,,,,,,,,,,,,,,0.65,0.65,0.65,0.65,0.65,0.65,0.65,0.65,0.65,0.65,,,,,,
Coal_Flexibilisation,annual_availability,EAF_65,Kusile_EAF,%/yr,,,,,,0.65,0.65,0.65,0.65,0.65,0.65,0.65,0.65,0.65,0.65,0.65,0.65,0.65,0.65,0.65,0.65,0.65,0.65,0.65,0.65,0.65,0.65,0.65,0.65,0.65,0.65,0.65,0.65,,,,,,,,,,,,,,,,,,,,,,,,,,,,,,,,,,,,,,,,,,,,,,,0.65,0.65,0.65,0.65,0.65,0.65,0.65,0.65,0.65,0.65,,,,,,
Coal_Flexibilisation,annual_availability,EAF_65,Lethabo_EAF,%/yr,,,,,,0.65,0.65,0.65,0.65,0.65,0.65,0.65,0.65,0.65,0.65,0.65,0.65,0.65,0.65,0.65,0.65,0.65,0.65,0.65,0.65,0.65,0.65,0.65,0.65,0.65,0.65,0.65,0.65,,,,,,,,,,,,,,,,,,,,,,,,,,,,,,,,,,,,,,,,,,,,,,,0.65,0.65,0.65,0.65,0.65,0.65,0.65,0.65,0.65,0.65,,,,,,
Coal_Flexibilisation,annual_availability,EAF_65,Majuba_EAF,%/yr,,,,,,0.65,0.65,0.65,0.65,0.65,0.65,0.65,0.65,0.65,0.65,0.65,0.65,0.65,0.65,0.65,0.65,0.65,0.65,0.65,0.65,0.65,0.65,0.65,0.65,0.65,0.65,0.65,0.65,,,,,,,,,,,,,,,,,,,,,,,,,,,,,,,,,,,,,,,,,,,,,,,0.65,0.65,0.65,0.65,0.65,0.65,0.65,0.65,0.65,0.65,,,,,,
Coal_Flexibilisation,annual_availability,EAF_65,Matimba_EAF,%/yr,,,,,,0.65,0.65,0.65,0.65,0.65,0.65,0.65,0.65,0.65,0.65,0.65,0.65,0.65,0.65,0.65,0.65,0.65,0.65,0.65,0.65,0.65,0.65,0.65,0.65,0.65,0.65,0.65,0.65,,,,,,,,,,,,,,,,,,,,,,,,,,,,,,,,,,,,,,,,,,,,,,,0.65,0.65,0.65,0.65,0.65,0.65,0.65,0.65,0.65,0.65,,,,,,
Coal_Flexibilisation,annual_availability,EAF_65,Matla_EAF,%/yr,,,,,,0.65,0.65,0.65,0.65,0.65,0.65,0.65,0.65,0.65,0.65,0.65,0.65,0.65,0.65,0.65,0.65,0.65,0.65,0.65,0.65,0.65,0.65,0.65,0.65,0.65,0.65,0.65,0.65,,,,,,,,,,,,,,,,,,,,,,,,,,,,,,,,,,,,,,,,,,,,,,,0.65,0.65,0.65,0.65,0.65,0.65,0.65,0.65,0.65,0.65,,,,,,
Coal_Flexibilisation,annual_availability,EAF_65,Medupi_EAF,%/yr,,,,,,0.65,0.65,0.65,0.65,0.65,0.65,0.65,0.65,0.65,0.65,0.65,0.65,0.65,0.65,0.65,0.65,0.65,0.65,0.65,0.65,0.65,0.65,0.65,0.65,0.65,0.65,0.65,0.65,,,,,,,,,,,,,,,,,,,,,,,,,,,,,,,,,,,,,,,,,,,,,,,0.65,0.65,0.65,0.65,0.65,0.65,0.65,0.65,0.65,0.65,,,,,,
Coal_Flexibilisation,annual_availability,EAF_65,Tutuka_EAF,%/yr,,,,,,0.65,0.65,0.65,0.65,0.65,0.65,0.65,0.65,0.65,0.65,0.65,0.65,0.65,0.65,0.65,0.65,0.65,0.65,0.65,0.65,0.65,0.65,0.65,0.65,0.65,0.65,0.65,0.65,,,,,,,,,,,,,,,,,,,,,,,,,,,,,,,,,,,,,,,,,,,,,,,0.65,0.65,0.65,0.65,0.65,0.65,0.65,0.65,0.65,0.65,,,,,,
Coal_Flexibilisation,annual_availability,EAF_65,Koeberg_EAF,%/yr,,,,,,0.5083,0.4167,0.9333,0.75,0.9583,0.7917,0.875,0.9,0.9,0.9,0.9,0.9,0.9,0.9,0.9,0.9,0.9,0.9,0.9,0.9,0.9,0.9,0.9,0.9,0.9,0.9,0.9,0.9,,,,,,,,,,,,,,,,,,,,,,,,,,,,,,,,,,,,,,,,,,,,,,,0.9,0.9,0.9,0.9,0.9,0.9,0.9,0.9,0.9,0.9,,,,,,
Coal_Flexibilisation,annual_availability,EAF_65,Sasol_coal_EAF,%/yr,,,,,,0.8,0.8,0.8,0.8,0.8,0.8,0.8,0.8,0.8,0.8,0.8,0.8,0.8,0.8,0.8,0.8,0.8,0.8,0.8,0.8,0.8,0.8,0.8,0.8,0.8,0.8,0.8,0.8,,,,,,,,,,,,,,,,,,,,,,,,,,,,,,,,,,,,,,,,,,,,,,,0.8,0.8,0.8,0.8,0.8,0.8,0.8,0.8,0.8,0.8,,,,,,
Coal_Flexibilisation,annual_availability,EAF_65,Kelvin_EAF,%/yr,,,,,,0.8,0.8,0.8,0.8,0.8,0.8,0.8,0.8,0.8,0.8,0.8,0.8,0.8,0.8,0.8,0.8,0.8,0.8,0.8,0.8,0.8,0.8,0.8,0.8,0.8,0.8,0.8,0.8,,,,,,,,,,,,,,,,,,,,,,,,,,,,,,,,,,,,,,,,,,,,,,,0.8,0.8,0.8,0.8,0.8,0.8,0.8,0.8,0.8,0.8,,,,,,
Coal_Flexibilisation,annual_availability,EAF_65,Sasol_ice_EAF,%/yr,,,,,,1.0,1.0,1.0,1.0,1.0,1.0,1.0,1.0,1.0,1.0,1.0,1.0,1.0,1.0,1.0,1.0,1.0,1.0,1.0,1.0,1.0,1.0,1.0,1.0,1.0,1.0,1.0,1.0,,,,,,,,,,,,,,,,,,,,,,,,,,,,,,,,,,,,,,,,,,,,,,,1.0,1.0,1.0,1.0,1.0,1.0,1.0,1.0,1.0,1.0,,,,,,
Coal_Flexibilisation,annual_availability,EAF_65,Sasol_ocgt_EAF,%/yr,,,,,,1.0,1.0,1.0,1.0,1.0,1.0,1.0,1.0,1.0,1.0,1.0,1.0,1.0,1.0,1.0,1.0,1.0,1.0,1.0,1.0,1.0,1.0,1.0,1.0,1.0,1.0,1.0,1.0,,,,,,,,,,,,,,,,,,,,,,,,,,,,,,,,,,,,,,,,,,,,,,,1.0,1.0,1.0,1.0,1.0,1.0,1.0,1.0,1.0,1.0,,,,,,
Coal_Flexibilisation,annual_availability,EAF_65,coal_extendable_EAF,%/yr,,,,,,0.85,0.85,0.85,0.85,0.85,0.85,0.85,0.85,0.85,0.85,0.85,0.85,0.85,0.85,0.85,0.85,0.85,0.85,0.85,0.85,0.85,0.85,0.85,0.85,0.85,0.85,0.85,0.85,,,,,,,,,,,,,,,,,,,,,,,,,,,,,,,,,,,,,,,,,,,,,,,0.85,0.85,0.85,0.85,0.85,0.85,0.85,0.85,0.85,0.85,,,,,,
Coal_Flexibilisation,annual_availability,EAF_65,nuclear_extendable_EAF,%/yr,,,,,,0.9,0.9,0.9,0.9,0.9,0.9,0.9,0.9,0.9,0.9,0.9,0.9,0.9,0.9,0.9,0.9,0.9,0.9,0.9,0.9,0.9,0.9,0.9,0.9,0.9,0.9,0.9,0.9,,,,,,,,,,,,,,,,,,,,,,,,,,,,,,,,,,,,,,,,,,,,,,,0.9,0.9,0.9,0.9,0.9,0.9,0.9,0.9,0.9,0.9,,,,,,
Coal_Flexibilisation,annual_availability,EAF_65,ocgt_diesel_extendable_EAF,%/yr,,,,,,0.95,0.95,0.95,0.95,0.95,0.95,0.95,0.95,0.95,0.95,0.95,0.95,0.95,0.95,0.95,0.95,0.95,0.95,0.95,0.95,0.95,0.95,0.95,0.95,0.95,0.95,0.95,0.95,,,,,,,,,,,,,,,,,,,,,,,,,,,,,,,,,,,,,,,,,,,,,,,0.95,0.95,0.95,0.95,0.95,0.95,0.95,0.95,0.95,0.95,,,,,,
Coal_Flexibilisation,annual_availability,EAF_65,ocgt_diesel_emg_extendable_EAF,%/yr,,,,,,0.95,0.95,0.95,0.95,0.95,0.95,0.95,0.95,0.95,0.95,0.95,0.95,0.95,0.95,0.95,0.95,0.95,0.95,0.95,0.95,0.95,0.95,0.95,0.95,0.95,0.95,0.95,0.95,,,,,,,,,,,,,,,,,,,,,,,,,,,,,,,,,,,,,,,,,,,,,,,0.95,0.95,0.95,0.95,0.95,0.95,0.95,0.95,0.95,0.95,,,,,,
Coal_Flexibilisation,annual_availability,EAF_65,ocgt_gas_extendable_EAF,%/yr,,,,,,0.9,0.9,0.9,0.9,0.9,0.9,0.9,0.9,0.9,0.9,0.9,0.9,0.9,0.9,0.9,0.9,0.9,0.9,0.9,0.9,0.9,0.9,0.9,0.9,0.9,0.9,0.9,0.9,,,,,,,,,,,,,,,,,,,,,,,,,,,,,,,,,,,,,,,,,,,,,,,0.9,0.9,0.9,0.9,0.9,0.9,0.9,0.9,0.9,0.9,,,,,,
Coal_Flexibilisation,annual_availability,EAF_65,ocgt_gas_h2_40_extendable_EAF,%/yr,,,,,,0.9,0.9,0.9,0.9,0.9,0.9,0.9,0.9,0.9,0.9,0.9,0.9,0.9,0.9,0.9,0.9,0.9,0.9,0.95,0.95,0.95,0.95,0.95,0.95,0.95,0.95,0.95,0.95,,,,,,,,,,,,,,,,,,,,,,,,,,,,,,,,,,,,,,,,,,,,,,,0.95,0.95,0.95,0.95,0.95,0.95,0.95,0.95,0.95,0.95,,,,,,
Coal_Flexibilisation,annual_availability,EAF_65,ocgt_gas_h2_45_extendable_EAF,%/yr,,,,,,0.9,0.9,0.9,0.9,0.9,0.9,0.9,0.9,0.9,0.9,0.9,0.9,0.9,0.9,0.9,0.9,0.9,0.9,0.9,0.9,0.9,0.9,0.95,0.95,0.95,0.95,0.95,0.95,,,,,,,,,,,,,,,,,,,,,,,,,,,,,,,,,,,,,,,,,,,,,,,0.95,0.95,0.95,0.95,0.95,0.95,0.95,0.95,0.95,0.95,,,,,,
Coal_Flexibilisation,annual_availability,EAF_65,ocgt_gas_h2_50_extendable_EAF,%/yr,,,,,,0.9,0.9,0.9,0.9,0.9,0.9,0.9,0.9,0.9,0.9,0.9,0.9,0.9,0.9,0.9,0.9,0.9,0.9,0.9,0.9,0.9,0.9,0.9,0.9,0.9,0.9,0.9,0.95,,,,,,,,,,,,,,,,,,,,,,,,,,,,,,,,,,,,,,,,,,,,,,,0.95,0.95,0.95,0.95,0.95,0.95,0.95,0.95,0.95,0.95,,,,,,
Coal_Flexibilisation,annual_availability,EAF_65,ocgt_gas_h2_55_extendable_EAF,%/yr,,,,,,0.9,0.9,0.9,0.9,0.9,0.9,0.9,0.9,0.9,0.9,0.9,0.9,0.9,0.9,0.9,0.9,0.9,0.9,0.9,0.9,0.9,0.9,0.95,0.95,0.95,0.95,0.95,0.95,,,,,,,,,,,,,,,,,,,,,,,,,,,,,,,,,,,,,,,,,,,,,,,0.95,0.95,0.95,0.95,0.95,0.95,0.95,0.95,0.95,0.95,,,,,,
Coal_Flexibilisation,annual_availability,EAF_65,ocgt_gas_h2_60_extendable_EAF,%/yr,,,,,,0.9,0.9,0.9,0.9,0.9,0.9,0.9,0.9,0.9,0.9,0.9,0.9,0.9,0.9,0.9,0.9,0.9,0.9,0.9,0.9,0.9,0.9,0.9,0.9,0.9,0.9,0.9,0.95,,,,,,,,,,,,,,,,,,,,,,,,,,,,,,,,,,,,,,,,,,,,,,,0.95,0.95,0.95,0.95,0.95,0.95,0.95,0.95,0.95,0.95,,,,,,
Coal_Flexibilisation,annual_availability,EAF_65,ccgt_steam_extendable_EAF,%/yr,,,,,,0.9,0.9,0.9,0.9,0.9,0.9,0.9,0.9,0.9,0.9,0.9,0.9,0.9,0.9,0.9,0.9,0.9,0.9,0.9,0.9,0.9,0.9,0.9,0.9,0.9,0.9,0.9,0.9,,,,,,,,,,,,,,,,,,,,,,,,,,,,,,,,,,,,,,,,,,,,,,,0.9,0.9,0.9,0.9,0.9,0.9,0.9,0.9,0.9,0.9,,,,,,
Coal_Flexibilisation,annual_availability,EAF_60,RSA-coal_eskom_high,%/yr,,,,,,0.6,0.6,0.6,0.6,0.6,0.6,0.6,0.6,0.6,0.6,0.6,0.6,0.6,0.6,0.6,0.6,0.6,0.6,0.6,0.6,0.6,0.6,0.6,0.6,0.6,0.6,0.6,0.6,,,,,,,,,,,,,,,,,,,,,,,,,,,,,,,,,,,,,,,,,,,,,,,0.6,0.6,0.6,0.6,0.6,0.6,0.6,0.6,0.6,0.6,,,,,,
Coal_Flexibilisation,annual_availability,EAF_60,RSA-coal_eskom_med,%/yr,,,,,,0.6,0.6,0.6,0.6,0.6,0.6,0.6,0.6,0.6,0.6,0.6,0.6,0.6,0.6,0.6,0.6,0.6,0.6,0.6,0.6,0.6,0.6,0.6,0.6,0.6,0.6,0.6,0.6,,,,,,,,,,,,,,,,,,,,,,,,,,,,,,,,,,,,,,,,,,,,,,,0.6,0.6,0.6,0.6,0.6,0.6,0.6,0.6,0.6,0.6,,,,,,
Coal_Flexibilisation,annual_availability,EAF_60,RSA-coal_eskom_low,%/yr,,,,,,0.6,0.6,0.6,0.6,0.6,0.6,0.6,0.6,0.6,0.6,0.6,0.6,0.6,0.6,0.6,0.6,0.6,0.6,0.6,0.6,0.6,0.6,0.6,0.6,0.6,0.6,0.6,0.6,,,,,,,,,,,,,,,,,,,,,,,,,,,,,,,,,,,,,,,,,,,,,,,0.6,0.6,0.6,0.6,0.6,0.6,0.6,0.6,0.6,0.6,,,,,,
Coal_Flexibilisation,annual_availability,EAF_60,Arnot_EAF,%/yr,,,,,,0.6,0.6,0.6,0.6,0.6,0.6,0.6,0.6,0.6,0.6,0.6,0.6,0.6,0.6,0.6,0.6,0.6,0.6,0.6,0.6,0.6,0.6,0.6,0.6,0.6,0.6,0.6,0.6,,,,,,,,,,,,,,,,,,,,,,,,,,,,,,,,,,,,,,,,,,,,,,,0.6,0.6,0.6,0.6,0.6,0.6,0.6,0.6,0.6,0.6,,,,,,
Coal_Flexibilisation,annual_availability,EAF_60,Camden_EAF,%/yr,,,,,,0.6,0.6,0.6,0.6,0.6,0.6,0.6,0.6,0.6,0.6,0.6,0.6,0.6,0.6,0.6,0.6,0.6,0.6,0.6,0.6,0.6,0.6,0.6,0.6,0.6,0.6,0.6,0.6,,,,,,,,,,,,,,,,,,,,,,,,,,,,,,,,,,,,,,,,,,,,,,,0.6,0.6,0.6,0.6,0.6,0.6,0.6,0.6,0.6,0.6,,,,,,
Coal_Flexibilisation,annual_availability,EAF_60,Duvha_EAF,%/yr,,,,,,0.6,0.6,0.6,0.6,0.6,0.6,0.6,0.6,0.6,0.6,0.6,0.6,0.6,0.6,0.6,0.6,0.6,0.6,0.6,0.6,0.6,0.6,0.6,0.6,0.6,0.6,0.6,0.6,,,,,,,,,,,,,,,,,,,,,,,,,,,,,,,,,,,,,,,,,,,,,,,0.6,0.6,0.6,0.6,0.6,0.6,0.6,0.6,0.6,0.6,,,,,,
Coal_Flexibilisation,annual_availability,EAF_60,Grootvlei_EAF,%/yr,,,,,,0.6,0.6,0.6,0.6,0.6,0.6,0.6,0.6,0.6,0.6,0.6,0.6,0.6,0.6,0.6,0.6,0.6,0.6,0.6,0.6,0.6,0.6,0.6,0.6,0.6,0.6,0.6,0.6,,,,,,,,,,,,,,,,,,,,,,,,,,,,,,,,,,,,,,,,,,,,,,,0.6,0.6,0.6,0.6,0.6,0.6,0.6,0.6,0.6,0.6,,,,,,
Coal_Flexibilisation,annual_availability,EAF_60,Hendrina_EAF,%/yr,,,,,,0.6,0.6,0.6,0.6,0.6,0.6,0.6,0.6,0.6,0.6,0.6,0.6,0.6,0.6,0.6,0.6,0.6,0.6,0.6,0.6,0.6,0.6,0.6,0.6,0.6,0.6,0.6,0.6,,,,,,,,,,,,,,,,,,,,,,,,,,,,,,,,,,,,,,,,,,,,,,,0.6,0.6,0.6,0.6,0.6,0.6,0.6,0.6,0.6,0.6,,,,,,
Coal_Flexibilisation,annual_availability,EAF_60,Kendal_EAF,%/yr,,,,,,0.6,0.6,0.6,0.6,0.6,0.6,0.6,0.6,0.6,0.6,0.6,0.6,0.6,0.6,0.6,0.6,0.6,0.6,0.6,0.6,0.6,0.6,0.6,0.6,0.6,0.6,0.6,0.6,,,,,,,,,,,,,,,,,,,,,,,,,,,,,,,,,,,,,,,,,,,,,,,0.6,0.6,0.6,0.6,0.6,0.6,0.6,0.6,0.6,0.6,,,,,,
Coal_Flexibilisation,annual_availability,EAF_60,Komati_EAF,%/yr,,,,,,0.6,0.6,0.6,0.6,0.6,0.6,0.6,0.6,0.6,0.6,0.6,0.6,0.6,0.6,0.6,0.6,0.6,0.6,0.6,0.6,0.6,0.6,0.6,0.6,0.6,0.6,0.6,0.6,,,,,,,,,,,,,,,,,,,,,,,,,,,,,,,,,,,,,,,,,,,,,,,0.6,0.6,0.6,0.6,0.6,0.6,0.6,0.6,0.6,0.6,,,,,,
Coal_Flexibilisation,annual_availability,EAF_60,Kriel_EAF,%/yr,,,,,,0.6,0.6,0.6,0.6,0.6,0.6,0.6,0.6,0.6,0.6,0.6,0.6,0.6,0.6,0.6,0.6,0.6,0.6,0.6,0.6,0.6,0.6,0.6,0.6,0.6,0.6,0.6,0.6,,,,,,,,,,,,,,,,,,,,,,,,,,,,,,,,,,,,,,,,,,,,,,,0.6,0.6,0.6,0.6,0.6,0.6,0.6,0.6,0.6,0.6,,,,,,
Coal_Flexibilisation,annual_availability,EAF_60,Kusile_EAF,%/yr,,,,,,0.6,0.6,0.6,0.6,0.6,0.6,0.6,0.6,0.6,0.6,0.6,0.6,0.6,0.6,0.6,0.6,0.6,0.6,0.6,0.6,0.6,0.6,0.6,0.6,0.6,0.6,0.6,0.6,,,,,,,,,,,,,,,,,,,,,,,,,,,,,,,,,,,,,,,,,,,,,,,0.6,0.6,0.6,0.6,0.6,0.6,0.6,0.6,0.6,0.6,,,,,,
Coal_Flexibilisation,annual_availability,EAF_60,Lethabo_EAF,%/yr,,,,,,0.6,0.6,0.6,0.6,0.6,0.6,0.6,0.6,0.6,0.6,0.6,0.6,0.6,0.6,0.6,0.6,0.6,0.6,0.6,0.6,0.6,0.6,0.6,0.6,0.6,0.6,0.6,0.6,,,,,,,,,,,,,,,,,,,,,,,,,,,,,,,,,,,,,,,,,,,,,,,0.6,0.6,0.6,0.6,0.6,0.6,0.6,0.6,0.6,0.6,,,,,,
Coal_Flexibilisation,annual_availability,EAF_60,Majuba_EAF,%/yr,,,,,,0.6,0.6,0.6,0.6,0.6,0.6,0.6,0.6,0.6,0.6,0.6,0.6,0.6,0.6,0.6,0.6,0.6,0.6,0.6,0.6,0.6,0.6,0.6,0.6,0.6,0.6,0.6,0.6,,,,,,,,,,,,,,,,,,,,,,,,,,,,,,,,,,,,,,,,,,,,,,,0.6,0.6,0.6,0.6,0.6,0.6,0.6,0.6,0.6,0.6,,,,,,
Coal_Flexibilisation,annual_availability,EAF_60,Matimba_EAF,%/yr,,,,,,0.6,0.6,0.6,0.6,0.6,0.6,0.6,0.6,0.6,0.6,0.6,0.6,0.6,0.6,0.6,0.6,0.6,0.6,0.6,0.6,0.6,0.6,0.6,0.6,0.6,0.6,0.6,0.6,,,,,,,,,,,,,,,,,,,,,,,,,,,,,,,,,,,,,,,,,,,,,,,0.6,0.6,0.6,0.6,0.6,0.6,0.6,0.6,0.6,0.6,,,,,,
Coal_Flexibilisation,annual_availability,EAF_60,Matla_EAF,%/yr,,,,,,0.6,0.6,0.6,0.6,0.6,0.6,0.6,0.6,0.6,0.6,0.6,0.6,0.6,0.6,0.6,0.6,0.6,0.6,0.6,0.6,0.6,0.6,0.6,0.6,0.6,0.6,0.6,0.6,,,,,,,,,,,,,,,,,,,,,,,,,,,,,,,,,,,,,,,,,,,,,,,0.6,0.6,0.6,0.6,0.6,0.6,0.6,0.6,0.6,0.6,,,,,,
Coal_Flexibilisation,annual_availability,EAF_60,Medupi_EAF,%/yr,,,,,,0.6,0.6,0.6,0.6,0.6,0.6,0.6,0.6,0.6,0.6,0.6,0.6,0.6,0.6,0.6,0.6,0.6,0.6,0.6,0.6,0.6,0.6,0.6,0.6,0.6,0.6,0.6,0.6,,,,,,,,,,,,,,,,,,,,,,,,,,,,,,,,,,,,,,,,,,,,,,,0.6,0.6,0.6,0.6,0.6,0.6,0.6,0.6,0.6,0.6,,,,,,
Coal_Flexibilisation,annual_availability,EAF_60,Tutuka_EAF,%/yr,,,,,,0.6,0.6,0.6,0.6,0.6,0.6,0.6,0.6,0.6,0.6,0.6,0.6,0.6,0.6,0.6,0.6,0.6,0.6,0.6,0.6,0.6,0.6,0.6,0.6,0.6,0.6,0.6,0.6,,,,,,,,,,,,,,,,,,,,,,,,,,,,,,,,,,,,,,,,,,,,,,,0.6,0.6,0.6,0.6,0.6,0.6,0.6,0.6,0.6,0.6,,,,,,
Coal_Flexibilisation,annual_availability,EAF_60,Koeberg_EAF,%/yr,,,,,,0.5083,0.4167,0.9333,0.75,0.9583,0.7917,0.875,0.9,0.9,0.9,0.9,0.9,0.9,0.9,0.9,0.9,0.9,0.9,0.9,0.9,0.9,0.9,0.9,0.9,0.9,0.9,0.9,0.9,,,,,,,,,,,,,,,,,,,,,,,,,,,,,,,,,,,,,,,,,,,,,,,0.9,0.9,0.9,0.9,0.9,0.9,0.9,0.9,0.9,0.9,,,,,,
Coal_Flexibilisation,annual_availability,EAF_60,Sasol_coal_EAF,%/yr,,,,,,0.8,0.8,0.8,0.8,0.8,0.8,0.8,0.8,0.8,0.8,0.8,0.8,0.8,0.8,0.8,0.8,0.8,0.8,0.8,0.8,0.8,0.8,0.8,0.8,0.8,0.8,0.8,0.8,,,,,,,,,,,,,,,,,,,,,,,,,,,,,,,,,,,,,,,,,,,,,,,0.8,0.8,0.8,0.8,0.8,0.8,0.8,0.8,0.8,0.8,,,,,,
Coal_Flexibilisation,annual_availability,EAF_60,Kelvin_EAF,%/yr,,,,,,0.8,0.8,0.8,0.8,0.8,0.8,0.8,0.8,0.8,0.8,0.8,0.8,0.8,0.8,0.8,0.8,0.8,0.8,0.8,0.8,0.8,0.8,0.8,0.8,0.8,0.8,0.8,0.8,,,,,,,,,,,,,,,,,,,,,,,,,,,,,,,,,,,,,,,,,,,,,,,0.8,0.8,0.8,0.8,0.8,0.8,0.8,0.8,0.8,0.8,,,,,,
Coal_Flexibilisation,annual_availability,EAF_60,Sasol_ice_EAF,%/yr,,,,,,1.0,1.0,1.0,1.0,1.0,1.0,1.0,1.0,1.0,1.0,1.0,1.0,1.0,1.0,1.0,1.0,1.0,1.0,1.0,1.0,1.0,1.0,1.0,1.0,1.0,1.0,1.0,1.0,,,,,,,,,,,,,,,,,,,,,,,,,,,,,,,,,,,,,,,,,,,,,,,1.0,1.0,1.0,1.0,1.0,1.0,1.0,1.0,1.0,1.0,,,,,,
Coal_Flexibilisation,annual_availability,EAF_60,Sasol_ocgt_EAF,%/yr,,,,,,1.0,1.0,1.0,1.0,1.0,1.0,1.0,1.0,1.0,1.0,1.0,1.0,1.0,1.0,1.0,1.0,1.0,1.0,1.0,1.0,1.0,1.0,1.0,1.0,1.0,1.0,1.0,1.0,,,,,,,,,,,,,,,,,,,,,,,,,,,,,,,,,,,,,,,,,,,,,,,1.0,1.0,1.0,1.0,1.0,1.0,1.0,1.0,1.0,1.0,,,,,,
Coal_Flexibilisation,annual_availability,EAF_60,coal_extendable_EAF,%/yr,,,,,,0.85,0.85,0.85,0.85,0.85,0.85,0.85,0.85,0.85,0.85,0.85,0.85,0.85,0.85,0.85,0.85,0.85,0.85,0.85,0.85,0.85,0.85,0.85,0.85,0.85,0.85,0.85,0.85,,,,,,,,,,,,,,,,,,,,,,,,,,,,,,,,,,,,,,,,,,,,,,,0.85,0.85,0.85,0.85,0.85,0.85,0.85,0.85,0.85,0.85,,,,,,
Coal_Flexibilisation,annual_availability,EAF_60,nuclear_extendable_EAF,%/yr,,,,,,0.9,0.9,0.9,0.9,0.9,0.9,0.9,0.9,0.9,0.9,0.9,0.9,0.9,0.9,0.9,0.9,0.9,0.9,0.9,0.9,0.9,0.9,0.9,0.9,0.9,0.9,0.9,0.9,,,,,,,,,,,,,,,,,,,,,,,,,,,,,,,,,,,,,,,,,,,,,,,0.9,0.9,0.9,0.9,0.9,0.9,0.9,0.9,0.9,0.9,,,,,,
Coal_Flexibilisation,annual_availability,EAF_60,ocgt_diesel_extendable_EAF,%/yr,,,,,,0.95,0.95,0.95,0.95,0.95,0.95,0.95,0.95,0.95,0.95,0.95,0.95,0.95,0.95,0.95,0.95,0.95,0.95,0.95,0.95,0.95,0.95,0.95,0.95,0.95,0.95,0.95,0.95,,,,,,,,,,,,,,,,,,,,,,,,,,,,,,,,,,,,,,,,,,,,,,,0.95,0.95,0.95,0.95,0.95,0.95,0.95,0.95,0.95,0.95,,,,,,
Coal_Flexibilisation,annual_availability,EAF_60,ocgt_diesel_emg_extendable_EAF,%/yr,,,,,,0.95,0.95,0.95,0.95,0.95,0.95,0.95,0.95,0.95,0.95,0.95,0.95,0.95,0.95,0.95,0.95,0.95,0.95,0.95,0.95,0.95,0.95,0.95,0.95,0.95,0.95,0.95,0.95,,,,,,,,,,,,,,,,,,,,,,,,,,,,,,,,,,,,,,,,,,,,,,,0.95,0.95,0.95,0.95,0.95,0.95,0.95,0.95,0.95,0.95,,,,,,
Coal_Flexibilisation,annual_availability,EAF_60,ocgt_gas_extendable_EAF,%/yr,,,,,,0.9,0.9,0.9,0.9,0.9,0.9,0.9,0.9,0.9,0.9,0.9,0.9,0.9,0.9,0.9,0.9,0.9,0.9,0.9,0.9,0.9,0.9,0.9,0.9,0.9,0.9,0.9,0.9,,,,,,,,,,,,,,,,,,,,,,,,,,,,,,,,,,,,,,,,,,,,,,,0.9,0.9,0.9,0.9,0.9,0.9,0.9,0.9,0.9,0.9,,,,,,
Coal_Flexibilisation,annual_availability,EAF_60,ocgt_gas_h2_40_extendable_EAF,%/yr,,,,,,0.9,0.9,0.9,0.9,0.9,0.9,0.9,0.9,0.9,0.9,0.9,0.9,0.9,0.9,0.9,0.9,0.9,0.9,0.95,0.95,0.95,0.95,0.95,0.95,0.95,0.95,0.95,0.95,,,,,,,,,,,,,,,,,,,,,,,,,,,,,,,,,,,,,,,,,,,,,,,0.95,0.95,0.95,0.95,0.95,0.95,0.95,0.95,0.95,0.95,,,,,,
Coal_Flexibilisation,annual_availability,EAF_60,ocgt_gas_h2_45_extendable_EAF,%/yr,,,,,,0.9,0.9,0.9,0.9,0.9,0.9,0.9,0.9,0.9,0.9,0.9,0.9,0.9,0.9,0.9,0.9,0.9,0.9,0.9,0.9,0.9,0.9,0.95,0.95,0.95,0.95,0.95,0.95,,,,,,,,,,,,,,,,,,,,,,,,,,,,,,,,,,,,,,,,,,,,,,,0.95,0.95,0.95,0.95,0.95,0.95,0.95,0.95,0.95,0.95,,,,,,
Coal_Flexibilisation,annual_availability,EAF_60,ocgt_gas_h2_50_extendable_EAF,%/yr,,,,,,0.9,0.9,0.9,0.9,0.9,0.9,0.9,0.9,0.9,0.9,0.9,0.9,0.9,0.9,0.9,0.9,0.9,0.9,0.9,0.9,0.9,0.9,0.9,0.9,0.9,0.9,0.9,0.95,,,,,,,,,,,,,,,,,,,,,,,,,,,,,,,,,,,,,,,,,,,,,,,0.95,0.95,0.95,0.95,0.95,0.95,0.95,0.95,0.95,0.95,,,,,,
Coal_Flexibilisation,annual_availability,EAF_60,ocgt_gas_h2_55_extendable_EAF,%/yr,,,,,,0.9,0.9,0.9,0.9,0.9,0.9,0.9,0.9,0.9,0.9,0.9,0.9,0.9,0.9,0.9,0.9,0.9,0.9,0.9,0.9,0.9,0.9,0.95,0.95,0.95,0.95,0.95,0.95,,,,,,,,,,,,,,,,,,,,,,,,,,,,,,,,,,,,,,,,,,,,,,,0.95,0.95,0.95,0.95,0.95,0.95,0.95,0.95,0.95,0.95,,,,,,
Coal_Flexibilisation,annual_availability,EAF_60,ocgt_gas_h2_60_extendable_EAF,%/yr,,,,,,0.9,0.9,0.9,0.9,0.9,0.9,0.9,0.9,0.9,0.9,0.9,0.9,0.9,0.9,0.9,0.9,0.9,0.9,0.9,0.9,0.9,0.9,0.9,0.9,0.9,0.9,0.9,0.95,,,,,,,,,,,,,,,,,,,,,,,,,,,,,,,,,,,,,,,,,,,,,,,0.95,0.95,0.95,0.95,0.95,0.95,0.95,0.95,0.95,0.95,,,,,,
Coal_Flexibilisation,annual_availability,EAF_60,ccgt_steam_extendable_EAF,%/yr,,,,,,0.9,0.9,0.9,0.9,0.9,0.9,0.9,0.9,0.9,0.9,0.9,0.9,0.9,0.9,0.9,0.9,0.9,0.9,0.9,0.9,0.9,0.9,0.9,0.9,0.9,0.9,0.9,0.9,,,,,,,,,,,,,,,,,,,,,,,,,,,,,,,,,,,,,,,,,,,,,,,0.9,0.9,0.9,0.9,0.9,0.9,0.9,0.9,0.9,0.9,,,,,,
Coal_Flexibilisation,annual_availability,EAF_55,RSA-coal_eskom_high,%/yr,,,,,,0.0055,0.0055,0.0055,0.0055,0.0055,0.0055,0.0055,0.0055,0.0055,0.0055,0.0055,0.0055,0.0055,0.0055,0.0055,0.0055,0.0055,0.0055,0.0055,0.0055,0.0055,0.0055,0.0055,0.0055,0.0055,0.0055,0.0055,0.0055,,,,,,,,,,,,,,,,,,,,,,,,,,,,,,,,,,,,,,,,,,,,,,,0.0055,0.0055,0.0055,0.0055,0.0055,0.0055,0.0055,0.0055,0.0055,0.0055,,,,,,
Coal_Flexibilisation,annual_availability,EAF_55,RSA-coal_eskom_med,%/yr,,,,,,0.0055,0.0055,0.0055,0.0055,0.0055,0.0055,0.0055,0.0055,0.0055,0.0055,0.0055,0.0055,0.0055,0.0055,0.0055,0.0055,0.0055,0.0055,0.0055,0.0055,0.0055,0.0055,0.0055,0.0055,0.0055,0.0055,0.0055,0.0055,,,,,,,,,,,,,,,,,,,,,,,,,,,,,,,,,,,,,,,,,,,,,,,0.0055,0.0055,0.0055,0.0055,0.0055,0.0055,0.0055,0.0055,0.0055,0.0055,,,,,,
Coal_Flexibilisation,annual_availability,EAF_55,RSA-coal_eskom_low,%/yr,,,,,,0.0055,0.0055,0.0055,0.0055,0.0055,0.0055,0.0055,0.0055,0.0055,0.0055,0.0055,0.0055,0.0055,0.0055,0.0055,0.0055,0.0055,0.0055,0.0055,0.0055,0.0055,0.0055,0.0055,0.0055,0.0055,0.0055,0.0055,0.0055,,,,,,,,,,,,,,,,,,,,,,,,,,,,,,,,,,,,,,,,,,,,,,,0.0055,0.0055,0.0055,0.0055,0.0055,0.0055,0.0055,0.0055,0.0055,0.0055,,,,,,
Coal_Flexibilisation,annual_availability,EAF_55,Arnot_EAF,%/yr,,,,,,0.55,0.55,0.55,0.55,0.55,0.55,0.55,0.55,0.55,0.55,0.55,0.55,0.55,0.55,0.55,0.55,0.55,0.55,0.55,0.55,0.55,0.55,0.55,0.55,0.55,0.55,0.55,0.55,,,,,,,,,,,,,,,,,,,,,,,,,,,,,,,,,,,,,,,,,,,,,,,0.55,0.55,0.55,0.55,0.55,0.55,0.55,0.55,0.55,0.55,,,,,,
Coal_Flexibilisation,annual_availability,EAF_55,Camden_EAF,%/yr,,,,,,0.55,0.55,0.55,0.55,0.55,0.55,0.55,0.55,0.55,0.55,0.55,0.55,0.55,0.55,0.55,0.55,0.55,0.55,0.55,0.55,0.55,0.55,0.55,0.55,0.55,0.55,0.55,0.55,,,,,,,,,,,,,,,,,,,,,,,,,,,,,,,,,,,,,,,,,,,,,,,0.55,0.55,0.55,0.55,0.55,0.55,0.55,0.55,0.55,0.55,,,,,,
Coal_Flexibilisation,annual_availability,EAF_55,Duvha_EAF,%/yr,,,,,,0.55,0.55,0.55,0.55,0.55,0.55,0.55,0.55,0.55,0.55,0.55,0.55,0.55,0.55,0.55,0.55,0.55,0.55,0.55,0.55,0.55,0.55,0.55,0.55,0.55,0.55,0.55,0.55,,,,,,,,,,,,,,,,,,,,,,,,,,,,,,,,,,,,,,,,,,,,,,,0.55,0.55,0.55,0.55,0.55,0.55,0.55,0.55,0.55,0.55,,,,,,
Coal_Flexibilisation,annual_availability,EAF_55,Grootvlei_EAF,%/yr,,,,,,0.55,0.55,0.55,0.55,0.55,0.55,0.55,0.55,0.55,0.55,0.55,0.55,0.55,0.55,0.55,0.55,0.55,0.55,0.55,0.55,0.55,0.55,0.55,0.55,0.55,0.55,0.55,0.55,,,,,,,,,,,,,,,,,,,,,,,,,,,,,,,,,,,,,,,,,,,,,,,0.55,0.55,0.55,0.55,0.55,0.55,0.55,0.55,0.55,0.55,,,,,,
Coal_Flexibilisation,annual_availability,EAF_55,Hendrina_EAF,%/yr,,,,,,0.55,0.55,0.55,0.55,0.55,0.55,0.55,0.55,0.55,0.55,0.55,0.55,0.55,0.55,0.55,0.55,0.55,0.55,0.55,0.55,0.55,0.55,0.55,0.55,0.55,0.55,0.55,0.55,,,,,,,,,,,,,,,,,,,,,,,,,,,,,,,,,,,,,,,,,,,,,,,0.55,0.55,0.55,0.55,0.55,0.55,0.55,0.55,0.55,0.55,,,,,,
Coal_Flexibilisation,annual_availability,EAF_55,Kendal_EAF,%/yr,,,,,,0.55,0.55,0.55,0.55,0.55,0.55,0.55,0.55,0.55,0.55,0.55,0.55,0.55,0.55,0.55,0.55,0.55,0.55,0.55,0.55,0.55,0.55,0.55,0.55,0.55,0.55,0.55,0.55,,,,,,,,,,,,,,,,,,,,,,,,,,,,,,,,,,,,,,,,,,,,,,,0.55,0.55,0.55,0.55,0.55,0.55,0.55,0.55,0.55,0.55,,,,,,
Coal_Flexibilisation,annual_availability,EAF_55,Komati_EAF,%/yr,,,,,,0.55,0.55,0.55,0.55,0.55,0.55,0.55,0.55,0.55,0.55,0.55,0.55,0.55,0.55,0.55,0.55,0.55,0.55,0.55,0.55,0.55,0.55,0.55,0.55,0.55,0.55,0.55,0.55,,,,,,,,,,,,,,,,,,,,,,,,,,,,,,,,,,,,,,,,,,,,,,,0.55,0.55,0.55,0.55,0.55,0.55,0.55,0.55,0.55,0.55,,,,,,
Coal_Flexibilisation,annual_availability,EAF_55,Kriel_EAF,%/yr,,,,,,0.55,0.55,0.55,0.55,0.55,0.55,0.55,0.55,0.55,0.55,0.55,0.55,0.55,0.55,0.55,0.55,0.55,0.55,0.55,0.55,0.55,0.55,0.55,0.55,0.55,0.55,0.55,0.55,,,,,,,,,,,,,,,,,,,,,,,,,,,,,,,,,,,,,,,,,,,,,,,0.55,0.55,0.55,0.55,0.55,0.55,0.55,0.55,0.55,0.55,,,,,,
Coal_Flexibilisation,annual_availability,EAF_55,Kusile_EAF,%/yr,,,,,,0.55,0.55,0.55,0.55,0.55,0.55,0.55,0.55,0.55,0.55,0.55,0.55,0.55,0.55,0.55,0.55,0.55,0.55,0.55,0.55,0.55,0.55,0.55,0.55,0.55,0.55,0.55,0.55,,,,,,,,,,,,,,,,,,,,,,,,,,,,,,,,,,,,,,,,,,,,,,,0.55,0.55,0.55,0.55,0.55,0.55,0.55,0.55,0.55,0.55,,,,,,
Coal_Flexibilisation,annual_availability,EAF_55,Lethabo_EAF,%/yr,,,,,,0.55,0.55,0.55,0.55,0.55,0.55,0.55,0.55,0.55,0.55,0.55,0.55,0.55,0.55,0.55,0.55,0.55,0.55,0.55,0.55,0.55,0.55,0.55,0.55,0.55,0.55,0.55,0.55,,,,,,,,,,,,,,,,,,,,,,,,,,,,,,,,,,,,,,,,,,,,,,,0.55,0.55,0.55,0.55,0.55,0.55,0.55,0.55,0.55,0.55,,,,,,
Coal_Flexibilisation,annual_availability,EAF_55,Majuba_EAF,%/yr,,,,,,0.55,0.55,0.55,0.55,0.55,0.55,0.55,0.55,0.55,0.55,0.55,0.55,0.55,0.55,0.55,0.55,0.55,0.55,0.55,0.55,0.55,0.55,0.55,0.55,0.55,0.55,0.55,0.55,,,,,,,,,,,,,,,,,,,,,,,,,,,,,,,,,,,,,,,,,,,,,,,0.55,0.55,0.55,0.55,0.55,0.55,0.55,0.55,0.55,0.55,,,,,,
Coal_Flexibilisation,annual_availability,EAF_55,Matimba_EAF,%/yr,,,,,,0.55,0.55,0.55,0.55,0.55,0.55,0.55,0.55,0.55,0.55,0.55,0.55,0.55,0.55,0.55,0.55,0.55,0.55,0.55,0.55,0.55,0.55,0.55,0.55,0.55,0.55,0.55,0.55,,,,,,,,,,,,,,,,,,,,,,,,,,,,,,,,,,,,,,,,,,,,,,,0.55,0.55,0.55,0.55,0.55,0.55,0.55,0.55,0.55,0.55,,,,,,
Coal_Flexibilisation,annual_availability,EAF_55,Matla_EAF,%/yr,,,,,,0.55,0.55,0.55,0.55,0.55,0.55,0.55,0.55,0.55,0.55,0.55,0.55,0.55,0.55,0.55,0.55,0.55,0.55,0.55,0.55,0.55,0.55,0.55,0.55,0.55,0.55,0.55,0.55,,,,,,,,,,,,,,,,,,,,,,,,,,,,,,,,,,,,,,,,,,,,,,,0.55,0.55,0.55,0.55,0.55,0.55,0.55,0.55,0.55,0.55,,,,,,
Coal_Flexibilisation,annual_availability,EAF_55,Medupi_EAF,%/yr,,,,,,0.55,0.55,0.55,0.55,0.55,0.55,0.55,0.55,0.55,0.55,0.55,0.55,0.55,0.55,0.55,0.55,0.55,0.55,0.55,0.55,0.55,0.55,0.55,0.55,0.55,0.55,0.55,0.55,,,,,,,,,,,,,,,,,,,,,,,,,,,,,,,,,,,,,,,,,,,,,,,0.55,0.55,0.55,0.55,0.55,0.55,0.55,0.55,0.55,0.55,,,,,,
Coal_Flexibilisation,annual_availability,EAF_55,Tutuka_EAF,%/yr,,,,,,0.55,0.55,0.55,0.55,0.55,0.55,0.55,0.55,0.55,0.55,0.55,0.55,0.55,0.55,0.55,0.55,0.55,0.55,0.55,0.55,0.55,0.55,0.55,0.55,0.55,0.55,0.55,0.55,,,,,,,,,,,,,,,,,,,,,,,,,,,,,,,,,,,,,,,,,,,,,,,0.55,0.55,0.55,0.55,0.55,0.55,0.55,0.55,0.55,0.55,,,,,,
Coal_Flexibilisation,annual_availability,EAF_55,Koeberg_EAF,%/yr,,,,,,0.5083,0.4167,0.9333,0.75,0.9583,0.7917,0.875,0.9,0.9,0.9,0.9,0.9,0.9,0.9,0.9,0.9,0.9,0.9,0.9,0.9,0.9,0.9,0.9,0.9,0.9,0.9,0.9,0.9,,,,,,,,,,,,,,,,,,,,,,,,,,,,,,,,,,,,,,,,,,,,,,,0.9,0.9,0.9,0.9,0.9,0.9,0.9,0.9,0.9,0.9,,,,,,
Coal_Flexibilisation,annual_availability,EAF_55,Sasol_coal_EAF,%/yr,,,,,,0.8,0.8,0.8,0.8,0.8,0.8,0.8,0.8,0.8,0.8,0.8,0.8,0.8,0.8,0.8,0.8,0.8,0.8,0.8,0.8,0.8,0.8,0.8,0.8,0.8,0.8,0.8,0.8,,,,,,,,,,,,,,,,,,,,,,,,,,,,,,,,,,,,,,,,,,,,,,,0.8,0.8,0.8,0.8,0.8,0.8,0.8,0.8,0.8,0.8,,,,,,
Coal_Flexibilisation,annual_availability,EAF_55,Kelvin_EAF,%/yr,,,,,,0.8,0.8,0.8,0.8,0.8,0.8,0.8,0.8,0.8,0.8,0.8,0.8,0.8,0.8,0.8,0.8,0.8,0.8,0.8,0.8,0.8,0.8,0.8,0.8,0.8,0.8,0.8,0.8,,,,,,,,,,,,,,,,,,,,,,,,,,,,,,,,,,,,,,,,,,,,,,,0.8,0.8,0.8,0.8,0.8,0.8,0.8,0.8,0.8,0.8,,,,,,
Coal_Flexibilisation,annual_availability,EAF_55,Sasol_ice_EAF,%/yr,,,,,,1.0,1.0,1.0,1.0,1.0,1.0,1.0,1.0,1.0,1.0,1.0,1.0,1.0,1.0,1.0,1.0,1.0,1.0,1.0,1.0,1.0,1.0,1.0,1.0,1.0,1.0,1.0,1.0,,,,,,,,,,,,,,,,,,,,,,,,,,,,,,,,,,,,,,,,,,,,,,,1.0,1.0,1.0,1.0,1.0,1.0,1.0,1.0,1.0,1.0,,,,,,
Coal_Flexibilisation,annual_availability,EAF_55,Sasol_ocgt_EAF,%/yr,,,,,,1.0,1.0,1.0,1.0,1.0,1.0,1.0,1.0,1.0,1.0,1.0,1.0,1.0,1.0,1.0,1.0,1.0,1.0,1.0,1.0,1.0,1.0,1.0,1.0,1.0,1.0,1.0,1.0,,,,,,,,,,,,,,,,,,,,,,,,,,,,,,,,,,,,,,,,,,,,,,,1.0,1.0,1.0,1.0,1.0,1.0,1.0,1.0,1.0,1.0,,,,,,
Coal_Flexibilisation,annual_availability,EAF_55,coal_extendable_EAF,%/yr,,,,,,0.85,0.85,0.85,0.85,0.85,0.85,0.85,0.85,0.85,0.85,0.85,0.85,0.85,0.85,0.85,0.85,0.85,0.85,0.85,0.85,0.85,0.85,0.85,0.85,0.85,0.85,0.85,0.85,,,,,,,,,,,,,,,,,,,,,,,,,,,,,,,,,,,,,,,,,,,,,,,0.85,0.85,0.85,0.85,0.85,0.85,0.85,0.85,0.85,0.85,,,,,,
Coal_Flexibilisation,annual_availability,EAF_55,nuclear_extendable_EAF,%/yr,,,,,,0.9,0.9,0.9,0.9,0.9,0.9,0.9,0.9,0.9,0.9,0.9,0.9,0.9,0.9,0.9,0.9,0.9,0.9,0.9,0.9,0.9,0.9,0.9,0.9,0.9,0.9,0.9,0.9,,,,,,,,,,,,,,,,,,,,,,,,,,,,,,,,,,,,,,,,,,,,,,,0.9,0.9,0.9,0.9,0.9,0.9,0.9,0.9,0.9,0.9,,,,,,
Coal_Flexibilisation,annual_availability,EAF_55,ocgt_diesel_extendable_EAF,%/yr,,,,,,0.95,0.95,0.95,0.95,0.95,0.95,0.95,0.95,0.95,0.95,0.95,0.95,0.95,0.95,0.95,0.95,0.95,0.95,0.95,0.95,0.95,0.95,0.95,0.95,0.95,0.95,0.95,0.95,,,,,,,,,,,,,,,,,,,,,,,,,,,,,,,,,,,,,,,,,,,,,,,0.95,0.95,0.95,0.95,0.95,0.95,0.95,0.95,0.95,0.95,,,,,,
Coal_Flexibilisation,annual_availability,EAF_55,ocgt_diesel_emg_extendable_EAF,%/yr,,,,,,0.95,0.95,0.95,0.95,0.95,0.95,0.95,0.95,0.95,0.95,0.95,0.95,0.95,0.95,0.95,0.95,0.95,0.95,0.95,0.95,0.95,0.95,0.95,0.95,0.95,0.95,0.95,0.95,,,,,,,,,,,,,,,,,,,,,,,,,,,,,,,,,,,,,,,,,,,,,,,0.95,0.95,0.95,0.95,0.95,0.95,0.95,0.95,0.95,0.95,,,,,,
Coal_Flexibilisation,annual_availability,EAF_55,ocgt_gas_extendable_EAF,%/yr,,,,,,0.9,0.9,0.9,0.9,0.9,0.9,0.9,0.9,0.9,0.9,0.9,0.9,0.9,0.9,0.9,0.9,0.9,0.9,0.9,0.9,0.9,0.9,0.9,0.9,0.9,0.9,0.9,0.9,,,,,,,,,,,,,,,,,,,,,,,,,,,,,,,,,,,,,,,,,,,,,,,0.9,0.9,0.9,0.9,0.9,0.9,0.9,0.9,0.9,0.9,,,,,,
Coal_Flexibilisation,annual_availability,EAF_55,ocgt_gas_h2_40_extendable_EAF,%/yr,,,,,,0.9,0.9,0.9,0.9,0.9,0.9,0.9,0.9,0.9,0.9,0.9,0.9,0.9,0.9,0.9,0.9,0.9,0.9,0.95,0.95,0.95,0.95,0.95,0.95,0.95,0.95,0.95,0.95,,,,,,,,,,,,,,,,,,,,,,,,,,,,,,,,,,,,,,,,,,,,,,,0.95,0.95,0.95,0.95,0.95,0.95,0.95,0.95,0.95,0.95,,,,,,
Coal_Flexibilisation,annual_availability,EAF_55,ocgt_gas_h2_45_extendable_EAF,%/yr,,,,,,0.9,0.9,0.9,0.9,0.9,0.9,0.9,0.9,0.9,0.9,0.9,0.9,0.9,0.9,0.9,0.9,0.9,0.9,0.9,0.9,0.9,0.9,0.95,0.95,0.95,0.95,0.95,0.95,,,,,,,,,,,,,,,,,,,,,,,,,,,,,,,,,,,,,,,,,,,,,,,0.95,0.95,0.95,0.95,0.95,0.95,0.95,0.95,0.95,0.95,,,,,,
Coal_Flexibilisation,annual_availability,EAF_55,ocgt_gas_h2_50_extendable_EAF,%/yr,,,,,,0.9,0.9,0.9,0.9,0.9,0.9,0.9,0.9,0.9,0.9,0.9,0.9,0.9,0.9,0.9,0.9,0.9,0.9,0.9,0.9,0.9,0.9,0.9,0.9,0.9,0.9,0.9,0.95,,,,,,,,,,,,,,,,,,,,,,,,,,,,,,,,,,,,,,,,,,,,,,,0.95,0.95,0.95,0.95,0.95,0.95,0.95,0.95,0.95,0.95,,,,,,
Coal_Flexibilisation,annual_availability,EAF_55,ocgt_gas_h2_55_extendable_EAF,%/yr,,,,,,0.9,0.9,0.9,0.9,0.9,0.9,0.9,0.9,0.9,0.9,0.9,0.9,0.9,0.9,0.9,0.9,0.9,0.9,0.9,0.9,0.9,0.9,0.95,0.95,0.95,0.95,0.95,0.95,,,,,,,,,,,,,,,,,,,,,,,,,,,,,,,,,,,,,,,,,,,,,,,0.95,0.95,0.95,0.95,0.95,0.95,0.95,0.95,0.95,0.95,,,,,,
Coal_Flexibilisation,annual_availability,EAF_55,ocgt_gas_h2_60_extendable_EAF,%/yr,,,,,,0.9,0.9,0.9,0.9,0.9,0.9,0.9,0.9,0.9,0.9,0.9,0.9,0.9,0.9,0.9,0.9,0.9,0.9,0.9,0.9,0.9,0.9,0.9,0.9,0.9,0.9,0.9,0.95,,,,,,,,,,,,,,,,,,,,,,,,,,,,,,,,,,,,,,,,,,,,,,,0.95,0.95,0.95,0.95,0.95,0.95,0.95,0.95,0.95,0.95,,,,,,
Coal_Flexibilisation,annual_availability,EAF_55,ccgt_steam_extendable_EAF,%/yr,,,,,,0.9,0.9,0.9,0.9,0.9,0.9,0.9,0.9,0.9,0.9,0.9,0.9,0.9,0.9,0.9,0.9,0.9,0.9,0.9,0.9,0.9,0.9,0.9,0.9,0.9,0.9,0.9,0.9,,,,,,,,,,,,,,,,,,,,,,,,,,,,,,,,,,,,,,,,,,,,,,,0.9,0.9,0.9,0.9,0.9,0.9,0.9,0.9,0.9,0.9,,,,,,
Coal_Flexibilisation,annual_availability,EAF_50,RSA-coal_eskom_high,%/yr,,,,,,0.5,0.5,0.5,0.5,0.5,0.5,0.5,0.5,0.5,0.5,0.5,0.5,0.5,0.5,0.5,0.5,0.5,0.5,0.5,0.5,0.5,0.5,0.5,0.5,0.5,0.5,0.5,0.5,,,,,,,,,,,,,,,,,,,,,,,,,,,,,,,,,,,,,,,,,,,,,,,0.5,0.5,0.5,0.5,0.5,0.5,0.5,0.5,0.5,0.5,,,,,,
Coal_Flexibilisation,annual_availability,EAF_50,RSA-coal_eskom_med,%/yr,,,,,,0.5,0.5,0.5,0.5,0.5,0.5,0.5,0.5,0.5,0.5,0.5,0.5,0.5,0.5,0.5,0.5,0.5,0.5,0.5,0.5,0.5,0.5,0.5,0.5,0.5,0.5,0.5,0.5,,,,,,,,,,,,,,,,,,,,,,,,,,,,,,,,,,,,,,,,,,,,,,,0.5,0.5,0.5,0.5,0.5,0.5,0.5,0.5,0.5,0.5,,,,,,
Coal_Flexibilisation,annual_availability,EAF_50,RSA-coal_eskom_low,%/yr,,,,,,0.5,0.5,0.5,0.5,0.5,0.5,0.5,0.5,0.5,0.5,0.5,0.5,0.5,0.5,0.5,0.5,0.5,0.5,0.5,0.5,0.5,0.5,0.5,0.5,0.5,0.5,0.5,0.5,,,,,,,,,,,,,,,,,,,,,,,,,,,,,,,,,,,,,,,,,,,,,,,0.5,0.5,0.5,0.5,0.5,0.5,0.5,0.5,0.5,0.5,,,,,,
Coal_Flexibilisation,annual_availability,EAF_50,Arnot_EAF,%/yr,,,,,,0.5,0.5,0.5,0.5,0.5,0.5,0.5,0.5,0.5,0.5,0.5,0.5,0.5,0.5,0.5,0.5,0.5,0.5,0.5,0.5,0.5,0.5,0.5,0.5,0.5,0.5,0.5,0.5,,,,,,,,,,,,,,,,,,,,,,,,,,,,,,,,,,,,,,,,,,,,,,,0.5,0.5,0.5,0.5,0.5,0.5,0.5,0.5,0.5,0.5,,,,,,
Coal_Flexibilisation,annual_availability,EAF_50,Camden_EAF,%/yr,,,,,,0.5,0.5,0.5,0.5,0.5,0.5,0.5,0.5,0.5,0.5,0.5,0.5,0.5,0.5,0.5,0.5,0.5,0.5,0.5,0.5,0.5,0.5,0.5,0.5,0.5,0.5,0.5,0.5,,,,,,,,,,,,,,,,,,,,,,,,,,,,,,,,,,,,,,,,,,,,,,,0.5,0.5,0.5,0.5,0.5,0.5,0.5,0.5,0.5,0.5,,,,,,
Coal_Flexibilisation,annual_availability,EAF_50,Duvha_EAF,%/yr,,,,,,0.5,0.5,0.5,0.5,0.5,0.5,0.5,0.5,0.5,0.5,0.5,0.5,0.5,0.5,0.5,0.5,0.5,0.5,0.5,0.5,0.5,0.5,0.5,0.5,0.5,0.5,0.5,0.5,,,,,,,,,,,,,,,,,,,,,,,,,,,,,,,,,,,,,,,,,,,,,,,0.5,0.5,0.5,0.5,0.5,0.5,0.5,0.5,0.5,0.5,,,,,,
Coal_Flexibilisation,annual_availability,EAF_50,Grootvlei_EAF,%/yr,,,,,,0.5,0.5,0.5,0.5,0.5,0.5,0.5,0.5,0.5,0.5,0.5,0.5,0.5,0.5,0.5,0.5,0.5,0.5,0.5,0.5,0.5,0.5,0.5,0.5,0.5,0.5,0.5,0.5,,,,,,,,,,,,,,,,,,,,,,,,,,,,,,,,,,,,,,,,,,,,,,,0.5,0.5,0.5,0.5,0.5,0.5,0.5,0.5,0.5,0.5,,,,,,
Coal_Flexibilisation,annual_availability,EAF_50,Hendrina_EAF,%/yr,,,,,,0.5,0.5,0.5,0.5,0.5,0.5,0.5,0.5,0.5,0.5,0.5,0.5,0.5,0.5,0.5,0.5,0.5,0.5,0.5,0.5,0.5,0.5,0.5,0.5,0.5,0.5,0.5,0.5,,,,,,,,,,,,,,,,,,,,,,,,,,,,,,,,,,,,,,,,,,,,,,,0.5,0.5,0.5,0.5,0.5,0.5,0.5,0.5,0.5,0.5,,,,,,
Coal_Flexibilisation,annual_availability,EAF_50,Kendal_EAF,%/yr,,,,,,0.5,0.5,0.5,0.5,0.5,0.5,0.5,0.5,0.5,0.5,0.5,0.5,0.5,0.5,0.5,0.5,0.5,0.5,0.5,0.5,0.5,0.5,0.5,0.5,0.5,0.5,0.5,0.5,,,,,,,,,,,,,,,,,,,,,,,,,,,,,,,,,,,,,,,,,,,,,,,0.5,0.5,0.5,0.5,0.5,0.5,0.5,0.5,0.5,0.5,,,,,,
Coal_Flexibilisation,annual_availability,EAF_50,Komati_EAF,%/yr,,,,,,0.5,0.5,0.5,0.5,0.5,0.5,0.5,0.5,0.5,0.5,0.5,0.5,0.5,0.5,0.5,0.5,0.5,0.5,0.5,0.5,0.5,0.5,0.5,0.5,0.5,0.5,0.5,0.5,,,,,,,,,,,,,,,,,,,,,,,,,,,,,,,,,,,,,,,,,,,,,,,0.5,0.5,0.5,0.5,0.5,0.5,0.5,0.5,0.5,0.5,,,,,,
Coal_Flexibilisation,annual_availability,EAF_50,Kriel_EAF,%/yr,,,,,,0.5,0.5,0.5,0.5,0.5,0.5,0.5,0.5,0.5,0.5,0.5,0.5,0.5,0.5,0.5,0.5,0.5,0.5,0.5,0.5,0.5,0.5,0.5,0.5,0.5,0.5,0.5,0.5,,,,,,,,,,,,,,,,,,,,,,,,,,,,,,,,,,,,,,,,,,,,,,,0.5,0.5,0.5,0.5,0.5,0.5,0.5,0.5,0.5,0.5,,,,,,
Coal_Flexibilisation,annual_availability,EAF_50,Kusile_EAF,%/yr,,,,,,0.5,0.5,0.5,0.5,0.5,0.5,0.5,0.5,0.5,0.5,0.5,0.5,0.5,0.5,0.5,0.5,0.5,0.5,0.5,0.5,0.5,0.5,0.5,0.5,0.5,0.5,0.5,0.5,,,,,,,,,,,,,,,,,,,,,,,,,,,,,,,,,,,,,,,,,,,,,,,0.5,0.5,0.5,0.5,0.5,0.5,0.5,0.5,0.5,0.5,,,,,,
Coal_Flexibilisation,annual_availability,EAF_50,Lethabo_EAF,%/yr,,,,,,0.5,0.5,0.5,0.5,0.5,0.5,0.5,0.5,0.5,0.5,0.5,0.5,0.5,0.5,0.5,0.5,0.5,0.5,0.5,0.5,0.5,0.5,0.5,0.5,0.5,0.5,0.5,0.5,,,,,,,,,,,,,,,,,,,,,,,,,,,,,,,,,,,,,,,,,,,,,,,0.5,0.5,0.5,0.5,0.5,0.5,0.5,0.5,0.5,0.5,,,,,,
Coal_Flexibilisation,annual_availability,EAF_50,Majuba_EAF,%/yr,,,,,,0.5,0.5,0.5,0.5,0.5,0.5,0.5,0.5,0.5,0.5,0.5,0.5,0.5,0.5,0.5,0.5,0.5,0.5,0.5,0.5,0.5,0.5,0.5,0.5,0.5,0.5,0.5,0.5,,,,,,,,,,,,,,,,,,,,,,,,,,,,,,,,,,,,,,,,,,,,,,,0.5,0.5,0.5,0.5,0.5,0.5,0.5,0.5,0.5,0.5,,,,,,
Coal_Flexibilisation,annual_availability,EAF_50,Matimba_EAF,%/yr,,,,,,0.5,0.5,0.5,0.5,0.5,0.5,0.5,0.5,0.5,0.5,0.5,0.5,0.5,0.5,0.5,0.5,0.5,0.5,0.5,0.5,0.5,0.5,0.5,0.5,0.5,0.5,0.5,0.5,,,,,,,,,,,,,,,,,,,,,,,,,,,,,,,,,,,,,,,,,,,,,,,0.5,0.5,0.5,0.5,0.5,0.5,0.5,0.5,0.5,0.5,,,,,,
Coal_Flexibilisation,annual_availability,EAF_50,Matla_EAF,%/yr,,,,,,0.5,0.5,0.5,0.5,0.5,0.5,0.5,0.5,0.5,0.5,0.5,0.5,0.5,0.5,0.5,0.5,0.5,0.5,0.5,0.5,0.5,0.5,0.5,0.5,0.5,0.5,0.5,0.5,,,,,,,,,,,,,,,,,,,,,,,,,,,,,,,,,,,,,,,,,,,,,,,0.5,0.5,0.5,0.5,0.5,0.5,0.5,0.5,0.5,0.5,,,,,,
Coal_Flexibilisation,annual_availability,EAF_50,Medupi_EAF,%/yr,,,,,,0.5,0.5,0.5,0.5,0.5,0.5,0.5,0.5,0.5,0.5,0.5,0.5,0.5,0.5,0.5,0.5,0.5,0.5,0.5,0.5,0.5,0.5,0.5,0.5,0.5,0.5,0.5,0.5,,,,,,,,,,,,,,,,,,,,,,,,,,,,,,,,,,,,,,,,,,,,,,,0.5,0.5,0.5,0.5,0.5,0.5,0.5,0.5,0.5,0.5,,,,,,
Coal_Flexibilisation,annual_availability,EAF_50,Tutuka_EAF,%/yr,,,,,,0.5,0.5,0.5,0.5,0.5,0.5,0.5,0.5,0.5,0.5,0.5,0.5,0.5,0.5,0.5,0.5,0.5,0.5,0.5,0.5,0.5,0.5,0.5,0.5,0.5,0.5,0.5,0.5,,,,,,,,,,,,,,,,,,,,,,,,,,,,,,,,,,,,,,,,,,,,,,,0.5,0.5,0.5,0.5,0.5,0.5,0.5,0.5,0.5,0.5,,,,,,
Coal_Flexibilisation,annual_availability,EAF_50,Koeberg_EAF,%/yr,,,,,,0.5083,0.4167,0.9333,0.75,0.9583,0.7917,0.875,0.9,0.9,0.9,0.9,0.9,0.9,0.9,0.9,0.9,0.9,0.9,0.9,0.9,0.9,0.9,0.9,0.9,0.9,0.9,0.9,0.9,,,,,,,,,,,,,,,,,,,,,,,,,,,,,,,,,,,,,,,,,,,,,,,0.9,0.9,0.9,0.9,0.9,0.9,0.9,0.9,0.9,0.9,,,,,,
Coal_Flexibilisation,annual_availability,EAF_50,Sasol_coal_EAF,%/yr,,,,,,0.8,0.8,0.8,0.8,0.8,0.8,0.8,0.8,0.8,0.8,0.8,0.8,0.8,0.8,0.8,0.8,0.8,0.8,0.8,0.8,0.8,0.8,0.8,0.8,0.8,0.8,0.8,0.8,,,,,,,,,,,,,,,,,,,,,,,,,,,,,,,,,,,,,,,,,,,,,,,0.8,0.8,0.8,0.8,0.8,0.8,0.8,0.8,0.8,0.8,,,,,,
Coal_Flexibilisation,annual_availability,EAF_50,Kelvin_EAF,%/yr,,,,,,0.8,0.8,0.8,0.8,0.8,0.8,0.8,0.8,0.8,0.8,0.8,0.8,0.8,0.8,0.8,0.8,0.8,0.8,0.8,0.8,0.8,0.8,0.8,0.8,0.8,0.8,0.8,0.8,,,,,,,,,,,,,,,,,,,,,,,,,,,,,,,,,,,,,,,,,,,,,,,0.8,0.8,0.8,0.8,0.8,0.8,0.8,0.8,0.8,0.8,,,,,,
Coal_Flexibilisation,annual_availability,EAF_50,Sasol_ice_EAF,%/yr,,,,,,1.0,1.0,1.0,1.0,1.0,1.0,1.0,1.0,1.0,1.0,1.0,1.0,1.0,1.0,1.0,1.0,1.0,1.0,1.0,1.0,1.0,1.0,1.0,1.0,1.0,1.0,1.0,1.0,,,,,,,,,,,,,,,,,,,,,,,,,,,,,,,,,,,,,,,,,,,,,,,1.0,1.0,1.0,1.0,1.0,1.0,1.0,1.0,1.0,1.0,,,,,,
Coal_Flexibilisation,annual_availability,EAF_50,Sasol_ocgt_EAF,%/yr,,,,,,1.0,1.0,1.0,1.0,1.0,1.0,1.0,1.0,1.0,1.0,1.0,1.0,1.0,1.0,1.0,1.0,1.0,1.0,1.0,1.0,1.0,1.0,1.0,1.0,1.0,1.0,1.0,1.0,,,,,,,,,,,,,,,,,,,,,,,,,,,,,,,,,,,,,,,,,,,,,,,1.0,1.0,1.0,1.0,1.0,1.0,1.0,1.0,1.0,1.0,,,,,,
Coal_Flexibilisation,annual_availability,EAF_50,coal_extendable_EAF,%/yr,,,,,,0.85,0.85,0.85,0.85,0.85,0.85,0.85,0.85,0.85,0.85,0.85,0.85,0.85,0.85,0.85,0.85,0.85,0.85,0.85,0.85,0.85,0.85,0.85,0.85,0.85,0.85,0.85,0.85,,,,,,,,,,,,,,,,,,,,,,,,,,,,,,,,,,,,,,,,,,,,,,,0.85,0.85,0.85,0.85,0.85,0.85,0.85,0.85,0.85,0.85,,,,,,
Coal_Flexibilisation,annual_availability,EAF_50,nuclear_extendable_EAF,%/yr,,,,,,0.9,0.9,0.9,0.9,0.9,0.9,0.9,0.9,0.9,0.9,0.9,0.9,0.9,0.9,0.9,0.9,0.9,0.9,0.9,0.9,0.9,0.9,0.9,0.9,0.9,0.9,0.9,0.9,,,,,,,,,,,,,,,,,,,,,,,,,,,,,,,,,,,,,,,,,,,,,,,0.9,0.9,0.9,0.9,0.9,0.9,0.9,0.9,0.9,0.9,,,,,,
Coal_Flexibilisation,annual_availability,EAF_50,ocgt_diesel_extendable_EAF,%/yr,,,,,,0.95,0.95,0.95,0.95,0.95,0.95,0.95,0.95,0.95,0.95,0.95,0.95,0.95,0.95,0.95,0.95,0.95,0.95,0.95,0.95,0.95,0.95,0.95,0.95,0.95,0.95,0.95,0.95,,,,,,,,,,,,,,,,,,,,,,,,,,,,,,,,,,,,,,,,,,,,,,,0.95,0.95,0.95,0.95,0.95,0.95,0.95,0.95,0.95,0.95,,,,,,
Coal_Flexibilisation,annual_availability,EAF_50,ocgt_diesel_emg_extendable_EAF,%/yr,,,,,,0.95,0.95,0.95,0.95,0.95,0.95,0.95,0.95,0.95,0.95,0.95,0.95,0.95,0.95,0.95,0.95,0.95,0.95,0.95,0.95,0.95,0.95,0.95,0.95,0.95,0.95,0.95,0.95,,,,,,,,,,,,,,,,,,,,,,,,,,,,,,,,,,,,,,,,,,,,,,,0.95,0.95,0.95,0.95,0.95,0.95,0.95,0.95,0.95,0.95,,,,,,
Coal_Flexibilisation,annual_availability,EAF_50,ocgt_gas_extendable_EAF,%/yr,,,,,,0.9,0.9,0.9,0.9,0.9,0.9,0.9,0.9,0.9,0.9,0.9,0.9,0.9,0.9,0.9,0.9,0.9,0.9,0.9,0.9,0.9,0.9,0.9,0.9,0.9,0.9,0.9,0.9,,,,,,,,,,,,,,,,,,,,,,,,,,,,,,,,,,,,,,,,,,,,,,,0.9,0.9,0.9,0.9,0.9,0.9,0.9,0.9,0.9,0.9,,,,,,
Coal_Flexibilisation,annual_availability,EAF_50,ocgt_gas_h2_40_extendable_EAF,%/yr,,,,,,0.9,0.9,0.9,0.9,0.9,0.9,0.9,0.9,0.9,0.9,0.9,0.9,0.9,0.9,0.9,0.9,0.9,0.9,0.95,0.95,0.95,0.95,0.95,0.95,0.95,0.95,0.95,0.95,,,,,,,,,,,,,,,,,,,,,,,,,,,,,,,,,,,,,,,,,,,,,,,0.95,0.95,0.95,0.95,0.95,0.95,0.95,0.95,0.95,0.95,,,,,,
Coal_Flexibilisation,annual_availability,EAF_50,ocgt_gas_h2_45_extendable_EAF,%/yr,,,,,,0.9,0.9,0.9,0.9,0.9,0.9,0.9,0.9,0.9,0.9,0.9,0.9,0.9,0.9,0.9,0.9,0.9,0.9,0.9,0.9,0.9,0.9,0.95,0.95,0.95,0.95,0.95,0.95,,,,,,,,,,,,,,,,,,,,,,,,,,,,,,,,,,,,,,,,,,,,,,,0.95,0.95,0.95,0.95,0.95,0.95,0.95,0.95,0.95,0.95,,,,,,
Coal_Flexibilisation,annual_availability,EAF_50,ocgt_gas_h2_50_extendable_EAF,%/yr,,,,,,0.9,0.9,0.9,0.9,0.9,0.9,0.9,0.9,0.9,0.9,0.9,0.9,0.9,0.9,0.9,0.9,0.9,0.9,0.9,0.9,0.9,0.9,0.9,0.9,0.9,0.9,0.9,0.95,,,,,,,,,,,,,,,,,,,,,,,,,,,,,,,,,,,,,,,,,,,,,,,0.95,0.95,0.95,0.95,0.95,0.95,0.95,0.95,0.95,0.95,,,,,,
Coal_Flexibilisation,annual_availability,EAF_50,ocgt_gas_h2_55_extendable_EAF,%/yr,,,,,,0.9,0.9,0.9,0.9,0.9,0.9,0.9,0.9,0.9,0.9,0.9,0.9,0.9,0.9,0.9,0.9,0.9,0.9,0.9,0.9,0.9,0.9,0.95,0.95,0.95,0.95,0.95,0.95,,,,,,,,,,,,,,,,,,,,,,,,,,,,,,,,,,,,,,,,,,,,,,,0.95,0.95,0.95,0.95,0.95,0.95,0.95,0.95,0.95,0.95,,,,,,
Coal_Flexibilisation,annual_availability,EAF_50,ocgt_gas_h2_60_extendable_EAF,%/yr,,,,,,0.9,0.9,0.9,0.9,0.9,0.9,0.9,0.9,0.9,0.9,0.9,0.9,0.9,0.9,0.9,0.9,0.9,0.9,0.9,0.9,0.9,0.9,0.9,0.9,0.9,0.9,0.9,0.95,,,,,,,,,,,,,,,,,,,,,,,,,,,,,,,,,,,,,,,,,,,,,,,0.95,0.95,0.95,0.95,0.95,0.95,0.95,0.95,0.95,0.95,,,,,,
Coal_Flexibilisation,annual_availability,EAF_50,ccgt_steam_extendable_EAF,%/yr,,,,,,0.9,0.9,0.9,0.9,0.9,0.9,0.9,0.9,0.9,0.9,0.9,0.9,0.9,0.9,0.9,0.9,0.9,0.9,0.9,0.9,0.9,0.9,0.9,0.9,0.9,0.9,0.9,0.9,,,,,,,,,,,,,,,,,,,,,,,,,,,,,,,,,,,,,,,,,,,,,,,0.9,0.9,0.9,0.9,0.9,0.9,0.9,0.9,0.9,0.9,,,,,,
Coal_Flexibilisation,annual_availability,EAF_48,RSA-coal_eskom_high,%/yr,,,,,,0.48,0.48,0.48,0.48,0.48,0.48,0.48,0.48,0.48,0.48,0.48,0.48,0.48,0.48,0.48,0.48,0.48,0.48,0.48,0.48,0.48,0.48,0.48,0.48,0.48,0.48,0.48,0.48,,,,,,,,,,,,,,,,,,,,,,,,,,,,,,,,,,,,,,,,,,,,,,,0.48,0.48,0.48,0.48,0.48,0.48,0.48,0.48,0.48,0.48,,,,,,
Coal_Flexibilisation,annual_availability,EAF_48,RSA-coal_eskom_med,%/yr,,,,,,0.48,0.48,0.48,0.48,0.48,0.48,0.48,0.48,0.48,0.48,0.48,0.48,0.48,0.48,0.48,0.48,0.48,0.48,0.48,0.48,0.48,0.48,0.48,0.48,0.48,0.48,0.48,0.48,,,,,,,,,,,,,,,,,,,,,,,,,,,,,,,,,,,,,,,,,,,,,,,0.48,0.48,0.48,0.48,0.48,0.48,0.48,0.48,0.48,0.48,,,,,,
Coal_Flexibilisation,annual_availability,EAF_48,RSA-coal_eskom_low,%/yr,,,,,,0.48,0.48,0.48,0.48,0.48,0.48,0.48,0.48,0.48,0.48,0.48,0.48,0.48,0.48,0.48,0.48,0.48,0.48,0.48,0.48,0.48,0.48,0.48,0.48,0.48,0.48,0.48,0.48,,,,,,,,,,,,,,,,,,,,,,,,,,,,,,,,,,,,,,,,,,,,,,,0.48,0.48,0.48,0.48,0.48,0.48,0.48,0.48,0.48,0.48,,,,,,
Coal_Flexibilisation,annual_availability,EAF_48,Arnot_EAF,%/yr,,,,,,0.48,0.48,0.48,0.48,0.48,0.48,0.48,0.48,0.48,0.48,0.48,0.48,0.48,0.48,0.48,0.48,0.48,0.48,0.48,0.48,0.48,0.48,0.48,0.48,0.48,0.48,0.48,0.48,,,,,,,,,,,,,,,,,,,,,,,,,,,,,,,,,,,,,,,,,,,,,,,0.48,0.48,0.48,0.48,0.48,0.48,0.48,0.48,0.48,0.48,,,,,,
Coal_Flexibilisation,annual_availability,EAF_48,Camden_EAF,%/yr,,,,,,0.48,0.48,0.48,0.48,0.48,0.48,0.48,0.48,0.48,0.48,0.48,0.48,0.48,0.48,0.48,0.48,0.48,0.48,0.48,0.48,0.48,0.48,0.48,0.48,0.48,0.48,0.48,0.48,,,,,,,,,,,,,,,,,,,,,,,,,,,,,,,,,,,,,,,,,,,,,,,0.48,0.48,0.48,0.48,0.48,0.48,0.48,0.48,0.48,0.48,,,,,,
Coal_Flexibilisation,annual_availability,EAF_48,Duvha_EAF,%/yr,,,,,,0.48,0.48,0.48,0.48,0.48,0.48,0.48,0.48,0.48,0.48,0.48,0.48,0.48,0.48,0.48,0.48,0.48,0.48,0.48,0.48,0.48,0.48,0.48,0.48,0.48,0.48,0.48,0.48,,,,,,,,,,,,,,,,,,,,,,,,,,,,,,,,,,,,,,,,,,,,,,,0.48,0.48,0.48,0.48,0.48,0.48,0.48,0.48,0.48,0.48,,,,,,
Coal_Flexibilisation,annual_availability,EAF_48,Grootvlei_EAF,%/yr,,,,,,0.48,0.48,0.48,0.48,0.48,0.48,0.48,0.48,0.48,0.48,0.48,0.48,0.48,0.48,0.48,0.48,0.48,0.48,0.48,0.48,0.48,0.48,0.48,0.48,0.48,0.48,0.48,0.48,,,,,,,,,,,,,,,,,,,,,,,,,,,,,,,,,,,,,,,,,,,,,,,0.48,0.48,0.48,0.48,0.48,0.48,0.48,0.48,0.48,0.48,,,,,,
Coal_Flexibilisation,annual_availability,EAF_48,Hendrina_EAF,%/yr,,,,,,0.48,0.48,0.48,0.48,0.48,0.48,0.48,0.48,0.48,0.48,0.48,0.48,0.48,0.48,0.48,0.48,0.48,0.48,0.48,0.48,0.48,0.48,0.48,0.48,0.48,0.48,0.48,0.48,,,,,,,,,,,,,,,,,,,,,,,,,,,,,,,,,,,,,,,,,,,,,,,0.48,0.48,0.48,0.48,0.48,0.48,0.48,0.48,0.48,0.48,,,,,,
Coal_Flexibilisation,annual_availability,EAF_48,Kendal_EAF,%/yr,,,,,,0.48,0.48,0.48,0.48,0.48,0.48,0.48,0.48,0.48,0.48,0.48,0.48,0.48,0.48,0.48,0.48,0.48,0.48,0.48,0.48,0.48,0.48,0.48,0.48,0.48,0.48,0.48,0.48,,,,,,,,,,,,,,,,,,,,,,,,,,,,,,,,,,,,,,,,,,,,,,,0.48,0.48,0.48,0.48,0.48,0.48,0.48,0.48,0.48,0.48,,,,,,
Coal_Flexibilisation,annual_availability,EAF_48,Komati_EAF,%/yr,,,,,,0.48,0.48,0.48,0.48,0.48,0.48,0.48,0.48,0.48,0.48,0.48,0.48,0.48,0.48,0.48,0.48,0.48,0.48,0.48,0.48,0.48,0.48,0.48,0.48,0.48,0.48,0.48,0.48,,,,,,,,,,,,,,,,,,,,,,,,,,,,,,,,,,,,,,,,,,,,,,,0.48,0.48,0.48,0.48,0.48,0.48,0.48,0.48,0.48,0.48,,,,,,
Coal_Flexibilisation,annual_availability,EAF_48,Kriel_EAF,%/yr,,,,,,0.48,0.48,0.48,0.48,0.48,0.48,0.48,0.48,0.48,0.48,0.48,0.48,0.48,0.48,0.48,0.48,0.48,0.48,0.48,0.48,0.48,0.48,0.48,0.48,0.48,0.48,0.48,0.48,,,,,,,,,,,,,,,,,,,,,,,,,,,,,,,,,,,,,,,,,,,,,,,0.48,0.48,0.48,0.48,0.48,0.48,0.48,0.48,0.48,0.48,,,,,,
Coal_Flexibilisation,annual_availability,EAF_48,Kusile_EAF,%/yr,,,,,,0.48,0.48,0.48,0.48,0.48,0.48,0.48,0.48,0.48,0.48,0.48,0.48,0.48,0.48,0.48,0.48,0.48,0.48,0.48,0.48,0.48,0.48,0.48,0.48,0.48,0.48,0.48,0.48,,,,,,,,,,,,,,,,,,,,,,,,,,,,,,,,,,,,,,,,,,,,,,,0.48,0.48,0.48,0.48,0.48,0.48,0.48,0.48,0.48,0.48,,,,,,
Coal_Flexibilisation,annual_availability,EAF_48,Lethabo_EAF,%/yr,,,,,,0.48,0.48,0.48,0.48,0.48,0.48,0.48,0.48,0.48,0.48,0.48,0.48,0.48,0.48,0.48,0.48,0.48,0.48,0.48,0.48,0.48,0.48,0.48,0.48,0.48,0.48,0.48,0.48,,,,,,,,,,,,,,,,,,,,,,,,,,,,,,,,,,,,,,,,,,,,,,,0.48,0.48,0.48,0.48,0.48,0.48,0.48,0.48,0.48,0.48,,,,,,
Coal_Flexibilisation,annual_availability,EAF_48,Majuba_EAF,%/yr,,,,,,0.48,0.48,0.48,0.48,0.48,0.48,0.48,0.48,0.48,0.48,0.48,0.48,0.48,0.48,0.48,0.48,0.48,0.48,0.48,0.48,0.48,0.48,0.48,0.48,0.48,0.48,0.48,0.48,,,,,,,,,,,,,,,,,,,,,,,,,,,,,,,,,,,,,,,,,,,,,,,0.48,0.48,0.48,0.48,0.48,0.48,0.48,0.48,0.48,0.48,,,,,,
Coal_Flexibilisation,annual_availability,EAF_48,Matimba_EAF,%/yr,,,,,,0.48,0.48,0.48,0.48,0.48,0.48,0.48,0.48,0.48,0.48,0.48,0.48,0.48,0.48,0.48,0.48,0.48,0.48,0.48,0.48,0.48,0.48,0.48,0.48,0.48,0.48,0.48,0.48,,,,,,,,,,,,,,,,,,,,,,,,,,,,,,,,,,,,,,,,,,,,,,,0.48,0.48,0.48,0.48,0.48,0.48,0.48,0.48,0.48,0.48,,,,,,
Coal_Flexibilisation,annual_availability,EAF_48,Matla_EAF,%/yr,,,,,,0.48,0.48,0.48,0.48,0.48,0.48,0.48,0.48,0.48,0.48,0.48,0.48,0.48,0.48,0.48,0.48,0.48,0.48,0.48,0.48,0.48,0.48,0.48,0.48,0.48,0.48,0.48,0.48,,,,,,,,,,,,,,,,,,,,,,,,,,,,,,,,,,,,,,,,,,,,,,,0.48,0.48,0.48,0.48,0.48,0.48,0.48,0.48,0.48,0.48,,,,,,
Coal_Flexibilisation,annual_availability,EAF_48,Medupi_EAF,%/yr,,,,,,0.48,0.48,0.48,0.48,0.48,0.48,0.48,0.48,0.48,0.48,0.48,0.48,0.48,0.48,0.48,0.48,0.48,0.48,0.48,0.48,0.48,0.48,0.48,0.48,0.48,0.48,0.48,0.48,,,,,,,,,,,,,,,,,,,,,,,,,,,,,,,,,,,,,,,,,,,,,,,0.48,0.48,0.48,0.48,0.48,0.48,0.48,0.48,0.48,0.48,,,,,,
Coal_Flexibilisation,annual_availability,EAF_48,Tutuka_EAF,%/yr,,,,,,0.48,0.48,0.48,0.48,0.48,0.48,0.48,0.48,0.48,0.48,0.48,0.48,0.48,0.48,0.48,0.48,0.48,0.48,0.48,0.48,0.48,0.48,0.48,0.48,0.48,0.48,0.48,0.48,,,,,,,,,,,,,,,,,,,,,,,,,,,,,,,,,,,,,,,,,,,,,,,0.48,0.48,0.48,0.48,0.48,0.48,0.48,0.48,0.48,0.48,,,,,,
Coal_Flexibilisation,annual_availability,EAF_48,Koeberg_EAF,%/yr,,,,,,0.5083,0.4167,0.9333,0.75,0.9583,0.7917,0.875,0.9,0.9,0.9,0.9,0.9,0.9,0.9,0.9,0.9,0.9,0.9,0.9,0.9,0.9,0.9,0.9,0.9,0.9,0.9,0.9,0.9,,,,,,,,,,,,,,,,,,,,,,,,,,,,,,,,,,,,,,,,,,,,,,,0.9,0.9,0.9,0.9,0.9,0.9,0.9,0.9,0.9,0.9,,,,,,
Coal_Flexibilisation,annual_availability,EAF_48,Sasol_coal_EAF,%/yr,,,,,,0.8,0.8,0.8,0.8,0.8,0.8,0.8,0.8,0.8,0.8,0.8,0.8,0.8,0.8,0.8,0.8,0.8,0.8,0.8,0.8,0.8,0.8,0.8,0.8,0.8,0.8,0.8,0.8,,,,,,,,,,,,,,,,,,,,,,,,,,,,,,,,,,,,,,,,,,,,,,,0.8,0.8,0.8,0.8,0.8,0.8,0.8,0.8,0.8,0.8,,,,,,
Coal_Flexibilisation,annual_availability,EAF_48,Kelvin_EAF,%/yr,,,,,,0.8,0.8,0.8,0.8,0.8,0.8,0.8,0.8,0.8,0.8,0.8,0.8,0.8,0.8,0.8,0.8,0.8,0.8,0.8,0.8,0.8,0.8,0.8,0.8,0.8,0.8,0.8,0.8,,,,,,,,,,,,,,,,,,,,,,,,,,,,,,,,,,,,,,,,,,,,,,,0.8,0.8,0.8,0.8,0.8,0.8,0.8,0.8,0.8,0.8,,,,,,
Coal_Flexibilisation,annual_availability,EAF_48,Sasol_ice_EAF,%/yr,,,,,,1.0,1.0,1.0,1.0,1.0,1.0,1.0,1.0,1.0,1.0,1.0,1.0,1.0,1.0,1.0,1.0,1.0,1.0,1.0,1.0,1.0,1.0,1.0,1.0,1.0,1.0,1.0,1.0,,,,,,,,,,,,,,,,,,,,,,,,,,,,,,,,,,,,,,,,,,,,,,,1.0,1.0,1.0,1.0,1.0,1.0,1.0,1.0,1.0,1.0,,,,,,
Coal_Flexibilisation,annual_availability,EAF_48,Sasol_ocgt_EAF,%/yr,,,,,,1.0,1.0,1.0,1.0,1.0,1.0,1.0,1.0,1.0,1.0,1.0,1.0,1.0,1.0,1.0,1.0,1.0,1.0,1.0,1.0,1.0,1.0,1.0,1.0,1.0,1.0,1.0,1.0,,,,,,,,,,,,,,,,,,,,,,,,,,,,,,,,,,,,,,,,,,,,,,,1.0,1.0,1.0,1.0,1.0,1.0,1.0,1.0,1.0,1.0,,,,,,
Coal_Flexibilisation,annual_availability,EAF_48,coal_extendable_EAF,%/yr,,,,,,0.85,0.85,0.85,0.85,0.85,0.85,0.85,0.85,0.85,0.85,0.85,0.85,0.85,0.85,0.85,0.85,0.85,0.85,0.85,0.85,0.85,0.85,0.85,0.85,0.85,0.85,0.85,0.85,,,,,,,,,,,,,,,,,,,,,,,,,,,,,,,,,,,,,,,,,,,,,,,0.85,0.85,0.85,0.85,0.85,0.85,0.85,0.85,0.85,0.85,,,,,,
Coal_Flexibilisation,annual_availability,EAF_48,nuclear_extendable_EAF,%/yr,,,,,,0.9,0.9,0.9,0.9,0.9,0.9,0.9,0.9,0.9,0.9,0.9,0.9,0.9,0.9,0.9,0.9,0.9,0.9,0.9,0.9,0.9,0.9,0.9,0.9,0.9,0.9,0.9,0.9,,,,,,,,,,,,,,,,,,,,,,,,,,,,,,,,,,,,,,,,,,,,,,,0.9,0.9,0.9,0.9,0.9,0.9,0.9,0.9,0.9,0.9,,,,,,
Coal_Flexibilisation,annual_availability,EAF_48,ocgt_diesel_extendable_EAF,%/yr,,,,,,0.95,0.95,0.95,0.95,0.95,0.95,0.95,0.95,0.95,0.95,0.95,0.95,0.95,0.95,0.95,0.95,0.95,0.95,0.95,0.95,0.95,0.95,0.95,0.95,0.95,0.95,0.95,0.95,,,,,,,,,,,,,,,,,,,,,,,,,,,,,,,,,,,,,,,,,,,,,,,0.95,0.95,0.95,0.95,0.95,0.95,0.95,0.95,0.95,0.95,,,,,,
Coal_Flexibilisation,annual_availability,EAF_48,ocgt_diesel_emg_extendable_EAF,%/yr,,,,,,0.95,0.95,0.95,0.95,0.95,0.95,0.95,0.95,0.95,0.95,0.95,0.95,0.95,0.95,0.95,0.95,0.95,0.95,0.95,0.95,0.95,0.95,0.95,0.95,0.95,0.95,0.95,0.95,,,,,,,,,,,,,,,,,,,,,,,,,,,,,,,,,,,,,,,,,,,,,,,0.95,0.95,0.95,0.95,0.95,0.95,0.95,0.95,0.95,0.95,,,,,,
Coal_Flexibilisation,annual_availability,EAF_48,ocgt_gas_extendable_EAF,%/yr,,,,,,0.9,0.9,0.9,0.9,0.9,0.9,0.9,0.9,0.9,0.9,0.9,0.9,0.9,0.9,0.9,0.9,0.9,0.9,0.9,0.9,0.9,0.9,0.9,0.9,0.9,0.9,0.9,0.9,,,,,,,,,,,,,,,,,,,,,,,,,,,,,,,,,,,,,,,,,,,,,,,0.9,0.9,0.9,0.9,0.9,0.9,0.9,0.9,0.9,0.9,,,,,,
Coal_Flexibilisation,annual_availability,EAF_48,ocgt_gas_h2_40_extendable_EAF,%/yr,,,,,,0.9,0.9,0.9,0.9,0.9,0.9,0.9,0.9,0.9,0.9,0.9,0.9,0.9,0.9,0.9,0.9,0.9,0.9,0.95,0.95,0.95,0.95,0.95,0.95,0.95,0.95,0.95,0.95,,,,,,,,,,,,,,,,,,,,,,,,,,,,,,,,,,,,,,,,,,,,,,,0.95,0.95,0.95,0.95,0.95,0.95,0.95,0.95,0.95,0.95,,,,,,
Coal_Flexibilisation,annual_availability,EAF_48,ocgt_gas_h2_45_extendable_EAF,%/yr,,,,,,0.9,0.9,0.9,0.9,0.9,0.9,0.9,0.9,0.9,0.9,0.9,0.9,0.9,0.9,0.9,0.9,0.9,0.9,0.9,0.9,0.9,0.9,0.95,0.95,0.95,0.95,0.95,0.95,,,,,,,,,,,,,,,,,,,,,,,,,,,,,,,,,,,,,,,,,,,,,,,0.95,0.95,0.95,0.95,0.95,0.95,0.95,0.95,0.95,0.95,,,,,,
Coal_Flexibilisation,annual_availability,EAF_48,ocgt_gas_h2_50_extendable_EAF,%/yr,,,,,,0.9,0.9,0.9,0.9,0.9,0.9,0.9,0.9,0.9,0.9,0.9,0.9,0.9,0.9,0.9,0.9,0.9,0.9,0.9,0.9,0.9,0.9,0.9,0.9,0.9,0.9,0.9,0.95,,,,,,,,,,,,,,,,,,,,,,,,,,,,,,,,,,,,,,,,,,,,,,,0.95,0.95,0.95,0.95,0.95,0.95,0.95,0.95,0.95,0.95,,,,,,
Coal_Flexibilisation,annual_availability,EAF_48,ocgt_gas_h2_55_extendable_EAF,%/yr,,,,,,0.9,0.9,0.9,0.9,0.9,0.9,0.9,0.9,0.9,0.9,0.9,0.9,0.9,0.9,0.9,0.9,0.9,0.9,0.9,0.9,0.9,0.9,0.95,0.95,0.95,0.95,0.95,0.95,,,,,,,,,,,,,,,,,,,,,,,,,,,,,,,,,,,,,,,,,,,,,,,0.95,0.95,0.95,0.95,0.95,0.95,0.95,0.95,0.95,0.95,,,,,,
Coal_Flexibilisation,annual_availability,EAF_48,ocgt_gas_h2_60_extendable_EAF,%/yr,,,,,,0.9,0.9,0.9,0.9,0.9,0.9,0.9,0.9,0.9,0.9,0.9,0.9,0.9,0.9,0.9,0.9,0.9,0.9,0.9,0.9,0.9,0.9,0.9,0.9,0.9,0.9,0.9,0.95,,,,,,,,,,,,,,,,,,,,,,,,,,,,,,,,,,,,,,,,,,,,,,,0.95,0.95,0.95,0.95,0.95,0.95,0.95,0.95,0.95,0.95,,,,,,
Coal_Flexibilisation,annual_availability,EAF_48,ccgt_steam_extendable_EAF,%/yr,,,,,,0.9,0.9,0.9,0.9,0.9,0.9,0.9,0.9,0.9,0.9,0.9,0.9,0.9,0.9,0.9,0.9,0.9,0.9,0.9,0.9,0.9,0.9,0.9,0.9,0.9,0.9,0.9,0.9,,,,,,,,,,,,,,,,,,,,,,,,,,,,,,,,,,,,,,,,,,,,,,,0.9,0.9,0.9,0.9,0.9,0.9,0.9,0.9,0.9,0.9,,,,,,
Coal_Flexibilisation,outage_profiles,,,,,,,,,,,,,,,,,,,,,,,,,,,,,,,,,,,,,scenario,type,week,RSA-coal_eskom_low,RSA-coal_eskom_med,RSA-coal_eskom_high,Arnot,Camden,Duvha,Grootvlei,Hendrina,Kendal,Komati,Kriel,Kusile,Lethabo,Majuba,Matimba,Matla,Medupi,Tutuka,Koeberg,Drakensberg,Ingula,Palmiet,Gariep,Vanderkloof,Acacia,Ankerlig,Gourikwa,PortRex,Kelvin,Sasol_coal,Avon,Dedisa,coal,Sasol_ocgt,Steenbras,,nuclear,ocgt_diesel,ocgt_diesel_emg,ocgt_gas,ocgt_gas_h2_40,ocgt_gas_h2_45,,,,,,,,,,,,Sasol_ice,ocgt_gas_h2_50,ocgt_gas_h2_55,ocgt_gas_h2_60,ccgt_steam,hydro
Coal_Flexibilisation,outage_profiles,,,,,,,,,,,,,,,,,,,,,,,,,,,,,,,,,,,,,BASE,planned,1,0.144448346227856,0.144448346227856,0.144448346227856,0.144448346227856,0.144448346227856,0.144448346227856,0.144448346227856,0.144448346227856,0.144448346227856,0.144448346227856,0.144448346227856,0.144448346227856,0.144448346227856,0.144448346227856,0.144448346227856,0.144448346227856,0.144448346227856,0.144448346227856,0,0,0,0,0,0,0,0,0,0,0,0,0,0,0.144448346227856,0,0,,0.1,0,0,0,0,0,,,,,,,,,,,,0,0,0,0,0,0
Coal_Flexibilisation,outage_profiles,,,,,,,,,,,,,,,,,,,,,,,,,,,,,,,,,,,,,BASE,planned,2,0.133671010589736,0.133671010589736,0.133671010589736,0.133671010589736,0.133671010589736,0.133671010589736,0.133671010589736,0.133671010589736,0.133671010589736,0.133671010589736,0.133671010589736,0.133671010589736,0.133671010589736,0.133671010589736,0.133671010589736,0.133671010589736,0.133671010589736,0.133671010589736,0,0,0,0,0,0,0,0,0,0,0,0,0,0,0.133671010589736,0,0,,0.1,0,0,0,0,0,,,,,,,,,,,,0,0,0,0,0,0
Coal_Flexibilisation,outage_profiles,,,,,,,,,,,,,,,,,,,,,,,,,,,,,,,,,,,,,BASE,planned,3,0.136173770644453,0.136173770644453,0.136173770644453,0.136173770644453,0.136173770644453,0.136173770644453,0.136173770644453,0.136173770644453,0.136173770644453,0.136173770644453,0.136173770644453,0.136173770644453,0.136173770644453,0.136173770644453,0.136173770644453,0.136173770644453,0.136173770644453,0.136173770644453,0,0,0,0,0,0,0,0,0,0,0,0,0,0,0.136173770644453,0,0,,0.1,0,0,0,0,0,,,,,,,,,,,,0,0,0,0,0,0
Coal_Flexibilisation,outage_profiles,,,,,,,,,,,,,,,,,,,,,,,,,,,,,,,,,,,,,BASE,planned,4,0.120281708321794,0.120281708321794,0.120281708321794,0.120281708321794,0.120281708321794,0.120281708321794,0.120281708321794,0.120281708321794,0.120281708321794,0.120281708321794,0.120281708321794,0.120281708321794,0.120281708321794,0.120281708321794,0.120281708321794,0.120281708321794,0.120281708321794,0.120281708321794,0,0,0,0,0,0,0,0,0,0,0,0,0,0,0.120281708321794,0,0,,0.1,0,0,0,0,0,,,,,,,,,,,,0,0,0,0,0,0
Coal_Flexibilisation,outage_profiles,,,,,,,,,,,,,,,,,,,,,,,,,,,,,,,,,,,,,BASE,planned,5,0.115028277697044,0.115028277697044,0.115028277697044,0.115028277697044,0.115028277697044,0.115028277697044,0.115028277697044,0.115028277697044,0.115028277697044,0.115028277697044,0.115028277697044,0.115028277697044,0.115028277697044,0.115028277697044,0.115028277697044,0.115028277697044,0.115028277697044,0.115028277697044,0,0,0,0,0,0,0,0,0,0,0,0,0,0,0.115028277697044,0,0,,0.1,0,0,0,0,0,,,,,,,,,,,,0,0,0,0,0,0
Coal_Flexibilisation,outage_profiles,,,,,,,,,,,,,,,,,,,,,,,,,,,,,,,,,,,,,BASE,planned,6,0.128043894987818,0.128043894987818,0.128043894987818,0.128043894987818,0.128043894987818,0.128043894987818,0.128043894987818,0.128043894987818,0.128043894987818,0.128043894987818,0.128043894987818,0.128043894987818,0.128043894987818,0.128043894987818,0.128043894987818,0.128043894987818,0.128043894987818,0.128043894987818,0,0,0,0,0,0,0,0,0,0,0,0,0,0,0.128043894987818,0,0,,0.1,0,0,0,0,0,,,,,,,,,,,,0,0,0,0,0,0
Coal_Flexibilisation,outage_profiles,,,,,,,,,,,,,,,,,,,,,,,,,,,,,,,,,,,,,BASE,planned,7,0.127008896492344,0.127008896492344,0.127008896492344,0.127008896492344,0.127008896492344,0.127008896492344,0.127008896492344,0.127008896492344,0.127008896492344,0.127008896492344,0.127008896492344,0.127008896492344,0.127008896492344,0.127008896492344,0.127008896492344,0.127008896492344,0.127008896492344,0.127008896492344,0,0,0,0,0,0,0,0,0,0,0,0,0,0,0.127008896492344,0,0,,0.1,0,0,0,0,0,,,,,,,,,,,,0,0,0,0,0,0
Coal_Flexibilisation,outage_profiles,,,,,,,,,,,,,,,,,,,,,,,,,,,,,,,,,,,,,BASE,planned,8,0.112240222929596,0.112240222929596,0.112240222929596,0.112240222929596,0.112240222929596,0.112240222929596,0.112240222929596,0.112240222929596,0.112240222929596,0.112240222929596,0.112240222929596,0.112240222929596,0.112240222929596,0.112240222929596,0.112240222929596,0.112240222929596,0.112240222929596,0.112240222929596,0,0,0,0,0,0,0,0,0,0,0,0,0,0,0.112240222929596,0,0,,0.1,0,0,0,0,0,,,,,,,,,,,,0,0,0,0,0,0
Coal_Flexibilisation,outage_profiles,,,,,,,,,,,,,,,,,,,,,,,,,,,,,,,,,,,,,BASE,planned,9,0.10482444753816,0.10482444753816,0.10482444753816,0.10482444753816,0.10482444753816,0.10482444753816,0.10482444753816,0.10482444753816,0.10482444753816,0.10482444753816,0.10482444753816,0.10482444753816,0.10482444753816,0.10482444753816,0.10482444753816,0.10482444753816,0.10482444753816,0.10482444753816,0,0,0,0,0,0,0,0,0,0,0,0,0,0,0.10482444753816,0,0,,0.1,0,0,0,0,0,,,,,,,,,,,,0,0,0,0,0,0
Coal_Flexibilisation,outage_profiles,,,,,,,,,,,,,,,,,,,,,,,,,,,,,,,,,,,,,BASE,planned,10,0.0929198862527063,0.0929198862527063,0.0929198862527063,0.0929198862527063,0.0929198862527063,0.0929198862527063,0.0929198862527063,0.0929198862527063,0.0929198862527063,0.0929198862527063,0.0929198862527063,0.0929198862527063,0.0929198862527063,0.0929198862527063,0.0929198862527063,0.0929198862527063,0.0929198862527063,0.0929198862527063,0,0,0,0,0,0,0,0,0,0,0,0,0,0,0.0929198862527063,0,0,,0.1,0,0,0,0,0,,,,,,,,,,,,0,0,0,0,0,0
Coal_Flexibilisation,outage_profiles,,,,,,,,,,,,,,,,,,,,,,,,,,,,,,,,,,,,,BASE,planned,11,0.120792247439271,0.120792247439271,0.120792247439271,0.120792247439271,0.120792247439271,0.120792247439271,0.120792247439271,0.120792247439271,0.120792247439271,0.120792247439271,0.120792247439271,0.120792247439271,0.120792247439271,0.120792247439271,0.120792247439271,0.120792247439271,0.120792247439271,0.120792247439271,0,0,0,0,0,0,0,0,0,0,0,0,0,0,0.120792247439271,0,0,,0.1,0,0,0,0,0,,,,,,,,,,,,0,0,0,0,0,0
Coal_Flexibilisation,outage_profiles,,,,,,,,,,,,,,,,,,,,,,,,,,,,,,,,,,,,,BASE,planned,12,0.140292722474832,0.140292722474832,0.140292722474832,0.140292722474832,0.140292722474832,0.140292722474832,0.140292722474832,0.140292722474832,0.140292722474832,0.140292722474832,0.140292722474832,0.140292722474832,0.140292722474832,0.140292722474832,0.140292722474832,0.140292722474832,0.140292722474832,0.140292722474832,0,0,0,0,0,0,0,0,0,0,0,0,0,0,0.140292722474832,0,0,,0.1,0,0,0,0,0,,,,,,,,,,,,0,0,0,0,0,0
Coal_Flexibilisation,outage_profiles,,,,,,,,,,,,,,,,,,,,,,,,,,,,,,,,,,,,,BASE,planned,13,0.121933104149519,0.121933104149519,0.121933104149519,0.121933104149519,0.121933104149519,0.121933104149519,0.121933104149519,0.121933104149519,0.121933104149519,0.121933104149519,0.121933104149519,0.121933104149519,0.121933104149519,0.121933104149519,0.121933104149519,0.121933104149519,0.121933104149519,0.121933104149519,0,0,0,0,0,0,0,0,0,0,0,0,0,0,0.121933104149519,0,0,,0.1,0,0,0,0,0,,,,,,,,,,,,0,0,0,0,0,0
Coal_Flexibilisation,outage_profiles,,,,,,,,,,,,,,,,,,,,,,,,,,,,,,,,,,,,,BASE,planned,14,0.141960897240234,0.141960897240234,0.141960897240234,0.141960897240234,0.141960897240234,0.141960897240234,0.141960897240234,0.141960897240234,0.141960897240234,0.141960897240234,0.141960897240234,0.141960897240234,0.141960897240234,0.141960897240234,0.141960897240234,0.141960897240234,0.141960897240234,0.141960897240234,0,0,0,0,0,0,0,0,0,0,0,0,0,0,0.141960897240234,0,0,,0.1,0,0,0,0,0,,,,,,,,,,,,0,0,0,0,0,0
Coal_Flexibilisation,outage_profiles,,,,,,,,,,,,,,,,,,,,,,,,,,,,,,,,,,,,,BASE,planned,15,0.128134168937135,0.128134168937135,0.128134168937135,0.128134168937135,0.128134168937135,0.128134168937135,0.128134168937135,0.128134168937135,0.128134168937135,0.128134168937135,0.128134168937135,0.128134168937135,0.128134168937135,0.128134168937135,0.128134168937135,0.128134168937135,0.128134168937135,0.128134168937135,0,0,0,0,0,0,0,0,0,0,0,0,0,0,0.128134168937135,0,0,,0.1,0,0,0,0,0,,,,,,,,,,,,0,0,0,0,0,0
Coal_Flexibilisation,outage_profiles,,,,,,,,,,,,,,,,,,,,,,,,,,,,,,,,,,,,,BASE,planned,16,0.142108365804791,0.142108365804791,0.142108365804791,0.142108365804791,0.142108365804791,0.142108365804791,0.142108365804791,0.142108365804791,0.142108365804791,0.142108365804791,0.142108365804791,0.142108365804791,0.142108365804791,0.142108365804791,0.142108365804791,0.142108365804791,0.142108365804791,0.142108365804791,0,0,0,0,0,0,0,0,0,0,0,0,0,0,0.142108365804791,0,0,,0.1,0,0,0,0,0,,,,,,,,,,,,0,0,0,0,0,0
Coal_Flexibilisation,outage_profiles,,,,,,,,,,,,,,,,,,,,,,,,,,,,,,,,,,,,,BASE,planned,17,0.1007295720618,0.1007295720618,0.1007295720618,0.1007295720618,0.1007295720618,0.1007295720618,0.1007295720618,0.1007295720618,0.1007295720618,0.1007295720618,0.1007295720618,0.1007295720618,0.1007295720618,0.1007295720618,0.1007295720618,0.1007295720618,0.1007295720618,0.1007295720618,0,0,0,0,0,0,0,0,0,0,0,0,0,0,0.1007295720618,0,0,,0.1,0,0,0,0,0,,,,,,,,,,,,0,0,0,0,0,0
Coal_Flexibilisation,outage_profiles,,,,,,,,,,,,,,,,,,,,,,,,,,,,,,,,,,,,,BASE,planned,18,0.106006055140041,0.106006055140041,0.106006055140041,0.106006055140041,0.106006055140041,0.106006055140041,0.106006055140041,0.106006055140041,0.106006055140041,0.106006055140041,0.106006055140041,0.106006055140041,0.106006055140041,0.106006055140041,0.106006055140041,0.106006055140041,0.106006055140041,0.106006055140041,0,0,0,0,0,0,0,0,0,0,0,0,0,0,0.106006055140041,0,0,,0.1,0,0,0,0,0,,,,,,,,,,,,0,0,0,0,0,0
Coal_Flexibilisation,outage_profiles,,,,,,,,,,,,,,,,,,,,,,,,,,,,,,,,,,,,,BASE,planned,19,0.0953305255022937,0.0953305255022937,0.0953305255022937,0.0953305255022937,0.0953305255022937,0.0953305255022937,0.0953305255022937,0.0953305255022937,0.0953305255022937,0.0953305255022937,0.0953305255022937,0.0953305255022937,0.0953305255022937,0.0953305255022937,0.0953305255022937,0.0953305255022937,0.0953305255022937,0.0953305255022937,0,0,0,0,0,0,0,0,0,0,0,0,0,0,0.0953305255022937,0,0,,0.1,0,0,0,0,0,,,,,,,,,,,,0,0,0,0,0,0
Coal_Flexibilisation,outage_profiles,,,,,,,,,,,,,,,,,,,,,,,,,,,,,,,,,,,,,BASE,planned,20,0.0863862285112283,0.0863862285112283,0.0863862285112283,0.0863862285112283,0.0863862285112283,0.0863862285112283,0.0863862285112283,0.0863862285112283,0.0863862285112283,0.0863862285112283,0.0863862285112283,0.0863862285112283,0.0863862285112283,0.0863862285112283,0.0863862285112283,0.0863862285112283,0.0863862285112283,0.0863862285112283,0,0,0,0,0,0,0,0,0,0,0,0,0,0,0.0863862285112283,0,0,,0.1,0,0,0,0,0,,,,,,,,,,,,0,0,0,0,0,0
Coal_Flexibilisation,outage_profiles,,,,,,,,,,,,,,,,,,,,,,,,,,,,,,,,,,,,,BASE,planned,21,0.105572782745234,0.105572782745234,0.105572782745234,0.105572782745234,0.105572782745234,0.105572782745234,0.105572782745234,0.105572782745234,0.105572782745234,0.105572782745234,0.105572782745234,0.105572782745234,0.105572782745234,0.105572782745234,0.105572782745234,0.105572782745234,0.105572782745234,0.105572782745234,0,0,0,0,0,0,0,0,0,0,0,0,0,0,0.105572782745234,0,0,,0.1,0,0,0,0,0,,,,,,,,,,,,0,0,0,0,0,0
Coal_Flexibilisation,outage_profiles,,,,,,,,,,,,,,,,,,,,,,,,,,,,,,,,,,,,,BASE,planned,22,0.0815602003819963,0.0815602003819963,0.0815602003819963,0.0815602003819963,0.0815602003819963,0.0815602003819963,0.0815602003819963,0.0815602003819963,0.0815602003819963,0.0815602003819963,0.0815602003819963,0.0815602003819963,0.0815602003819963,0.0815602003819963,0.0815602003819963,0.0815602003819963,0.0815602003819963,0.0815602003819963,0,0,0,0,0,0,0,0,0,0,0,0,0,0,0.0815602003819963,0,0,,0.1,0,0,0,0,0,,,,,,,,,,,,0,0,0,0,0,0
Coal_Flexibilisation,outage_profiles,,,,,,,,,,,,,,,,,,,,,,,,,,,,,,,,,,,,,BASE,planned,23,0.0613525929275099,0.0613525929275099,0.0613525929275099,0.0613525929275099,0.0613525929275099,0.0613525929275099,0.0613525929275099,0.0613525929275099,0.0613525929275099,0.0613525929275099,0.0613525929275099,0.0613525929275099,0.0613525929275099,0.0613525929275099,0.0613525929275099,0.0613525929275099,0.0613525929275099,0.0613525929275099,0,0,0,0,0,0,0,0,0,0,0,0,0,0,0.0613525929275099,0,0,,0.1,0,0,0,0,0,,,,,,,,,,,,0,0,0,0,0,0
Coal_Flexibilisation,outage_profiles,,,,,,,,,,,,,,,,,,,,,,,,,,,,,,,,,,,,,BASE,planned,24,0.0502896170028366,0.0502896170028366,0.0502896170028366,0.0502896170028366,0.0502896170028366,0.0502896170028366,0.0502896170028366,0.0502896170028366,0.0502896170028366,0.0502896170028366,0.0502896170028366,0.0502896170028366,0.0502896170028366,0.0502896170028366,0.0502896170028366,0.0502896170028366,0.0502896170028366,0.0502896170028366,0,0,0,0,0,0,0,0,0,0,0,0,0,0,0.0502896170028366,0,0,,0.1,0,0,0,0,0,,,,,,,,,,,,0,0,0,0,0,0
Coal_Flexibilisation,outage_profiles,,,,,,,,,,,,,,,,,,,,,,,,,,,,,,,,,,,,,BASE,planned,25,0.058321750041365,0.058321750041365,0.058321750041365,0.058321750041365,0.058321750041365,0.058321750041365,0.058321750041365,0.058321750041365,0.058321750041365,0.058321750041365,0.058321750041365,0.058321750041365,0.058321750041365,0.058321750041365,0.058321750041365,0.058321750041365,0.058321750041365,0.058321750041365,0,0,0,0,0,0,0,0,0,0,0,0,0,0,0.058321750041365,0,0,,0.1,0,0,0,0,0,,,,,,,,,,,,0,0,0,0,0,0
Coal_Flexibilisation,outage_profiles,,,,,,,,,,,,,,,,,,,,,,,,,,,,,,,,,,,,,BASE,planned,26,0.0527164674032442,0.0527164674032442,0.0527164674032442,0.0527164674032442,0.0527164674032442,0.0527164674032442,0.0527164674032442,0.0527164674032442,0.0527164674032442,0.0527164674032442,0.0527164674032442,0.0527164674032442,0.0527164674032442,0.0527164674032442,0.0527164674032442,0.0527164674032442,0.0527164674032442,0.0527164674032442,0,0,0,0,0,0,0,0,0,0,0,0,0,0,0.0527164674032442,0,0,,0.1,0,0,0,0,0,,,,,,,,,,,,0,0,0,0,0,0
Coal_Flexibilisation,outage_profiles,,,,,,,,,,,,,,,,,,,,,,,,,,,,,,,,,,,,,BASE,planned,27,0.0574051743269372,0.0574051743269372,0.0574051743269372,0.0574051743269372,0.0574051743269372,0.0574051743269372,0.0574051743269372,0.0574051743269372,0.0574051743269372,0.0574051743269372,0.0574051743269372,0.0574051743269372,0.0574051743269372,0.0574051743269372,0.0574051743269372,0.0574051743269372,0.0574051743269372,0.0574051743269372,0,0,0,0,0,0,0,0,0,0,0,0,0,0,0.0574051743269372,0,0,,0.1,0,0,0,0,0,,,,,,,,,,,,0,0,0,0,0,0
Coal_Flexibilisation,outage_profiles,,,,,,,,,,,,,,,,,,,,,,,,,,,,,,,,,,,,,BASE,planned,28,0.0512732952090228,0.0512732952090228,0.0512732952090228,0.0512732952090228,0.0512732952090228,0.0512732952090228,0.0512732952090228,0.0512732952090228,0.0512732952090228,0.0512732952090228,0.0512732952090228,0.0512732952090228,0.0512732952090228,0.0512732952090228,0.0512732952090228,0.0512732952090228,0.0512732952090228,0.0512732952090228,0,0,0,0,0,0,0,0,0,0,0,0,0,0,0.0512732952090228,0,0,,0.1,0,0,0,0,0,,,,,,,,,,,,0,0,0,0,0,0
Coal_Flexibilisation,outage_profiles,,,,,,,,,,,,,,,,,,,,,,,,,,,,,,,,,,,,,BASE,planned,29,0.0588851155783779,0.0588851155783779,0.0588851155783779,0.0588851155783779,0.0588851155783779,0.0588851155783779,0.0588851155783779,0.0588851155783779,0.0588851155783779,0.0588851155783779,0.0588851155783779,0.0588851155783779,0.0588851155783779,0.0588851155783779,0.0588851155783779,0.0588851155783779,0.0588851155783779,0.0588851155783779,0,0,0,0,0,0,0,0,0,0,0,0,0,0,0.0588851155783779,0,0,,0.1,0,0,0,0,0,,,,,,,,,,,,0,0,0,0,0,0
Coal_Flexibilisation,outage_profiles,,,,,,,,,,,,,,,,,,,,,,,,,,,,,,,,,,,,,BASE,planned,30,0.0566952274375193,0.0566952274375193,0.0566952274375193,0.0566952274375193,0.0566952274375193,0.0566952274375193,0.0566952274375193,0.0566952274375193,0.0566952274375193,0.0566952274375193,0.0566952274375193,0.0566952274375193,0.0566952274375193,0.0566952274375193,0.0566952274375193,0.0566952274375193,0.0566952274375193,0.0566952274375193,0,0,0,0,0,0,0,0,0,0,0,0,0,0,0.0566952274375193,0,0,,0.1,0,0,0,0,0,,,,,,,,,,,,0,0,0,0,0,0
Coal_Flexibilisation,outage_profiles,,,,,,,,,,,,,,,,,,,,,,,,,,,,,,,,,,,,,BASE,planned,31,0.0566170466606266,0.0566170466606266,0.0566170466606266,0.0566170466606266,0.0566170466606266,0.0566170466606266,0.0566170466606266,0.0566170466606266,0.0566170466606266,0.0566170466606266,0.0566170466606266,0.0566170466606266,0.0566170466606266,0.0566170466606266,0.0566170466606266,0.0566170466606266,0.0566170466606266,0.0566170466606266,0,0,0,0,0,0,0,0,0,0,0,0,0,0,0.0566170466606266,0,0,,0.1,0,0,0,0,0,,,,,,,,,,,,0,0,0,0,0,0
Coal_Flexibilisation,outage_profiles,,,,,,,,,,,,,,,,,,,,,,,,,,,,,,,,,,,,,BASE,planned,32,0.0601857389708191,0.0601857389708191,0.0601857389708191,0.0601857389708191,0.0601857389708191,0.0601857389708191,0.0601857389708191,0.0601857389708191,0.0601857389708191,0.0601857389708191,0.0601857389708191,0.0601857389708191,0.0601857389708191,0.0601857389708191,0.0601857389708191,0.0601857389708191,0.0601857389708191,0.0601857389708191,0,0,0,0,0,0,0,0,0,0,0,0,0,0,0.0601857389708191,0,0,,0.1,0,0,0,0,0,,,,,,,,,,,,0,0,0,0,0,0
Coal_Flexibilisation,outage_profiles,,,,,,,,,,,,,,,,,,,,,,,,,,,,,,,,,,,,,BASE,planned,33,0.0904503160312234,0.0904503160312234,0.0904503160312234,0.0904503160312234,0.0904503160312234,0.0904503160312234,0.0904503160312234,0.0904503160312234,0.0904503160312234,0.0904503160312234,0.0904503160312234,0.0904503160312234,0.0904503160312234,0.0904503160312234,0.0904503160312234,0.0904503160312234,0.0904503160312234,0.0904503160312234,0,0,0,0,0,0,0,0,0,0,0,0,0,0,0.0904503160312234,0,0,,0.1,0,0,0,0,0,,,,,,,,,,,,0,0,0,0,0,0
Coal_Flexibilisation,outage_profiles,,,,,,,,,,,,,,,,,,,,,,,,,,,,,,,,,,,,,BASE,planned,34,0.124714989032695,0.124714989032695,0.124714989032695,0.124714989032695,0.124714989032695,0.124714989032695,0.124714989032695,0.124714989032695,0.124714989032695,0.124714989032695,0.124714989032695,0.124714989032695,0.124714989032695,0.124714989032695,0.124714989032695,0.124714989032695,0.124714989032695,0.124714989032695,0,0,0,0,0,0,0,0,0,0,0,0,0,0,0.124714989032695,0,0,,0.1,0,0,0,0,0,,,,,,,,,,,,0,0,0,0,0,0
Coal_Flexibilisation,outage_profiles,,,,,,,,,,,,,,,,,,,,,,,,,,,,,,,,,,,,,BASE,planned,35,0.143697414963733,0.143697414963733,0.143697414963733,0.143697414963733,0.143697414963733,0.143697414963733,0.143697414963733,0.143697414963733,0.143697414963733,0.143697414963733,0.143697414963733,0.143697414963733,0.143697414963733,0.143697414963733,0.143697414963733,0.143697414963733,0.143697414963733,0.143697414963733,0,0,0,0,0,0,0,0,0,0,0,0,0,0,0.143697414963733,0,0,,0.1,0,0,0,0,0,,,,,,,,,,,,0,0,0,0,0,0
Coal_Flexibilisation,outage_profiles,,,,,,,,,,,,,,,,,,,,,,,,,,,,,,,,,,,,,BASE,planned,36,0.104225920574715,0.104225920574715,0.104225920574715,0.104225920574715,0.104225920574715,0.104225920574715,0.104225920574715,0.104225920574715,0.104225920574715,0.104225920574715,0.104225920574715,0.104225920574715,0.104225920574715,0.104225920574715,0.104225920574715,0.104225920574715,0.104225920574715,0.104225920574715,0,0,0,0,0,0,0,0,0,0,0,0,0,0,0.104225920574715,0,0,,0.1,0,0,0,0,0,,,,,,,,,,,,0,0,0,0,0,0
Coal_Flexibilisation,outage_profiles,,,,,,,,,,,,,,,,,,,,,,,,,,,,,,,,,,,,,BASE,planned,37,0.103169387064252,0.103169387064252,0.103169387064252,0.103169387064252,0.103169387064252,0.103169387064252,0.103169387064252,0.103169387064252,0.103169387064252,0.103169387064252,0.103169387064252,0.103169387064252,0.103169387064252,0.103169387064252,0.103169387064252,0.103169387064252,0.103169387064252,0.103169387064252,0,0,0,0,0,0,0,0,0,0,0,0,0,0,0.103169387064252,0,0,,0.1,0,0,0,0,0,,,,,,,,,,,,0,0,0,0,0,0
Coal_Flexibilisation,outage_profiles,,,,,,,,,,,,,,,,,,,,,,,,,,,,,,,,,,,,,BASE,planned,38,0.108444088852471,0.108444088852471,0.108444088852471,0.108444088852471,0.108444088852471,0.108444088852471,0.108444088852471,0.108444088852471,0.108444088852471,0.108444088852471,0.108444088852471,0.108444088852471,0.108444088852471,0.108444088852471,0.108444088852471,0.108444088852471,0.108444088852471,0.108444088852471,0,0,0,0,0,0,0,0,0,0,0,0,0,0,0.108444088852471,0,0,,0.1,0,0,0,0,0,,,,,,,,,,,,0,0,0,0,0,0
Coal_Flexibilisation,outage_profiles,,,,,,,,,,,,,,,,,,,,,,,,,,,,,,,,,,,,,BASE,planned,39,0.125128552515343,0.125128552515343,0.125128552515343,0.125128552515343,0.125128552515343,0.125128552515343,0.125128552515343,0.125128552515343,0.125128552515343,0.125128552515343,0.125128552515343,0.125128552515343,0.125128552515343,0.125128552515343,0.125128552515343,0.125128552515343,0.125128552515343,0.125128552515343,0,0,0,0,0,0,0,0,0,0,0,0,0,0,0.125128552515343,0,0,,0.1,0,0,0,0,0,,,,,,,,,,,,0,0,0,0,0,0
Coal_Flexibilisation,outage_profiles,,,,,,,,,,,,,,,,,,,,,,,,,,,,,,,,,,,,,BASE,planned,40,0.0996752111823199,0.0996752111823199,0.0996752111823199,0.0996752111823199,0.0996752111823199,0.0996752111823199,0.0996752111823199,0.0996752111823199,0.0996752111823199,0.0996752111823199,0.0996752111823199,0.0996752111823199,0.0996752111823199,0.0996752111823199,0.0996752111823199,0.0996752111823199,0.0996752111823199,0.0996752111823199,0,0,0,0,0,0,0,0,0,0,0,0,0,0,0.0996752111823199,0,0,,0.1,0,0,0,0,0,,,,,,,,,,,,0,0,0,0,0,0
Coal_Flexibilisation,outage_profiles,,,,,,,,,,,,,,,,,,,,,,,,,,,,,,,,,,,,,BASE,planned,41,0.0926445209646492,0.0926445209646492,0.0926445209646492,0.0926445209646492,0.0926445209646492,0.0926445209646492,0.0926445209646492,0.0926445209646492,0.0926445209646492,0.0926445209646492,0.0926445209646492,0.0926445209646492,0.0926445209646492,0.0926445209646492,0.0926445209646492,0.0926445209646492,0.0926445209646492,0.0926445209646492,0,0,0,0,0,0,0,0,0,0,0,0,0,0,0.0926445209646492,0,0,,0.1,0,0,0,0,0,,,,,,,,,,,,0,0,0,0,0,0
Coal_Flexibilisation,outage_profiles,,,,,,,,,,,,,,,,,,,,,,,,,,,,,,,,,,,,,BASE,planned,42,0.0713208606673144,0.0713208606673144,0.0713208606673144,0.0713208606673144,0.0713208606673144,0.0713208606673144,0.0713208606673144,0.0713208606673144,0.0713208606673144,0.0713208606673144,0.0713208606673144,0.0713208606673144,0.0713208606673144,0.0713208606673144,0.0713208606673144,0.0713208606673144,0.0713208606673144,0.0713208606673144,0,0,0,0,0,0,0,0,0,0,0,0,0,0,0.0713208606673144,0,0,,0.1,0,0,0,0,0,,,,,,,,,,,,0,0,0,0,0,0
Coal_Flexibilisation,outage_profiles,,,,,,,,,,,,,,,,,,,,,,,,,,,,,,,,,,,,,BASE,planned,43,0.0838455544834758,0.0838455544834758,0.0838455544834758,0.0838455544834758,0.0838455544834758,0.0838455544834758,0.0838455544834758,0.0838455544834758,0.0838455544834758,0.0838455544834758,0.0838455544834758,0.0838455544834758,0.0838455544834758,0.0838455544834758,0.0838455544834758,0.0838455544834758,0.0838455544834758,0.0838455544834758,0,0,0,0,0,0,0,0,0,0,0,0,0,0,0.0838455544834758,0,0,,0.1,0,0,0,0,0,,,,,,,,,,,,0,0,0,0,0,0
Coal_Flexibilisation,outage_profiles,,,,,,,,,,,,,,,,,,,,,,,,,,,,,,,,,,,,,BASE,planned,44,0.0941684301322409,0.0941684301322409,0.0941684301322409,0.0941684301322409,0.0941684301322409,0.0941684301322409,0.0941684301322409,0.0941684301322409,0.0941684301322409,0.0941684301322409,0.0941684301322409,0.0941684301322409,0.0941684301322409,0.0941684301322409,0.0941684301322409,0.0941684301322409,0.0941684301322409,0.0941684301322409,0,0,0,0,0,0,0,0,0,0,0,0,0,0,0.0941684301322409,0,0,,0.1,0,0,0,0,0,,,,,,,,,,,,0,0,0,0,0,0
Coal_Flexibilisation,outage_profiles,,,,,,,,,,,,,,,,,,,,,,,,,,,,,,,,,,,,,BASE,planned,45,0.0805672126997332,0.0805672126997332,0.0805672126997332,0.0805672126997332,0.0805672126997332,0.0805672126997332,0.0805672126997332,0.0805672126997332,0.0805672126997332,0.0805672126997332,0.0805672126997332,0.0805672126997332,0.0805672126997332,0.0805672126997332,0.0805672126997332,0.0805672126997332,0.0805672126997332,0.0805672126997332,0,0,0,0,0,0,0,0,0,0,0,0,0,0,0.0805672126997332,0,0,,0.1,0,0,0,0,0,,,,,,,,,,,,0,0,0,0,0,0
Coal_Flexibilisation,outage_profiles,,,,,,,,,,,,,,,,,,,,,,,,,,,,,,,,,,,,,BASE,planned,46,0.104068745652264,0.104068745652264,0.104068745652264,0.104068745652264,0.104068745652264,0.104068745652264,0.104068745652264,0.104068745652264,0.104068745652264,0.104068745652264,0.104068745652264,0.104068745652264,0.104068745652264,0.104068745652264,0.104068745652264,0.104068745652264,0.104068745652264,0.104068745652264,0,0,0,0,0,0,0,0,0,0,0,0,0,0,0.104068745652264,0,0,,0.1,0,0,0,0,0,,,,,,,,,,,,0,0,0,0,0,0
Coal_Flexibilisation,outage_profiles,,,,,,,,,,,,,,,,,,,,,,,,,,,,,,,,,,,,,BASE,planned,47,0.122324626770187,0.122324626770187,0.122324626770187,0.122324626770187,0.122324626770187,0.122324626770187,0.122324626770187,0.122324626770187,0.122324626770187,0.122324626770187,0.122324626770187,0.122324626770187,0.122324626770187,0.122324626770187,0.122324626770187,0.122324626770187,0.122324626770187,0.122324626770187,0,0,0,0,0,0,0,0,0,0,0,0,0,0,0.122324626770187,0,0,,0.1,0,0,0,0,0,,,,,,,,,,,,0,0,0,0,0,0
Coal_Flexibilisation,outage_profiles,,,,,,,,,,,,,,,,,,,,,,,,,,,,,,,,,,,,,BASE,planned,48,0.112915237244291,0.112915237244291,0.112915237244291,0.112915237244291,0.112915237244291,0.112915237244291,0.112915237244291,0.112915237244291,0.112915237244291,0.112915237244291,0.112915237244291,0.112915237244291,0.112915237244291,0.112915237244291,0.112915237244291,0.112915237244291,0.112915237244291,0.112915237244291,0,0,0,0,0,0,0,0,0,0,0,0,0,0,0.112915237244291,0,0,,0.1,0,0,0,0,0,,,,,,,,,,,,0,0,0,0,0,0
Coal_Flexibilisation,outage_profiles,,,,,,,,,,,,,,,,,,,,,,,,,,,,,,,,,,,,,BASE,planned,49,0.101101789959414,0.101101789959414,0.101101789959414,0.101101789959414,0.101101789959414,0.101101789959414,0.101101789959414,0.101101789959414,0.101101789959414,0.101101789959414,0.101101789959414,0.101101789959414,0.101101789959414,0.101101789959414,0.101101789959414,0.101101789959414,0.101101789959414,0.101101789959414,0,0,0,0,0,0,0,0,0,0,0,0,0,0,0.101101789959414,0,0,,0.1,0,0,0,0,0,,,,,,,,,,,,0,0,0,0,0,0
Coal_Flexibilisation,outage_profiles,,,,,,,,,,,,,,,,,,,,,,,,,,,,,,,,,,,,,BASE,planned,50,0.0916742230147061,0.0916742230147061,0.0916742230147061,0.0916742230147061,0.0916742230147061,0.0916742230147061,0.0916742230147061,0.0916742230147061,0.0916742230147061,0.0916742230147061,0.0916742230147061,0.0916742230147061,0.0916742230147061,0.0916742230147061,0.0916742230147061,0.0916742230147061,0.0916742230147061,0.0916742230147061,0,0,0,0,0,0,0,0,0,0,0,0,0,0,0.0916742230147061,0,0,,0.1,0,0,0,0,0,,,,,,,,,,,,0,0,0,0,0,0
Coal_Flexibilisation,outage_profiles,,,,,,,,,,,,,,,,,,,,,,,,,,,,,,,,,,,,,BASE,planned,51,0.0834721403441656,0.0834721403441656,0.0834721403441656,0.0834721403441656,0.0834721403441656,0.0834721403441656,0.0834721403441656,0.0834721403441656,0.0834721403441656,0.0834721403441656,0.0834721403441656,0.0834721403441656,0.0834721403441656,0.0834721403441656,0.0834721403441656,0.0834721403441656,0.0834721403441656,0.0834721403441656,0,0,0,0,0,0,0,0,0,0,0,0,0,0,0.0834721403441656,0,0,,0.1,0,0,0,0,0,,,,,,,,,,,,0,0,0,0,0,0
Coal_Flexibilisation,outage_profiles,,,,,,,,,,,,,,,,,,,,,,,,,,,,,,,,,,,,,BASE,planned,52,0.113201420222666,0.113201420222666,0.113201420222666,0.113201420222666,0.113201420222666,0.113201420222666,0.113201420222666,0.113201420222666,0.113201420222666,0.113201420222666,0.113201420222666,0.113201420222666,0.113201420222666,0.113201420222666,0.113201420222666,0.113201420222666,0.113201420222666,0.113201420222666,0,0,0,0,0,0,0,0,0,0,0,0,0,0,0.113201420222666,0,0,,0.1,0,0,0,0,0,,,,,,,,,,,,0,0,0,0,0,0
Coal_Flexibilisation,outage_profiles,,,,,,,,,,,,,,,,,,,,,,,,,,,,,,,,,,,,,BASE,planned,53,0.113201420222666,0.113201420222666,0.113201420222666,0.113201420222666,0.113201420222666,0.113201420222666,0.113201420222666,0.113201420222666,0.113201420222666,0.113201420222666,0.113201420222666,0.113201420222666,0.113201420222666,0.113201420222666,0.113201420222666,0.113201420222666,0.113201420222666,0.113201420222666,0,0,0,0,0,0,0,0,0,0,0,0,0,0,0.113201420222666,0,0,,0.1,0,0,0,0,0,,,,,,,,,,,,0,0,0,0,0,0
Coal_Flexibilisation,outage_profiles,,,,,,,,,,,,,,,,,,,,,,,,,,,,,,,,,,,,,BASE,planned,average,0.10024908340042765,0.10024908340042765,0.10024908340042765,0.10024908340042765,0.10024908340042765,0.10024908340042765,0.10024908340042765,0.10024908340042765,0.10024908340042765,0.10024908340042765,0.10024908340042765,0.10024908340042765,0.10024908340042765,0.10024908340042765,0.10024908340042765,0.10024908340042765,0.10024908340042765,0.10024908340042765,0,0,0,0,0,0,0,0,0,0,0,0,0,0,0.10024908340042765,0,0,,0.09999999999999995,0,0,0,0,0,,,,,,,,,,,,0,0,0,0,0,0
Coal_Flexibilisation,outage_profiles,,,,,,,,,,,,,,,,,,,,,,,,,,,,,,,,,,,,,BASE,planned,std_dev_noise,0.02,0.02,0.02,0.02,0.02,0.02,0.02,0.02,0.02,0.02,0.02,0.02,0.02,0.02,0.02,0.02,0.02,0.02,0,0,0,0,0,0,0,0,0,0,0,0,0,0,0.02,0,0,,0,0,0,0,0,0,,,,,,,,,,,,0,0,0,0,0,0
Coal_Flexibilisation,outage_profiles,,,,,,,,,,,,,,,,,,,,,,,,,,,,,,,,,,,,,BASE,unplanned,1,0.310320193644125,0.3,0.406365152884633,0.310320193644125,0.3,0.406365152884633,0.03,0.347922701271305,0.273895595894423,0.0261,0.409808274064953,0.18,0.247619144781454,0.238105257309517,0.15021505875924,0.290205117274887,0.134,0.392,0,0,0,0,0,0,0,0,0,0,0,0,0,0,0.247619144781454,0,0,,0,0,0,0,0,0,,,,,,,,,,,,0,0,0,0,0,0
Coal_Flexibilisation,outage_profiles,,,,,,,,,,,,,,,,,,,,,,,,,,,,,,,,,,,,,BASE,unplanned,2,0.310320193644125,0.3,0.406365152884633,0.310320193644125,0.3,0.406365152884633,0.03,0.347922701271305,0.273895595894423,0.0261,0.409808274064953,0.18,0.247619144781454,0.238105257309517,0.15021505875924,0.290205117274887,0.134,0.392,0,0,0,0,0,0,0,0,0,0,0,0,0,0,0.247619144781454,0,0,,0,0,0,0,0,0,,,,,,,,,,,,0,0,0,0,0,0
Coal_Flexibilisation,outage_profiles,,,,,,,,,,,,,,,,,,,,,,,,,,,,,,,,,,,,,BASE,unplanned,3,0.310320193644125,0.3,0.406365152884633,0.310320193644125,0.3,0.406365152884633,0.03,0.347922701271305,0.273895595894423,0.0261,0.409808274064953,0.18,0.247619144781454,0.238105257309517,0.15021505875924,0.290205117274887,0.134,0.392,0,0,0,0,0,0,0,0,0,0,0,0,0,0,0.247619144781454,0,0,,0,0,0,0,0,0,,,,,,,,,,,,0,0,0,0,0,0
Coal_Flexibilisation,outage_profiles,,,,,,,,,,,,,,,,,,,,,,,,,,,,,,,,,,,,,BASE,unplanned,4,0.310320193644125,0.3,0.406365152884633,0.310320193644125,0.3,0.406365152884633,0.03,0.347922701271305,0.273895595894423,0.0261,0.409808274064953,0.18,0.247619144781454,0.238105257309517,0.15021505875924,0.290205117274887,0.134,0.392,0,0,0,0,0,0,0,0,0,0,0,0,0,0,0.247619144781454,0,0,,0,0,0,0,0,0,,,,,,,,,,,,0,0,0,0,0,0
Coal_Flexibilisation,outage_profiles,,,,,,,,,,,,,,,,,,,,,,,,,,,,,,,,,,,,,BASE,unplanned,5,0.310320193644125,0.3,0.406365152884633,0.310320193644125,0.3,0.406365152884633,0.03,0.347922701271305,0.273895595894423,0.0261,0.409808274064953,0.18,0.247619144781454,0.238105257309517,0.15021505875924,0.290205117274887,0.134,0.392,0,0,0,0,0,0,0,0,0,0,0,0,0,0,0.247619144781454,0,0,,0,0,0,0,0,0,,,,,,,,,,,,0,0,0,0,0,0
Coal_Flexibilisation,outage_profiles,,,,,,,,,,,,,,,,,,,,,,,,,,,,,,,,,,,,,BASE,unplanned,6,0.310320193644125,0.3,0.406365152884633,0.310320193644125,0.3,0.406365152884633,0.03,0.347922701271305,0.273895595894423,0.0261,0.409808274064953,0.18,0.247619144781454,0.238105257309517,0.15021505875924,0.290205117274887,0.134,0.392,0,0,0,0,0,0,0,0,0,0,0,0,0,0,0.247619144781454,0,0,,0,0,0,0,0,0,,,,,,,,,,,,0,0,0,0,0,0
Coal_Flexibilisation,outage_profiles,,,,,,,,,,,,,,,,,,,,,,,,,,,,,,,,,,,,,BASE,unplanned,7,0.310320193644125,0.3,0.406365152884633,0.310320193644125,0.3,0.406365152884633,0.03,0.347922701271305,0.273895595894423,0.0261,0.409808274064953,0.18,0.247619144781454,0.238105257309517,0.15021505875924,0.290205117274887,0.134,0.392,0,0,0,0,0,0,0,0,0,0,0,0,0,0,0.247619144781454,0,0,,0,0,0,0,0,0,,,,,,,,,,,,0,0,0,0,0,0
Coal_Flexibilisation,outage_profiles,,,,,,,,,,,,,,,,,,,,,,,,,,,,,,,,,,,,,BASE,unplanned,8,0.310320193644125,0.3,0.406365152884633,0.310320193644125,0.3,0.406365152884633,0.03,0.347922701271305,0.273895595894423,0.0261,0.409808274064953,0.18,0.247619144781454,0.238105257309517,0.15021505875924,0.290205117274887,0.134,0.392,0,0,0,0,0,0,0,0,0,0,0,0,0,0,0.247619144781454,0,0,,0,0,0,0,0,0,,,,,,,,,,,,0,0,0,0,0,0
Coal_Flexibilisation,outage_profiles,,,,,,,,,,,,,,,,,,,,,,,,,,,,,,,,,,,,,BASE,unplanned,9,0.310320193644125,0.3,0.406365152884633,0.310320193644125,0.3,0.406365152884633,0.03,0.347922701271305,0.273895595894423,0.0261,0.409808274064953,0.18,0.247619144781454,0.238105257309517,0.15021505875924,0.290205117274887,0.134,0.392,0,0,0,0,0,0,0,0,0,0,0,0,0,0,0.247619144781454,0,0,,0,0,0,0,0,0,,,,,,,,,,,,0,0,0,0,0,0
Coal_Flexibilisation,outage_profiles,,,,,,,,,,,,,,,,,,,,,,,,,,,,,,,,,,,,,BASE,unplanned,10,0.310320193644125,0.3,0.406365152884633,0.310320193644125,0.3,0.406365152884633,0.03,0.347922701271305,0.273895595894423,0.0261,0.409808274064953,0.18,0.247619144781454,0.238105257309517,0.15021505875924,0.290205117274887,0.134,0.392,0,0,0,0,0,0,0,0,0,0,0,0,0,0,0.247619144781454,0,0,,0,0,0,0,0,0,,,,,,,,,,,,0,0,0,0,0,0
Coal_Flexibilisation,outage_profiles,,,,,,,,,,,,,,,,,,,,,,,,,,,,,,,,,,,,,BASE,unplanned,11,0.310320193644125,0.3,0.406365152884633,0.310320193644125,0.3,0.406365152884633,0.03,0.347922701271305,0.273895595894423,0.0261,0.409808274064953,0.18,0.247619144781454,0.238105257309517,0.15021505875924,0.290205117274887,0.134,0.392,0,0,0,0,0,0,0,0,0,0,0,0,0,0,0.247619144781454,0,0,,0,0,0,0,0,0,,,,,,,,,,,,0,0,0,0,0,0
Coal_Flexibilisation,outage_profiles,,,,,,,,,,,,,,,,,,,,,,,,,,,,,,,,,,,,,BASE,unplanned,12,0.310320193644125,0.3,0.406365152884633,0.310320193644125,0.3,0.406365152884633,0.03,0.347922701271305,0.273895595894423,0.0261,0.409808274064953,0.18,0.247619144781454,0.238105257309517,0.15021505875924,0.290205117274887,0.134,0.392,0,0,0,0,0,0,0,0,0,0,0,0,0,0,0.247619144781454,0,0,,0,0,0,0,0,0,,,,,,,,,,,,0,0,0,0,0,0
Coal_Flexibilisation,outage_profiles,,,,,,,,,,,,,,,,,,,,,,,,,,,,,,,,,,,,,BASE,unplanned,13,0.310320193644125,0.3,0.406365152884633,0.310320193644125,0.3,0.406365152884633,0.03,0.347922701271305,0.273895595894423,0.0261,0.409808274064953,0.18,0.247619144781454,0.238105257309517,0.15021505875924,0.290205117274887,0.134,0.392,0,0,0,0,0,0,0,0,0,0,0,0,0,0,0.247619144781454,0,0,,0,0,0,0,0,0,,,,,,,,,,,,0,0,0,0,0,0
Coal_Flexibilisation,outage_profiles,,,,,,,,,,,,,,,,,,,,,,,,,,,,,,,,,,,,,BASE,unplanned,14,0.310320193644125,0.3,0.406365152884633,0.310320193644125,0.3,0.406365152884633,0.03,0.347922701271305,0.273895595894423,0.0261,0.409808274064953,0.18,0.247619144781454,0.238105257309517,0.15021505875924,0.290205117274887,0.134,0.392,0,0,0,0,0,0,0,0,0,0,0,0,0,0,0.247619144781454,0,0,,0,0,0,0,0,0,,,,,,,,,,,,0,0,0,0,0,0
Coal_Flexibilisation,outage_profiles,,,,,,,,,,,,,,,,,,,,,,,,,,,,,,,,,,,,,BASE,unplanned,15,0.310320193644125,0.3,0.406365152884633,0.310320193644125,0.3,0.406365152884633,0.03,0.347922701271305,0.273895595894423,0.0261,0.409808274064953,0.18,0.247619144781454,0.238105257309517,0.15021505875924,0.290205117274887,0.134,0.392,0,0,0,0,0,0,0,0,0,0,0,0,0,0,0.247619144781454,0,0,,0,0,0,0,0,0,,,,,,,,,,,,0,0,0,0,0,0
Coal_Flexibilisation,outage_profiles,,,,,,,,,,,,,,,,,,,,,,,,,,,,,,,,,,,,,BASE,unplanned,16,0.310320193644125,0.3,0.406365152884633,0.310320193644125,0.3,0.406365152884633,0.03,0.347922701271305,0.273895595894423,0.0261,0.409808274064953,0.18,0.247619144781454,0.238105257309517,0.15021505875924,0.290205117274887,0.134,0.392,0,0,0,0,0,0,0,0,0,0,0,0,0,0,0.247619144781454,0,0,,0,0,0,0,0,0,,,,,,,,,,,,0,0,0,0,0,0
Coal_Flexibilisation,outage_profiles,,,,,,,,,,,,,,,,,,,,,,,,,,,,,,,,,,,,,BASE,unplanned,17,0.310320193644125,0.3,0.406365152884633,0.310320193644125,0.3,0.406365152884633,0.03,0.347922701271305,0.273895595894423,0.0261,0.409808274064953,0.18,0.247619144781454,0.238105257309517,0.15021505875924,0.290205117274887,0.134,0.392,0,0,0,0,0,0,0,0,0,0,0,0,0,0,0.247619144781454,0,0,,0,0,0,0,0,0,,,,,,,,,,,,0,0,0,0,0,0
Coal_Flexibilisation,outage_profiles,,,,,,,,,,,,,,,,,,,,,,,,,,,,,,,,,,,,,BASE,unplanned,18,0.310320193644125,0.3,0.406365152884633,0.310320193644125,0.3,0.406365152884633,0.03,0.347922701271305,0.273895595894423,0.0261,0.409808274064953,0.18,0.247619144781454,0.238105257309517,0.15021505875924,0.290205117274887,0.134,0.392,0,0,0,0,0,0,0,0,0,0,0,0,0,0,0.247619144781454,0,0,,0,0,0,0,0,0,,,,,,,,,,,,0,0,0,0,0,0
Coal_Flexibilisation,outage_profiles,,,,,,,,,,,,,,,,,,,,,,,,,,,,,,,,,,,,,BASE,unplanned,19,0.310320193644125,0.3,0.406365152884633,0.310320193644125,0.3,0.406365152884633,0.03,0.347922701271305,0.273895595894423,0.0261,0.409808274064953,0.18,0.247619144781454,0.238105257309517,0.15021505875924,0.290205117274887,0.134,0.392,0,0,0,0,0,0,0,0,0,0,0,0,0,0,0.247619144781454,0,0,,0,0,0,0,0,0,,,,,,,,,,,,0,0,0,0,0,0
Coal_Flexibilisation,outage_profiles,,,,,,,,,,,,,,,,,,,,,,,,,,,,,,,,,,,,,BASE,unplanned,20,0.310320193644125,0.3,0.406365152884633,0.310320193644125,0.3,0.406365152884633,0.03,0.347922701271305,0.273895595894423,0.0261,0.409808274064953,0.18,0.247619144781454,0.238105257309517,0.15021505875924,0.290205117274887,0.134,0.392,0,0,0,0,0,0,0,0,0,0,0,0,0,0,0.247619144781454,0,0,,0,0,0,0,0,0,,,,,,,,,,,,0,0,0,0,0,0
Coal_Flexibilisation,outage_profiles,,,,,,,,,,,,,,,,,,,,,,,,,,,,,,,,,,,,,BASE,unplanned,21,0.310320193644125,0.3,0.406365152884633,0.310320193644125,0.3,0.406365152884633,0.03,0.347922701271305,0.273895595894423,0.0261,0.409808274064953,0.18,0.247619144781454,0.238105257309517,0.15021505875924,0.290205117274887,0.134,0.392,0,0,0,0,0,0,0,0,0,0,0,0,0,0,0.247619144781454,0,0,,0,0,0,0,0,0,,,,,,,,,,,,0,0,0,0,0,0
Coal_Flexibilisation,outage_profiles,,,,,,,,,,,,,,,,,,,,,,,,,,,,,,,,,,,,,BASE,unplanned,22,0.310320193644125,0.3,0.406365152884633,0.310320193644125,0.3,0.406365152884633,0.03,0.347922701271305,0.273895595894423,0.0261,0.409808274064953,0.18,0.247619144781454,0.238105257309517,0.15021505875924,0.290205117274887,0.134,0.392,0,0,0,0,0,0,0,0,0,0,0,0,0,0,0.247619144781454,0,0,,0,0,0,0,0,0,,,,,,,,,,,,0,0,0,0,0,0
Coal_Flexibilisation,outage_profiles,,,,,,,,,,,,,,,,,,,,,,,,,,,,,,,,,,,,,BASE,unplanned,23,0.310320193644125,0.3,0.406365152884633,0.310320193644125,0.3,0.406365152884633,0.03,0.347922701271305,0.273895595894423,0.0261,0.409808274064953,0.18,0.247619144781454,0.238105257309517,0.15021505875924,0.290205117274887,0.134,0.392,0,0,0,0,0,0,0,0,0,0,0,0,0,0,0.247619144781454,0,0,,0,0,0,0,0,0,,,,,,,,,,,,0,0,0,0,0,0
Coal_Flexibilisation,outage_profiles,,,,,,,,,,,,,,,,,,,,,,,,,,,,,,,,,,,,,BASE,unplanned,24,0.310320193644125,0.3,0.406365152884633,0.310320193644125,0.3,0.406365152884633,0.03,0.347922701271305,0.273895595894423,0.0261,0.409808274064953,0.18,0.247619144781454,0.238105257309517,0.15021505875924,0.290205117274887,0.134,0.392,0,0,0,0,0,0,0,0,0,0,0,0,0,0,0.247619144781454,0,0,,0,0,0,0,0,0,,,,,,,,,,,,0,0,0,0,0,0
Coal_Flexibilisation,outage_profiles,,,,,,,,,,,,,,,,,,,,,,,,,,,,,,,,,,,,,BASE,unplanned,25,0.310320193644125,0.3,0.406365152884633,0.310320193644125,0.3,0.406365152884633,0.03,0.347922701271305,0.273895595894423,0.0261,0.409808274064953,0.18,0.247619144781454,0.238105257309517,0.15021505875924,0.290205117274887,0.134,0.392,0,0,0,0,0,0,0,0,0,0,0,0,0,0,0.247619144781454,0,0,,0,0,0,0,0,0,,,,,,,,,,,,0,0,0,0,0,0
Coal_Flexibilisation,outage_profiles,,,,,,,,,,,,,,,,,,,,,,,,,,,,,,,,,,,,,BASE,unplanned,26,0.310320193644125,0.3,0.406365152884633,0.310320193644125,0.3,0.406365152884633,0.03,0.347922701271305,0.273895595894423,0.0261,0.409808274064953,0.18,0.247619144781454,0.238105257309517,0.15021505875924,0.290205117274887,0.134,0.392,0,0,0,0,0,0,0,0,0,0,0,0,0,0,0.247619144781454,0,0,,0,0,0,0,0,0,,,,,,,,,,,,0,0,0,0,0,0
Coal_Flexibilisation,outage_profiles,,,,,,,,,,,,,,,,,,,,,,,,,,,,,,,,,,,,,BASE,unplanned,27,0.310320193644125,0.3,0.406365152884633,0.310320193644125,0.3,0.406365152884633,0.03,0.347922701271305,0.273895595894423,0.0261,0.409808274064953,0.18,0.247619144781454,0.238105257309517,0.15021505875924,0.290205117274887,0.134,0.392,0,0,0,0,0,0,0,0,0,0,0,0,0,0,0.247619144781454,0,0,,0,0,0,0,0,0,,,,,,,,,,,,0,0,0,0,0,0
Coal_Flexibilisation,outage_profiles,,,,,,,,,,,,,,,,,,,,,,,,,,,,,,,,,,,,,BASE,unplanned,28,0.310320193644125,0.3,0.406365152884633,0.310320193644125,0.3,0.406365152884633,0.03,0.347922701271305,0.273895595894423,0.0261,0.409808274064953,0.18,0.247619144781454,0.238105257309517,0.15021505875924,0.290205117274887,0.134,0.392,0,0,0,0,0,0,0,0,0,0,0,0,0,0,0.247619144781454,0,0,,0,0,0,0,0,0,,,,,,,,,,,,0,0,0,0,0,0
Coal_Flexibilisation,outage_profiles,,,,,,,,,,,,,,,,,,,,,,,,,,,,,,,,,,,,,BASE,unplanned,29,0.310320193644125,0.3,0.406365152884633,0.310320193644125,0.3,0.406365152884633,0.03,0.347922701271305,0.273895595894423,0.0261,0.409808274064953,0.18,0.247619144781454,0.238105257309517,0.15021505875924,0.290205117274887,0.134,0.392,0,0,0,0,0,0,0,0,0,0,0,0,0,0,0.247619144781454,0,0,,0,0,0,0,0,0,,,,,,,,,,,,0,0,0,0,0,0
Coal_Flexibilisation,outage_profiles,,,,,,,,,,,,,,,,,,,,,,,,,,,,,,,,,,,,,BASE,unplanned,30,0.310320193644125,0.3,0.406365152884633,0.310320193644125,0.3,0.406365152884633,0.03,0.347922701271305,0.273895595894423,0.0261,0.409808274064953,0.18,0.247619144781454,0.238105257309517,0.15021505875924,0.290205117274887,0.134,0.392,0,0,0,0,0,0,0,0,0,0,0,0,0,0,0.247619144781454,0,0,,0,0,0,0,0,0,,,,,,,,,,,,0,0,0,0,0,0
Coal_Flexibilisation,outage_profiles,,,,,,,,,,,,,,,,,,,,,,,,,,,,,,,,,,,,,BASE,unplanned,31,0.310320193644125,0.3,0.406365152884633,0.310320193644125,0.3,0.406365152884633,0.03,0.347922701271305,0.273895595894423,0.0261,0.409808274064953,0.18,0.247619144781454,0.238105257309517,0.15021505875924,0.290205117274887,0.134,0.392,0,0,0,0,0,0,0,0,0,0,0,0,0,0,0.247619144781454,0,0,,0,0,0,0,0,0,,,,,,,,,,,,0,0,0,0,0,0
Coal_Flexibilisation,outage_profiles,,,,,,,,,,,,,,,,,,,,,,,,,,,,,,,,,,,,,BASE,unplanned,32,0.310320193644125,0.3,0.406365152884633,0.310320193644125,0.3,0.406365152884633,0.03,0.347922701271305,0.273895595894423,0.0261,0.409808274064953,0.18,0.247619144781454,0.238105257309517,0.15021505875924,0.290205117274887,0.134,0.392,0,0,0,0,0,0,0,0,0,0,0,0,0,0,0.247619144781454,0,0,,0,0,0,0,0,0,,,,,,,,,,,,0,0,0,0,0,0
Coal_Flexibilisation,outage_profiles,,,,,,,,,,,,,,,,,,,,,,,,,,,,,,,,,,,,,BASE,unplanned,33,0.310320193644125,0.3,0.406365152884633,0.310320193644125,0.3,0.406365152884633,0.03,0.347922701271305,0.273895595894423,0.0261,0.409808274064953,0.18,0.247619144781454,0.238105257309517,0.15021505875924,0.290205117274887,0.134,0.392,0,0,0,0,0,0,0,0,0,0,0,0,0,0,0.247619144781454,0,0,,0,0,0,0,0,0,,,,,,,,,,,,0,0,0,0,0,0
Coal_Flexibilisation,outage_profiles,,,,,,,,,,,,,,,,,,,,,,,,,,,,,,,,,,,,,BASE,unplanned,34,0.310320193644125,0.3,0.406365152884633,0.310320193644125,0.3,0.406365152884633,0.03,0.347922701271305,0.273895595894423,0.0261,0.409808274064953,0.18,0.247619144781454,0.238105257309517,0.15021505875924,0.290205117274887,0.134,0.392,0,0,0,0,0,0,0,0,0,0,0,0,0,0,0.247619144781454,0,0,,0,0,0,0,0,0,,,,,,,,,,,,0,0,0,0,0,0
Coal_Flexibilisation,outage_profiles,,,,,,,,,,,,,,,,,,,,,,,,,,,,,,,,,,,,,BASE,unplanned,35,0.310320193644125,0.3,0.406365152884633,0.310320193644125,0.3,0.406365152884633,0.03,0.347922701271305,0.273895595894423,0.0261,0.409808274064953,0.18,0.247619144781454,0.238105257309517,0.15021505875924,0.290205117274887,0.134,0.392,0,0,0,0,0,0,0,0,0,0,0,0,0,0,0.247619144781454,0,0,,0,0,0,0,0,0,,,,,,,,,,,,0,0,0,0,0,0
Coal_Flexibilisation,outage_profiles,,,,,,,,,,,,,,,,,,,,,,,,,,,,,,,,,,,,,BASE,unplanned,36,0.310320193644125,0.3,0.406365152884633,0.310320193644125,0.3,0.406365152884633,0.03,0.347922701271305,0.273895595894423,0.0261,0.409808274064953,0.18,0.247619144781454,0.238105257309517,0.15021505875924,0.290205117274887,0.134,0.392,0,0,0,0,0,0,0,0,0,0,0,0,0,0,0.247619144781454,0,0,,0,0,0,0,0,0,,,,,,,,,,,,0,0,0,0,0,0
Coal_Flexibilisation,outage_profiles,,,,,,,,,,,,,,,,,,,,,,,,,,,,,,,,,,,,,BASE,unplanned,37,0.310320193644125,0.3,0.406365152884633,0.310320193644125,0.3,0.406365152884633,0.03,0.347922701271305,0.273895595894423,0.0261,0.409808274064953,0.18,0.247619144781454,0.238105257309517,0.15021505875924,0.290205117274887,0.134,0.392,0,0,0,0,0,0,0,0,0,0,0,0,0,0,0.247619144781454,0,0,,0,0,0,0,0,0,,,,,,,,,,,,0,0,0,0,0,0
Coal_Flexibilisation,outage_profiles,,,,,,,,,,,,,,,,,,,,,,,,,,,,,,,,,,,,,BASE,unplanned,38,0.310320193644125,0.3,0.406365152884633,0.310320193644125,0.3,0.406365152884633,0.03,0.347922701271305,0.273895595894423,0.0261,0.409808274064953,0.18,0.247619144781454,0.238105257309517,0.15021505875924,0.290205117274887,0.134,0.392,0,0,0,0,0,0,0,0,0,0,0,0,0,0,0.247619144781454,0,0,,0,0,0,0,0,0,,,,,,,,,,,,0,0,0,0,0,0
Coal_Flexibilisation,outage_profiles,,,,,,,,,,,,,,,,,,,,,,,,,,,,,,,,,,,,,BASE,unplanned,39,0.310320193644125,0.3,0.406365152884633,0.310320193644125,0.3,0.406365152884633,0.03,0.347922701271305,0.273895595894423,0.0261,0.409808274064953,0.18,0.247619144781454,0.238105257309517,0.15021505875924,0.290205117274887,0.134,0.392,0,0,0,0,0,0,0,0,0,0,0,0,0,0,0.247619144781454,0,0,,0,0,0,0,0,0,,,,,,,,,,,,0,0,0,0,0,0
Coal_Flexibilisation,outage_profiles,,,,,,,,,,,,,,,,,,,,,,,,,,,,,,,,,,,,,BASE,unplanned,40,0.310320193644125,0.3,0.406365152884633,0.310320193644125,0.3,0.406365152884633,0.03,0.347922701271305,0.273895595894423,0.0261,0.409808274064953,0.18,0.247619144781454,0.238105257309517,0.15021505875924,0.290205117274887,0.134,0.392,0,0,0,0,0,0,0,0,0,0,0,0,0,0,0.247619144781454,0,0,,0,0,0,0,0,0,,,,,,,,,,,,0,0,0,0,0,0
Coal_Flexibilisation,outage_profiles,,,,,,,,,,,,,,,,,,,,,,,,,,,,,,,,,,,,,BASE,unplanned,41,0.310320193644125,0.3,0.406365152884633,0.310320193644125,0.3,0.406365152884633,0.03,0.347922701271305,0.273895595894423,0.0261,0.409808274064953,0.18,0.247619144781454,0.238105257309517,0.15021505875924,0.290205117274887,0.134,0.392,0,0,0,0,0,0,0,0,0,0,0,0,0,0,0.247619144781454,0,0,,0,0,0,0,0,0,,,,,,,,,,,,0,0,0,0,0,0
Coal_Flexibilisation,outage_profiles,,,,,,,,,,,,,,,,,,,,,,,,,,,,,,,,,,,,,BASE,unplanned,42,0.310320193644125,0.3,0.406365152884633,0.310320193644125,0.3,0.406365152884633,0.03,0.347922701271305,0.273895595894423,0.0261,0.409808274064953,0.18,0.247619144781454,0.238105257309517,0.15021505875924,0.290205117274887,0.134,0.392,0,0,0,0,0,0,0,0,0,0,0,0,0,0,0.247619144781454,0,0,,0,0,0,0,0,0,,,,,,,,,,,,0,0,0,0,0,0
Coal_Flexibilisation,outage_profiles,,,,,,,,,,,,,,,,,,,,,,,,,,,,,,,,,,,,,BASE,unplanned,43,0.310320193644125,0.3,0.406365152884633,0.310320193644125,0.3,0.406365152884633,0.03,0.347922701271305,0.273895595894423,0.0261,0.409808274064953,0.18,0.247619144781454,0.238105257309517,0.15021505875924,0.290205117274887,0.134,0.392,0,0,0,0,0,0,0,0,0,0,0,0,0,0,0.247619144781454,0,0,,0,0,0,0,0,0,,,,,,,,,,,,0,0,0,0,0,0
Coal_Flexibilisation,outage_profiles,,,,,,,,,,,,,,,,,,,,,,,,,,,,,,,,,,,,,BASE,unplanned,44,0.310320193644125,0.3,0.406365152884633,0.310320193644125,0.3,0.406365152884633,0.03,0.347922701271305,0.273895595894423,0.0261,0.409808274064953,0.18,0.247619144781454,0.238105257309517,0.15021505875924,0.290205117274887,0.134,0.392,0,0,0,0,0,0,0,0,0,0,0,0,0,0,0.247619144781454,0,0,,0,0,0,0,0,0,,,,,,,,,,,,0,0,0,0,0,0
Coal_Flexibilisation,outage_profiles,,,,,,,,,,,,,,,,,,,,,,,,,,,,,,,,,,,,,BASE,unplanned,45,0.310320193644125,0.3,0.406365152884633,0.310320193644125,0.3,0.406365152884633,0.03,0.347922701271305,0.273895595894423,0.0261,0.409808274064953,0.18,0.247619144781454,0.238105257309517,0.15021505875924,0.290205117274887,0.134,0.392,0,0,0,0,0,0,0,0,0,0,0,0,0,0,0.247619144781454,0,0,,0,0,0,0,0,0,,,,,,,,,,,,0,0,0,0,0,0
Coal_Flexibilisation,outage_profiles,,,,,,,,,,,,,,,,,,,,,,,,,,,,,,,,,,,,,BASE,unplanned,46,0.310320193644125,0.3,0.406365152884633,0.310320193644125,0.3,0.406365152884633,0.03,0.347922701271305,0.273895595894423,0.0261,0.409808274064953,0.18,0.247619144781454,0.238105257309517,0.15021505875924,0.290205117274887,0.134,0.392,0,0,0,0,0,0,0,0,0,0,0,0,0,0,0.247619144781454,0,0,,0,0,0,0,0,0,,,,,,,,,,,,0,0,0,0,0,0
Coal_Flexibilisation,outage_profiles,,,,,,,,,,,,,,,,,,,,,,,,,,,,,,,,,,,,,BASE,unplanned,47,0.310320193644125,0.3,0.406365152884633,0.310320193644125,0.3,0.406365152884633,0.03,0.347922701271305,0.273895595894423,0.0261,0.409808274064953,0.18,0.247619144781454,0.238105257309517,0.15021505875924,0.290205117274887,0.134,0.392,0,0,0,0,0,0,0,0,0,0,0,0,0,0,0.247619144781454,0,0,,0,0,0,0,0,0,,,,,,,,,,,,0,0,0,0,0,0
Coal_Flexibilisation,outage_profiles,,,,,,,,,,,,,,,,,,,,,,,,,,,,,,,,,,,,,BASE,unplanned,48,0.310320193644125,0.3,0.406365152884633,0.310320193644125,0.3,0.406365152884633,0.03,0.347922701271305,0.273895595894423,0.0261,0.409808274064953,0.18,0.247619144781454,0.238105257309517,0.15021505875924,0.290205117274887,0.134,0.392,0,0,0,0,0,0,0,0,0,0,0,0,0,0,0.247619144781454,0,0,,0,0,0,0,0,0,,,,,,,,,,,,0,0,0,0,0,0
Coal_Flexibilisation,outage_profiles,,,,,,,,,,,,,,,,,,,,,,,,,,,,,,,,,,,,,BASE,unplanned,49,0.310320193644125,0.3,0.406365152884633,0.310320193644125,0.3,0.406365152884633,0.03,0.347922701271305,0.273895595894423,0.0261,0.409808274064953,0.18,0.247619144781454,0.238105257309517,0.15021505875924,0.290205117274887,0.134,0.392,0,0,0,0,0,0,0,0,0,0,0,0,0,0,0.247619144781454,0,0,,0,0,0,0,0,0,,,,,,,,,,,,0,0,0,0,0,0
Coal_Flexibilisation,outage_profiles,,,,,,,,,,,,,,,,,,,,,,,,,,,,,,,,,,,,,BASE,unplanned,50,0.310320193644125,0.3,0.406365152884633,0.310320193644125,0.3,0.406365152884633,0.03,0.347922701271305,0.273895595894423,0.0261,0.409808274064953,0.18,0.247619144781454,0.238105257309517,0.15021505875924,0.290205117274887,0.134,0.392,0,0,0,0,0,0,0,0,0,0,0,0,0,0,0.247619144781454,0,0,,0,0,0,0,0,0,,,,,,,,,,,,0,0,0,0,0,0
Coal_Flexibilisation,outage_profiles,,,,,,,,,,,,,,,,,,,,,,,,,,,,,,,,,,,,,BASE,unplanned,51,0.310320193644125,0.3,0.406365152884633,0.310320193644125,0.3,0.406365152884633,0.03,0.347922701271305,0.273895595894423,0.0261,0.409808274064953,0.18,0.247619144781454,0.238105257309517,0.15021505875924,0.290205117274887,0.134,0.392,0,0,0,0,0,0,0,0,0,0,0,0,0,0,0.247619144781454,0,0,,0,0,0,0,0,0,,,,,,,,,,,,0,0,0,0,0,0
Coal_Flexibilisation,outage_profiles,,,,,,,,,,,,,,,,,,,,,,,,,,,,,,,,,,,,,BASE,unplanned,52,0.310320193644125,0.3,0.406365152884633,0.310320193644125,0.3,0.406365152884633,0.03,0.347922701271305,0.273895595894423,0.0261,0.409808274064953,0.18,0.247619144781454,0.238105257309517,0.15021505875924,0.290205117274887,0.134,0.392,0,0,0,0,0,0,0,0,0,0,0,0,0,0,0.247619144781454,0,0,,0,0,0,0,0,0,,,,,,,,,,,,0,0,0,0,0,0
Coal_Flexibilisation,outage_profiles,,,,,,,,,,,,,,,,,,,,,,,,,,,,,,,,,,,,,BASE,unplanned,53,0.310320193644125,0.3,0.406365152884633,0.310320193644125,0.3,0.406365152884633,0.03,0.347922701271305,0.273895595894423,0.0261,0.409808274064953,0.18,0.247619144781454,0.238105257309517,0.15021505875924,0.290205117274887,0.134,0.392,0,0,0,0,0,0,0,0,0,0,0,0,0,0,0.247619144781454,0,0,,0,0,0,0,0,0,,,,,,,,,,,,0,0,0,0,0,0
Coal_Flexibilisation,outage_profiles,,,,,,,,,,,,,,,,,,,,,,,,,,,,,,,,,,,,,BASE,unplanned,average,0.310320193644125,0.3,0.406365152884633,0.310320193644125,0.3,0.406365152884633,0.03,0.347922701271305,0.273895595894423,0.0261,0.409808274064953,0.18,0.247619144781454,0.238105257309517,0.15021505875924,0.290205117274887,0.134,0.392,0,0,0,0,0,0,0,0,0,0,0,0,0,0,0.247619144781454,0,0,,0,0,0,0,0,0,,,,,,,,,,,,0,0,0,0,0,0
Coal_Flexibilisation,outage_profiles,,,,,,,,,,,,,,,,,,,,,,,,,,,,,,,,,,,,,BASE,unplanned,std_dev_noise,0.0310320193644125,0.03,0.0406365152884633,0.0310320193644125,0.03,0.0406365152884633,0.003,0.0347922701271305,0.027389559589442305,0.0026100000000000003,0.04098082740649531,0.018,0.0247619144781454,0.0238105257309517,0.015021505875924,0.029020511727488704,0.013400000000000002,0.039200000000000006,0,0,0,0,0,0,0,0,0,0,0,0,0,0,0.04,0,0,,0,0,0,0,0,0,,,,,,,,,,,,0,0,0,0,0,0
Coal_Flexibilisation,outage_profiles,,,,,,,,,,,,,,,,,,,,,,,,,,,,,,,,,,,,,BASE_FLAT,planned,1,0.144448346227856,0.144448346227856,0.144448346227856,0.144448346227856,0.144448346227856,0.144448346227856,0.144448346227856,0.144448346227856,0.144448346227856,0.144448346227856,0.144448346227856,0.144448346227856,0.144448346227856,0.144448346227856,0.144448346227856,0.144448346227856,0.144448346227856,0.144448346227856,0,0,0,0,0,0,0,0,0,0,0,0,0,0,0.144448346227856,0,0,,0.1,0,0,0,0,0,,,,,,,,,,,,0,0,0,0,0,0
Coal_Flexibilisation,outage_profiles,,,,,,,,,,,,,,,,,,,,,,,,,,,,,,,,,,,,,BASE_FLAT,planned,2,0.133671010589736,0.133671010589736,0.133671010589736,0.133671010589736,0.133671010589736,0.133671010589736,0.133671010589736,0.133671010589736,0.133671010589736,0.133671010589736,0.133671010589736,0.133671010589736,0.133671010589736,0.133671010589736,0.133671010589736,0.133671010589736,0.133671010589736,0.133671010589736,0,0,0,0,0,0,0,0,0,0,0,0,0,0,0.133671010589736,0,0,,0.1,0,0,0,0,0,,,,,,,,,,,,0,0,0,0,0,0
Coal_Flexibilisation,outage_profiles,,,,,,,,,,,,,,,,,,,,,,,,,,,,,,,,,,,,,BASE_FLAT,planned,3,0.136173770644453,0.136173770644453,0.136173770644453,0.136173770644453,0.136173770644453,0.136173770644453,0.136173770644453,0.136173770644453,0.136173770644453,0.136173770644453,0.136173770644453,0.136173770644453,0.136173770644453,0.136173770644453,0.136173770644453,0.136173770644453,0.136173770644453,0.136173770644453,0,0,0,0,0,0,0,0,0,0,0,0,0,0,0.136173770644453,0,0,,0.1,0,0,0,0,0,,,,,,,,,,,,0,0,0,0,0,0
Coal_Flexibilisation,outage_profiles,,,,,,,,,,,,,,,,,,,,,,,,,,,,,,,,,,,,,BASE_FLAT,planned,4,0.120281708321794,0.120281708321794,0.120281708321794,0.120281708321794,0.120281708321794,0.120281708321794,0.120281708321794,0.120281708321794,0.120281708321794,0.120281708321794,0.120281708321794,0.120281708321794,0.120281708321794,0.120281708321794,0.120281708321794,0.120281708321794,0.120281708321794,0.120281708321794,0,0,0,0,0,0,0,0,0,0,0,0,0,0,0.120281708321794,0,0,,0.1,0,0,0,0,0,,,,,,,,,,,,0,0,0,0,0,0
Coal_Flexibilisation,outage_profiles,,,,,,,,,,,,,,,,,,,,,,,,,,,,,,,,,,,,,BASE_FLAT,planned,5,0.115028277697044,0.115028277697044,0.115028277697044,0.115028277697044,0.115028277697044,0.115028277697044,0.115028277697044,0.115028277697044,0.115028277697044,0.115028277697044,0.115028277697044,0.115028277697044,0.115028277697044,0.115028277697044,0.115028277697044,0.115028277697044,0.115028277697044,0.115028277697044,0,0,0,0,0,0,0,0,0,0,0,0,0,0,0.115028277697044,0,0,,0.1,0,0,0,0,0,,,,,,,,,,,,0,0,0,0,0,0
Coal_Flexibilisation,outage_profiles,,,,,,,,,,,,,,,,,,,,,,,,,,,,,,,,,,,,,BASE_FLAT,planned,6,0.128043894987818,0.128043894987818,0.128043894987818,0.128043894987818,0.128043894987818,0.128043894987818,0.128043894987818,0.128043894987818,0.128043894987818,0.128043894987818,0.128043894987818,0.128043894987818,0.128043894987818,0.128043894987818,0.128043894987818,0.128043894987818,0.128043894987818,0.128043894987818,0,0,0,0,0,0,0,0,0,0,0,0,0,0,0.128043894987818,0,0,,0.1,0,0,0,0,0,,,,,,,,,,,,0,0,0,0,0,0
Coal_Flexibilisation,outage_profiles,,,,,,,,,,,,,,,,,,,,,,,,,,,,,,,,,,,,,BASE_FLAT,planned,7,0.127008896492344,0.127008896492344,0.127008896492344,0.127008896492344,0.127008896492344,0.127008896492344,0.127008896492344,0.127008896492344,0.127008896492344,0.127008896492344,0.127008896492344,0.127008896492344,0.127008896492344,0.127008896492344,0.127008896492344,0.127008896492344,0.127008896492344,0.127008896492344,0,0,0,0,0,0,0,0,0,0,0,0,0,0,0.127008896492344,0,0,,0.1,0,0,0,0,0,,,,,,,,,,,,0,0,0,0,0,0
Coal_Flexibilisation,outage_profiles,,,,,,,,,,,,,,,,,,,,,,,,,,,,,,,,,,,,,BASE_FLAT,planned,8,0.112240222929596,0.112240222929596,0.112240222929596,0.112240222929596,0.112240222929596,0.112240222929596,0.112240222929596,0.112240222929596,0.112240222929596,0.112240222929596,0.112240222929596,0.112240222929596,0.112240222929596,0.112240222929596,0.112240222929596,0.112240222929596,0.112240222929596,0.112240222929596,0,0,0,0,0,0,0,0,0,0,0,0,0,0,0.112240222929596,0,0,,0.1,0,0,0,0,0,,,,,,,,,,,,0,0,0,0,0,0
Coal_Flexibilisation,outage_profiles,,,,,,,,,,,,,,,,,,,,,,,,,,,,,,,,,,,,,BASE_FLAT,planned,9,0.10482444753816,0.10482444753816,0.10482444753816,0.10482444753816,0.10482444753816,0.10482444753816,0.10482444753816,0.10482444753816,0.10482444753816,0.10482444753816,0.10482444753816,0.10482444753816,0.10482444753816,0.10482444753816,0.10482444753816,0.10482444753816,0.10482444753816,0.10482444753816,0,0,0,0,0,0,0,0,0,0,0,0,0,0,0.10482444753816,0,0,,0.1,0,0,0,0,0,,,,,,,,,,,,0,0,0,0,0,0
Coal_Flexibilisation,outage_profiles,,,,,,,,,,,,,,,,,,,,,,,,,,,,,,,,,,,,,BASE_FLAT,planned,10,0.0929198862527063,0.0929198862527063,0.0929198862527063,0.0929198862527063,0.0929198862527063,0.0929198862527063,0.0929198862527063,0.0929198862527063,0.0929198862527063,0.0929198862527063,0.0929198862527063,0.0929198862527063,0.0929198862527063,0.0929198862527063,0.0929198862527063,0.0929198862527063,0.0929198862527063,0.0929198862527063,0,0,0,0,0,0,0,0,0,0,0,0,0,0,0.0929198862527063,0,0,,0.1,0,0,0,0,0,,,,,,,,,,,,0,0,0,0,0,0
Coal_Flexibilisation,outage_profiles,,,,,,,,,,,,,,,,,,,,,,,,,,,,,,,,,,,,,BASE_FLAT,planned,11,0.120792247439271,0.120792247439271,0.120792247439271,0.120792247439271,0.120792247439271,0.120792247439271,0.120792247439271,0.120792247439271,0.120792247439271,0.120792247439271,0.120792247439271,0.120792247439271,0.120792247439271,0.120792247439271,0.120792247439271,0.120792247439271,0.120792247439271,0.120792247439271,0,0,0,0,0,0,0,0,0,0,0,0,0,0,0.120792247439271,0,0,,0.1,0,0,0,0,0,,,,,,,,,,,,0,0,0,0,0,0
Coal_Flexibilisation,outage_profiles,,,,,,,,,,,,,,,,,,,,,,,,,,,,,,,,,,,,,BASE_FLAT,planned,12,0.140292722474832,0.140292722474832,0.140292722474832,0.140292722474832,0.140292722474832,0.140292722474832,0.140292722474832,0.140292722474832,0.140292722474832,0.140292722474832,0.140292722474832,0.140292722474832,0.140292722474832,0.140292722474832,0.140292722474832,0.140292722474832,0.140292722474832,0.140292722474832,0,0,0,0,0,0,0,0,0,0,0,0,0,0,0.140292722474832,0,0,,0.1,0,0,0,0,0,,,,,,,,,,,,0,0,0,0,0,0
Coal_Flexibilisation,outage_profiles,,,,,,,,,,,,,,,,,,,,,,,,,,,,,,,,,,,,,BASE_FLAT,planned,13,0.121933104149519,0.121933104149519,0.121933104149519,0.121933104149519,0.121933104149519,0.121933104149519,0.121933104149519,0.121933104149519,0.121933104149519,0.121933104149519,0.121933104149519,0.121933104149519,0.121933104149519,0.121933104149519,0.121933104149519,0.121933104149519,0.121933104149519,0.121933104149519,0,0,0,0,0,0,0,0,0,0,0,0,0,0,0.121933104149519,0,0,,0.1,0,0,0,0,0,,,,,,,,,,,,0,0,0,0,0,0
Coal_Flexibilisation,outage_profiles,,,,,,,,,,,,,,,,,,,,,,,,,,,,,,,,,,,,,BASE_FLAT,planned,14,0.141960897240234,0.141960897240234,0.141960897240234,0.141960897240234,0.141960897240234,0.141960897240234,0.141960897240234,0.141960897240234,0.141960897240234,0.141960897240234,0.141960897240234,0.141960897240234,0.141960897240234,0.141960897240234,0.141960897240234,0.141960897240234,0.141960897240234,0.141960897240234,0,0,0,0,0,0,0,0,0,0,0,0,0,0,0.141960897240234,0,0,,0.1,0,0,0,0,0,,,,,,,,,,,,0,0,0,0,0,0
Coal_Flexibilisation,outage_profiles,,,,,,,,,,,,,,,,,,,,,,,,,,,,,,,,,,,,,BASE_FLAT,planned,15,0.128134168937135,0.128134168937135,0.128134168937135,0.128134168937135,0.128134168937135,0.128134168937135,0.128134168937135,0.128134168937135,0.128134168937135,0.128134168937135,0.128134168937135,0.128134168937135,0.128134168937135,0.128134168937135,0.128134168937135,0.128134168937135,0.128134168937135,0.128134168937135,0,0,0,0,0,0,0,0,0,0,0,0,0,0,0.128134168937135,0,0,,0.1,0,0,0,0,0,,,,,,,,,,,,0,0,0,0,0,0
Coal_Flexibilisation,outage_profiles,,,,,,,,,,,,,,,,,,,,,,,,,,,,,,,,,,,,,BASE_FLAT,planned,16,0.142108365804791,0.142108365804791,0.142108365804791,0.142108365804791,0.142108365804791,0.142108365804791,0.142108365804791,0.142108365804791,0.142108365804791,0.142108365804791,0.142108365804791,0.142108365804791,0.142108365804791,0.142108365804791,0.142108365804791,0.142108365804791,0.142108365804791,0.142108365804791,0,0,0,0,0,0,0,0,0,0,0,0,0,0,0.142108365804791,0,0,,0.1,0,0,0,0,0,,,,,,,,,,,,0,0,0,0,0,0
Coal_Flexibilisation,outage_profiles,,,,,,,,,,,,,,,,,,,,,,,,,,,,,,,,,,,,,BASE_FLAT,planned,17,0.1007295720618,0.1007295720618,0.1007295720618,0.1007295720618,0.1007295720618,0.1007295720618,0.1007295720618,0.1007295720618,0.1007295720618,0.1007295720618,0.1007295720618,0.1007295720618,0.1007295720618,0.1007295720618,0.1007295720618,0.1007295720618,0.1007295720618,0.1007295720618,0,0,0,0,0,0,0,0,0,0,0,0,0,0,0.1007295720618,0,0,,0.1,0,0,0,0,0,,,,,,,,,,,,0,0,0,0,0,0
Coal_Flexibilisation,outage_profiles,,,,,,,,,,,,,,,,,,,,,,,,,,,,,,,,,,,,,BASE_FLAT,planned,18,0.106006055140041,0.106006055140041,0.106006055140041,0.106006055140041,0.106006055140041,0.106006055140041,0.106006055140041,0.106006055140041,0.106006055140041,0.106006055140041,0.106006055140041,0.106006055140041,0.106006055140041,0.106006055140041,0.106006055140041,0.106006055140041,0.106006055140041,0.106006055140041,0,0,0,0,0,0,0,0,0,0,0,0,0,0,0.106006055140041,0,0,,0.1,0,0,0,0,0,,,,,,,,,,,,0,0,0,0,0,0
Coal_Flexibilisation,outage_profiles,,,,,,,,,,,,,,,,,,,,,,,,,,,,,,,,,,,,,BASE_FLAT,planned,19,0.0953305255022937,0.0953305255022937,0.0953305255022937,0.0953305255022937,0.0953305255022937,0.0953305255022937,0.0953305255022937,0.0953305255022937,0.0953305255022937,0.0953305255022937,0.0953305255022937,0.0953305255022937,0.0953305255022937,0.0953305255022937,0.0953305255022937,0.0953305255022937,0.0953305255022937,0.0953305255022937,0,0,0,0,0,0,0,0,0,0,0,0,0,0,0.0953305255022937,0,0,,0.1,0,0,0,0,0,,,,,,,,,,,,0,0,0,0,0,0
Coal_Flexibilisation,outage_profiles,,,,,,,,,,,,,,,,,,,,,,,,,,,,,,,,,,,,,BASE_FLAT,planned,20,0.0863862285112283,0.0863862285112283,0.0863862285112283,0.0863862285112283,0.0863862285112283,0.0863862285112283,0.0863862285112283,0.0863862285112283,0.0863862285112283,0.0863862285112283,0.0863862285112283,0.0863862285112283,0.0863862285112283,0.0863862285112283,0.0863862285112283,0.0863862285112283,0.0863862285112283,0.0863862285112283,0,0,0,0,0,0,0,0,0,0,0,0,0,0,0.0863862285112283,0,0,,0.1,0,0,0,0,0,,,,,,,,,,,,0,0,0,0,0,0
Coal_Flexibilisation,outage_profiles,,,,,,,,,,,,,,,,,,,,,,,,,,,,,,,,,,,,,BASE_FLAT,planned,21,0.105572782745234,0.105572782745234,0.105572782745234,0.105572782745234,0.105572782745234,0.105572782745234,0.105572782745234,0.105572782745234,0.105572782745234,0.105572782745234,0.105572782745234,0.105572782745234,0.105572782745234,0.105572782745234,0.105572782745234,0.105572782745234,0.105572782745234,0.105572782745234,0,0,0,0,0,0,0,0,0,0,0,0,0,0,0.105572782745234,0,0,,0.1,0,0,0,0,0,,,,,,,,,,,,0,0,0,0,0,0
Coal_Flexibilisation,outage_profiles,,,,,,,,,,,,,,,,,,,,,,,,,,,,,,,,,,,,,BASE_FLAT,planned,22,0.0815602003819963,0.0815602003819963,0.0815602003819963,0.0815602003819963,0.0815602003819963,0.0815602003819963,0.0815602003819963,0.0815602003819963,0.0815602003819963,0.0815602003819963,0.0815602003819963,0.0815602003819963,0.0815602003819963,0.0815602003819963,0.0815602003819963,0.0815602003819963,0.0815602003819963,0.0815602003819963,0,0,0,0,0,0,0,0,0,0,0,0,0,0,0.0815602003819963,0,0,,0.1,0,0,0,0,0,,,,,,,,,,,,0,0,0,0,0,0
Coal_Flexibilisation,outage_profiles,,,,,,,,,,,,,,,,,,,,,,,,,,,,,,,,,,,,,BASE_FLAT,planned,23,0.0613525929275099,0.0613525929275099,0.0613525929275099,0.0613525929275099,0.0613525929275099,0.0613525929275099,0.0613525929275099,0.0613525929275099,0.0613525929275099,0.0613525929275099,0.0613525929275099,0.0613525929275099,0.0613525929275099,0.0613525929275099,0.0613525929275099,0.0613525929275099,0.0613525929275099,0.0613525929275099,0,0,0,0,0,0,0,0,0,0,0,0,0,0,0.0613525929275099,0,0,,0.1,0,0,0,0,0,,,,,,,,,,,,0,0,0,0,0,0
Coal_Flexibilisation,outage_profiles,,,,,,,,,,,,,,,,,,,,,,,,,,,,,,,,,,,,,BASE_FLAT,planned,24,0.0502896170028366,0.0502896170028366,0.0502896170028366,0.0502896170028366,0.0502896170028366,0.0502896170028366,0.0502896170028366,0.0502896170028366,0.0502896170028366,0.0502896170028366,0.0502896170028366,0.0502896170028366,0.0502896170028366,0.0502896170028366,0.0502896170028366,0.0502896170028366,0.0502896170028366,0.0502896170028366,0,0,0,0,0,0,0,0,0,0,0,0,0,0,0.0502896170028366,0,0,,0.1,0,0,0,0,0,,,,,,,,,,,,0,0,0,0,0,0
Coal_Flexibilisation,outage_profiles,,,,,,,,,,,,,,,,,,,,,,,,,,,,,,,,,,,,,BASE_FLAT,planned,25,0.058321750041365,0.058321750041365,0.058321750041365,0.058321750041365,0.058321750041365,0.058321750041365,0.058321750041365,0.058321750041365,0.058321750041365,0.058321750041365,0.058321750041365,0.058321750041365,0.058321750041365,0.058321750041365,0.058321750041365,0.058321750041365,0.058321750041365,0.058321750041365,0,0,0,0,0,0,0,0,0,0,0,0,0,0,0.058321750041365,0,0,,0.1,0,0,0,0,0,,,,,,,,,,,,0,0,0,0,0,0
Coal_Flexibilisation,outage_profiles,,,,,,,,,,,,,,,,,,,,,,,,,,,,,,,,,,,,,BASE_FLAT,planned,26,0.0527164674032442,0.0527164674032442,0.0527164674032442,0.0527164674032442,0.0527164674032442,0.0527164674032442,0.0527164674032442,0.0527164674032442,0.0527164674032442,0.0527164674032442,0.0527164674032442,0.0527164674032442,0.0527164674032442,0.0527164674032442,0.0527164674032442,0.0527164674032442,0.0527164674032442,0.0527164674032442,0,0,0,0,0,0,0,0,0,0,0,0,0,0,0.0527164674032442,0,0,,0.1,0,0,0,0,0,,,,,,,,,,,,0,0,0,0,0,0
Coal_Flexibilisation,outage_profiles,,,,,,,,,,,,,,,,,,,,,,,,,,,,,,,,,,,,,BASE_FLAT,planned,27,0.0574051743269372,0.0574051743269372,0.0574051743269372,0.0574051743269372,0.0574051743269372,0.0574051743269372,0.0574051743269372,0.0574051743269372,0.0574051743269372,0.0574051743269372,0.0574051743269372,0.0574051743269372,0.0574051743269372,0.0574051743269372,0.0574051743269372,0.0574051743269372,0.0574051743269372,0.0574051743269372,0,0,0,0,0,0,0,0,0,0,0,0,0,0,0.0574051743269372,0,0,,0.1,0,0,0,0,0,,,,,,,,,,,,0,0,0,0,0,0
Coal_Flexibilisation,outage_profiles,,,,,,,,,,,,,,,,,,,,,,,,,,,,,,,,,,,,,BASE_FLAT,planned,28,0.0512732952090228,0.0512732952090228,0.0512732952090228,0.0512732952090228,0.0512732952090228,0.0512732952090228,0.0512732952090228,0.0512732952090228,0.0512732952090228,0.0512732952090228,0.0512732952090228,0.0512732952090228,0.0512732952090228,0.0512732952090228,0.0512732952090228,0.0512732952090228,0.0512732952090228,0.0512732952090228,0,0,0,0,0,0,0,0,0,0,0,0,0,0,0.0512732952090228,0,0,,0.1,0,0,0,0,0,,,,,,,,,,,,0,0,0,0,0,0
Coal_Flexibilisation,outage_profiles,,,,,,,,,,,,,,,,,,,,,,,,,,,,,,,,,,,,,BASE_FLAT,planned,29,0.0588851155783779,0.0588851155783779,0.0588851155783779,0.0588851155783779,0.0588851155783779,0.0588851155783779,0.0588851155783779,0.0588851155783779,0.0588851155783779,0.0588851155783779,0.0588851155783779,0.0588851155783779,0.0588851155783779,0.0588851155783779,0.0588851155783779,0.0588851155783779,0.0588851155783779,0.0588851155783779,0,0,0,0,0,0,0,0,0,0,0,0,0,0,0.0588851155783779,0,0,,0.1,0,0,0,0,0,,,,,,,,,,,,0,0,0,0,0,0
Coal_Flexibilisation,outage_profiles,,,,,,,,,,,,,,,,,,,,,,,,,,,,,,,,,,,,,BASE_FLAT,planned,30,0.0566952274375193,0.0566952274375193,0.0566952274375193,0.0566952274375193,0.0566952274375193,0.0566952274375193,0.0566952274375193,0.0566952274375193,0.0566952274375193,0.0566952274375193,0.0566952274375193,0.0566952274375193,0.0566952274375193,0.0566952274375193,0.0566952274375193,0.0566952274375193,0.0566952274375193,0.0566952274375193,0,0,0,0,0,0,0,0,0,0,0,0,0,0,0.0566952274375193,0,0,,0.1,0,0,0,0,0,,,,,,,,,,,,0,0,0,0,0,0
Coal_Flexibilisation,outage_profiles,,,,,,,,,,,,,,,,,,,,,,,,,,,,,,,,,,,,,BASE_FLAT,planned,31,0.0566170466606266,0.0566170466606266,0.0566170466606266,0.0566170466606266,0.0566170466606266,0.0566170466606266,0.0566170466606266,0.0566170466606266,0.0566170466606266,0.0566170466606266,0.0566170466606266,0.0566170466606266,0.0566170466606266,0.0566170466606266,0.0566170466606266,0.0566170466606266,0.0566170466606266,0.0566170466606266,0,0,0,0,0,0,0,0,0,0,0,0,0,0,0.0566170466606266,0,0,,0.1,0,0,0,0,0,,,,,,,,,,,,0,0,0,0,0,0
Coal_Flexibilisation,outage_profiles,,,,,,,,,,,,,,,,,,,,,,,,,,,,,,,,,,,,,BASE_FLAT,planned,32,0.0601857389708191,0.0601857389708191,0.0601857389708191,0.0601857389708191,0.0601857389708191,0.0601857389708191,0.0601857389708191,0.0601857389708191,0.0601857389708191,0.0601857389708191,0.0601857389708191,0.0601857389708191,0.0601857389708191,0.0601857389708191,0.0601857389708191,0.0601857389708191,0.0601857389708191,0.0601857389708191,0,0,0,0,0,0,0,0,0,0,0,0,0,0,0.0601857389708191,0,0,,0.1,0,0,0,0,0,,,,,,,,,,,,0,0,0,0,0,0
Coal_Flexibilisation,outage_profiles,,,,,,,,,,,,,,,,,,,,,,,,,,,,,,,,,,,,,BASE_FLAT,planned,33,0.0904503160312234,0.0904503160312234,0.0904503160312234,0.0904503160312234,0.0904503160312234,0.0904503160312234,0.0904503160312234,0.0904503160312234,0.0904503160312234,0.0904503160312234,0.0904503160312234,0.0904503160312234,0.0904503160312234,0.0904503160312234,0.0904503160312234,0.0904503160312234,0.0904503160312234,0.0904503160312234,0,0,0,0,0,0,0,0,0,0,0,0,0,0,0.0904503160312234,0,0,,0.1,0,0,0,0,0,,,,,,,,,,,,0,0,0,0,0,0
Coal_Flexibilisation,outage_profiles,,,,,,,,,,,,,,,,,,,,,,,,,,,,,,,,,,,,,BASE_FLAT,planned,34,0.124714989032695,0.124714989032695,0.124714989032695,0.124714989032695,0.124714989032695,0.124714989032695,0.124714989032695,0.124714989032695,0.124714989032695,0.124714989032695,0.124714989032695,0.124714989032695,0.124714989032695,0.124714989032695,0.124714989032695,0.124714989032695,0.124714989032695,0.124714989032695,0,0,0,0,0,0,0,0,0,0,0,0,0,0,0.124714989032695,0,0,,0.1,0,0,0,0,0,,,,,,,,,,,,0,0,0,0,0,0
Coal_Flexibilisation,outage_profiles,,,,,,,,,,,,,,,,,,,,,,,,,,,,,,,,,,,,,BASE_FLAT,planned,35,0.143697414963733,0.143697414963733,0.143697414963733,0.143697414963733,0.143697414963733,0.143697414963733,0.143697414963733,0.143697414963733,0.143697414963733,0.143697414963733,0.143697414963733,0.143697414963733,0.143697414963733,0.143697414963733,0.143697414963733,0.143697414963733,0.143697414963733,0.143697414963733,0,0,0,0,0,0,0,0,0,0,0,0,0,0,0.143697414963733,0,0,,0.1,0,0,0,0,0,,,,,,,,,,,,0,0,0,0,0,0
Coal_Flexibilisation,outage_profiles,,,,,,,,,,,,,,,,,,,,,,,,,,,,,,,,,,,,,BASE_FLAT,planned,36,0.104225920574715,0.104225920574715,0.104225920574715,0.104225920574715,0.104225920574715,0.104225920574715,0.104225920574715,0.104225920574715,0.104225920574715,0.104225920574715,0.104225920574715,0.104225920574715,0.104225920574715,0.104225920574715,0.104225920574715,0.104225920574715,0.104225920574715,0.104225920574715,0,0,0,0,0,0,0,0,0,0,0,0,0,0,0.104225920574715,0,0,,0.1,0,0,0,0,0,,,,,,,,,,,,0,0,0,0,0,0
Coal_Flexibilisation,outage_profiles,,,,,,,,,,,,,,,,,,,,,,,,,,,,,,,,,,,,,BASE_FLAT,planned,37,0.103169387064252,0.103169387064252,0.103169387064252,0.103169387064252,0.103169387064252,0.103169387064252,0.103169387064252,0.103169387064252,0.103169387064252,0.103169387064252,0.103169387064252,0.103169387064252,0.103169387064252,0.103169387064252,0.103169387064252,0.103169387064252,0.103169387064252,0.103169387064252,0,0,0,0,0,0,0,0,0,0,0,0,0,0,0.103169387064252,0,0,,0.1,0,0,0,0,0,,,,,,,,,,,,0,0,0,0,0,0
Coal_Flexibilisation,outage_profiles,,,,,,,,,,,,,,,,,,,,,,,,,,,,,,,,,,,,,BASE_FLAT,planned,38,0.108444088852471,0.108444088852471,0.108444088852471,0.108444088852471,0.108444088852471,0.108444088852471,0.108444088852471,0.108444088852471,0.108444088852471,0.108444088852471,0.108444088852471,0.108444088852471,0.108444088852471,0.108444088852471,0.108444088852471,0.108444088852471,0.108444088852471,0.108444088852471,0,0,0,0,0,0,0,0,0,0,0,0,0,0,0.108444088852471,0,0,,0.1,0,0,0,0,0,,,,,,,,,,,,0,0,0,0,0,0
Coal_Flexibilisation,outage_profiles,,,,,,,,,,,,,,,,,,,,,,,,,,,,,,,,,,,,,BASE_FLAT,planned,39,0.125128552515343,0.125128552515343,0.125128552515343,0.125128552515343,0.125128552515343,0.125128552515343,0.125128552515343,0.125128552515343,0.125128552515343,0.125128552515343,0.125128552515343,0.125128552515343,0.125128552515343,0.125128552515343,0.125128552515343,0.125128552515343,0.125128552515343,0.125128552515343,0,0,0,0,0,0,0,0,0,0,0,0,0,0,0.125128552515343,0,0,,0.1,0,0,0,0,0,,,,,,,,,,,,0,0,0,0,0,0
Coal_Flexibilisation,outage_profiles,,,,,,,,,,,,,,,,,,,,,,,,,,,,,,,,,,,,,BASE_FLAT,planned,40,0.0996752111823199,0.0996752111823199,0.0996752111823199,0.0996752111823199,0.0996752111823199,0.0996752111823199,0.0996752111823199,0.0996752111823199,0.0996752111823199,0.0996752111823199,0.0996752111823199,0.0996752111823199,0.0996752111823199,0.0996752111823199,0.0996752111823199,0.0996752111823199,0.0996752111823199,0.0996752111823199,0,0,0,0,0,0,0,0,0,0,0,0,0,0,0.0996752111823199,0,0,,0.1,0,0,0,0,0,,,,,,,,,,,,0,0,0,0,0,0
Coal_Flexibilisation,outage_profiles,,,,,,,,,,,,,,,,,,,,,,,,,,,,,,,,,,,,,BASE_FLAT,planned,41,0.0926445209646492,0.0926445209646492,0.0926445209646492,0.0926445209646492,0.0926445209646492,0.0926445209646492,0.0926445209646492,0.0926445209646492,0.0926445209646492,0.0926445209646492,0.0926445209646492,0.0926445209646492,0.0926445209646492,0.0926445209646492,0.0926445209646492,0.0926445209646492,0.0926445209646492,0.0926445209646492,0,0,0,0,0,0,0,0,0,0,0,0,0,0,0.0926445209646492,0,0,,0.1,0,0,0,0,0,,,,,,,,,,,,0,0,0,0,0,0
Coal_Flexibilisation,outage_profiles,,,,,,,,,,,,,,,,,,,,,,,,,,,,,,,,,,,,,BASE_FLAT,planned,42,0.0713208606673144,0.0713208606673144,0.0713208606673144,0.0713208606673144,0.0713208606673144,0.0713208606673144,0.0713208606673144,0.0713208606673144,0.0713208606673144,0.0713208606673144,0.0713208606673144,0.0713208606673144,0.0713208606673144,0.0713208606673144,0.0713208606673144,0.0713208606673144,0.0713208606673144,0.0713208606673144,0,0,0,0,0,0,0,0,0,0,0,0,0,0,0.0713208606673144,0,0,,0.1,0,0,0,0,0,,,,,,,,,,,,0,0,0,0,0,0
Coal_Flexibilisation,outage_profiles,,,,,,,,,,,,,,,,,,,,,,,,,,,,,,,,,,,,,BASE_FLAT,planned,43,0.0838455544834758,0.0838455544834758,0.0838455544834758,0.0838455544834758,0.0838455544834758,0.0838455544834758,0.0838455544834758,0.0838455544834758,0.0838455544834758,0.0838455544834758,0.0838455544834758,0.0838455544834758,0.0838455544834758,0.0838455544834758,0.0838455544834758,0.0838455544834758,0.0838455544834758,0.0838455544834758,0,0,0,0,0,0,0,0,0,0,0,0,0,0,0.0838455544834758,0,0,,0.1,0,0,0,0,0,,,,,,,,,,,,0,0,0,0,0,0
Coal_Flexibilisation,outage_profiles,,,,,,,,,,,,,,,,,,,,,,,,,,,,,,,,,,,,,BASE_FLAT,planned,44,0.0941684301322409,0.0941684301322409,0.0941684301322409,0.0941684301322409,0.0941684301322409,0.0941684301322409,0.0941684301322409,0.0941684301322409,0.0941684301322409,0.0941684301322409,0.0941684301322409,0.0941684301322409,0.0941684301322409,0.0941684301322409,0.0941684301322409,0.0941684301322409,0.0941684301322409,0.0941684301322409,0,0,0,0,0,0,0,0,0,0,0,0,0,0,0.0941684301322409,0,0,,0.1,0,0,0,0,0,,,,,,,,,,,,0,0,0,0,0,0
Coal_Flexibilisation,outage_profiles,,,,,,,,,,,,,,,,,,,,,,,,,,,,,,,,,,,,,BASE_FLAT,planned,45,0.0805672126997332,0.0805672126997332,0.0805672126997332,0.0805672126997332,0.0805672126997332,0.0805672126997332,0.0805672126997332,0.0805672126997332,0.0805672126997332,0.0805672126997332,0.0805672126997332,0.0805672126997332,0.0805672126997332,0.0805672126997332,0.0805672126997332,0.0805672126997332,0.0805672126997332,0.0805672126997332,0,0,0,0,0,0,0,0,0,0,0,0,0,0,0.0805672126997332,0,0,,0.1,0,0,0,0,0,,,,,,,,,,,,0,0,0,0,0,0
Coal_Flexibilisation,outage_profiles,,,,,,,,,,,,,,,,,,,,,,,,,,,,,,,,,,,,,BASE_FLAT,planned,46,0.104068745652264,0.104068745652264,0.104068745652264,0.104068745652264,0.104068745652264,0.104068745652264,0.104068745652264,0.104068745652264,0.104068745652264,0.104068745652264,0.104068745652264,0.104068745652264,0.104068745652264,0.104068745652264,0.104068745652264,0.104068745652264,0.104068745652264,0.104068745652264,0,0,0,0,0,0,0,0,0,0,0,0,0,0,0.104068745652264,0,0,,0.1,0,0,0,0,0,,,,,,,,,,,,0,0,0,0,0,0
Coal_Flexibilisation,outage_profiles,,,,,,,,,,,,,,,,,,,,,,,,,,,,,,,,,,,,,BASE_FLAT,planned,47,0.122324626770187,0.122324626770187,0.122324626770187,0.122324626770187,0.122324626770187,0.122324626770187,0.122324626770187,0.122324626770187,0.122324626770187,0.122324626770187,0.122324626770187,0.122324626770187,0.122324626770187,0.122324626770187,0.122324626770187,0.122324626770187,0.122324626770187,0.122324626770187,0,0,0,0,0,0,0,0,0,0,0,0,0,0,0.122324626770187,0,0,,0.1,0,0,0,0,0,,,,,,,,,,,,0,0,0,0,0,0
Coal_Flexibilisation,outage_profiles,,,,,,,,,,,,,,,,,,,,,,,,,,,,,,,,,,,,,BASE_FLAT,planned,48,0.112915237244291,0.112915237244291,0.112915237244291,0.112915237244291,0.112915237244291,0.112915237244291,0.112915237244291,0.112915237244291,0.112915237244291,0.112915237244291,0.112915237244291,0.112915237244291,0.112915237244291,0.112915237244291,0.112915237244291,0.112915237244291,0.112915237244291,0.112915237244291,0,0,0,0,0,0,0,0,0,0,0,0,0,0,0.112915237244291,0,0,,0.1,0,0,0,0,0,,,,,,,,,,,,0,0,0,0,0,0
Coal_Flexibilisation,outage_profiles,,,,,,,,,,,,,,,,,,,,,,,,,,,,,,,,,,,,,BASE_FLAT,planned,49,0.101101789959414,0.101101789959414,0.101101789959414,0.101101789959414,0.101101789959414,0.101101789959414,0.101101789959414,0.101101789959414,0.101101789959414,0.101101789959414,0.101101789959414,0.101101789959414,0.101101789959414,0.101101789959414,0.101101789959414,0.101101789959414,0.101101789959414,0.101101789959414,0,0,0,0,0,0,0,0,0,0,0,0,0,0,0.101101789959414,0,0,,0.1,0,0,0,0,0,,,,,,,,,,,,0,0,0,0,0,0
Coal_Flexibilisation,outage_profiles,,,,,,,,,,,,,,,,,,,,,,,,,,,,,,,,,,,,,BASE_FLAT,planned,50,0.0916742230147061,0.0916742230147061,0.0916742230147061,0.0916742230147061,0.0916742230147061,0.0916742230147061,0.0916742230147061,0.0916742230147061,0.0916742230147061,0.0916742230147061,0.0916742230147061,0.0916742230147061,0.0916742230147061,0.0916742230147061,0.0916742230147061,0.0916742230147061,0.0916742230147061,0.0916742230147061,0,0,0,0,0,0,0,0,0,0,0,0,0,0,0.0916742230147061,0,0,,0.1,0,0,0,0,0,,,,,,,,,,,,0,0,0,0,0,0
Coal_Flexibilisation,outage_profiles,,,,,,,,,,,,,,,,,,,,,,,,,,,,,,,,,,,,,BASE_FLAT,planned,51,0.0834721403441656,0.0834721403441656,0.0834721403441656,0.0834721403441656,0.0834721403441656,0.0834721403441656,0.0834721403441656,0.0834721403441656,0.0834721403441656,0.0834721403441656,0.0834721403441656,0.0834721403441656,0.0834721403441656,0.0834721403441656,0.0834721403441656,0.0834721403441656,0.0834721403441656,0.0834721403441656,0,0,0,0,0,0,0,0,0,0,0,0,0,0,0.0834721403441656,0,0,,0.1,0,0,0,0,0,,,,,,,,,,,,0,0,0,0,0,0
Coal_Flexibilisation,outage_profiles,,,,,,,,,,,,,,,,,,,,,,,,,,,,,,,,,,,,,BASE_FLAT,planned,52,0.113201420222666,0.113201420222666,0.113201420222666,0.113201420222666,0.113201420222666,0.113201420222666,0.113201420222666,0.113201420222666,0.113201420222666,0.113201420222666,0.113201420222666,0.113201420222666,0.113201420222666,0.113201420222666,0.113201420222666,0.113201420222666,0.113201420222666,0.113201420222666,0,0,0,0,0,0,0,0,0,0,0,0,0,0,0.113201420222666,0,0,,0.1,0,0,0,0,0,,,,,,,,,,,,0,0,0,0,0,0
Coal_Flexibilisation,outage_profiles,,,,,,,,,,,,,,,,,,,,,,,,,,,,,,,,,,,,,BASE_FLAT,planned,53,0.113201420222666,0.113201420222666,0.113201420222666,0.113201420222666,0.113201420222666,0.113201420222666,0.113201420222666,0.113201420222666,0.113201420222666,0.113201420222666,0.113201420222666,0.113201420222666,0.113201420222666,0.113201420222666,0.113201420222666,0.113201420222666,0.113201420222666,0.113201420222666,0,0,0,0,0,0,0,0,0,0,0,0,0,0,0.113201420222666,0,0,,0.1,0,0,0,0,0,,,,,,,,,,,,0,0,0,0,0,0
Coal_Flexibilisation,outage_profiles,,,,,,,,,,,,,,,,,,,,,,,,,,,,,,,,,,,,,BASE_FLAT,planned,average,0.10024908340042765,0.10024908340042765,0.10024908340042765,0.10024908340042765,0.10024908340042765,0.10024908340042765,0.10024908340042765,0.10024908340042765,0.10024908340042765,0.10024908340042765,0.10024908340042765,0.10024908340042765,0.10024908340042765,0.10024908340042765,0.10024908340042765,0.10024908340042765,0.10024908340042765,0.10024908340042765,0,0,0,0,0,0,0,0,0,0,0,0,0,0,0.10024908340042765,0,0,,0.09999999999999995,0,0,0,0,0,,,,,,,,,,,,0,0,0,0,0,0
Coal_Flexibilisation,outage_profiles,,,,,,,,,,,,,,,,,,,,,,,,,,,,,,,,,,,,,BASE_FLAT,planned,std_dev_noise,0.02,0.02,0.02,0.02,0.02,0.02,0.02,0.02,0.02,0.02,0.02,0.02,0.02,0.02,0.02,0.02,0.02,0.02,0,0,0,0,0,0,0,0,0,0,0,0,0,0,0.02,0,0,,0,0,0,0,0,0,,,,,,,,,,,,0,0,0,0,0,0
Coal_Flexibilisation,outage_profiles,,,,,,,,,,,,,,,,,,,,,,,,,,,,,,,,,,,,,BASE_FLAT,unplanned,1,0.2,0.2,0.2,0.2,0.2,0.2,0.2,0.2,0.2,0.2,0.2,0.2,0.2,0.2,0.2,0.2,0.2,0.2,0,0,0,0,0,0,0,0,0,0,0,0,0,0,0.247619144781454,0,0,,0,0,0,0,0,0,,,,,,,,,,,,0,0,0,0,0,0
Coal_Flexibilisation,outage_profiles,,,,,,,,,,,,,,,,,,,,,,,,,,,,,,,,,,,,,BASE_FLAT,unplanned,2,0.2,0.2,0.2,0.2,0.2,0.2,0.2,0.2,0.2,0.2,0.2,0.2,0.2,0.2,0.2,0.2,0.2,0.2,0,0,0,0,0,0,0,0,0,0,0,0,0,0,0.247619144781454,0,0,,0,0,0,0,0,0,,,,,,,,,,,,0,0,0,0,0,0
Coal_Flexibilisation,outage_profiles,,,,,,,,,,,,,,,,,,,,,,,,,,,,,,,,,,,,,BASE_FLAT,unplanned,3,0.2,0.2,0.2,0.2,0.2,0.2,0.2,0.2,0.2,0.2,0.2,0.2,0.2,0.2,0.2,0.2,0.2,0.2,0,0,0,0,0,0,0,0,0,0,0,0,0,0,0.247619144781454,0,0,,0,0,0,0,0,0,,,,,,,,,,,,0,0,0,0,0,0
Coal_Flexibilisation,outage_profiles,,,,,,,,,,,,,,,,,,,,,,,,,,,,,,,,,,,,,BASE_FLAT,unplanned,4,0.2,0.2,0.2,0.2,0.2,0.2,0.2,0.2,0.2,0.2,0.2,0.2,0.2,0.2,0.2,0.2,0.2,0.2,0,0,0,0,0,0,0,0,0,0,0,0,0,0,0.247619144781454,0,0,,0,0,0,0,0,0,,,,,,,,,,,,0,0,0,0,0,0
Coal_Flexibilisation,outage_profiles,,,,,,,,,,,,,,,,,,,,,,,,,,,,,,,,,,,,,BASE_FLAT,unplanned,5,0.2,0.2,0.2,0.2,0.2,0.2,0.2,0.2,0.2,0.2,0.2,0.2,0.2,0.2,0.2,0.2,0.2,0.2,0,0,0,0,0,0,0,0,0,0,0,0,0,0,0.247619144781454,0,0,,0,0,0,0,0,0,,,,,,,,,,,,0,0,0,0,0,0
Coal_Flexibilisation,outage_profiles,,,,,,,,,,,,,,,,,,,,,,,,,,,,,,,,,,,,,BASE_FLAT,unplanned,6,0.2,0.2,0.2,0.2,0.2,0.2,0.2,0.2,0.2,0.2,0.2,0.2,0.2,0.2,0.2,0.2,0.2,0.2,0,0,0,0,0,0,0,0,0,0,0,0,0,0,0.247619144781454,0,0,,0,0,0,0,0,0,,,,,,,,,,,,0,0,0,0,0,0
Coal_Flexibilisation,outage_profiles,,,,,,,,,,,,,,,,,,,,,,,,,,,,,,,,,,,,,BASE_FLAT,unplanned,7,0.2,0.2,0.2,0.2,0.2,0.2,0.2,0.2,0.2,0.2,0.2,0.2,0.2,0.2,0.2,0.2,0.2,0.2,0,0,0,0,0,0,0,0,0,0,0,0,0,0,0.247619144781454,0,0,,0,0,0,0,0,0,,,,,,,,,,,,0,0,0,0,0,0
Coal_Flexibilisation,outage_profiles,,,,,,,,,,,,,,,,,,,,,,,,,,,,,,,,,,,,,BASE_FLAT,unplanned,8,0.2,0.2,0.2,0.2,0.2,0.2,0.2,0.2,0.2,0.2,0.2,0.2,0.2,0.2,0.2,0.2,0.2,0.2,0,0,0,0,0,0,0,0,0,0,0,0,0,0,0.247619144781454,0,0,,0,0,0,0,0,0,,,,,,,,,,,,0,0,0,0,0,0
Coal_Flexibilisation,outage_profiles,,,,,,,,,,,,,,,,,,,,,,,,,,,,,,,,,,,,,BASE_FLAT,unplanned,9,0.2,0.2,0.2,0.2,0.2,0.2,0.2,0.2,0.2,0.2,0.2,0.2,0.2,0.2,0.2,0.2,0.2,0.2,0,0,0,0,0,0,0,0,0,0,0,0,0,0,0.247619144781454,0,0,,0,0,0,0,0,0,,,,,,,,,,,,0,0,0,0,0,0
Coal_Flexibilisation,outage_profiles,,,,,,,,,,,,,,,,,,,,,,,,,,,,,,,,,,,,,BASE_FLAT,unplanned,10,0.2,0.2,0.2,0.2,0.2,0.2,0.2,0.2,0.2,0.2,0.2,0.2,0.2,0.2,0.2,0.2,0.2,0.2,0,0,0,0,0,0,0,0,0,0,0,0,0,0,0.247619144781454,0,0,,0,0,0,0,0,0,,,,,,,,,,,,0,0,0,0,0,0
Coal_Flexibilisation,outage_profiles,,,,,,,,,,,,,,,,,,,,,,,,,,,,,,,,,,,,,BASE_FLAT,unplanned,11,0.2,0.2,0.2,0.2,0.2,0.2,0.2,0.2,0.2,0.2,0.2,0.2,0.2,0.2,0.2,0.2,0.2,0.2,0,0,0,0,0,0,0,0,0,0,0,0,0,0,0.247619144781454,0,0,,0,0,0,0,0,0,,,,,,,,,,,,0,0,0,0,0,0
Coal_Flexibilisation,outage_profiles,,,,,,,,,,,,,,,,,,,,,,,,,,,,,,,,,,,,,BASE_FLAT,unplanned,12,0.2,0.2,0.2,0.2,0.2,0.2,0.2,0.2,0.2,0.2,0.2,0.2,0.2,0.2,0.2,0.2,0.2,0.2,0,0,0,0,0,0,0,0,0,0,0,0,0,0,0.247619144781454,0,0,,0,0,0,0,0,0,,,,,,,,,,,,0,0,0,0,0,0
Coal_Flexibilisation,outage_profiles,,,,,,,,,,,,,,,,,,,,,,,,,,,,,,,,,,,,,BASE_FLAT,unplanned,13,0.2,0.2,0.2,0.2,0.2,0.2,0.2,0.2,0.2,0.2,0.2,0.2,0.2,0.2,0.2,0.2,0.2,0.2,0,0,0,0,0,0,0,0,0,0,0,0,0,0,0.247619144781454,0,0,,0,0,0,0,0,0,,,,,,,,,,,,0,0,0,0,0,0
Coal_Flexibilisation,outage_profiles,,,,,,,,,,,,,,,,,,,,,,,,,,,,,,,,,,,,,BASE_FLAT,unplanned,14,0.2,0.2,0.2,0.2,0.2,0.2,0.2,0.2,0.2,0.2,0.2,0.2,0.2,0.2,0.2,0.2,0.2,0.2,0,0,0,0,0,0,0,0,0,0,0,0,0,0,0.247619144781454,0,0,,0,0,0,0,0,0,,,,,,,,,,,,0,0,0,0,0,0
Coal_Flexibilisation,outage_profiles,,,,,,,,,,,,,,,,,,,,,,,,,,,,,,,,,,,,,BASE_FLAT,unplanned,15,0.2,0.2,0.2,0.2,0.2,0.2,0.2,0.2,0.2,0.2,0.2,0.2,0.2,0.2,0.2,0.2,0.2,0.2,0,0,0,0,0,0,0,0,0,0,0,0,0,0,0.247619144781454,0,0,,0,0,0,0,0,0,,,,,,,,,,,,0,0,0,0,0,0
Coal_Flexibilisation,outage_profiles,,,,,,,,,,,,,,,,,,,,,,,,,,,,,,,,,,,,,BASE_FLAT,unplanned,16,0.2,0.2,0.2,0.2,0.2,0.2,0.2,0.2,0.2,0.2,0.2,0.2,0.2,0.2,0.2,0.2,0.2,0.2,0,0,0,0,0,0,0,0,0,0,0,0,0,0,0.247619144781454,0,0,,0,0,0,0,0,0,,,,,,,,,,,,0,0,0,0,0,0
Coal_Flexibilisation,outage_profiles,,,,,,,,,,,,,,,,,,,,,,,,,,,,,,,,,,,,,BASE_FLAT,unplanned,17,0.2,0.2,0.2,0.2,0.2,0.2,0.2,0.2,0.2,0.2,0.2,0.2,0.2,0.2,0.2,0.2,0.2,0.2,0,0,0,0,0,0,0,0,0,0,0,0,0,0,0.247619144781454,0,0,,0,0,0,0,0,0,,,,,,,,,,,,0,0,0,0,0,0
Coal_Flexibilisation,outage_profiles,,,,,,,,,,,,,,,,,,,,,,,,,,,,,,,,,,,,,BASE_FLAT,unplanned,18,0.2,0.2,0.2,0.2,0.2,0.2,0.2,0.2,0.2,0.2,0.2,0.2,0.2,0.2,0.2,0.2,0.2,0.2,0,0,0,0,0,0,0,0,0,0,0,0,0,0,0.247619144781454,0,0,,0,0,0,0,0,0,,,,,,,,,,,,0,0,0,0,0,0
Coal_Flexibilisation,outage_profiles,,,,,,,,,,,,,,,,,,,,,,,,,,,,,,,,,,,,,BASE_FLAT,unplanned,19,0.2,0.2,0.2,0.2,0.2,0.2,0.2,0.2,0.2,0.2,0.2,0.2,0.2,0.2,0.2,0.2,0.2,0.2,0,0,0,0,0,0,0,0,0,0,0,0,0,0,0.247619144781454,0,0,,0,0,0,0,0,0,,,,,,,,,,,,0,0,0,0,0,0
Coal_Flexibilisation,outage_profiles,,,,,,,,,,,,,,,,,,,,,,,,,,,,,,,,,,,,,BASE_FLAT,unplanned,20,0.2,0.2,0.2,0.2,0.2,0.2,0.2,0.2,0.2,0.2,0.2,0.2,0.2,0.2,0.2,0.2,0.2,0.2,0,0,0,0,0,0,0,0,0,0,0,0,0,0,0.247619144781454,0,0,,0,0,0,0,0,0,,,,,,,,,,,,0,0,0,0,0,0
Coal_Flexibilisation,outage_profiles,,,,,,,,,,,,,,,,,,,,,,,,,,,,,,,,,,,,,BASE_FLAT,unplanned,21,0.2,0.2,0.2,0.2,0.2,0.2,0.2,0.2,0.2,0.2,0.2,0.2,0.2,0.2,0.2,0.2,0.2,0.2,0,0,0,0,0,0,0,0,0,0,0,0,0,0,0.247619144781454,0,0,,0,0,0,0,0,0,,,,,,,,,,,,0,0,0,0,0,0
Coal_Flexibilisation,outage_profiles,,,,,,,,,,,,,,,,,,,,,,,,,,,,,,,,,,,,,BASE_FLAT,unplanned,22,0.2,0.2,0.2,0.2,0.2,0.2,0.2,0.2,0.2,0.2,0.2,0.2,0.2,0.2,0.2,0.2,0.2,0.2,0,0,0,0,0,0,0,0,0,0,0,0,0,0,0.247619144781454,0,0,,0,0,0,0,0,0,,,,,,,,,,,,0,0,0,0,0,0
Coal_Flexibilisation,outage_profiles,,,,,,,,,,,,,,,,,,,,,,,,,,,,,,,,,,,,,BASE_FLAT,unplanned,23,0.2,0.2,0.2,0.2,0.2,0.2,0.2,0.2,0.2,0.2,0.2,0.2,0.2,0.2,0.2,0.2,0.2,0.2,0,0,0,0,0,0,0,0,0,0,0,0,0,0,0.247619144781454,0,0,,0,0,0,0,0,0,,,,,,,,,,,,0,0,0,0,0,0
Coal_Flexibilisation,outage_profiles,,,,,,,,,,,,,,,,,,,,,,,,,,,,,,,,,,,,,BASE_FLAT,unplanned,24,0.2,0.2,0.2,0.2,0.2,0.2,0.2,0.2,0.2,0.2,0.2,0.2,0.2,0.2,0.2,0.2,0.2,0.2,0,0,0,0,0,0,0,0,0,0,0,0,0,0,0.247619144781454,0,0,,0,0,0,0,0,0,,,,,,,,,,,,0,0,0,0,0,0
Coal_Flexibilisation,outage_profiles,,,,,,,,,,,,,,,,,,,,,,,,,,,,,,,,,,,,,BASE_FLAT,unplanned,25,0.2,0.2,0.2,0.2,0.2,0.2,0.2,0.2,0.2,0.2,0.2,0.2,0.2,0.2,0.2,0.2,0.2,0.2,0,0,0,0,0,0,0,0,0,0,0,0,0,0,0.247619144781454,0,0,,0,0,0,0,0,0,,,,,,,,,,,,0,0,0,0,0,0
Coal_Flexibilisation,outage_profiles,,,,,,,,,,,,,,,,,,,,,,,,,,,,,,,,,,,,,BASE_FLAT,unplanned,26,0.2,0.2,0.2,0.2,0.2,0.2,0.2,0.2,0.2,0.2,0.2,0.2,0.2,0.2,0.2,0.2,0.2,0.2,0,0,0,0,0,0,0,0,0,0,0,0,0,0,0.247619144781454,0,0,,0,0,0,0,0,0,,,,,,,,,,,,0,0,0,0,0,0
Coal_Flexibilisation,outage_profiles,,,,,,,,,,,,,,,,,,,,,,,,,,,,,,,,,,,,,BASE_FLAT,unplanned,27,0.2,0.2,0.2,0.2,0.2,0.2,0.2,0.2,0.2,0.2,0.2,0.2,0.2,0.2,0.2,0.2,0.2,0.2,0,0,0,0,0,0,0,0,0,0,0,0,0,0,0.247619144781454,0,0,,0,0,0,0,0,0,,,,,,,,,,,,0,0,0,0,0,0
Coal_Flexibilisation,outage_profiles,,,,,,,,,,,,,,,,,,,,,,,,,,,,,,,,,,,,,BASE_FLAT,unplanned,28,0.2,0.2,0.2,0.2,0.2,0.2,0.2,0.2,0.2,0.2,0.2,0.2,0.2,0.2,0.2,0.2,0.2,0.2,0,0,0,0,0,0,0,0,0,0,0,0,0,0,0.247619144781454,0,0,,0,0,0,0,0,0,,,,,,,,,,,,0,0,0,0,0,0
Coal_Flexibilisation,outage_profiles,,,,,,,,,,,,,,,,,,,,,,,,,,,,,,,,,,,,,BASE_FLAT,unplanned,29,0.2,0.2,0.2,0.2,0.2,0.2,0.2,0.2,0.2,0.2,0.2,0.2,0.2,0.2,0.2,0.2,0.2,0.2,0,0,0,0,0,0,0,0,0,0,0,0,0,0,0.247619144781454,0,0,,0,0,0,0,0,0,,,,,,,,,,,,0,0,0,0,0,0
Coal_Flexibilisation,outage_profiles,,,,,,,,,,,,,,,,,,,,,,,,,,,,,,,,,,,,,BASE_FLAT,unplanned,30,0.2,0.2,0.2,0.2,0.2,0.2,0.2,0.2,0.2,0.2,0.2,0.2,0.2,0.2,0.2,0.2,0.2,0.2,0,0,0,0,0,0,0,0,0,0,0,0,0,0,0.247619144781454,0,0,,0,0,0,0,0,0,,,,,,,,,,,,0,0,0,0,0,0
Coal_Flexibilisation,outage_profiles,,,,,,,,,,,,,,,,,,,,,,,,,,,,,,,,,,,,,BASE_FLAT,unplanned,31,0.2,0.2,0.2,0.2,0.2,0.2,0.2,0.2,0.2,0.2,0.2,0.2,0.2,0.2,0.2,0.2,0.2,0.2,0,0,0,0,0,0,0,0,0,0,0,0,0,0,0.247619144781454,0,0,,0,0,0,0,0,0,,,,,,,,,,,,0,0,0,0,0,0
Coal_Flexibilisation,outage_profiles,,,,,,,,,,,,,,,,,,,,,,,,,,,,,,,,,,,,,BASE_FLAT,unplanned,32,0.2,0.2,0.2,0.2,0.2,0.2,0.2,0.2,0.2,0.2,0.2,0.2,0.2,0.2,0.2,0.2,0.2,0.2,0,0,0,0,0,0,0,0,0,0,0,0,0,0,0.247619144781454,0,0,,0,0,0,0,0,0,,,,,,,,,,,,0,0,0,0,0,0
Coal_Flexibilisation,outage_profiles,,,,,,,,,,,,,,,,,,,,,,,,,,,,,,,,,,,,,BASE_FLAT,unplanned,33,0.2,0.2,0.2,0.2,0.2,0.2,0.2,0.2,0.2,0.2,0.2,0.2,0.2,0.2,0.2,0.2,0.2,0.2,0,0,0,0,0,0,0,0,0,0,0,0,0,0,0.247619144781454,0,0,,0,0,0,0,0,0,,,,,,,,,,,,0,0,0,0,0,0
Coal_Flexibilisation,outage_profiles,,,,,,,,,,,,,,,,,,,,,,,,,,,,,,,,,,,,,BASE_FLAT,unplanned,34,0.2,0.2,0.2,0.2,0.2,0.2,0.2,0.2,0.2,0.2,0.2,0.2,0.2,0.2,0.2,0.2,0.2,0.2,0,0,0,0,0,0,0,0,0,0,0,0,0,0,0.247619144781454,0,0,,0,0,0,0,0,0,,,,,,,,,,,,0,0,0,0,0,0
Coal_Flexibilisation,outage_profiles,,,,,,,,,,,,,,,,,,,,,,,,,,,,,,,,,,,,,BASE_FLAT,unplanned,35,0.2,0.2,0.2,0.2,0.2,0.2,0.2,0.2,0.2,0.2,0.2,0.2,0.2,0.2,0.2,0.2,0.2,0.2,0,0,0,0,0,0,0,0,0,0,0,0,0,0,0.247619144781454,0,0,,0,0,0,0,0,0,,,,,,,,,,,,0,0,0,0,0,0
Coal_Flexibilisation,outage_profiles,,,,,,,,,,,,,,,,,,,,,,,,,,,,,,,,,,,,,BASE_FLAT,unplanned,36,0.2,0.2,0.2,0.2,0.2,0.2,0.2,0.2,0.2,0.2,0.2,0.2,0.2,0.2,0.2,0.2,0.2,0.2,0,0,0,0,0,0,0,0,0,0,0,0,0,0,0.247619144781454,0,0,,0,0,0,0,0,0,,,,,,,,,,,,0,0,0,0,0,0
Coal_Flexibilisation,outage_profiles,,,,,,,,,,,,,,,,,,,,,,,,,,,,,,,,,,,,,BASE_FLAT,unplanned,37,0.2,0.2,0.2,0.2,0.2,0.2,0.2,0.2,0.2,0.2,0.2,0.2,0.2,0.2,0.2,0.2,0.2,0.2,0,0,0,0,0,0,0,0,0,0,0,0,0,0,0.247619144781454,0,0,,0,0,0,0,0,0,,,,,,,,,,,,0,0,0,0,0,0
Coal_Flexibilisation,outage_profiles,,,,,,,,,,,,,,,,,,,,,,,,,,,,,,,,,,,,,BASE_FLAT,unplanned,38,0.2,0.2,0.2,0.2,0.2,0.2,0.2,0.2,0.2,0.2,0.2,0.2,0.2,0.2,0.2,0.2,0.2,0.2,0,0,0,0,0,0,0,0,0,0,0,0,0,0,0.247619144781454,0,0,,0,0,0,0,0,0,,,,,,,,,,,,0,0,0,0,0,0
Coal_Flexibilisation,outage_profiles,,,,,,,,,,,,,,,,,,,,,,,,,,,,,,,,,,,,,BASE_FLAT,unplanned,39,0.2,0.2,0.2,0.2,0.2,0.2,0.2,0.2,0.2,0.2,0.2,0.2,0.2,0.2,0.2,0.2,0.2,0.2,0,0,0,0,0,0,0,0,0,0,0,0,0,0,0.247619144781454,0,0,,0,0,0,0,0,0,,,,,,,,,,,,0,0,0,0,0,0
Coal_Flexibilisation,outage_profiles,,,,,,,,,,,,,,,,,,,,,,,,,,,,,,,,,,,,,BASE_FLAT,unplanned,40,0.2,0.2,0.2,0.2,0.2,0.2,0.2,0.2,0.2,0.2,0.2,0.2,0.2,0.2,0.2,0.2,0.2,0.2,0,0,0,0,0,0,0,0,0,0,0,0,0,0,0.247619144781454,0,0,,0,0,0,0,0,0,,,,,,,,,,,,0,0,0,0,0,0
Coal_Flexibilisation,outage_profiles,,,,,,,,,,,,,,,,,,,,,,,,,,,,,,,,,,,,,BASE_FLAT,unplanned,41,0.2,0.2,0.2,0.2,0.2,0.2,0.2,0.2,0.2,0.2,0.2,0.2,0.2,0.2,0.2,0.2,0.2,0.2,0,0,0,0,0,0,0,0,0,0,0,0,0,0,0.247619144781454,0,0,,0,0,0,0,0,0,,,,,,,,,,,,0,0,0,0,0,0
Coal_Flexibilisation,outage_profiles,,,,,,,,,,,,,,,,,,,,,,,,,,,,,,,,,,,,,BASE_FLAT,unplanned,42,0.2,0.2,0.2,0.2,0.2,0.2,0.2,0.2,0.2,0.2,0.2,0.2,0.2,0.2,0.2,0.2,0.2,0.2,0,0,0,0,0,0,0,0,0,0,0,0,0,0,0.247619144781454,0,0,,0,0,0,0,0,0,,,,,,,,,,,,0,0,0,0,0,0
Coal_Flexibilisation,outage_profiles,,,,,,,,,,,,,,,,,,,,,,,,,,,,,,,,,,,,,BASE_FLAT,unplanned,43,0.2,0.2,0.2,0.2,0.2,0.2,0.2,0.2,0.2,0.2,0.2,0.2,0.2,0.2,0.2,0.2,0.2,0.2,0,0,0,0,0,0,0,0,0,0,0,0,0,0,0.247619144781454,0,0,,0,0,0,0,0,0,,,,,,,,,,,,0,0,0,0,0,0
Coal_Flexibilisation,outage_profiles,,,,,,,,,,,,,,,,,,,,,,,,,,,,,,,,,,,,,BASE_FLAT,unplanned,44,0.2,0.2,0.2,0.2,0.2,0.2,0.2,0.2,0.2,0.2,0.2,0.2,0.2,0.2,0.2,0.2,0.2,0.2,0,0,0,0,0,0,0,0,0,0,0,0,0,0,0.247619144781454,0,0,,0,0,0,0,0,0,,,,,,,,,,,,0,0,0,0,0,0
Coal_Flexibilisation,outage_profiles,,,,,,,,,,,,,,,,,,,,,,,,,,,,,,,,,,,,,BASE_FLAT,unplanned,45,0.2,0.2,0.2,0.2,0.2,0.2,0.2,0.2,0.2,0.2,0.2,0.2,0.2,0.2,0.2,0.2,0.2,0.2,0,0,0,0,0,0,0,0,0,0,0,0,0,0,0.247619144781454,0,0,,0,0,0,0,0,0,,,,,,,,,,,,0,0,0,0,0,0
Coal_Flexibilisation,outage_profiles,,,,,,,,,,,,,,,,,,,,,,,,,,,,,,,,,,,,,BASE_FLAT,unplanned,46,0.2,0.2,0.2,0.2,0.2,0.2,0.2,0.2,0.2,0.2,0.2,0.2,0.2,0.2,0.2,0.2,0.2,0.2,0,0,0,0,0,0,0,0,0,0,0,0,0,0,0.247619144781454,0,0,,0,0,0,0,0,0,,,,,,,,,,,,0,0,0,0,0,0
Coal_Flexibilisation,outage_profiles,,,,,,,,,,,,,,,,,,,,,,,,,,,,,,,,,,,,,BASE_FLAT,unplanned,47,0.2,0.2,0.2,0.2,0.2,0.2,0.2,0.2,0.2,0.2,0.2,0.2,0.2,0.2,0.2,0.2,0.2,0.2,0,0,0,0,0,0,0,0,0,0,0,0,0,0,0.247619144781454,0,0,,0,0,0,0,0,0,,,,,,,,,,,,0,0,0,0,0,0
Coal_Flexibilisation,outage_profiles,,,,,,,,,,,,,,,,,,,,,,,,,,,,,,,,,,,,,BASE_FLAT,unplanned,48,0.2,0.2,0.2,0.2,0.2,0.2,0.2,0.2,0.2,0.2,0.2,0.2,0.2,0.2,0.2,0.2,0.2,0.2,0,0,0,0,0,0,0,0,0,0,0,0,0,0,0.247619144781454,0,0,,0,0,0,0,0,0,,,,,,,,,,,,0,0,0,0,0,0
Coal_Flexibilisation,outage_profiles,,,,,,,,,,,,,,,,,,,,,,,,,,,,,,,,,,,,,BASE_FLAT,unplanned,49,0.2,0.2,0.2,0.2,0.2,0.2,0.2,0.2,0.2,0.2,0.2,0.2,0.2,0.2,0.2,0.2,0.2,0.2,0,0,0,0,0,0,0,0,0,0,0,0,0,0,0.247619144781454,0,0,,0,0,0,0,0,0,,,,,,,,,,,,0,0,0,0,0,0
Coal_Flexibilisation,outage_profiles,,,,,,,,,,,,,,,,,,,,,,,,,,,,,,,,,,,,,BASE_FLAT,unplanned,50,0.2,0.2,0.2,0.2,0.2,0.2,0.2,0.2,0.2,0.2,0.2,0.2,0.2,0.2,0.2,0.2,0.2,0.2,0,0,0,0,0,0,0,0,0,0,0,0,0,0,0.247619144781454,0,0,,0,0,0,0,0,0,,,,,,,,,,,,0,0,0,0,0,0
Coal_Flexibilisation,outage_profiles,,,,,,,,,,,,,,,,,,,,,,,,,,,,,,,,,,,,,BASE_FLAT,unplanned,51,0.2,0.2,0.2,0.2,0.2,0.2,0.2,0.2,0.2,0.2,0.2,0.2,0.2,0.2,0.2,0.2,0.2,0.2,0,0,0,0,0,0,0,0,0,0,0,0,0,0,0.247619144781454,0,0,,0,0,0,0,0,0,,,,,,,,,,,,0,0,0,0,0,0
Coal_Flexibilisation,outage_profiles,,,,,,,,,,,,,,,,,,,,,,,,,,,,,,,,,,,,,BASE_FLAT,unplanned,52,0.2,0.2,0.2,0.2,0.2,0.2,0.2,0.2,0.2,0.2,0.2,0.2,0.2,0.2,0.2,0.2,0.2,0.2,0,0,0,0,0,0,0,0,0,0,0,0,0,0,0.247619144781454,0,0,,0,0,0,0,0,0,,,,,,,,,,,,0,0,0,0,0,0
Coal_Flexibilisation,outage_profiles,,,,,,,,,,,,,,,,,,,,,,,,,,,,,,,,,,,,,BASE_FLAT,unplanned,53,0.2,0.2,0.2,0.2,0.2,0.2,0.2,0.2,0.2,0.2,0.2,0.2,0.2,0.2,0.2,0.2,0.2,0.2,0,0,0,0,0,0,0,0,0,0,0,0,0,0,0.247619144781454,0,0,,0,0,0,0,0,0,,,,,,,,,,,,0,0,0,0,0,0
Coal_Flexibilisation,outage_profiles,,,,,,,,,,,,,,,,,,,,,,,,,,,,,,,,,,,,,BASE_FLAT,unplanned,average,0.2,0.2,0.2,0.2,0.2,0.2,0.2,0.2,0.2,0.2,0.2,0.2,0.2,0.2,0.2,0.2,0.2,0.2,0,0,0,0,0,0,0,0,0,0,0,0,0,0,0.247619144781454,0,0,,0,0,0,0,0,0,,,,,,,,,,,,0,0,0,0,0,0
Coal_Flexibilisation,outage_profiles,,,,,,,,,,,,,,,,,,,,,,,,,,,,,,,,,,,,,BASE_FLAT,unplanned,std_dev_noise,0.020000000000000004,0.020000000000000004,0.020000000000000004,0.020000000000000004,0.020000000000000004,0.020000000000000004,0.020000000000000004,0.020000000000000004,0.020000000000000004,0.020000000000000004,0.020000000000000004,0.020000000000000004,0.020000000000000004,0.020000000000000004,0.020000000000000004,0.020000000000000004,0.020000000000000004,0.020000000000000004,0,0,0,0,0,0,0,0,0,0,0,0,0,0,0.04,0,0,,0,0,0,0,0,0,,,,,,,,,,,,0,0,0,0,0,0
