scenario_set,sheet,Scenario,Power Station Name,Grouping,Carrier,Unit size (MW),Number units,Capacity (MW),Commissioning Date,Decommissioning Date,Heat Rate (GJ/MWh),CO2 Emissions (kgCO2/MWh),Fuel Price (R/GJ),Max Ramp Up (%/h),Max Ramp Down (%/h),Max Ramp Start Up (%/h),Max Ramp Shut Down (%/h),Min Stable Level (%),Min Up Time (h),Min Down Time (h),Variable O&M Cost (R/MWh),Fixed O&M Cost (R/kW/yr),Unit Start Up Cost (R),Start Up Cost (R),Shut Down Cost (R),GPS Latitude,GPS Longitude,Model Key,PV Mounting,PV DC-AC Ratio,Wind Hub Height,CSP Storage Hours,Round Trip Efficiency (%),Max Storage (GWh),Max Storage (hours),scenario,station_name,grouping,carrier,dispatch_committable,unit_size (MW),number_units,capacity (MW),commissioning_date,decommissioning_date,avg_heat_rate (GJ/MWh),marginal_heat_rate (GJ/MWh),no_load_heat_rate (GJ/h),co2_emissions_input (kgCO2/GJ),co2_emissions_output (kgCO2/MWh),fuel_price (R/GJ),max_ramp_up (%/h),max_ramp_down (%/h),max_ramp_start_up (%/h),max_ramp_shut_down (%/h),min_stable_level (%),min_up_time (h),min_down_time (h),variable_om_cost (R/MWh),fixed_om_cost (R/kW/yr),unit_start_cost (R),start_up_cost (R),shut_down_cost (R),gps_lat,gps_lon,comments,model_key,pv_mounting,pv_dc_ac_ratio,wind_hub_height,csp_storage_hours,round_trip_efficiency (%),storage_energy (GWh),storage_hours,commissioning_year,decommissioning_year,included_2023
ME IRP 2024,conventional,BASE,Arnot*,eskom,coal,350.0,3.0,1050.0,-,2027,12.744,1047.0,45.18,0.345,0.345,0.1725,0.1725,0.65,48.0,48.0,88.3663253697383,1176.01639590444,48745.6446678271,146236.9340034813,0.0,-25.94444,29.79166,,,,,,,,,,,,,,,,,,,,,,,,,,,,,,,,,,,,,,,,,,,,,,,,,2027.0,False
ME IRP 2024,conventional,BASE,Arnot**,eskom,coal,350.0,3.0,1050.0,-,2029,12.995,1047.0,45.18,0.345,0.345,0.1725,0.1725,0.65,0.0,0.0,88.3663253697383,1176.01639590444,48745.6446678271,146236.9340034813,0.0,-25.94444,29.79166,,,,,,,,,,,,,,,,,,,,,,,,,,,,,,,,,,,,,,,,,,,,,,,,,2029.0,False
ME IRP 2024,conventional,BASE,Camden*,eskom,coal,190.0,3.0,570.0,-,2024,13.584,1116.0,45.18,0.178378378378378,0.178378378378378,0.089189189189189,0.089189189189189,0.0,0.0,0.0,88.3663253697383,1577.42478498294,18773.643629124,56320.930887372,0.0,-26.62007,30.09113,,,,,,,,,,,,,,,,,,,,,,,,,,,,,,,,,,,,,,,,,,,,,,,,,2024.0,False
ME IRP 2024,conventional,BASE,Camden**,eskom,coal,182.2,5.0,911.0,-,2025,14.28,1116.0,45.18,0.178378378378378,0.178378378378378,0.089189189189189,0.089189189189189,0.0,0.0,0.0,88.3663253697383,1577.42478498294,18773.643629124,93868.21814561999,0.0,-26.62007,30.09113,,,,,,,,,,,,,,,,,,,,,,,,,,,,,,,,,,,,,,,,,,,,,,,,,2025.0,False
ME IRP 2024,conventional,BASE,Duvha*,eskom,coal,575.0,2.0,1150.0,-,2033,12.066,991.0,45.18,0.4,0.4,0.2,0.2,0.65,0.0,0.0,88.3663253697383,1126.42919681456,91694.3754266212,183388.7508532424,0.0,-25.95954,29.34094,,,,,,,,,,,,,,,,,,,,,,,,,,,,,,,,,,,,,,,,,,,,,,,,,2033.0,False
ME IRP 2024,conventional,BASE,Duvha**,eskom,coal,575.0,3.0,1725.0,-,2034,12.066,991.0,45.18,0.4,0.4,0.2,0.2,0.65,0.0,0.0,88.3663253697383,1126.42919681456,91694.3754266212,275083.12627986365,0.0,-25.95954,29.34094,,,,,,,,,,,,,,,,,,,,,,,,,,,,,,,,,,,,,,,,,,,,,,,,,2034.0,False
ME IRP 2024,conventional,BASE,Grootvlei*,eskom,coal,190.0,2.0,380.0,-,2026,13.79,1133.0,45.18,0.167,0.167,0.0835,0.0835,0.65,0.0,0.0,88.3663253697383,1175.97905802048,23714.1198372924,47428.2396745848,0.0,-26.76955,28.49951,,,,,,,,,,,,,,,,,,,,,,,,,,,,,,,,,,,,,,,,,,,,,,,,,2026.0,False
ME IRP 2024,conventional,BASE,Grootvlei**,eskom,coal,190.0,1.0,190.0,-,2027,12.744,1133.0,45.18,0.167,0.167,0.0835,0.0835,0.65,48.0,48.0,88.3663253697383,1175.97905802048,23714.1198372924,23714.1198372924,0.0,-26.76955,28.49951,,,,,,,,,,,,,,,,,,,,,,,,,,,,,,,,,,,,,,,,,,,,,,,,,2027.0,False
ME IRP 2024,conventional,BASE,Hendrina*,eskom,coal,190.0,4.0,760.0,-,2024,13.266,1090.0,45.18,0.333,0.333,0.1665,0.1665,0.0,0.0,0.0,88.3663253697383,1175.98403640501,15018.9149032992,60075.6596131968,0.0,-26.03138,29.60138,,,,,,,,,,,,,,,,,,,,,,,,,,,,,,,,,,,,,,,,,,,,,,,,,2024.0,False
ME IRP 2024,conventional,BASE,Hendrina**,eskom,coal,169.0,2.0,338.0,-,2025,14.28,1090.0,45.18,0.333,0.333,0.1665,0.1665,0.65,0.0,0.0,88.3663253697383,1175.98403640501,15018.9149032992,30037.8298065984,0.0,-26.62007,30.09113,,,,,,,,,,,,,,,,,,,,,,,,,,,,,,,,,,,,,,,,,,,,,,,,,2025.0,False
ME IRP 2024,conventional,BASE,Kelvin,IPP,coal,80.0,2.0,160.0,-,2027,12.372,1375.0,45.18,0.375,0.375,0.1875,0.1875,0.65,,,99.5676905574516,1201.48332195677,225082.721274175,450165.44254835,0.0,-26.115776,28.1138,,,,,,,,,,,,,,,,,,,,,,,,,,,,,,,,,,,,,,,,,,,,,,,,,2027.0,False
ME IRP 2024,conventional,BASE,Kendal*,eskom,coal,640.0,3.0,1920.0,-,2044,11.782,1056.0,45.18,0.167,0.167,0.0835,0.0835,0.0,0.0,0.0,88.3663253697383,1118.95788623436,84316.6169931513,252949.85097945388,0.0,-26.08805,28.96888,,,,,,,,,,,,,,,,,,,,,,,,,,,,,,,,,,,,,,,,,,,,,,,,,2044.0,False
ME IRP 2024,conventional,BASE,Kendal**,eskom,coal,640.0,3.0,1920.0,-,2050,11.782,1056.0,45.18,0.167,0.167,0.0835,0.0835,0.0,0.0,0.0,88.3663253697383,1118.95788623436,84316.6169931513,252949.85097945388,0.0,-26.08805,28.96888,,,,,,,,,,,,,,,,,,,,,,,,,,,,,,,,,,,,,,,,,,,,,,,,,2050.0,False
ME IRP 2024,conventional,BASE,Komati,eskom,coal,114.0,1.0,114.0,-,2022,15.123,1010.0,45.18,0.167,0.167,0.0835,0.0835,0.0,0.0,0.0,88.3663253697383,1115.97458930603,8782.97661497838,8782.97661497838,0.0,-26.09078,29.47446,,,,,,,,,,,,,,,,,,,,,,,,,,,,,,,,,,,,,,,,,,,,,,,,,2022.0,False
ME IRP 2024,conventional,BASE,Kriel*,eskom,coal,405.0,3.0,1215.0,-,2028,12.995,1010.0,45.18,0.454736842105263,0.454736842105263,0.2273684210526315,0.2273684210526315,0.65,0.0,0.0,88.3663253697383,1115.97458930603,63237.5146040728,189712.5438122184,0.0,-26.25404,29.18008,,,,,,,,,,,,,,,,,,,,,,,,,,,,,,,,,,,,,,,,,,,,,,,,,2028.0,False
ME IRP 2024,conventional,BASE,Kriel**,eskom,coal,475.0,3.0,1425.0,-,2030,12.995,1010.0,45.18,0.454736842105263,0.454736842105263,0.2273684210526315,0.2273684210526315,0.65,0.0,0.0,88.3663253697383,1115.97458930603,63237.5146040728,189712.5438122184,0.0,-26.25404,29.18008,,,,,,,,,,,,,,,,,,,,,,,,,,,,,,,,,,,,,,,,,,,,,,,,,2030.0,False
ME IRP 2024,conventional,BASE,Kusile*,eskom,coal,720.0,4.0,2880.0,-,beyond 2050,10.305,947.0,45.18,0.6,0.6,0.3,0.3,0.0,0.0,0.0,121.970420932878,1165.56676678043,87058.6696962685,348234.678785074,0.0,-25.92007,28.924942,,,,,,,,,,,,,,,,,,,,,,,,,,,,,,,,,,,,,,,,,,,,,,,,,2050.0,False
ME IRP 2024,conventional,BASE,Kusile**,eskom,coal,720.0,1.0,720.0,2023,beyond 2050,10.305,947.0,45.18,0.6,0.6,0.3,0.3,0.0,0.0,0.0,121.970420932878,1165.56676678043,87058.6696962685,87058.6696962685,0.0,-25.92007,28.924942,,,,,,,,,,,,,,,,,,,,,,,,,,,,,,,,,,,,,,,,,,,,,,,,2023.0,2050.0,True
ME IRP 2024,conventional,BASE,Kusile***,eskom,coal,720.0,1.0,720.0,2024,beyond 2050,10.305,947.0,45.18,0.6,0.6,0.3,0.3,0.0,0.0,0.0,121.970420932878,1165.56676678043,87058.6696962685,87058.6696962685,0.0,-25.92007,28.924942,,,,,,,,,,,,,,,,,,,,,,,,,,,,,,,,,,,,,,,,,,,,,,,,2024.0,2050.0,False
ME IRP 2024,conventional,BASE,Lethabo*,eskom,coal,593.0,3.0,1779.0,-,2038,11.003,986.0,45.18,0.596964586846543,0.596964586846543,0.2984822934232715,0.2984822934232715,0.65,0.0,0.0,88.3663253697383,1115.97458930603,77729.5919647099,233188.7758941297,0.0,-26.74027,27.975,,,,,,,,,,,,,,,,,,,,,,,,,,,,,,,,,,,,,,,,,,,,,,,,,2038.0,False
ME IRP 2024,conventional,BASE,Lethabo**,eskom,coal,593.0,3.0,1779.0,-,2041,11.519,986.0,45.18,0.596964586846543,0.596964586846543,0.2984822934232715,0.2984822934232715,0.0,0.0,0.0,88.3663253697383,1115.97458930603,77729.5919647099,233188.7758941297,0.0,-26.74027,27.975,,,,,,,,,,,,,,,,,,,,,,,,,,,,,,,,,,,,,,,,,,,,,,,,,2041.0,False
ME IRP 2024,conventional,BASE,Majuba*,eskom,coal,606.0,3.0,1818.0,-,2048,11.782,1056.0,45.18,0.167,0.166939443535188,0.0835,0.083469721767594,0.0,0.0,0.0,88.3663253697383,1115.97458930603,160728.803902389,482186.41170716693,0.0,-27.09555,29.77055,,,,,,,,,,,,,,,,,,,,,,,,,,,,,,,,,,,,,,,,,,,,,,,,,2048.0,False
ME IRP 2024,conventional,BASE,Majuba**,eskom,coal,663.0,3.0,1989.0,-,2051,11.032,988.0,45.18,0.167,0.170149253731343,0.0835,0.0850746268656715,0.0,0.0,0.0,88.3663253697383,1115.97458930603,176538.078918999,529614.236756997,0.0,-27.09555,29.77055,,,,,,,,,,,,,,,,,,,,,,,,,,,,,,,,,,,,,,,,,,,,,,,,,2051.0,False
ME IRP 2024,conventional,BASE,Matimba*,eskom,coal,615.0,3.0,1845.0,-,2042,11.682,1047.0,45.18,0.286,0.286,0.143,0.143,0.0,0.0,0.0,88.3663253697383,1118.98402275313,81681.8069817747,245045.42094532412,0.0,-23.66777,27.61277,,,,,,,,,,,,,,,,,,,,,,,,,,,,,,,,,,,,,,,,,,,,,,,,,2042.0,False
ME IRP 2024,conventional,BASE,Matimba**,eskom,coal,615.0,3.0,1845.0,-,2044,11.519,1057.0,45.18,0.286,0.286,0.143,0.143,0.0,0.0,0.0,88.3663253697383,1118.98402275313,81681.8069817747,245045.42094532412,0.0,-23.66777,27.61277,,,,,,,,,,,,,,,,,,,,,,,,,,,,,,,,,,,,,,,,,,,,,,,,,2044.0,False
ME IRP 2024,conventional,BASE,Matla*,eskom,coal,575.0,3.0,1725.0,-,2032,12.066,991.0,45.18,0.250434782608696,0.250434782608696,0.125217391304348,0.125217391304348,0.65,0.0,0.0,88.3663253697383,1115.97458930603,76411.9795221843,229235.93856655288,0.0,-26.28036,29.14229,,,,,,,,,,,,,,,,,,,,,,,,,,,,,,,,,,,,,,,,,,,,,,,,,2032.0,False
ME IRP 2024,conventional,BASE,Matla**,eskom,coal,575.0,3.0,1725.0,-,2036,12.066,991.0,45.18,0.250434782608696,0.250434782608696,0.125217391304348,0.125217391304348,0.65,0.0,0.0,88.3663253697383,1115.97458930603,76411.9795221843,229235.93856655288,0.0,-26.28036,29.14229,,,,,,,,,,,,,,,,,,,,,,,,,,,,,,,,,,,,,,,,,,,,,,,,,2036.0,False
ME IRP 2024,conventional,BASE,Medupi*,eskom,coal,720.0,5.0,3600.0,-,beyond 2050,10.305,930.0,45.18,0.597510373443983,0.597510373443983,0.2987551867219915,0.2987551867219915,0.0,0.0,0.0,121.970420932878,1201.47709897611,87058.6696962685,435293.3484813425,0.0,-23.42,27.33,,,,,,,,,,,,,,,,,,,,,,,,,,,,,,,,,,,,,,,,,,,,,,,,,2050.0,False
ME IRP 2024,conventional,BASE,Medupi**,eskom,coal,717.0,1.0,717.0,-,beyond 2050,10.305,930.0,45.18,0.597510373443983,0.597510373443983,0.2987551867219915,0.2987551867219915,0.0,0.0,0.0,121.970420932878,1201.47709897611,87058.6696962685,87058.6696962685,0.0,-23.42,27.33,,,,,,,,,,,,,,,,,,,,,,,,,,,,,,,,,,,,,,,,,,,,,,,,,2050.0,False
ME IRP 2024,conventional,BASE,Tutuka*,eskom,coal,585.0,3.0,1755.0,-,2030,10.495,981.0,45.18,0.333,0.333,0.1665,0.1665,0.65,0.0,0.0,88.3663253697383,1115.97458930603,76411.9795221843,229235.93856655288,0.0,-26.77565,29.35212,,,,,,,,,,,,,,,,,,,,,,,,,,,,,,,,,,,,,,,,,,,,,,,,,2030.0,False
ME IRP 2024,conventional,BASE,Tutuka**,eskom,coal,585.0,3.0,1755.0,-,2031,10.495,981.0,45.18,0.333,0.333,0.1665,0.1665,0.65,0.0,0.0,88.3663253697383,1115.97458930603,76411.9795221843,229235.93856655288,0.0,-26.77565,29.35212,,,,,,,,,,,,,,,,,,,,,,,,,,,,,,,,,,,,,,,,,,,,,,,,,2031.0,False
ME IRP 2024,conventional,BASE,Koeberg,eskom,nuclear,927.0,2.0,1854.0,-,2047,11.111,0.0,18,0.1,0.1,0.05,0.05,0.0,,,56.0068259385666,1477.33560864619,0.0,0.0,0.0,-33.67359354,18.428247,,,,,,,,,,,,,,,,,,,,,,,,,,,,,,,,,,,,,,,,,,,,,,,,,2047.0,False
ME IRP 2024,conventional,BASE,Ankerlig,eskom,ocgt_diesel,148.0,9.0,1332.0,-,2039,11.519,574.0,373,,,,,0.0,,,3.73378839590444,243.940841865757,0.0,0.0,0.0,-33.592,18.4607,,,,,,,,,,,,,,,,,,,,,,,,,,,,,,,,,,,,,,,,,,,,,,,,,2039.0,False
ME IRP 2024,conventional,BASE,Gourikwa,eskom,ocgt_diesel,148.0,5.0,740.0,-,2038,11.519,574.0,373,,,,,0.0,,,3.73378839590444,243.940841865757,0.0,0.0,0.0,-34.16526,21.96077,,,,,,,,,,,,,,,,,,,,,,,,,,,,,,,,,,,,,,,,,,,,,,,,,2038.0,False
ME IRP 2024,conventional,BASE,Acacia,eskom,ocgt_avf,57.0,3.0,171.0,-,2026,11.519,574.0,373,,,,,0.0,,,3.73378839590444,243.940841865757,0.0,0.0,0.0,-33.88408,18.53361,,,,,,,,,,,,,,,,,,,,,,,,,,,,,,,,,,,,,,,,,,,,,,,,,2026.0,False
ME IRP 2024,conventional,BASE,PortRex,eskom,ocgt_avf,57.0,3.0,171.0,-,2026,11.519,574.0,373,,,,,0.0,,,3.73378839590444,243.940841865757,0.0,0.0,0.0,-33.02739,27.88382,,,,,,,,,,,,,,,,,,,,,,,,,,,,,,,,,,,,,,,,,,,,,,,,,2026.0,False
ME IRP 2024,conventional,BASE,Gariep,eskom,hydro,90.0,4.0,360.0,-,beyond 2050,-,0.0,-,,,,,0.0,,,435.608646188851,0.0,0.0,0.0,0.0,-30.62396,25.50403,,,,,,,,,,,,,,,,,,,,,,,,,,,,,,,,,,,,,,,,,,,,,,,,,2050.0,False
ME IRP 2024,conventional,BASE,Vanderkloof,eskom,hydro,120.0,2.0,240.0,-,beyond 2050,-,0.0,-,,,,,0.0,,,435.608646188851,0.0,0.0,0.0,0.0,-29.99337,24.73384,,,,,,,,,,,,,,,,,,,,,,,,,,,,,,,,,,,,,,,,,,,,,,,,,2050.0,False
ME IRP 2024,conventional,BASE,AcwaDao,RMIPPP,rmippp,150.0,1.0,150.0,2025,2045,9.16,,-,,,,,0.0,,,,0.0,0.0,0.0,0.0,-28.8891461968036,21.9800586392359,,,,,,,,,,,,,,,,,,,,,,,,,,,,,,,,,,,,,,,,,,,,,,,,2025.0,2045.0,False
ME IRP 2024,conventional,ignore,CoegaKarpowership,RMIPPP,rmippp,450.0,1.0,450.0,2025,2045,9.16,,-,,,,,0.0,,,1800.0,0.0,0.0,0.0,0.0,-33.9664352171112,25.6145647032336,,,,,,,,,,,,,,,,,,,,,,,,,,,,,,,,,,,,,,,,,,,,,,,,2025.0,2045.0,False
ME IRP 2024,conventional,ignore,MuliloTotalCoega,RMIPPP,rmippp,197.76,1.0,197.76,2025,2045,9.16,,-,,,,,0.0,,,1800.0,0.0,0.0,0.0,0.0,-33.9664352171112,25.6145647032336,,,,,,,,,,,,,,,,,,,,,,,,,,,,,,,,,,,,,,,,,,,,,,,,2025.0,2045.0,False
ME IRP 2024,conventional,BASE,MuliloTotalHydra,RMIPPP,rmippp,75.0,1.0,75.0,2025,2045,9.16,,-,,,,,0.0,,,1800.0,0.0,0.0,0.0,0.0,-30.67566,24.06759,,,,,,,,,,,,,,,,,,,,,,,,,,,,,,,,,,,,,,,,,,,,,,,,2025.0,2045.0,False
ME IRP 2024,conventional,BASE,Oya,RMIPPP,rmippp,128.0,1.0,128.0,2025,2045,9.16,0.0,-,,,,,0.0,,,1800.0,0.0,0.0,0.0,0.0,-32.84891,20.32363,,,,,,,,,,,,,,,,,,,,,,,,,,,,,,,,,,,,,,,,,,,,,,,,2025.0,2045.0,False
ME IRP 2024,conventional,ignore,RichardsBayKarpowership,RMIPPP,rmippp,450.0,1.0,450.0,2025,2045,9.16,,-,,,,,0.0,,,1800.0,0.0,0.0,0.0,0.0,-28.756817081683,32.0482441870341,,,,,,,,,,,,,,,,,,,,,,,,,,,,,,,,,,,,,,,,,,,,,,,,2025.0,2045.0,False
ME IRP 2024,conventional,ignore,SaldanhaKarpowership,RMIPPP,rmippp,320.0,1.0,320.0,2025,2045,9.16,,-,,,,,0.0,,,1800.0,0.0,0.0,0.0,0.0,-33.0329578529603,17.9190929028183,,,,,,,,,,,,,,,,,,,,,,,,,,,,,,,,,,,,,,,,,,,,,,,,2025.0,2045.0,False
ME IRP 2024,conventional,BASE,Scatec1,RMIPPP,rmippp,50.0,1.0,50.0,2024,2045,9.16,,-,,,,,0.0,,,1800.0,0.0,0.0,0.0,0.0,-29.4112838805742,21.0847327324929,,,,,,,,,,,,,,,,,,,,,,,,,,,,,,,,,,,,,,,,,,,,,,,,2024.0,2045.0,False
ME IRP 2024,conventional,BASE,Scatec2,RMIPPP,rmippp,50.0,1.0,50.0,2024,2045,9.16,,-,,,,,0.0,,,1800.0,0.0,0.0,0.0,0.0,-29.4112838805742,21.0847327324929,,,,,,,,,,,,,,,,,,,,,,,,,,,,,,,,,,,,,,,,,,,,,,,,2024.0,2045.0,False
ME IRP 2024,conventional,BASE,Scatec3,RMIPPP,rmippp,50.0,1.0,50.0,2024,2045,9.16,,-,,,,,0.0,,,1800.0,0.0,0.0,0.0,0.0,-29.4112838805742,21.0847327324929,,,,,,,,,,,,,,,,,,,,,,,,,,,,,,,,,,,,,,,,,,,,,,,,2024.0,2045.0,False
ME IRP 2024,conventional,BASE,Umoyilanga,RMIPPP,rmippp,75.0,1.0,75.0,2025,2045,9.16,,-,,,,,0.0,,,1800.0,0.0,0.0,0.0,0.0,-28.4519839474036,21.2331531845134,,,,,,,,,,,,,,,,,,,,,,,,,,,,,,,,,,,,,,,,,,,,,,,,2025.0,2045.0,False
ME IRP 2024,conventional,BASE,Avon,IPP,ocgt_diesel,167.5,4.0,670.0,-,2046,11.519,574.0,373,,,,,0.0,,,3.73378839590444,210.336746302617,0.0,0.0,0.0,-29.251,31.0941,,,,,,,,,,,,,,,,,,,,,,,,,,,,,,,,,,,,,,,,,,,,,,,,,2046.0,False
ME IRP 2024,conventional,BASE,Dedisa,IPP,ocgt_diesel,167.5,2.0,335.0,-,2046,11.519,574.0,373,,,,,0.0,,,3.73378839590444,210.336746302617,0.0,0.0,0.0,-33.4433,25.4022,,,,,,,,,,,,,,,,,,,,,,,,,,,,,,,,,,,,,,,,,,,,,,,,,2046.0,False
ME IRP 2024,conventional,BASE,Secunda_coal,Sasol,sasol_coal,42.86,14.0,600.04,-,2035,12.372,1347.0,15.6,,,,,0.65,,,88.3663253697383,1201.48332195677,225082.721274175,3151158.09783845,0.0,-26.5036,29.1803,,,,,,,,,,,,,,,,,,,,,,,,,,,,,,,,,,,,,,,,,,,,,,,,,2035.0,False
ME IRP 2024,conventional,BASE,Sasolburg_coal,Sasol,sasol_coal,,,128.0,-,2035,12.372,1347.0,15.6,,,,,0.65,,,88.3663253697383,1201.48332195677,225082.721274175,0.0,0.0,-26.5036,29.1803,,,,,,,,,,,,,,,,,,,,,,,,,,,,,,,,,,,,,,,,,,,,,,,,,2035.0,False
ME IRP 2024,conventional,BASE,Sasol_ice,Sasol,sasol_gas,9.7,18.0,174.6,-,2039,9.6,432.0,75,,,,,0.0,,,88.3663253697383,0.0,0.0,0.0,0.0,-26.8102,27.8277,,,,,,,,,,,,,,,,,,,,,,,,,,,,,,,,,,,,,,,,,,,,,,,,,2039.0,False
ME IRP 2024,conventional,BASE,Sasol_ocgt,Sasol,sasol_gas,50.0,5.0,250.0,-,2039,9.6,432.0,75,,,,,0.0,,,3.73378839590444,0.0,0.0,0.0,0.0,-26.8102,27.8277,,,,,,,,,,,,,,,,,,,,,,,,,,,,,,,,,,,,,,,,,,,,,,,,,2039.0,False
ME IRP 2024,conventional,BASE_ADJ,Arnot*,eskom,coal,350.0,3.0,1050.0,-,2026,12.744,1047.0,45.18,0.345,0.345,0.1725,0.1725,0.65,48.0,48.0,88.3663253697383,1176.01639590444,48745.6446678271,146236.9340034813,0.0,-25.94444,29.79166,,,,,,,,,,,,,,,,,,,,,,,,,,,,,,,,,,,,,,,,,,,,,,,,,2026.0,False
ME IRP 2024,conventional,BASE_ADJ,Arnot**,eskom,coal,350.0,3.0,1050.0,-,2029,12.995,1047.0,45.18,0.345,0.345,0.1725,0.1725,0.65,0.0,0.0,88.3663253697383,1176.01639590444,48745.6446678271,146236.9340034813,0.0,-25.94444,29.79166,,,,,,,,,,,,,,,,,,,,,,,,,,,,,,,,,,,,,,,,,,,,,,,,,2029.0,False
ME IRP 2024,conventional,BASE_ADJ,Camden*,eskom,coal,190.0,3.0,570.0,-,2024,13.584,1116.0,45.18,0.178378378378378,0.178378378378378,0.089189189189189,0.089189189189189,0.0,0.0,0.0,88.3663253697383,1577.42478498294,18773.643629124,56320.930887372,0.0,-26.62007,30.09113,,,,,,,,,,,,,,,,,,,,,,,,,,,,,,,,,,,,,,,,,,,,,,,,,2024.0,False
ME IRP 2024,conventional,BASE_ADJ,Camden**,eskom,coal,182.2,5.0,911.0,-,2025,14.28,1116.0,45.18,0.178378378378378,0.178378378378378,0.089189189189189,0.089189189189189,0.0,0.0,0.0,88.3663253697383,1577.42478498294,18773.643629124,93868.21814561999,0.0,-26.62007,30.09113,,,,,,,,,,,,,,,,,,,,,,,,,,,,,,,,,,,,,,,,,,,,,,,,,2025.0,False
ME IRP 2024,conventional,BASE_ADJ,Duvha*,eskom,coal,575.0,2.0,1150.0,-,2033,12.066,991.0,45.18,0.4,0.4,0.2,0.2,0.65,0.0,0.0,88.3663253697383,1126.42919681456,91694.3754266212,183388.7508532424,0.0,-25.95954,29.34094,,,,,,,,,,,,,,,,,,,,,,,,,,,,,,,,,,,,,,,,,,,,,,,,,2033.0,False
ME IRP 2024,conventional,BASE_ADJ,Duvha**,eskom,coal,575.0,3.0,1725.0,-,2034,12.066,991.0,45.18,0.4,0.4,0.2,0.2,0.65,0.0,0.0,88.3663253697383,1126.42919681456,91694.3754266212,275083.12627986365,0.0,-25.95954,29.34094,,,,,,,,,,,,,,,,,,,,,,,,,,,,,,,,,,,,,,,,,,,,,,,,,2034.0,False
ME IRP 2024,conventional,BASE_ADJ,Grootvlei*,eskom,coal,190.0,2.0,380.0,-,2026,13.79,1133.0,45.18,0.167,0.167,0.0835,0.0835,0.65,0.0,0.0,88.3663253697383,1175.97905802048,23714.1198372924,47428.2396745848,0.0,-26.76955,28.49951,,,,,,,,,,,,,,,,,,,,,,,,,,,,,,,,,,,,,,,,,,,,,,,,,2026.0,False
ME IRP 2024,conventional,BASE_ADJ,Grootvlei**,eskom,coal,190.0,1.0,190.0,-,2026,12.744,1133.0,45.18,0.167,0.167,0.0835,0.0835,0.65,48.0,48.0,88.3663253697383,1175.97905802048,23714.1198372924,23714.1198372924,0.0,-26.76955,28.49951,,,,,,,,,,,,,,,,,,,,,,,,,,,,,,,,,,,,,,,,,,,,,,,,,2026.0,False
ME IRP 2024,conventional,BASE_ADJ,Hendrina*,eskom,coal,190.0,4.0,760.0,-,2024,13.266,1090.0,45.18,0.333,0.333,0.1665,0.1665,0.0,0.0,0.0,88.3663253697383,1175.98403640501,15018.9149032992,60075.6596131968,0.0,-26.03138,29.60138,,,,,,,,,,,,,,,,,,,,,,,,,,,,,,,,,,,,,,,,,,,,,,,,,2024.0,False
ME IRP 2024,conventional,BASE_ADJ,Hendrina**,eskom,coal,169.0,2.0,338.0,-,2025,14.28,1090.0,45.18,0.333,0.333,0.1665,0.1665,0.65,0.0,0.0,88.3663253697383,1175.98403640501,15018.9149032992,30037.8298065984,0.0,-26.62007,30.09113,,,,,,,,,,,,,,,,,,,,,,,,,,,,,,,,,,,,,,,,,,,,,,,,,2025.0,False
ME IRP 2024,conventional,BASE_ADJ,Kelvin,IPP,coal,80.0,2.0,160.0,-,2028,12.372,1375.0,45.18,0.375,0.375,0.1875,0.1875,0.65,,,99.5676905574516,1201.48332195677,225082.721274175,450165.44254835,0.0,-26.115776,28.1138,,,,,,,,,,,,,,,,,,,,,,,,,,,,,,,,,,,,,,,,,,,,,,,,,2028.0,False
ME IRP 2024,conventional,BASE_ADJ,Kendal*,eskom,coal,640.0,3.0,1920.0,-,2039,11.782,1056.0,45.18,0.167,0.167,0.0835,0.0835,0.0,0.0,0.0,88.3663253697383,1118.95788623436,84316.6169931513,252949.85097945388,0.0,-26.08805,28.96888,,,,,,,,,,,,,,,,,,,,,,,,,,,,,,,,,,,,,,,,,,,,,,,,,2039.0,False
ME IRP 2024,conventional,BASE_ADJ,Kendal**,eskom,coal,640.0,3.0,1920.0,-,2042,11.782,1056.0,45.18,0.167,0.167,0.0835,0.0835,0.0,0.0,0.0,88.3663253697383,1118.95788623436,84316.6169931513,252949.85097945388,0.0,-26.08805,28.96888,,,,,,,,,,,,,,,,,,,,,,,,,,,,,,,,,,,,,,,,,,,,,,,,,2042.0,False
ME IRP 2024,conventional,BASE_ADJ,Komati,eskom,coal,114.0,1.0,114.0,-,2022,15.123,1010.0,45.18,0.167,0.167,0.0835,0.0835,0.0,0.0,0.0,88.3663253697383,1115.97458930603,8782.97661497838,8782.97661497838,0.0,-26.09078,29.47446,,,,,,,,,,,,,,,,,,,,,,,,,,,,,,,,,,,,,,,,,,,,,,,,,2022.0,False
ME IRP 2024,conventional,BASE_ADJ,Kriel*,eskom,coal,405.0,2.0,810.0,-,2027,12.995,1010.0,45.18,0.454736842105263,0.454736842105263,0.2273684210526315,0.2273684210526315,0.65,0.0,0.0,88.3663253697383,1115.97458930603,63237.5146040728,126475.0292081456,0.0,-26.25404,29.18008,,,,,,,,,,,,,,,,,,,,,,,,,,,,,,,,,,,,,,,,,,,,,,,,,2027.0,False
ME IRP 2024,conventional,BASE_ADJ,Kriel**,eskom,coal,405.0,1.0,405.0,-,2028,12.995,1010.0,45.18,0.454736842105263,0.454736842105263,0.2273684210526315,0.2273684210526315,0.65,0.0,0.0,88.3663253697383,1115.97458930603,63237.5146040728,63237.5146040728,0.0,-26.25404,29.18008,,,,,,,,,,,,,,,,,,,,,,,,,,,,,,,,,,,,,,,,,,,,,,,,,2028.0,False
ME IRP 2024,conventional,BASE_ADJ,Kriel***,eskom,coal,475.0,3.0,1425.0,-,2030,12.995,1010.0,45.18,0.454736842105263,0.454736842105263,0.2273684210526315,0.2273684210526315,0.65,0.0,0.0,88.3663253697383,1115.97458930603,63237.5146040728,189712.5438122184,0.0,-26.25404,29.18008,,,,,,,,,,,,,,,,,,,,,,,,,,,,,,,,,,,,,,,,,,,,,,,,,2030.0,False
ME IRP 2024,conventional,BASE_ADJ,Kusile*,eskom,coal,720.0,4.0,2880.0,-,beyond 2050,10.305,947.0,45.18,0.6,0.6,0.3,0.3,0.0,0.0,0.0,121.970420932878,1165.56676678043,87058.6696962685,348234.678785074,0.0,-25.92007,28.924942,,,,,,,,,,,,,,,,,,,,,,,,,,,,,,,,,,,,,,,,,,,,,,,,,2050.0,False
ME IRP 2024,conventional,BASE_ADJ,Kusile**,eskom,coal,720.0,1.0,720.0,2024,beyond 2050,10.305,947.0,45.18,0.6,0.6,0.3,0.3,0.0,0.0,0.0,121.970420932878,1165.56676678043,87058.6696962685,87058.6696962685,0.0,-25.92007,28.924942,,,,,,,,,,,,,,,,,,,,,,,,,,,,,,,,,,,,,,,,,,,,,,,,2024.0,2050.0,False
ME IRP 2024,conventional,BASE_ADJ,Kusile***,eskom,coal,720.0,1.0,720.0,2024,beyond 2050,10.305,947.0,45.18,0.6,0.6,0.3,0.3,0.0,0.0,0.0,121.970420932878,1165.56676678043,87058.6696962685,87058.6696962685,0.0,-25.92007,28.924942,,,,,,,,,,,,,,,,,,,,,,,,,,,,,,,,,,,,,,,,,,,,,,,,2024.0,2050.0,False
ME IRP 2024,conventional,BASE_ADJ,Lethabo*,eskom,coal,593.0,3.0,1779.0,-,2038,11.003,986.0,45.18,0.596964586846543,0.596964586846543,0.2984822934232715,0.2984822934232715,0.65,0.0,0.0,88.3663253697383,1115.97458930603,77729.5919647099,233188.7758941297,0.0,-26.74027,27.975,,,,,,,,,,,,,,,,,,,,,,,,,,,,,,,,,,,,,,,,,,,,,,,,,2038.0,False
ME IRP 2024,conventional,BASE_ADJ,Lethabo**,eskom,coal,593.0,3.0,1779.0,-,2040,11.519,986.0,45.18,0.596964586846543,0.596964586846543,0.2984822934232715,0.2984822934232715,0.0,0.0,0.0,88.3663253697383,1115.97458930603,77729.5919647099,233188.7758941297,0.0,-26.74027,27.975,,,,,,,,,,,,,,,,,,,,,,,,,,,,,,,,,,,,,,,,,,,,,,,,,2040.0,False
ME IRP 2024,conventional,BASE_ADJ,Majuba*,eskom,coal,606.0,5.0,3030.0,-,2048,11.782,1056.0,45.18,0.167,0.166939443535188,0.0835,0.083469721767594,0.0,0.0,0.0,88.3663253697383,1115.97458930603,160728.803902389,803644.019511945,0.0,-27.09555,29.77055,,,,,,,,,,,,,,,,,,,,,,,,,,,,,,,,,,,,,,,,,,,,,,,,,2048.0,False
ME IRP 2024,conventional,BASE_ADJ,Majuba**,eskom,coal,663.0,1.0,663.0,-,2051,11.032,988.0,45.18,0.167,0.170149253731343,0.0835,0.0850746268656715,0.0,0.0,0.0,88.3663253697383,1115.97458930603,176538.078918999,176538.078918999,0.0,-27.09555,29.77055,,,,,,,,,,,,,,,,,,,,,,,,,,,,,,,,,,,,,,,,,,,,,,,,,2051.0,False
ME IRP 2024,conventional,BASE_ADJ,Matimba*,eskom,coal,615.0,3.0,1845.0,-,2042,11.682,1047.0,45.18,0.286,0.286,0.143,0.143,0.0,0.0,0.0,88.3663253697383,1118.98402275313,81681.8069817747,245045.42094532412,0.0,-23.66777,27.61277,,,,,,,,,,,,,,,,,,,,,,,,,,,,,,,,,,,,,,,,,,,,,,,,,2042.0,False
ME IRP 2024,conventional,BASE_ADJ,Matimba**,eskom,coal,615.0,3.0,1845.0,-,2044,11.519,1057.0,45.18,0.286,0.286,0.143,0.143,0.0,0.0,0.0,88.3663253697383,1118.98402275313,81681.8069817747,245045.42094532412,0.0,-23.66777,27.61277,,,,,,,,,,,,,,,,,,,,,,,,,,,,,,,,,,,,,,,,,,,,,,,,,2044.0,False
ME IRP 2024,conventional,BASE_ADJ,Matla*,eskom,coal,575.0,3.0,1725.0,-,2031,12.066,991.0,45.18,0.250434782608696,0.250434782608696,0.125217391304348,0.125217391304348,0.65,0.0,0.0,88.3663253697383,1115.97458930603,76411.9795221843,229235.93856655288,0.0,-26.28036,29.14229,,,,,,,,,,,,,,,,,,,,,,,,,,,,,,,,,,,,,,,,,,,,,,,,,2031.0,False
ME IRP 2024,conventional,BASE_ADJ,Matla**,eskom,coal,575.0,3.0,1725.0,-,2035,12.066,991.0,45.18,0.250434782608696,0.250434782608696,0.125217391304348,0.125217391304348,0.65,0.0,0.0,88.3663253697383,1115.97458930603,76411.9795221843,229235.93856655288,0.0,-26.28036,29.14229,,,,,,,,,,,,,,,,,,,,,,,,,,,,,,,,,,,,,,,,,,,,,,,,,2035.0,False
ME IRP 2024,conventional,BASE_ADJ,Medupi*,eskom,coal,720.0,5.0,3600.0,-,beyond 2050,10.305,930.0,45.18,0.597510373443983,0.597510373443983,0.2987551867219915,0.2987551867219915,0.0,0.0,0.0,121.970420932878,1201.47709897611,87058.6696962685,435293.3484813425,0.0,-23.42,27.33,,,,,,,,,,,,,,,,,,,,,,,,,,,,,,,,,,,,,,,,,,,,,,,,,2050.0,False
ME IRP 2024,conventional,BASE_ADJ,Medupi**,eskom,coal,717.0,1.0,717.0,-,beyond 2050,10.305,930.0,45.18,0.597510373443983,0.597510373443983,0.2987551867219915,0.2987551867219915,0.0,0.0,0.0,121.970420932878,1201.47709897611,87058.6696962685,87058.6696962685,0.0,-23.42,27.33,,,,,,,,,,,,,,,,,,,,,,,,,,,,,,,,,,,,,,,,,,,,,,,,,2050.0,False
ME IRP 2024,conventional,BASE_ADJ,Tutuka*,eskom,coal,585.0,3.0,1755.0,-,2030,10.495,981.0,45.18,0.333,0.333,0.1665,0.1665,0.65,0.0,0.0,88.3663253697383,1115.97458930603,76411.9795221843,229235.93856655288,0.0,-26.77565,29.35212,,,,,,,,,,,,,,,,,,,,,,,,,,,,,,,,,,,,,,,,,,,,,,,,,2030.0,False
ME IRP 2024,conventional,BASE_ADJ,Tutuka**,eskom,coal,585.0,3.0,1755.0,-,2030,10.495,981.0,45.18,0.333,0.333,0.1665,0.1665,0.65,0.0,0.0,88.3663253697383,1115.97458930603,76411.9795221843,229235.93856655288,0.0,-26.77565,29.35212,,,,,,,,,,,,,,,,,,,,,,,,,,,,,,,,,,,,,,,,,,,,,,,,,2030.0,False
ME IRP 2024,conventional,BASE_ADJ,Koeberg,eskom,nuclear,927.0,2.0,1854.0,-,2047,11.111,0.0,18,0.1,0.1,0.05,0.05,0.0,,,56.0068259385666,1477.33560864619,0.0,0.0,0.0,-33.67359354,18.428247,,,,,,,,,,,,,,,,,,,,,,,,,,,,,,,,,,,,,,,,,,,,,,,,,2047.0,False
ME IRP 2024,conventional,BASE_ADJ,Ankerlig,eskom,ocgt_diesel,148.0,9.0,1332.0,-,2039,11.519,574.0,373,,,,,0.0,,,3.73378839590444,243.940841865757,0.0,0.0,0.0,-33.592,18.4607,,,,,,,,,,,,,,,,,,,,,,,,,,,,,,,,,,,,,,,,,,,,,,,,,2039.0,False
ME IRP 2024,conventional,BASE_ADJ,Gourikwa,eskom,ocgt_diesel,148.0,5.0,740.0,-,2038,11.519,574.0,373,,,,,0.0,,,3.73378839590444,243.940841865757,0.0,0.0,0.0,-34.16526,21.96077,,,,,,,,,,,,,,,,,,,,,,,,,,,,,,,,,,,,,,,,,,,,,,,,,2038.0,False
ME IRP 2024,conventional,BASE_ADJ,Acacia,eskom,ocgt_avf,57.0,3.0,171.0,-,2026,11.519,574.0,373,,,,,0.0,,,3.73378839590444,243.940841865757,0.0,0.0,0.0,-33.88408,18.53361,,,,,,,,,,,,,,,,,,,,,,,,,,,,,,,,,,,,,,,,,,,,,,,,,2026.0,False
ME IRP 2024,conventional,BASE_ADJ,PortRex,eskom,ocgt_avf,57.0,3.0,171.0,-,2026,11.519,574.0,373,,,,,0.0,,,3.73378839590444,243.940841865757,0.0,0.0,0.0,-33.02739,27.88382,,,,,,,,,,,,,,,,,,,,,,,,,,,,,,,,,,,,,,,,,,,,,,,,,2026.0,False
ME IRP 2024,conventional,BASE_ADJ,Gariep,eskom,hydro,90.0,4.0,360.0,-,beyond 2050,-,0.0,-,,,,,0.0,,,435.608646188851,0.0,0.0,0.0,0.0,-30.62396,25.50403,,,,,,,,,,,,,,,,,,,,,,,,,,,,,,,,,,,,,,,,,,,,,,,,,2050.0,False
ME IRP 2024,conventional,BASE_ADJ,Vanderkloof,eskom,hydro,120.0,2.0,240.0,-,beyond 2050,-,0.0,-,,,,,0.0,,,435.608646188851,0.0,0.0,0.0,0.0,-29.99337,24.73384,,,,,,,,,,,,,,,,,,,,,,,,,,,,,,,,,,,,,,,,,,,,,,,,,2050.0,False
ME IRP 2024,conventional,BASE_ADJ,AcwaDao,RMIPPP,rmippp,150.0,1.0,150.0,2025,2045,9.16,,-,,,,,0.0,,,,0.0,0.0,0.0,0.0,-28.8891461968036,21.9800586392359,,,,,,,,,,,,,,,,,,,,,,,,,,,,,,,,,,,,,,,,,,,,,,,,2025.0,2045.0,False
ME IRP 2024,conventional,ignore,CoegaKarpowership,RMIPPP,rmippp,450.0,1.0,450.0,2025,2045,9.16,,-,,,,,0.0,,,1800.0,0.0,0.0,0.0,0.0,-33.9664352171112,25.6145647032336,,,,,,,,,,,,,,,,,,,,,,,,,,,,,,,,,,,,,,,,,,,,,,,,2025.0,2045.0,False
ME IRP 2024,conventional,ignore,MuliloTotalCoega,RMIPPP,rmippp,197.76,1.0,197.76,2025,2045,9.16,,-,,,,,0.0,,,1800.0,0.0,0.0,0.0,0.0,-33.9664352171112,25.6145647032336,,,,,,,,,,,,,,,,,,,,,,,,,,,,,,,,,,,,,,,,,,,,,,,,2025.0,2045.0,False
ME IRP 2024,conventional,BASE_ADJ,MuliloTotalHydra,RMIPPP,rmippp,75.0,1.0,75.0,2025,2045,9.16,,-,,,,,0.0,,,1800.0,0.0,0.0,0.0,0.0,-30.67566,24.06759,,,,,,,,,,,,,,,,,,,,,,,,,,,,,,,,,,,,,,,,,,,,,,,,2025.0,2045.0,False
ME IRP 2024,conventional,BASE_ADJ,Oya,RMIPPP,rmippp,128.0,1.0,128.0,2025,2045,9.16,0.0,-,,,,,0.0,,,1800.0,0.0,0.0,0.0,0.0,-32.84891,20.32363,,,,,,,,,,,,,,,,,,,,,,,,,,,,,,,,,,,,,,,,,,,,,,,,2025.0,2045.0,False
ME IRP 2024,conventional,ignore,RichardsBayKarpowership,RMIPPP,rmippp,450.0,1.0,450.0,2025,2045,9.16,,-,,,,,0.0,,,1800.0,0.0,0.0,0.0,0.0,-28.756817081683,32.0482441870341,,,,,,,,,,,,,,,,,,,,,,,,,,,,,,,,,,,,,,,,,,,,,,,,2025.0,2045.0,False
ME IRP 2024,conventional,ignore,SaldanhaKarpowership,RMIPPP,rmippp,320.0,1.0,320.0,2025,2045,9.16,,-,,,,,0.0,,,1800.0,0.0,0.0,0.0,0.0,-33.0329578529603,17.9190929028183,,,,,,,,,,,,,,,,,,,,,,,,,,,,,,,,,,,,,,,,,,,,,,,,2025.0,2045.0,False
ME IRP 2024,conventional,BASE_ADJ,Scatec1,RMIPPP,rmippp,50.0,1.0,50.0,2024,2045,9.16,,-,,,,,0.0,,,1800.0,0.0,0.0,0.0,0.0,-29.4112838805742,21.0847327324929,,,,,,,,,,,,,,,,,,,,,,,,,,,,,,,,,,,,,,,,,,,,,,,,2024.0,2045.0,False
ME IRP 2024,conventional,BASE_ADJ,Scatec2,RMIPPP,rmippp,50.0,1.0,50.0,2024,2045,9.16,,-,,,,,0.0,,,1800.0,0.0,0.0,0.0,0.0,-29.4112838805742,21.0847327324929,,,,,,,,,,,,,,,,,,,,,,,,,,,,,,,,,,,,,,,,,,,,,,,,2024.0,2045.0,False
ME IRP 2024,conventional,BASE_ADJ,Scatec3,RMIPPP,rmippp,50.0,1.0,50.0,2024,2045,9.16,,-,,,,,0.0,,,1800.0,0.0,0.0,0.0,0.0,-29.4112838805742,21.0847327324929,,,,,,,,,,,,,,,,,,,,,,,,,,,,,,,,,,,,,,,,,,,,,,,,2024.0,2045.0,False
ME IRP 2024,conventional,BASE_ADJ,Umoyilanga,RMIPPP,rmippp,75.0,1.0,75.0,2025,2045,9.16,,-,,,,,0.0,,,1800.0,0.0,0.0,0.0,0.0,-28.4519839474036,21.2331531845134,,,,,,,,,,,,,,,,,,,,,,,,,,,,,,,,,,,,,,,,,,,,,,,,2025.0,2045.0,False
ME IRP 2024,conventional,BASE_ADJ,Avon,IPP,ocgt_diesel,167.5,4.0,670.0,-,2046,11.519,574.0,373,,,,,0.0,,,3.73378839590444,210.336746302617,0.0,0.0,0.0,-29.251,31.0941,,,,,,,,,,,,,,,,,,,,,,,,,,,,,,,,,,,,,,,,,,,,,,,,,2046.0,False
ME IRP 2024,conventional,BASE_ADJ,Dedisa,IPP,ocgt_diesel,167.5,2.0,335.0,-,2046,11.519,574.0,373,,,,,0.0,,,3.73378839590444,210.336746302617,0.0,0.0,0.0,-33.4433,25.4022,,,,,,,,,,,,,,,,,,,,,,,,,,,,,,,,,,,,,,,,,,,,,,,,,2046.0,False
ME IRP 2024,conventional,BASE_ADJ,Secunda_coal,Sasol,sasol_coal,42.86,14.0,600.04,-,2035,12.372,1347.0,15.6,,,,,0.65,,,88.3663253697383,1201.48332195677,225082.721274175,3151158.09783845,0.0,-26.5036,29.1803,,,,,,,,,,,,,,,,,,,,,,,,,,,,,,,,,,,,,,,,,,,,,,,,,2035.0,False
ME IRP 2024,conventional,BASE_ADJ,Sasolburg_coal,Sasol,sasol_coal,,,128.0,-,2035,12.372,1347.0,15.6,,,,,0.65,,,88.3663253697383,1201.48332195677,225082.721274175,0.0,0.0,-26.5036,29.1803,,,,,,,,,,,,,,,,,,,,,,,,,,,,,,,,,,,,,,,,,,,,,,,,,2035.0,False
ME IRP 2024,conventional,BASE_ADJ,Sasol_ice,Sasol,sasol_gas,9.7,18.0,174.6,-,2039,9.6,432.0,75,,,,,0.0,,,88.3663253697383,0.0,0.0,0.0,0.0,-26.8102,27.8277,,,,,,,,,,,,,,,,,,,,,,,,,,,,,,,,,,,,,,,,,,,,,,,,,2039.0,False
ME IRP 2024,conventional,BASE_ADJ,Sasol_ocgt,Sasol,sasol_gas,50.0,5.0,250.0,-,2039,9.6,432.0,75,,,,,0.0,,,3.73378839590444,0.0,0.0,0.0,0.0,-26.8102,27.8277,,,,,,,,,,,,,,,,,,,,,,,,,,,,,,,,,,,,,,,,,,,,,,,,,2039.0,False
ME IRP 2024,conventional,IRP23_FULL,Arnot*,eskom,coal,350.0,3.0,1050.0,-,2027,12.744,1047.0,45.18,0.345,0.345,0.1725,0.1725,0.65,48.0,48.0,88.3663253697383,1176.01639590444,48745.6446678271,146236.9340034813,0.0,-25.94444,29.79166,,,,,,,,,,,,,,,,,,,,,,,,,,,,,,,,,,,,,,,,,,,,,,,,,2027.0,False
ME IRP 2024,conventional,IRP23_FULL,Arnot**,eskom,coal,350.0,3.0,1050.0,-,2029,12.995,1047.0,45.18,0.345,0.345,0.1725,0.1725,0.65,0.0,0.0,88.3663253697383,1176.01639590444,48745.6446678271,146236.9340034813,0.0,-25.94444,29.79166,,,,,,,,,,,,,,,,,,,,,,,,,,,,,,,,,,,,,,,,,,,,,,,,,2029.0,False
ME IRP 2024,conventional,IRP23_FULL,Camden*,eskom,coal,190.0,3.0,570.0,-,2024,13.584,1116.0,45.18,0.178378378378378,0.178378378378378,0.089189189189189,0.089189189189189,0.0,0.0,0.0,88.3663253697383,1577.42478498294,18773.643629124,56320.930887372,0.0,-26.62007,30.09113,,,,,,,,,,,,,,,,,,,,,,,,,,,,,,,,,,,,,,,,,,,,,,,,,2024.0,False
ME IRP 2024,conventional,IRP23_FULL,Camden**,eskom,coal,182.2,5.0,911.0,-,2025,14.28,1116.0,45.18,0.178378378378378,0.178378378378378,0.089189189189189,0.089189189189189,0.0,0.0,0.0,88.3663253697383,1577.42478498294,18773.643629124,93868.21814561999,0.0,-26.62007,30.09113,,,,,,,,,,,,,,,,,,,,,,,,,,,,,,,,,,,,,,,,,,,,,,,,,2025.0,False
ME IRP 2024,conventional,IRP23_FULL,Duvha*,eskom,coal,575.0,2.0,1150.0,-,2033,12.066,991.0,45.18,0.4,0.4,0.2,0.2,0.65,0.0,0.0,88.3663253697383,1126.42919681456,91694.3754266212,183388.7508532424,0.0,-25.95954,29.34094,,,,,,,,,,,,,,,,,,,,,,,,,,,,,,,,,,,,,,,,,,,,,,,,,2033.0,False
ME IRP 2024,conventional,IRP23_FULL,Duvha**,eskom,coal,575.0,3.0,1725.0,-,2034,12.066,991.0,45.18,0.4,0.4,0.2,0.2,0.65,0.0,0.0,88.3663253697383,1126.42919681456,91694.3754266212,275083.12627986365,0.0,-25.95954,29.34094,,,,,,,,,,,,,,,,,,,,,,,,,,,,,,,,,,,,,,,,,,,,,,,,,2034.0,False
ME IRP 2024,conventional,IRP23_FULL,Grootvlei*,eskom,coal,190.0,2.0,380.0,-,2026,13.79,1133.0,45.18,0.167,0.167,0.0835,0.0835,0.65,0.0,0.0,88.3663253697383,1175.97905802048,23714.1198372924,47428.2396745848,0.0,-26.76955,28.49951,,,,,,,,,,,,,,,,,,,,,,,,,,,,,,,,,,,,,,,,,,,,,,,,,2026.0,False
ME IRP 2024,conventional,IRP23_FULL,Grootvlei**,eskom,coal,190.0,1.0,190.0,-,2027,12.744,1133.0,45.18,0.167,0.167,0.0835,0.0835,0.65,48.0,48.0,88.3663253697383,1175.97905802048,23714.1198372924,23714.1198372924,0.0,-26.76955,28.49951,,,,,,,,,,,,,,,,,,,,,,,,,,,,,,,,,,,,,,,,,,,,,,,,,2027.0,False
ME IRP 2024,conventional,IRP23_FULL,Hendrina*,eskom,coal,190.0,4.0,760.0,-,2024,13.266,1090.0,45.18,0.333,0.333,0.1665,0.1665,0.0,0.0,0.0,88.3663253697383,1175.98403640501,15018.9149032992,60075.6596131968,0.0,-26.03138,29.60138,,,,,,,,,,,,,,,,,,,,,,,,,,,,,,,,,,,,,,,,,,,,,,,,,2024.0,False
ME IRP 2024,conventional,IRP23_FULL,Hendrina**,eskom,coal,169.0,2.0,338.0,-,2025,14.28,1090.0,45.18,0.333,0.333,0.1665,0.1665,0.65,0.0,0.0,88.3663253697383,1175.98403640501,15018.9149032992,30037.8298065984,0.0,-26.62007,30.09113,,,,,,,,,,,,,,,,,,,,,,,,,,,,,,,,,,,,,,,,,,,,,,,,,2025.0,False
ME IRP 2024,conventional,IRP23_FULL,Kelvin,IPP,coal,80.0,2.0,160.0,-,2027,12.372,1375.0,45.18,0.375,0.375,0.1875,0.1875,0.65,,,99.5676905574516,1201.48332195677,225082.721274175,450165.44254835,0.0,-26.115776,28.1138,,,,,,,,,,,,,,,,,,,,,,,,,,,,,,,,,,,,,,,,,,,,,,,,,2027.0,False
ME IRP 2024,conventional,IRP23_FULL,Kendal*,eskom,coal,640.0,3.0,1920.0,-,2044,11.782,1056.0,45.18,0.167,0.167,0.0835,0.0835,0.0,0.0,0.0,88.3663253697383,1118.95788623436,84316.6169931513,252949.85097945388,0.0,-26.08805,28.96888,,,,,,,,,,,,,,,,,,,,,,,,,,,,,,,,,,,,,,,,,,,,,,,,,2044.0,False
ME IRP 2024,conventional,IRP23_FULL,Kendal**,eskom,coal,640.0,3.0,1920.0,-,2050,11.782,1056.0,45.18,0.167,0.167,0.0835,0.0835,0.0,0.0,0.0,88.3663253697383,1118.95788623436,84316.6169931513,252949.85097945388,0.0,-26.08805,28.96888,,,,,,,,,,,,,,,,,,,,,,,,,,,,,,,,,,,,,,,,,,,,,,,,,2050.0,False
ME IRP 2024,conventional,IRP23_FULL,Komati,eskom,coal,114.0,1.0,114.0,-,2022,15.123,1010.0,45.18,0.167,0.167,0.0835,0.0835,0.0,0.0,0.0,88.3663253697383,1115.97458930603,8782.97661497838,8782.97661497838,0.0,-26.09078,29.47446,,,,,,,,,,,,,,,,,,,,,,,,,,,,,,,,,,,,,,,,,,,,,,,,,2022.0,False
ME IRP 2024,conventional,IRP23_FULL,Kriel*,eskom,coal,405.0,3.0,1215.0,-,2028,12.995,1010.0,45.18,0.454736842105263,0.454736842105263,0.2273684210526315,0.2273684210526315,0.65,0.0,0.0,88.3663253697383,1115.97458930603,63237.5146040728,189712.5438122184,0.0,-26.25404,29.18008,,,,,,,,,,,,,,,,,,,,,,,,,,,,,,,,,,,,,,,,,,,,,,,,,2028.0,False
ME IRP 2024,conventional,IRP23_FULL,Kriel**,eskom,coal,475.0,3.0,1425.0,-,2030,12.995,1010.0,45.18,0.454736842105263,0.454736842105263,0.2273684210526315,0.2273684210526315,0.65,0.0,0.0,88.3663253697383,1115.97458930603,63237.5146040728,189712.5438122184,0.0,-26.25404,29.18008,,,,,,,,,,,,,,,,,,,,,,,,,,,,,,,,,,,,,,,,,,,,,,,,,2030.0,False
ME IRP 2024,conventional,IRP23_FULL,Kusile*,eskom,coal,720.0,4.0,2880.0,-,beyond 2050,10.305,947.0,45.18,0.6,0.6,0.3,0.3,0.0,0.0,0.0,121.970420932878,1165.56676678043,87058.6696962685,348234.678785074,0.0,-25.92007,28.924942,,,,,,,,,,,,,,,,,,,,,,,,,,,,,,,,,,,,,,,,,,,,,,,,,2050.0,False
ME IRP 2024,conventional,IRP23_FULL,Kusile**,eskom,coal,720.0,1.0,720.0,2023,beyond 2050,10.305,947.0,45.18,0.6,0.6,0.3,0.3,0.0,0.0,0.0,121.970420932878,1165.56676678043,87058.6696962685,87058.6696962685,0.0,-25.92007,28.924942,,,,,,,,,,,,,,,,,,,,,,,,,,,,,,,,,,,,,,,,,,,,,,,,2023.0,2050.0,True
ME IRP 2024,conventional,IRP23_FULL,Kusile***,eskom,coal,720.0,1.0,720.0,2024,beyond 2050,10.305,947.0,45.18,0.6,0.6,0.3,0.3,0.0,0.0,0.0,121.970420932878,1165.56676678043,87058.6696962685,87058.6696962685,0.0,-25.92007,28.924942,,,,,,,,,,,,,,,,,,,,,,,,,,,,,,,,,,,,,,,,,,,,,,,,2024.0,2050.0,False
ME IRP 2024,conventional,IRP23_FULL,Lethabo*,eskom,coal,593.0,3.0,1779.0,-,2038,11.003,986.0,45.18,0.596964586846543,0.596964586846543,0.2984822934232715,0.2984822934232715,0.65,0.0,0.0,88.3663253697383,1115.97458930603,77729.5919647099,233188.7758941297,0.0,-26.74027,27.975,,,,,,,,,,,,,,,,,,,,,,,,,,,,,,,,,,,,,,,,,,,,,,,,,2038.0,False
ME IRP 2024,conventional,IRP23_FULL,Lethabo**,eskom,coal,593.0,3.0,1779.0,-,2041,11.519,986.0,45.18,0.596964586846543,0.596964586846543,0.2984822934232715,0.2984822934232715,0.0,0.0,0.0,88.3663253697383,1115.97458930603,77729.5919647099,233188.7758941297,0.0,-26.74027,27.975,,,,,,,,,,,,,,,,,,,,,,,,,,,,,,,,,,,,,,,,,,,,,,,,,2041.0,False
ME IRP 2024,conventional,IRP23_FULL,Majuba*,eskom,coal,606.0,3.0,1818.0,-,2048,11.782,1056.0,45.18,0.167,0.166939443535188,0.0835,0.083469721767594,0.0,0.0,0.0,88.3663253697383,1115.97458930603,160728.803902389,482186.41170716693,0.0,-27.09555,29.77055,,,,,,,,,,,,,,,,,,,,,,,,,,,,,,,,,,,,,,,,,,,,,,,,,2048.0,False
ME IRP 2024,conventional,IRP23_FULL,Majuba**,eskom,coal,663.0,3.0,1989.0,-,2051,11.032,988.0,45.18,0.167,0.170149253731343,0.0835,0.0850746268656715,0.0,0.0,0.0,88.3663253697383,1115.97458930603,176538.078918999,529614.236756997,0.0,-27.09555,29.77055,,,,,,,,,,,,,,,,,,,,,,,,,,,,,,,,,,,,,,,,,,,,,,,,,2051.0,False
ME IRP 2024,conventional,IRP23_FULL,Matimba*,eskom,coal,615.0,3.0,1845.0,-,2042,11.682,1047.0,45.18,0.286,0.286,0.143,0.143,0.0,0.0,0.0,88.3663253697383,1118.98402275313,81681.8069817747,245045.42094532412,0.0,-23.66777,27.61277,,,,,,,,,,,,,,,,,,,,,,,,,,,,,,,,,,,,,,,,,,,,,,,,,2042.0,False
ME IRP 2024,conventional,IRP23_FULL,Matimba**,eskom,coal,615.0,3.0,1845.0,-,2044,11.519,1057.0,45.18,0.286,0.286,0.143,0.143,0.0,0.0,0.0,88.3663253697383,1118.98402275313,81681.8069817747,245045.42094532412,0.0,-23.66777,27.61277,,,,,,,,,,,,,,,,,,,,,,,,,,,,,,,,,,,,,,,,,,,,,,,,,2044.0,False
ME IRP 2024,conventional,IRP23_FULL,Matla*,eskom,coal,575.0,3.0,1725.0,-,2032,12.066,991.0,45.18,0.250434782608696,0.250434782608696,0.125217391304348,0.125217391304348,0.65,0.0,0.0,88.3663253697383,1115.97458930603,76411.9795221843,229235.93856655288,0.0,-26.28036,29.14229,,,,,,,,,,,,,,,,,,,,,,,,,,,,,,,,,,,,,,,,,,,,,,,,,2032.0,False
ME IRP 2024,conventional,IRP23_FULL,Matla**,eskom,coal,575.0,3.0,1725.0,-,2036,12.066,991.0,45.18,0.250434782608696,0.250434782608696,0.125217391304348,0.125217391304348,0.65,0.0,0.0,88.3663253697383,1115.97458930603,76411.9795221843,229235.93856655288,0.0,-26.28036,29.14229,,,,,,,,,,,,,,,,,,,,,,,,,,,,,,,,,,,,,,,,,,,,,,,,,2036.0,False
ME IRP 2024,conventional,IRP23_FULL,Medupi*,eskom,coal,720.0,5.0,3600.0,-,beyond 2050,10.305,930.0,45.18,0.597510373443983,0.597510373443983,0.2987551867219915,0.2987551867219915,0.0,0.0,0.0,121.970420932878,1201.47709897611,87058.6696962685,435293.3484813425,0.0,-23.42,27.33,,,,,,,,,,,,,,,,,,,,,,,,,,,,,,,,,,,,,,,,,,,,,,,,,2050.0,False
ME IRP 2024,conventional,IRP23_FULL,Medupi**,eskom,coal,717.0,1.0,717.0,-,beyond 2050,10.305,930.0,45.18,0.597510373443983,0.597510373443983,0.2987551867219915,0.2987551867219915,0.0,0.0,0.0,121.970420932878,1201.47709897611,87058.6696962685,87058.6696962685,0.0,-23.42,27.33,,,,,,,,,,,,,,,,,,,,,,,,,,,,,,,,,,,,,,,,,,,,,,,,,2050.0,False
ME IRP 2024,conventional,IRP23_FULL,Tutuka*,eskom,coal,585.0,3.0,1755.0,-,2030,10.495,981.0,45.18,0.333,0.333,0.1665,0.1665,0.65,0.0,0.0,88.3663253697383,1115.97458930603,76411.9795221843,229235.93856655288,0.0,-26.77565,29.35212,,,,,,,,,,,,,,,,,,,,,,,,,,,,,,,,,,,,,,,,,,,,,,,,,2030.0,False
ME IRP 2024,conventional,IRP23_FULL,Tutuka**,eskom,coal,585.0,3.0,1755.0,-,2031,10.495,981.0,45.18,0.333,0.333,0.1665,0.1665,0.65,0.0,0.0,88.3663253697383,1115.97458930603,76411.9795221843,229235.93856655288,0.0,-26.77565,29.35212,,,,,,,,,,,,,,,,,,,,,,,,,,,,,,,,,,,,,,,,,,,,,,,,,2031.0,False
ME IRP 2024,conventional,IRP23_FULL,Koeberg,eskom,nuclear,927.0,2.0,1854.0,-,2047,11.111,0.0,18,0.1,0.1,0.05,0.05,0.0,,,56.0068259385666,1477.33560864619,0.0,0.0,0.0,-33.67359354,18.428247,,,,,,,,,,,,,,,,,,,,,,,,,,,,,,,,,,,,,,,,,,,,,,,,,2047.0,False
ME IRP 2024,conventional,IRP23_FULL,Ankerlig,eskom,ocgt_diesel,148.0,9.0,1332.0,-,2039,11.519,574.0,373,,,,,0.0,,,3.73378839590444,243.940841865757,0.0,0.0,0.0,-33.592,18.4607,,,,,,,,,,,,,,,,,,,,,,,,,,,,,,,,,,,,,,,,,,,,,,,,,2039.0,False
ME IRP 2024,conventional,IRP23_FULL,Gourikwa,eskom,ocgt_diesel,148.0,5.0,740.0,-,2038,11.519,574.0,373,,,,,0.0,,,3.73378839590444,243.940841865757,0.0,0.0,0.0,-34.16526,21.96077,,,,,,,,,,,,,,,,,,,,,,,,,,,,,,,,,,,,,,,,,,,,,,,,,2038.0,False
ME IRP 2024,conventional,IRP23_FULL,Acacia,eskom,ocgt_avf,57.0,3.0,171.0,-,2026,11.519,574.0,373,,,,,0.0,,,3.73378839590444,243.940841865757,0.0,0.0,0.0,-33.88408,18.53361,,,,,,,,,,,,,,,,,,,,,,,,,,,,,,,,,,,,,,,,,,,,,,,,,2026.0,False
ME IRP 2024,conventional,IRP23_FULL,PortRex,eskom,ocgt_avf,57.0,3.0,171.0,-,2026,11.519,574.0,373,,,,,0.0,,,3.73378839590444,243.940841865757,0.0,0.0,0.0,-33.02739,27.88382,,,,,,,,,,,,,,,,,,,,,,,,,,,,,,,,,,,,,,,,,,,,,,,,,2026.0,False
ME IRP 2024,conventional,IRP23_FULL,Gariep,eskom,hydro,90.0,4.0,360.0,-,beyond 2050,-,0.0,-,,,,,0.0,,,435.608646188851,0.0,0.0,0.0,0.0,-30.62396,25.50403,,,,,,,,,,,,,,,,,,,,,,,,,,,,,,,,,,,,,,,,,,,,,,,,,2050.0,False
ME IRP 2024,conventional,IRP23_FULL,Vanderkloof,eskom,hydro,120.0,2.0,240.0,-,beyond 2050,-,0.0,-,,,,,0.0,,,435.608646188851,0.0,0.0,0.0,0.0,-29.99337,24.73384,,,,,,,,,,,,,,,,,,,,,,,,,,,,,,,,,,,,,,,,,,,,,,,,,2050.0,False
ME IRP 2024,conventional,Ignore,AcwaDao,RMIPPP,rmippp,150.0,1.0,150.0,2025,2045,9.16,,-,,,,,0.0,,,,0.0,0.0,0.0,0.0,-28.8891461968036,21.9800586392359,,,,,,,,,,,,,,,,,,,,,,,,,,,,,,,,,,,,,,,,,,,,,,,,2025.0,2045.0,False
ME IRP 2024,conventional,IRP23_FULL,CoegaKarpowership,RMIPPP,rmippp,450.0,1.0,450.0,2025,2045,9.16,574.0,-,,,,,0.0,,,1800.0,0.0,0.0,0.0,0.0,-33.9664352171112,25.6145647032336,,,,,,,,,,,,,,,,,,,,,,,,,,,,,,,,,,,,,,,,,,,,,,,,2025.0,2045.0,False
ME IRP 2024,conventional,IRP23_FULL,MuliloTotalCoega,RMIPPP,rmippp,197.76,1.0,197.76,2025,2045,9.16,,-,,,,,0.0,,,1800.0,0.0,0.0,0.0,0.0,-33.9664352171112,25.6145647032336,,,,,,,,,,,,,,,,,,,,,,,,,,,,,,,,,,,,,,,,,,,,,,,,2025.0,2045.0,False
ME IRP 2024,conventional,IRP23_FULL,MuliloTotalHydra,RMIPPP,rmippp,75.0,1.0,75.0,2025,2045,9.16,,-,,,,,0.0,,,1800.0,0.0,0.0,0.0,0.0,-30.67566,24.06759,,,,,,,,,,,,,,,,,,,,,,,,,,,,,,,,,,,,,,,,,,,,,,,,2025.0,2045.0,False
ME IRP 2024,conventional,IRP23_FULL,Oya,RMIPPP,rmippp,128.0,1.0,128.0,2025,2045,9.16,0.0,-,,,,,0.0,,,1800.0,0.0,0.0,0.0,0.0,-32.84891,20.32363,,,,,,,,,,,,,,,,,,,,,,,,,,,,,,,,,,,,,,,,,,,,,,,,2025.0,2045.0,False
ME IRP 2024,conventional,IRP23_FULL,RichardsBayKarpowership,RMIPPP,rmippp,450.0,1.0,450.0,2025,2045,9.16,574.0,-,,,,,0.0,,,1800.0,0.0,0.0,0.0,0.0,-28.756817081683,32.0482441870341,,,,,,,,,,,,,,,,,,,,,,,,,,,,,,,,,,,,,,,,,,,,,,,,2025.0,2045.0,False
ME IRP 2024,conventional,IRP23_FULL,SaldanhaKarpowership,RMIPPP,rmippp,320.0,1.0,320.0,2025,2045,9.16,574.0,-,,,,,0.0,,,1800.0,0.0,0.0,0.0,0.0,-33.0329578529603,17.9190929028183,,,,,,,,,,,,,,,,,,,,,,,,,,,,,,,,,,,,,,,,,,,,,,,,2025.0,2045.0,False
ME IRP 2024,conventional,IRP23_FULL,Scatec1,RMIPPP,rmippp,50.0,1.0,50.0,2024,2045,9.16,,-,,,,,0.0,,,1800.0,0.0,0.0,0.0,0.0,-29.4112838805742,21.0847327324929,,,,,,,,,,,,,,,,,,,,,,,,,,,,,,,,,,,,,,,,,,,,,,,,2024.0,2045.0,False
ME IRP 2024,conventional,IRP23_FULL,Scatec2,RMIPPP,rmippp,50.0,1.0,50.0,2024,2045,9.16,,-,,,,,0.0,,,1800.0,0.0,0.0,0.0,0.0,-29.4112838805742,21.0847327324929,,,,,,,,,,,,,,,,,,,,,,,,,,,,,,,,,,,,,,,,,,,,,,,,2024.0,2045.0,False
ME IRP 2024,conventional,IRP23_FULL,Scatec3,RMIPPP,rmippp,50.0,1.0,50.0,2024,2045,9.16,,-,,,,,0.0,,,1800.0,0.0,0.0,0.0,0.0,-29.4112838805742,21.0847327324929,,,,,,,,,,,,,,,,,,,,,,,,,,,,,,,,,,,,,,,,,,,,,,,,2024.0,2045.0,False
ME IRP 2024,conventional,IRP23_FULL,Umoyilanga,RMIPPP,rmippp,75.0,1.0,75.0,2025,2045,9.16,,-,,,,,0.0,,,1800.0,0.0,0.0,0.0,0.0,-28.4519839474036,21.2331531845134,,,,,,,,,,,,,,,,,,,,,,,,,,,,,,,,,,,,,,,,,,,,,,,,2025.0,2045.0,False
ME IRP 2024,conventional,IRP23_FULL,Avon,IPP,ocgt_diesel,167.5,4.0,670.0,-,2046,11.519,574.0,373,,,,,0.0,,,3.73378839590444,210.336746302617,0.0,0.0,0.0,-29.251,31.0941,,,,,,,,,,,,,,,,,,,,,,,,,,,,,,,,,,,,,,,,,,,,,,,,,2046.0,False
ME IRP 2024,conventional,IRP23_FULL,Dedisa,IPP,ocgt_diesel,167.5,2.0,335.0,-,2046,11.519,574.0,373,,,,,0.0,,,3.73378839590444,210.336746302617,0.0,0.0,0.0,-33.4433,25.4022,,,,,,,,,,,,,,,,,,,,,,,,,,,,,,,,,,,,,,,,,,,,,,,,,2046.0,False
ME IRP 2024,conventional,IRP23_FULL,Secunda_coal,Sasol,sasol_coal,42.86,14.0,600.04,-,2035,12.372,1347.0,15.6,,,,,0.65,,,88.3663253697383,1201.48332195677,225082.721274175,3151158.09783845,0.0,-26.5036,29.1803,,,,,,,,,,,,,,,,,,,,,,,,,,,,,,,,,,,,,,,,,,,,,,,,,2035.0,False
ME IRP 2024,conventional,IRP23_FULL,Sasolburg_coal,Sasol,sasol_coal,,,128.0,-,2035,12.372,1347.0,15.6,,,,,0.65,,,88.3663253697383,1201.48332195677,225082.721274175,0.0,0.0,-26.5036,29.1803,,,,,,,,,,,,,,,,,,,,,,,,,,,,,,,,,,,,,,,,,,,,,,,,,2035.0,False
ME IRP 2024,conventional,IRP23_FULL,Sasol_ice,Sasol,sasol_gas,9.7,18.0,174.6,-,2050,9.6,432.0,75,,,,,0.0,,,88.3663253697383,0.0,0.0,0.0,0.0,-26.8102,27.8277,,,,,,,,,,,,,,,,,,,,,,,,,,,,,,,,,,,,,,,,,,,,,,,,,2050.0,False
ME IRP 2024,conventional,IRP23_FULL,Sasol_ocgt,Sasol,sasol_gas,50.0,5.0,250.0,-,2050,9.6,432.0,75,,,,,0.0,,,3.73378839590444,0.0,0.0,0.0,0.0,-26.8102,27.8277,,,,,,,,,,,,,,,,,,,,,,,,,,,,,,,,,,,,,,,,,,,,,,,,,2050.0,False
ME IRP 2024,conventional,IRP23_FULL_ADJ,Arnot*,eskom,coal,350.0,3.0,1050.0,-,2026,12.744,1047.0,45.18,0.345,0.345,0.1725,0.1725,0.65,48.0,48.0,88.3663253697383,1176.01639590444,48745.6446678271,146236.9340034813,0.0,-25.94444,29.79166,,,,,,,,,,,,,,,,,,,,,,,,,,,,,,,,,,,,,,,,,,,,,,,,,2026.0,False
ME IRP 2024,conventional,IRP23_FULL_ADJ,Arnot**,eskom,coal,350.0,3.0,1050.0,-,2029,12.995,1047.0,45.18,0.345,0.345,0.1725,0.1725,0.65,0.0,0.0,88.3663253697383,1176.01639590444,48745.6446678271,146236.9340034813,0.0,-25.94444,29.79166,,,,,,,,,,,,,,,,,,,,,,,,,,,,,,,,,,,,,,,,,,,,,,,,,2029.0,False
ME IRP 2024,conventional,IRP23_FULL_ADJ,Camden*,eskom,coal,190.0,3.0,570.0,-,2024,13.584,1116.0,45.18,0.178378378378378,0.178378378378378,0.089189189189189,0.089189189189189,0.0,0.0,0.0,88.3663253697383,1577.42478498294,18773.643629124,56320.930887372,0.0,-26.62007,30.09113,,,,,,,,,,,,,,,,,,,,,,,,,,,,,,,,,,,,,,,,,,,,,,,,,2024.0,False
ME IRP 2024,conventional,IRP23_FULL_ADJ,Camden**,eskom,coal,182.2,5.0,911.0,-,2025,14.28,1116.0,45.18,0.178378378378378,0.178378378378378,0.089189189189189,0.089189189189189,0.0,0.0,0.0,88.3663253697383,1577.42478498294,18773.643629124,93868.21814561999,0.0,-26.62007,30.09113,,,,,,,,,,,,,,,,,,,,,,,,,,,,,,,,,,,,,,,,,,,,,,,,,2025.0,False
ME IRP 2024,conventional,IRP23_FULL_ADJ,Duvha*,eskom,coal,575.0,2.0,1150.0,-,2033,12.066,991.0,45.18,0.4,0.4,0.2,0.2,0.65,0.0,0.0,88.3663253697383,1126.42919681456,91694.3754266212,183388.7508532424,0.0,-25.95954,29.34094,,,,,,,,,,,,,,,,,,,,,,,,,,,,,,,,,,,,,,,,,,,,,,,,,2033.0,False
ME IRP 2024,conventional,IRP23_FULL_ADJ,Duvha**,eskom,coal,575.0,3.0,1725.0,-,2034,12.066,991.0,45.18,0.4,0.4,0.2,0.2,0.65,0.0,0.0,88.3663253697383,1126.42919681456,91694.3754266212,275083.12627986365,0.0,-25.95954,29.34094,,,,,,,,,,,,,,,,,,,,,,,,,,,,,,,,,,,,,,,,,,,,,,,,,2034.0,False
ME IRP 2024,conventional,IRP23_FULL_ADJ,Grootvlei*,eskom,coal,190.0,2.0,380.0,-,2026,13.79,1133.0,45.18,0.167,0.167,0.0835,0.0835,0.65,0.0,0.0,88.3663253697383,1175.97905802048,23714.1198372924,47428.2396745848,0.0,-26.76955,28.49951,,,,,,,,,,,,,,,,,,,,,,,,,,,,,,,,,,,,,,,,,,,,,,,,,2026.0,False
ME IRP 2024,conventional,IRP23_FULL_ADJ,Grootvlei**,eskom,coal,190.0,1.0,190.0,-,2026,12.744,1133.0,45.18,0.167,0.167,0.0835,0.0835,0.65,48.0,48.0,88.3663253697383,1175.97905802048,23714.1198372924,23714.1198372924,0.0,-26.76955,28.49951,,,,,,,,,,,,,,,,,,,,,,,,,,,,,,,,,,,,,,,,,,,,,,,,,2026.0,False
ME IRP 2024,conventional,IRP23_FULL_ADJ,Hendrina*,eskom,coal,190.0,4.0,760.0,-,2024,13.266,1090.0,45.18,0.333,0.333,0.1665,0.1665,0.0,0.0,0.0,88.3663253697383,1175.98403640501,15018.9149032992,60075.6596131968,0.0,-26.03138,29.60138,,,,,,,,,,,,,,,,,,,,,,,,,,,,,,,,,,,,,,,,,,,,,,,,,2024.0,False
ME IRP 2024,conventional,IRP23_FULL_ADJ,Hendrina**,eskom,coal,169.0,2.0,338.0,-,2025,14.28,1090.0,45.18,0.333,0.333,0.1665,0.1665,0.65,0.0,0.0,88.3663253697383,1175.98403640501,15018.9149032992,30037.8298065984,0.0,-26.62007,30.09113,,,,,,,,,,,,,,,,,,,,,,,,,,,,,,,,,,,,,,,,,,,,,,,,,2025.0,False
ME IRP 2024,conventional,IRP23_FULL_ADJ,Kelvin,IPP,coal,80.0,2.0,160.0,-,2028,12.372,1375.0,45.18,0.375,0.375,0.1875,0.1875,0.65,,,99.5676905574516,1201.48332195677,225082.721274175,450165.44254835,0.0,-26.115776,28.1138,,,,,,,,,,,,,,,,,,,,,,,,,,,,,,,,,,,,,,,,,,,,,,,,,2028.0,False
ME IRP 2024,conventional,IRP23_FULL_ADJ,Kendal*,eskom,coal,640.0,3.0,1920.0,-,2039,11.782,1056.0,45.18,0.167,0.167,0.0835,0.0835,0.0,0.0,0.0,88.3663253697383,1118.95788623436,84316.6169931513,252949.85097945388,0.0,-26.08805,28.96888,,,,,,,,,,,,,,,,,,,,,,,,,,,,,,,,,,,,,,,,,,,,,,,,,2039.0,False
ME IRP 2024,conventional,IRP23_FULL_ADJ,Kendal**,eskom,coal,640.0,3.0,1920.0,-,2042,11.782,1056.0,45.18,0.167,0.167,0.0835,0.0835,0.0,0.0,0.0,88.3663253697383,1118.95788623436,84316.6169931513,252949.85097945388,0.0,-26.08805,28.96888,,,,,,,,,,,,,,,,,,,,,,,,,,,,,,,,,,,,,,,,,,,,,,,,,2042.0,False
ME IRP 2024,conventional,IRP23_FULL_ADJ,Komati,eskom,coal,114.0,1.0,114.0,-,2022,15.123,1010.0,45.18,0.167,0.167,0.0835,0.0835,0.0,0.0,0.0,88.3663253697383,1115.97458930603,8782.97661497838,8782.97661497838,0.0,-26.09078,29.47446,,,,,,,,,,,,,,,,,,,,,,,,,,,,,,,,,,,,,,,,,,,,,,,,,2022.0,False
ME IRP 2024,conventional,IRP23_FULL_ADJ,Kriel*,eskom,coal,405.0,2.0,810.0,-,2027,12.995,1010.0,45.18,0.454736842105263,0.454736842105263,0.2273684210526315,0.2273684210526315,0.65,0.0,0.0,88.3663253697383,1115.97458930603,63237.5146040728,126475.0292081456,0.0,-26.25404,29.18008,,,,,,,,,,,,,,,,,,,,,,,,,,,,,,,,,,,,,,,,,,,,,,,,,2027.0,False
ME IRP 2024,conventional,IRP23_FULL_ADJ,Kriel**,eskom,coal,405.0,1.0,405.0,-,2028,12.995,1010.0,45.18,0.454736842105263,0.454736842105263,0.2273684210526315,0.2273684210526315,0.65,0.0,0.0,88.3663253697383,1115.97458930603,63237.5146040728,63237.5146040728,0.0,-26.25404,29.18008,,,,,,,,,,,,,,,,,,,,,,,,,,,,,,,,,,,,,,,,,,,,,,,,,2028.0,False
ME IRP 2024,conventional,IRP23_FULL_ADJ,Kriel***,eskom,coal,475.0,3.0,1425.0,-,2030,12.995,1010.0,45.18,0.454736842105263,0.454736842105263,0.2273684210526315,0.2273684210526315,0.65,0.0,0.0,88.3663253697383,1115.97458930603,63237.5146040728,189712.5438122184,0.0,-26.25404,29.18008,,,,,,,,,,,,,,,,,,,,,,,,,,,,,,,,,,,,,,,,,,,,,,,,,2030.0,False
ME IRP 2024,conventional,IRP23_FULL_ADJ,Kusile*,eskom,coal,720.0,4.0,2880.0,-,beyond 2050,10.305,947.0,45.18,0.6,0.6,0.3,0.3,0.0,0.0,0.0,121.970420932878,1165.56676678043,87058.6696962685,348234.678785074,0.0,-25.92007,28.924942,,,,,,,,,,,,,,,,,,,,,,,,,,,,,,,,,,,,,,,,,,,,,,,,,2050.0,False
ME IRP 2024,conventional,IRP23_FULL_ADJ,Kusile**,eskom,coal,720.0,1.0,720.0,2024,beyond 2050,10.305,947.0,45.18,0.6,0.6,0.3,0.3,0.0,0.0,0.0,121.970420932878,1165.56676678043,87058.6696962685,87058.6696962685,0.0,-25.92007,28.924942,,,,,,,,,,,,,,,,,,,,,,,,,,,,,,,,,,,,,,,,,,,,,,,,2024.0,2050.0,False
ME IRP 2024,conventional,IRP23_FULL_ADJ,Kusile***,eskom,coal,720.0,1.0,720.0,2024,beyond 2050,10.305,947.0,45.18,0.6,0.6,0.3,0.3,0.0,0.0,0.0,121.970420932878,1165.56676678043,87058.6696962685,87058.6696962685,0.0,-25.92007,28.924942,,,,,,,,,,,,,,,,,,,,,,,,,,,,,,,,,,,,,,,,,,,,,,,,2024.0,2050.0,False
ME IRP 2024,conventional,IRP23_FULL_ADJ,Lethabo*,eskom,coal,593.0,3.0,1779.0,-,2038,11.003,986.0,45.18,0.596964586846543,0.596964586846543,0.2984822934232715,0.2984822934232715,0.65,0.0,0.0,88.3663253697383,1115.97458930603,77729.5919647099,233188.7758941297,0.0,-26.74027,27.975,,,,,,,,,,,,,,,,,,,,,,,,,,,,,,,,,,,,,,,,,,,,,,,,,2038.0,False
ME IRP 2024,conventional,IRP23_FULL_ADJ,Lethabo**,eskom,coal,593.0,3.0,1779.0,-,2040,11.519,986.0,45.18,0.596964586846543,0.596964586846543,0.2984822934232715,0.2984822934232715,0.0,0.0,0.0,88.3663253697383,1115.97458930603,77729.5919647099,233188.7758941297,0.0,-26.74027,27.975,,,,,,,,,,,,,,,,,,,,,,,,,,,,,,,,,,,,,,,,,,,,,,,,,2040.0,False
ME IRP 2024,conventional,IRP23_FULL_ADJ,Majuba*,eskom,coal,606.0,5.0,3030.0,-,2048,11.782,1056.0,45.18,0.167,0.166939443535188,0.0835,0.083469721767594,0.0,0.0,0.0,88.3663253697383,1115.97458930603,160728.803902389,803644.019511945,0.0,-27.09555,29.77055,,,,,,,,,,,,,,,,,,,,,,,,,,,,,,,,,,,,,,,,,,,,,,,,,2048.0,False
ME IRP 2024,conventional,IRP23_FULL_ADJ,Majuba**,eskom,coal,663.0,1.0,663.0,-,2051,11.032,988.0,45.18,0.167,0.170149253731343,0.0835,0.0850746268656715,0.0,0.0,0.0,88.3663253697383,1115.97458930603,176538.078918999,176538.078918999,0.0,-27.09555,29.77055,,,,,,,,,,,,,,,,,,,,,,,,,,,,,,,,,,,,,,,,,,,,,,,,,2051.0,False
ME IRP 2024,conventional,IRP23_FULL_ADJ,Matimba*,eskom,coal,615.0,3.0,1845.0,-,2042,11.682,1047.0,45.18,0.286,0.286,0.143,0.143,0.0,0.0,0.0,88.3663253697383,1118.98402275313,81681.8069817747,245045.42094532412,0.0,-23.66777,27.61277,,,,,,,,,,,,,,,,,,,,,,,,,,,,,,,,,,,,,,,,,,,,,,,,,2042.0,False
ME IRP 2024,conventional,IRP23_FULL_ADJ,Matimba**,eskom,coal,615.0,3.0,1845.0,-,2044,11.519,1057.0,45.18,0.286,0.286,0.143,0.143,0.0,0.0,0.0,88.3663253697383,1118.98402275313,81681.8069817747,245045.42094532412,0.0,-23.66777,27.61277,,,,,,,,,,,,,,,,,,,,,,,,,,,,,,,,,,,,,,,,,,,,,,,,,2044.0,False
ME IRP 2024,conventional,IRP23_FULL_ADJ,Matla*,eskom,coal,575.0,3.0,1725.0,-,2031,12.066,991.0,45.18,0.250434782608696,0.250434782608696,0.125217391304348,0.125217391304348,0.65,0.0,0.0,88.3663253697383,1115.97458930603,76411.9795221843,229235.93856655288,0.0,-26.28036,29.14229,,,,,,,,,,,,,,,,,,,,,,,,,,,,,,,,,,,,,,,,,,,,,,,,,2031.0,False
ME IRP 2024,conventional,IRP23_FULL_ADJ,Matla**,eskom,coal,575.0,3.0,1725.0,-,2035,12.066,991.0,45.18,0.250434782608696,0.250434782608696,0.125217391304348,0.125217391304348,0.65,0.0,0.0,88.3663253697383,1115.97458930603,76411.9795221843,229235.93856655288,0.0,-26.28036,29.14229,,,,,,,,,,,,,,,,,,,,,,,,,,,,,,,,,,,,,,,,,,,,,,,,,2035.0,False
ME IRP 2024,conventional,IRP23_FULL_ADJ,Medupi*,eskom,coal,720.0,5.0,3600.0,-,beyond 2050,10.305,930.0,45.18,0.597510373443983,0.597510373443983,0.2987551867219915,0.2987551867219915,0.0,0.0,0.0,121.970420932878,1201.47709897611,87058.6696962685,435293.3484813425,0.0,-23.42,27.33,,,,,,,,,,,,,,,,,,,,,,,,,,,,,,,,,,,,,,,,,,,,,,,,,2050.0,False
ME IRP 2024,conventional,IRP23_FULL_ADJ,Medupi**,eskom,coal,717.0,1.0,717.0,-,beyond 2050,10.305,930.0,45.18,0.597510373443983,0.597510373443983,0.2987551867219915,0.2987551867219915,0.0,0.0,0.0,121.970420932878,1201.47709897611,87058.6696962685,87058.6696962685,0.0,-23.42,27.33,,,,,,,,,,,,,,,,,,,,,,,,,,,,,,,,,,,,,,,,,,,,,,,,,2050.0,False
ME IRP 2024,conventional,IRP23_FULL_ADJ,Tutuka*,eskom,coal,585.0,3.0,1755.0,-,2030,10.495,981.0,45.18,0.333,0.333,0.1665,0.1665,0.65,0.0,0.0,88.3663253697383,1115.97458930603,76411.9795221843,229235.93856655288,0.0,-26.77565,29.35212,,,,,,,,,,,,,,,,,,,,,,,,,,,,,,,,,,,,,,,,,,,,,,,,,2030.0,False
ME IRP 2024,conventional,IRP23_FULL_ADJ,Tutuka**,eskom,coal,585.0,3.0,1755.0,-,2030,10.495,981.0,45.18,0.333,0.333,0.1665,0.1665,0.65,0.0,0.0,88.3663253697383,1115.97458930603,76411.9795221843,229235.93856655288,0.0,-26.77565,29.35212,,,,,,,,,,,,,,,,,,,,,,,,,,,,,,,,,,,,,,,,,,,,,,,,,2030.0,False
ME IRP 2024,conventional,IRP23_FULL_ADJ,Koeberg,eskom,nuclear,927.0,2.0,1854.0,-,2047,11.111,0.0,18,0.1,0.1,0.05,0.05,0.0,,,56.0068259385666,1477.33560864619,0.0,0.0,0.0,-33.67359354,18.428247,,,,,,,,,,,,,,,,,,,,,,,,,,,,,,,,,,,,,,,,,,,,,,,,,2047.0,False
ME IRP 2024,conventional,IRP23_FULL_ADJ,Ankerlig,eskom,ocgt_diesel,148.0,9.0,1332.0,-,2039,11.519,574.0,373,,,,,0.0,,,3.73378839590444,243.940841865757,0.0,0.0,0.0,-33.592,18.4607,,,,,,,,,,,,,,,,,,,,,,,,,,,,,,,,,,,,,,,,,,,,,,,,,2039.0,False
ME IRP 2024,conventional,IRP23_FULL_ADJ,Gourikwa,eskom,ocgt_diesel,148.0,5.0,740.0,-,2038,11.519,574.0,373,,,,,0.0,,,3.73378839590444,243.940841865757,0.0,0.0,0.0,-34.16526,21.96077,,,,,,,,,,,,,,,,,,,,,,,,,,,,,,,,,,,,,,,,,,,,,,,,,2038.0,False
ME IRP 2024,conventional,IRP23_FULL_ADJ,Acacia,eskom,ocgt_avf,57.0,3.0,171.0,-,2026,11.519,574.0,373,,,,,0.0,,,3.73378839590444,243.940841865757,0.0,0.0,0.0,-33.88408,18.53361,,,,,,,,,,,,,,,,,,,,,,,,,,,,,,,,,,,,,,,,,,,,,,,,,2026.0,False
ME IRP 2024,conventional,IRP23_FULL_ADJ,PortRex,eskom,ocgt_avf,57.0,3.0,171.0,-,2026,11.519,574.0,373,,,,,0.0,,,3.73378839590444,243.940841865757,0.0,0.0,0.0,-33.02739,27.88382,,,,,,,,,,,,,,,,,,,,,,,,,,,,,,,,,,,,,,,,,,,,,,,,,2026.0,False
ME IRP 2024,conventional,IRP23_FULL_ADJ,Gariep,eskom,hydro,90.0,4.0,360.0,-,beyond 2050,-,0.0,-,,,,,0.0,,,435.608646188851,0.0,0.0,0.0,0.0,-30.62396,25.50403,,,,,,,,,,,,,,,,,,,,,,,,,,,,,,,,,,,,,,,,,,,,,,,,,2050.0,False
ME IRP 2024,conventional,IRP23_FULL_ADJ,Vanderkloof,eskom,hydro,120.0,2.0,240.0,-,beyond 2050,-,0.0,-,,,,,0.0,,,435.608646188851,0.0,0.0,0.0,0.0,-29.99337,24.73384,,,,,,,,,,,,,,,,,,,,,,,,,,,,,,,,,,,,,,,,,,,,,,,,,2050.0,False
ME IRP 2024,conventional,Ignore,AcwaDao,RMIPPP,rmippp,150.0,1.0,150.0,2025,2045,9.16,,-,,,,,0.0,,,,0.0,0.0,0.0,0.0,-28.8891461968036,21.9800586392359,,,,,,,,,,,,,,,,,,,,,,,,,,,,,,,,,,,,,,,,,,,,,,,,2025.0,2045.0,False
ME IRP 2024,conventional,IRP23_FULL_ADJ,CoegaKarpowership,RMIPPP,rmippp,450.0,1.0,450.0,2025,2045,9.16,574.0,-,,,,,0.0,,,1800.0,0.0,0.0,0.0,0.0,-33.9664352171112,25.6145647032336,,,,,,,,,,,,,,,,,,,,,,,,,,,,,,,,,,,,,,,,,,,,,,,,2025.0,2045.0,False
ME IRP 2024,conventional,IRP23_FULL_ADJ,MuliloTotalCoega,RMIPPP,rmippp,197.76,1.0,197.76,2025,2045,9.16,,-,,,,,0.0,,,1800.0,0.0,0.0,0.0,0.0,-33.9664352171112,25.6145647032336,,,,,,,,,,,,,,,,,,,,,,,,,,,,,,,,,,,,,,,,,,,,,,,,2025.0,2045.0,False
ME IRP 2024,conventional,IRP23_FULL_ADJ,MuliloTotalHydra,RMIPPP,rmippp,75.0,1.0,75.0,2025,2045,9.16,,-,,,,,0.0,,,1800.0,0.0,0.0,0.0,0.0,-30.67566,24.06759,,,,,,,,,,,,,,,,,,,,,,,,,,,,,,,,,,,,,,,,,,,,,,,,2025.0,2045.0,False
ME IRP 2024,conventional,IRP23_FULL_ADJ,Oya,RMIPPP,rmippp,128.0,1.0,128.0,2025,2045,9.16,0.0,-,,,,,0.0,,,1800.0,0.0,0.0,0.0,0.0,-32.84891,20.32363,,,,,,,,,,,,,,,,,,,,,,,,,,,,,,,,,,,,,,,,,,,,,,,,2025.0,2045.0,False
ME IRP 2024,conventional,IRP23_FULL_ADJ,RichardsBayKarpowership,RMIPPP,rmippp,450.0,1.0,450.0,2025,2045,9.16,574.0,-,,,,,0.0,,,1800.0,0.0,0.0,0.0,0.0,-28.756817081683,32.0482441870341,,,,,,,,,,,,,,,,,,,,,,,,,,,,,,,,,,,,,,,,,,,,,,,,2025.0,2045.0,False
ME IRP 2024,conventional,IRP23_FULL_ADJ,SaldanhaKarpowership,RMIPPP,rmippp,320.0,1.0,320.0,2025,2045,9.16,574.0,-,,,,,0.0,,,1800.0,0.0,0.0,0.0,0.0,-33.0329578529603,17.9190929028183,,,,,,,,,,,,,,,,,,,,,,,,,,,,,,,,,,,,,,,,,,,,,,,,2025.0,2045.0,False
ME IRP 2024,conventional,IRP23_FULL_ADJ,Scatec1,RMIPPP,rmippp,50.0,1.0,50.0,2024,2045,9.16,,-,,,,,0.0,,,1800.0,0.0,0.0,0.0,0.0,-29.4112838805742,21.0847327324929,,,,,,,,,,,,,,,,,,,,,,,,,,,,,,,,,,,,,,,,,,,,,,,,2024.0,2045.0,False
ME IRP 2024,conventional,IRP23_FULL_ADJ,Scatec2,RMIPPP,rmippp,50.0,1.0,50.0,2024,2045,9.16,,-,,,,,0.0,,,1800.0,0.0,0.0,0.0,0.0,-29.4112838805742,21.0847327324929,,,,,,,,,,,,,,,,,,,,,,,,,,,,,,,,,,,,,,,,,,,,,,,,2024.0,2045.0,False
ME IRP 2024,conventional,IRP23_FULL_ADJ,Scatec3,RMIPPP,rmippp,50.0,1.0,50.0,2024,2045,9.16,,-,,,,,0.0,,,1800.0,0.0,0.0,0.0,0.0,-29.4112838805742,21.0847327324929,,,,,,,,,,,,,,,,,,,,,,,,,,,,,,,,,,,,,,,,,,,,,,,,2024.0,2045.0,False
ME IRP 2024,conventional,IRP23_FULL_ADJ,Umoyilanga,RMIPPP,rmippp,75.0,1.0,75.0,2025,2045,9.16,,-,,,,,0.0,,,1800.0,0.0,0.0,0.0,0.0,-28.4519839474036,21.2331531845134,,,,,,,,,,,,,,,,,,,,,,,,,,,,,,,,,,,,,,,,,,,,,,,,2025.0,2045.0,False
ME IRP 2024,conventional,IRP23_FULL_ADJ,Avon,IPP,ocgt_diesel,167.5,4.0,670.0,-,2046,11.519,574.0,373,,,,,0.0,,,3.73378839590444,210.336746302617,0.0,0.0,0.0,-29.251,31.0941,,,,,,,,,,,,,,,,,,,,,,,,,,,,,,,,,,,,,,,,,,,,,,,,,2046.0,False
ME IRP 2024,conventional,IRP23_FULL_ADJ,Dedisa,IPP,ocgt_diesel,167.5,2.0,335.0,-,2046,11.519,574.0,373,,,,,0.0,,,3.73378839590444,210.336746302617,0.0,0.0,0.0,-33.4433,25.4022,,,,,,,,,,,,,,,,,,,,,,,,,,,,,,,,,,,,,,,,,,,,,,,,,2046.0,False
ME IRP 2024,conventional,IRP23_FULL_ADJ,Secunda_coal,Sasol,sasol_coal,42.86,14.0,600.04,-,2035,12.372,1347.0,15.6,,,,,0.65,,,88.3663253697383,1201.48332195677,225082.721274175,3151158.09783845,0.0,-26.5036,29.1803,,,,,,,,,,,,,,,,,,,,,,,,,,,,,,,,,,,,,,,,,,,,,,,,,2035.0,False
ME IRP 2024,conventional,IRP23_FULL_ADJ,Sasolburg_coal,Sasol,sasol_coal,,,128.0,-,2035,12.372,1347.0,15.6,,,,,0.65,,,88.3663253697383,1201.48332195677,225082.721274175,0.0,0.0,-26.5036,29.1803,,,,,,,,,,,,,,,,,,,,,,,,,,,,,,,,,,,,,,,,,,,,,,,,,2035.0,False
ME IRP 2024,conventional,IRP23_FULL_ADJ,Sasol_ice,Sasol,sasol_gas,9.7,18.0,174.6,-,2039,9.6,432.0,75,,,,,0.0,,,88.3663253697383,0.0,0.0,0.0,0.0,-26.8102,27.8277,,,,,,,,,,,,,,,,,,,,,,,,,,,,,,,,,,,,,,,,,,,,,,,,,2039.0,False
ME IRP 2024,conventional,IRP23_FULL_ADJ,Sasol_ocgt,Sasol,sasol_gas,50.0,5.0,250.0,-,2039,9.6,432.0,75,,,,,0.0,,,3.73378839590444,0.0,0.0,0.0,0.0,-26.8102,27.8277,,,,,,,,,,,,,,,,,,,,,,,,,,,,,,,,,,,,,,,,,,,,,,,,,2039.0,False
ME IRP 2024,conventional,NZE2050,Arnot*,eskom,coal,350.0,3.0,1050.0,-,2027,12.744,1047.0,45.18,0.345,0.345,0.1725,0.1725,0.65,48.0,48.0,88.3663253697383,1176.01639590444,48745.6446678271,146236.9340034813,0.0,-25.94444,29.79166,,,,,,,,,,,,,,,,,,,,,,,,,,,,,,,,,,,,,,,,,,,,,,,,,2027.0,False
ME IRP 2024,conventional,NZE2050,Arnot**,eskom,coal,350.0,3.0,1050.0,-,2029,12.995,1047.0,45.18,0.345,0.345,0.1725,0.1725,0.65,0.0,0.0,88.3663253697383,1176.01639590444,48745.6446678271,146236.9340034813,0.0,-25.94444,29.79166,,,,,,,,,,,,,,,,,,,,,,,,,,,,,,,,,,,,,,,,,,,,,,,,,2029.0,False
ME IRP 2024,conventional,NZE2050,Camden*,eskom,coal,190.0,3.0,570.0,-,2024,13.584,1116.0,45.18,0.178378378378378,0.178378378378378,0.089189189189189,0.089189189189189,0.0,0.0,0.0,88.3663253697383,1577.42478498294,18773.643629124,56320.930887372,0.0,-26.62007,30.09113,,,,,,,,,,,,,,,,,,,,,,,,,,,,,,,,,,,,,,,,,,,,,,,,,2024.0,False
ME IRP 2024,conventional,NZE2050,Camden**,eskom,coal,182.2,5.0,911.0,-,2025,14.28,1116.0,45.18,0.178378378378378,0.178378378378378,0.089189189189189,0.089189189189189,0.0,0.0,0.0,88.3663253697383,1577.42478498294,18773.643629124,93868.21814561999,0.0,-26.62007,30.09113,,,,,,,,,,,,,,,,,,,,,,,,,,,,,,,,,,,,,,,,,,,,,,,,,2025.0,False
ME IRP 2024,conventional,NZE2050,Duvha*,eskom,coal,575.0,2.0,1150.0,-,2033,12.066,991.0,45.18,0.4,0.4,0.2,0.2,0.65,0.0,0.0,88.3663253697383,1126.42919681456,91694.3754266212,183388.7508532424,0.0,-25.95954,29.34094,,,,,,,,,,,,,,,,,,,,,,,,,,,,,,,,,,,,,,,,,,,,,,,,,2033.0,False
ME IRP 2024,conventional,NZE2050,Duvha**,eskom,coal,575.0,3.0,1725.0,-,2034,12.066,991.0,45.18,0.4,0.4,0.2,0.2,0.65,0.0,0.0,88.3663253697383,1126.42919681456,91694.3754266212,275083.12627986365,0.0,-25.95954,29.34094,,,,,,,,,,,,,,,,,,,,,,,,,,,,,,,,,,,,,,,,,,,,,,,,,2034.0,False
ME IRP 2024,conventional,NZE2050,Grootvlei*,eskom,coal,190.0,2.0,380.0,-,2026,13.79,1133.0,45.18,0.167,0.167,0.0835,0.0835,0.65,0.0,0.0,88.3663253697383,1175.97905802048,23714.1198372924,47428.2396745848,0.0,-26.76955,28.49951,,,,,,,,,,,,,,,,,,,,,,,,,,,,,,,,,,,,,,,,,,,,,,,,,2026.0,False
ME IRP 2024,conventional,NZE2050,Grootvlei**,eskom,coal,190.0,1.0,190.0,-,2027,12.744,1133.0,45.18,0.167,0.167,0.0835,0.0835,0.65,48.0,48.0,88.3663253697383,1175.97905802048,23714.1198372924,23714.1198372924,0.0,-26.76955,28.49951,,,,,,,,,,,,,,,,,,,,,,,,,,,,,,,,,,,,,,,,,,,,,,,,,2027.0,False
ME IRP 2024,conventional,NZE2050,Hendrina*,eskom,coal,190.0,4.0,760.0,-,2024,13.266,1090.0,45.18,0.333,0.333,0.1665,0.1665,0.0,0.0,0.0,88.3663253697383,1175.98403640501,15018.9149032992,60075.6596131968,0.0,-26.03138,29.60138,,,,,,,,,,,,,,,,,,,,,,,,,,,,,,,,,,,,,,,,,,,,,,,,,2024.0,False
ME IRP 2024,conventional,NZE2050,Hendrina**,eskom,coal,169.0,2.0,338.0,-,2025,14.28,1090.0,45.18,0.333,0.333,0.1665,0.1665,0.65,0.0,0.0,88.3663253697383,1175.98403640501,15018.9149032992,30037.8298065984,0.0,-26.62007,30.09113,,,,,,,,,,,,,,,,,,,,,,,,,,,,,,,,,,,,,,,,,,,,,,,,,2025.0,False
ME IRP 2024,conventional,NZE2050,Kelvin,IPP,coal,80.0,2.0,160.0,-,2027,12.372,1375.0,45.18,0.375,0.375,0.1875,0.1875,0.65,,,99.5676905574516,1201.48332195677,225082.721274175,450165.44254835,0.0,-26.115776,28.1138,,,,,,,,,,,,,,,,,,,,,,,,,,,,,,,,,,,,,,,,,,,,,,,,,2027.0,False
ME IRP 2024,conventional,NZE2050,Kendal*,eskom,coal,640.0,3.0,1920.0,-,2040,11.782,1056.0,45.18,0.167,0.167,0.0835,0.0835,0.0,0.0,0.0,88.3663253697383,1118.95788623436,84316.6169931513,252949.85097945388,0.0,-26.08805,28.96888,,,,,,,,,,,,,,,,,,,,,,,,,,,,,,,,,,,,,,,,,,,,,,,,,2040.0,False
ME IRP 2024,conventional,NZE2050,Kendal**,eskom,coal,640.0,3.0,1920.0,-,2044,11.782,1056.0,45.18,0.167,0.167,0.0835,0.0835,0.0,0.0,0.0,88.3663253697383,1118.95788623436,84316.6169931513,252949.85097945388,0.0,-26.08805,28.96888,,,,,,,,,,,,,,,,,,,,,,,,,,,,,,,,,,,,,,,,,,,,,,,,,2044.0,False
ME IRP 2024,conventional,NZE2050,Komati,eskom,coal,114.0,1.0,114.0,-,2022,15.123,1010.0,45.18,0.167,0.167,0.0835,0.0835,0.0,0.0,0.0,88.3663253697383,1115.97458930603,8782.97661497838,8782.97661497838,0.0,-26.09078,29.47446,,,,,,,,,,,,,,,,,,,,,,,,,,,,,,,,,,,,,,,,,,,,,,,,,2022.0,False
ME IRP 2024,conventional,NZE2050,Kriel*,eskom,coal,405.0,3.0,1215.0,-,2028,12.995,1010.0,45.18,0.454736842105263,0.454736842105263,0.2273684210526315,0.2273684210526315,0.65,0.0,0.0,88.3663253697383,1115.97458930603,63237.5146040728,189712.5438122184,0.0,-26.25404,29.18008,,,,,,,,,,,,,,,,,,,,,,,,,,,,,,,,,,,,,,,,,,,,,,,,,2028.0,False
ME IRP 2024,conventional,NZE2050,Kriel**,eskom,coal,475.0,3.0,1425.0,-,2030,12.995,1010.0,45.18,0.454736842105263,0.454736842105263,0.2273684210526315,0.2273684210526315,0.65,0.0,0.0,88.3663253697383,1115.97458930603,63237.5146040728,189712.5438122184,0.0,-26.25404,29.18008,,,,,,,,,,,,,,,,,,,,,,,,,,,,,,,,,,,,,,,,,,,,,,,,,2030.0,False
ME IRP 2024,conventional,NZE2050,Kusile*,eskom,coal,720.0,4.0,2880.0,-,2042,10.305,947.0,45.18,0.6,0.6,0.3,0.3,0.0,0.0,0.0,121.970420932878,1165.56676678043,87058.6696962685,348234.678785074,0.0,-25.92007,28.924942,,,,,,,,,,,,,,,,,,,,,,,,,,,,,,,,,,,,,,,,,,,,,,,,,2042.0,False
ME IRP 2024,conventional,NZE2050,Kusile**,eskom,coal,720.0,1.0,720.0,2023,2048,10.305,947.0,45.18,0.6,0.6,0.3,0.3,0.0,0.0,0.0,121.970420932878,1165.56676678043,87058.6696962685,87058.6696962685,0.0,-25.92007,28.924942,,,,,,,,,,,,,,,,,,,,,,,,,,,,,,,,,,,,,,,,,,,,,,,,2023.0,2048.0,True
ME IRP 2024,conventional,NZE2050,Kusile***,eskom,coal,720.0,1.0,720.0,2024,2049,10.305,947.0,45.18,0.6,0.6,0.3,0.3,0.0,0.0,0.0,121.970420932878,1165.56676678043,87058.6696962685,87058.6696962685,0.0,-25.92007,28.924942,,,,,,,,,,,,,,,,,,,,,,,,,,,,,,,,,,,,,,,,,,,,,,,,2024.0,2049.0,False
ME IRP 2024,conventional,NZE2050,Lethabo*,eskom,coal,593.0,3.0,1779.0,-,2038,11.003,986.0,45.18,0.596964586846543,0.596964586846543,0.2984822934232715,0.2984822934232715,0.65,0.0,0.0,88.3663253697383,1115.97458930603,77729.5919647099,233188.7758941297,0.0,-26.74027,27.975,,,,,,,,,,,,,,,,,,,,,,,,,,,,,,,,,,,,,,,,,,,,,,,,,2038.0,False
ME IRP 2024,conventional,NZE2050,Lethabo**,eskom,coal,593.0,3.0,1779.0,-,2040,11.519,986.0,45.18,0.596964586846543,0.596964586846543,0.2984822934232715,0.2984822934232715,0.0,0.0,0.0,88.3663253697383,1115.97458930603,77729.5919647099,233188.7758941297,0.0,-26.74027,27.975,,,,,,,,,,,,,,,,,,,,,,,,,,,,,,,,,,,,,,,,,,,,,,,,,2040.0,False
ME IRP 2024,conventional,NZE2050,Majuba*,eskom,coal,606.0,3.0,1818.0,-,2042,11.782,1056.0,45.18,0.167,0.166939443535188,0.0835,0.083469721767594,0.0,0.0,0.0,88.3663253697383,1115.97458930603,160728.803902389,482186.41170716693,0.0,-27.09555,29.77055,,,,,,,,,,,,,,,,,,,,,,,,,,,,,,,,,,,,,,,,,,,,,,,,,2042.0,False
ME IRP 2024,conventional,NZE2050,Majuba**,eskom,coal,663.0,3.0,1989.0,-,2048,11.032,988.0,45.18,0.167,0.170149253731343,0.0835,0.0850746268656715,0.0,0.0,0.0,88.3663253697383,1115.97458930603,176538.078918999,529614.236756997,0.0,-27.09555,29.77055,,,,,,,,,,,,,,,,,,,,,,,,,,,,,,,,,,,,,,,,,,,,,,,,,2048.0,False
ME IRP 2024,conventional,NZE2050,Matimba*,eskom,coal,615.0,3.0,1845.0,-,2039,11.682,1047.0,45.18,0.286,0.286,0.143,0.143,0.0,0.0,0.0,88.3663253697383,1118.98402275313,81681.8069817747,245045.42094532412,0.0,-23.66777,27.61277,,,,,,,,,,,,,,,,,,,,,,,,,,,,,,,,,,,,,,,,,,,,,,,,,2039.0,False
ME IRP 2024,conventional,NZE2050,Matimba**,eskom,coal,615.0,3.0,1845.0,-,2042,11.519,1057.0,45.18,0.286,0.286,0.143,0.143,0.0,0.0,0.0,88.3663253697383,1118.98402275313,81681.8069817747,245045.42094532412,0.0,-23.66777,27.61277,,,,,,,,,,,,,,,,,,,,,,,,,,,,,,,,,,,,,,,,,,,,,,,,,2042.0,False
ME IRP 2024,conventional,NZE2050,Matla*,eskom,coal,575.0,3.0,1725.0,-,2030,12.066,991.0,45.18,0.250434782608696,0.250434782608696,0.125217391304348,0.125217391304348,0.65,0.0,0.0,88.3663253697383,1115.97458930603,76411.9795221843,229235.93856655288,0.0,-26.28036,29.14229,,,,,,,,,,,,,,,,,,,,,,,,,,,,,,,,,,,,,,,,,,,,,,,,,2030.0,False
ME IRP 2024,conventional,NZE2050,Matla**,eskom,coal,575.0,3.0,1725.0,-,2032,12.066,991.0,45.18,0.250434782608696,0.250434782608696,0.125217391304348,0.125217391304348,0.65,0.0,0.0,88.3663253697383,1115.97458930603,76411.9795221843,229235.93856655288,0.0,-26.28036,29.14229,,,,,,,,,,,,,,,,,,,,,,,,,,,,,,,,,,,,,,,,,,,,,,,,,2032.0,False
ME IRP 2024,conventional,NZE2050,Medupi*,eskom,coal,720.0,5.0,3600.0,-,2047,10.305,930.0,45.18,0.597510373443983,0.597510373443983,0.2987551867219915,0.2987551867219915,0.0,0.0,0.0,121.970420932878,1201.47709897611,87058.6696962685,435293.3484813425,0.0,-23.42,27.33,,,,,,,,,,,,,,,,,,,,,,,,,,,,,,,,,,,,,,,,,,,,,,,,,2047.0,False
ME IRP 2024,conventional,NZE2050,Medupi**,eskom,coal,717.0,1.0,717.0,-,2049,10.305,930.0,45.18,0.597510373443983,0.597510373443983,0.2987551867219915,0.2987551867219915,0.0,0.0,0.0,121.970420932878,1201.47709897611,87058.6696962685,87058.6696962685,0.0,-23.42,27.33,,,,,,,,,,,,,,,,,,,,,,,,,,,,,,,,,,,,,,,,,,,,,,,,,2049.0,False
ME IRP 2024,conventional,NZE2050,Tutuka*,eskom,coal,585.0,3.0,1755.0,-,2030,10.495,981.0,45.18,0.333,0.333,0.1665,0.1665,0.65,0.0,0.0,88.3663253697383,1115.97458930603,76411.9795221843,229235.93856655288,0.0,-26.77565,29.35212,,,,,,,,,,,,,,,,,,,,,,,,,,,,,,,,,,,,,,,,,,,,,,,,,2030.0,False
ME IRP 2024,conventional,NZE2050,Tutuka**,eskom,coal,585.0,3.0,1755.0,-,2031,10.495,981.0,45.18,0.333,0.333,0.1665,0.1665,0.65,0.0,0.0,88.3663253697383,1115.97458930603,76411.9795221843,229235.93856655288,0.0,-26.77565,29.35212,,,,,,,,,,,,,,,,,,,,,,,,,,,,,,,,,,,,,,,,,,,,,,,,,2031.0,False
ME IRP 2024,conventional,NZE2050,Koeberg,eskom,nuclear,927.0,2.0,1854.0,-,2047,11.111,0.0,18,0.1,0.1,0.05,0.05,0.0,,,56.0068259385666,1477.33560864619,0.0,0.0,0.0,-33.67359354,18.428247,,,,,,,,,,,,,,,,,,,,,,,,,,,,,,,,,,,,,,,,,,,,,,,,,2047.0,False
ME IRP 2024,conventional,NZE2050,Ankerlig,eskom,ocgt_diesel,148.0,9.0,1332.0,-,2039,11.519,574.0,373,,,,,0.0,,,3.73378839590444,243.940841865757,0.0,0.0,0.0,-33.592,18.4607,,,,,,,,,,,,,,,,,,,,,,,,,,,,,,,,,,,,,,,,,,,,,,,,,2039.0,False
ME IRP 2024,conventional,NZE2050,Gourikwa,eskom,ocgt_diesel,148.0,5.0,740.0,-,2038,11.519,574.0,373,,,,,0.0,,,3.73378839590444,243.940841865757,0.0,0.0,0.0,-34.16526,21.96077,,,,,,,,,,,,,,,,,,,,,,,,,,,,,,,,,,,,,,,,,,,,,,,,,2038.0,False
ME IRP 2024,conventional,NZE2050,Acacia,eskom,ocgt_avf,57.0,3.0,171.0,-,2026,11.519,574.0,373,,,,,0.0,,,3.73378839590444,243.940841865757,0.0,0.0,0.0,-33.88408,18.53361,,,,,,,,,,,,,,,,,,,,,,,,,,,,,,,,,,,,,,,,,,,,,,,,,2026.0,False
ME IRP 2024,conventional,NZE2050,PortRex,eskom,ocgt_avf,57.0,3.0,171.0,-,2026,11.519,574.0,373,,,,,0.0,,,3.73378839590444,243.940841865757,0.0,0.0,0.0,-33.02739,27.88382,,,,,,,,,,,,,,,,,,,,,,,,,,,,,,,,,,,,,,,,,,,,,,,,,2026.0,False
ME IRP 2024,conventional,NZE2050,Gariep,eskom,hydro,90.0,4.0,360.0,-,beyond 2050,-,0.0,-,,,,,0.0,,,435.608646188851,0.0,0.0,0.0,0.0,-30.62396,25.50403,,,,,,,,,,,,,,,,,,,,,,,,,,,,,,,,,,,,,,,,,,,,,,,,,2050.0,False
ME IRP 2024,conventional,NZE2050,Vanderkloof,eskom,hydro,120.0,2.0,240.0,-,beyond 2050,-,0.0,-,,,,,0.0,,,435.608646188851,0.0,0.0,0.0,0.0,-29.99337,24.73384,,,,,,,,,,,,,,,,,,,,,,,,,,,,,,,,,,,,,,,,,,,,,,,,,2050.0,False
ME IRP 2024,conventional,NZE2050,AcwaDao,RMIPPP,rmippp,150.0,1.0,150.0,2025,2045,9.16,,-,,,,,0.0,,,,0.0,0.0,0.0,0.0,-28.8891461968036,21.9800586392359,,,,,,,,,,,,,,,,,,,,,,,,,,,,,,,,,,,,,,,,,,,,,,,,2025.0,2045.0,False
ME IRP 2024,conventional,ignore,CoegaKarpowership,RMIPPP,rmippp,450.0,1.0,450.0,2025,2045,9.16,,-,,,,,0.0,,,1800.0,0.0,0.0,0.0,0.0,-33.9664352171112,25.6145647032336,,,,,,,,,,,,,,,,,,,,,,,,,,,,,,,,,,,,,,,,,,,,,,,,2025.0,2045.0,False
ME IRP 2024,conventional,ignore,MuliloTotalCoega,RMIPPP,rmippp,197.76,1.0,197.76,2025,2045,9.16,,-,,,,,0.0,,,1800.0,0.0,0.0,0.0,0.0,-33.9664352171112,25.6145647032336,,,,,,,,,,,,,,,,,,,,,,,,,,,,,,,,,,,,,,,,,,,,,,,,2025.0,2045.0,False
ME IRP 2024,conventional,NZE2050,MuliloTotalHydra,RMIPPP,rmippp,75.0,1.0,75.0,2025,2045,9.16,,-,,,,,0.0,,,1800.0,0.0,0.0,0.0,0.0,-30.67566,24.06759,,,,,,,,,,,,,,,,,,,,,,,,,,,,,,,,,,,,,,,,,,,,,,,,2025.0,2045.0,False
ME IRP 2024,conventional,NZE2050,Oya,RMIPPP,rmippp,128.0,1.0,128.0,2025,2045,9.16,0.0,-,,,,,0.0,,,1800.0,0.0,0.0,0.0,0.0,-32.84891,20.32363,,,,,,,,,,,,,,,,,,,,,,,,,,,,,,,,,,,,,,,,,,,,,,,,2025.0,2045.0,False
ME IRP 2024,conventional,ignore,RichardsBayKarpowership,RMIPPP,rmippp,450.0,1.0,450.0,2025,2045,9.16,,-,,,,,0.0,,,1800.0,0.0,0.0,0.0,0.0,-28.756817081683,32.0482441870341,,,,,,,,,,,,,,,,,,,,,,,,,,,,,,,,,,,,,,,,,,,,,,,,2025.0,2045.0,False
ME IRP 2024,conventional,ignore,SaldanhaKarpowership,RMIPPP,rmippp,320.0,1.0,320.0,2025,2045,9.16,,-,,,,,0.0,,,1800.0,0.0,0.0,0.0,0.0,-33.0329578529603,17.9190929028183,,,,,,,,,,,,,,,,,,,,,,,,,,,,,,,,,,,,,,,,,,,,,,,,2025.0,2045.0,False
ME IRP 2024,conventional,NZE2050,Scatec1,RMIPPP,rmippp,50.0,1.0,50.0,2024,2045,9.16,,-,,,,,0.0,,,1800.0,0.0,0.0,0.0,0.0,-29.4112838805742,21.0847327324929,,,,,,,,,,,,,,,,,,,,,,,,,,,,,,,,,,,,,,,,,,,,,,,,2024.0,2045.0,False
ME IRP 2024,conventional,NZE2050,Scatec2,RMIPPP,rmippp,50.0,1.0,50.0,2024,2045,9.16,,-,,,,,0.0,,,1800.0,0.0,0.0,0.0,0.0,-29.4112838805742,21.0847327324929,,,,,,,,,,,,,,,,,,,,,,,,,,,,,,,,,,,,,,,,,,,,,,,,2024.0,2045.0,False
ME IRP 2024,conventional,NZE2050,Scatec3,RMIPPP,rmippp,50.0,1.0,50.0,2024,2045,9.16,,-,,,,,0.0,,,1800.0,0.0,0.0,0.0,0.0,-29.4112838805742,21.0847327324929,,,,,,,,,,,,,,,,,,,,,,,,,,,,,,,,,,,,,,,,,,,,,,,,2024.0,2045.0,False
ME IRP 2024,conventional,NZE2050,Umoyilanga,RMIPPP,rmippp,75.0,1.0,75.0,2025,2045,9.16,,-,,,,,0.0,,,1800.0,0.0,0.0,0.0,0.0,-28.4519839474036,21.2331531845134,,,,,,,,,,,,,,,,,,,,,,,,,,,,,,,,,,,,,,,,,,,,,,,,2025.0,2045.0,False
ME IRP 2024,conventional,NZE2050,Avon,IPP,ocgt_diesel,167.5,4.0,670.0,-,2046,11.519,574.0,373,,,,,0.0,,,3.73378839590444,210.336746302617,0.0,0.0,0.0,-29.251,31.0941,,,,,,,,,,,,,,,,,,,,,,,,,,,,,,,,,,,,,,,,,,,,,,,,,2046.0,False
ME IRP 2024,conventional,NZE2050,Dedisa,IPP,ocgt_diesel,167.5,2.0,335.0,-,2046,11.519,574.0,373,,,,,0.0,,,3.73378839590444,210.336746302617,0.0,0.0,0.0,-33.4433,25.4022,,,,,,,,,,,,,,,,,,,,,,,,,,,,,,,,,,,,,,,,,,,,,,,,,2046.0,False
ME IRP 2024,conventional,NZE2050,Secunda_coal,Sasol,sasol_coal,42.86,14.0,600.04,-,2035,12.372,1347.0,15.6,,,,,0.65,,,88.3663253697383,1201.48332195677,225082.721274175,3151158.09783845,0.0,-26.5036,29.1803,,,,,,,,,,,,,,,,,,,,,,,,,,,,,,,,,,,,,,,,,,,,,,,,,2035.0,False
ME IRP 2024,conventional,NZE2050,Sasolburg_coal,Sasol,sasol_coal,,,128.0,-,2035,12.372,1347.0,15.6,,,,,0.65,,,88.3663253697383,1201.48332195677,225082.721274175,0.0,0.0,-26.5036,29.1803,,,,,,,,,,,,,,,,,,,,,,,,,,,,,,,,,,,,,,,,,,,,,,,,,2035.0,False
ME IRP 2024,conventional,NZE2050,Sasol_ice,Sasol,sasol_gas,9.7,18.0,174.6,-,2050,9.6,432.0,75,,,,,0.0,,,88.3663253697383,0.0,0.0,0.0,0.0,-26.8102,27.8277,,,,,,,,,,,,,,,,,,,,,,,,,,,,,,,,,,,,,,,,,,,,,,,,,2050.0,False
ME IRP 2024,conventional,NZE2050,Sasol_ocgt,Sasol,sasol_gas,50.0,5.0,250.0,-,2050,9.6,432.0,75,,,,,0.0,,,3.73378839590444,0.0,0.0,0.0,0.0,-26.8102,27.8277,,,,,,,,,,,,,,,,,,,,,,,,,,,,,,,,,,,,,,,,,,,,,,,,,2050.0,False
ME IRP 2024,conventional,C2040_NZE2050,Arnot*,eskom,coal,350.0,3.0,1050.0,-,2027,12.744,1047.0,45.18,0.345,0.345,0.1725,0.1725,0.65,48.0,48.0,88.3663253697383,1176.01639590444,48745.6446678271,146236.9340034813,0.0,-25.94444,29.79166,,,,,,,,,,,,,,,,,,,,,,,,,,,,,,,,,,,,,,,,,,,,,,,,,2027.0,False
ME IRP 2024,conventional,C2040_NZE2050,Arnot**,eskom,coal,350.0,3.0,1050.0,-,2029,12.995,1047.0,45.18,0.345,0.345,0.1725,0.1725,0.65,0.0,0.0,88.3663253697383,1176.01639590444,48745.6446678271,146236.9340034813,0.0,-25.94444,29.79166,,,,,,,,,,,,,,,,,,,,,,,,,,,,,,,,,,,,,,,,,,,,,,,,,2029.0,False
ME IRP 2024,conventional,C2040_NZE2050,Camden*,eskom,coal,190.0,3.0,570.0,-,2024,13.584,1116.0,45.18,0.178378378378378,0.178378378378378,0.089189189189189,0.089189189189189,0.0,0.0,0.0,88.3663253697383,1577.42478498294,18773.643629124,56320.930887372,0.0,-26.62007,30.09113,,,,,,,,,,,,,,,,,,,,,,,,,,,,,,,,,,,,,,,,,,,,,,,,,2024.0,False
ME IRP 2024,conventional,C2040_NZE2050,Camden**,eskom,coal,182.2,5.0,911.0,-,2025,14.28,1116.0,45.18,0.178378378378378,0.178378378378378,0.089189189189189,0.089189189189189,0.0,0.0,0.0,88.3663253697383,1577.42478498294,18773.643629124,93868.21814561999,0.0,-26.62007,30.09113,,,,,,,,,,,,,,,,,,,,,,,,,,,,,,,,,,,,,,,,,,,,,,,,,2025.0,False
ME IRP 2024,conventional,C2040_NZE2050,Duvha*,eskom,coal,575.0,2.0,1150.0,-,2033,12.066,991.0,45.18,0.4,0.4,0.2,0.2,0.65,0.0,0.0,88.3663253697383,1126.42919681456,91694.3754266212,183388.7508532424,0.0,-25.95954,29.34094,,,,,,,,,,,,,,,,,,,,,,,,,,,,,,,,,,,,,,,,,,,,,,,,,2033.0,False
ME IRP 2024,conventional,C2040_NZE2050,Duvha**,eskom,coal,575.0,3.0,1725.0,-,2034,12.066,991.0,45.18,0.4,0.4,0.2,0.2,0.65,0.0,0.0,88.3663253697383,1126.42919681456,91694.3754266212,275083.12627986365,0.0,-25.95954,29.34094,,,,,,,,,,,,,,,,,,,,,,,,,,,,,,,,,,,,,,,,,,,,,,,,,2034.0,False
ME IRP 2024,conventional,C2040_NZE2050,Grootvlei*,eskom,coal,190.0,2.0,380.0,-,2026,13.79,1133.0,45.18,0.167,0.167,0.0835,0.0835,0.65,0.0,0.0,88.3663253697383,1175.97905802048,23714.1198372924,47428.2396745848,0.0,-26.76955,28.49951,,,,,,,,,,,,,,,,,,,,,,,,,,,,,,,,,,,,,,,,,,,,,,,,,2026.0,False
ME IRP 2024,conventional,C2040_NZE2050,Grootvlei**,eskom,coal,190.0,1.0,190.0,-,2027,12.744,1133.0,45.18,0.167,0.167,0.0835,0.0835,0.65,48.0,48.0,88.3663253697383,1175.97905802048,23714.1198372924,23714.1198372924,0.0,-26.76955,28.49951,,,,,,,,,,,,,,,,,,,,,,,,,,,,,,,,,,,,,,,,,,,,,,,,,2027.0,False
ME IRP 2024,conventional,C2040_NZE2050,Hendrina*,eskom,coal,190.0,4.0,760.0,-,2024,13.266,1090.0,45.18,0.333,0.333,0.1665,0.1665,0.0,0.0,0.0,88.3663253697383,1175.98403640501,15018.9149032992,60075.6596131968,0.0,-26.03138,29.60138,,,,,,,,,,,,,,,,,,,,,,,,,,,,,,,,,,,,,,,,,,,,,,,,,2024.0,False
ME IRP 2024,conventional,C2040_NZE2050,Hendrina**,eskom,coal,169.0,2.0,338.0,-,2025,14.28,1090.0,45.18,0.333,0.333,0.1665,0.1665,0.65,0.0,0.0,88.3663253697383,1175.98403640501,15018.9149032992,30037.8298065984,0.0,-26.62007,30.09113,,,,,,,,,,,,,,,,,,,,,,,,,,,,,,,,,,,,,,,,,,,,,,,,,2025.0,False
ME IRP 2024,conventional,C2040_NZE2050,Kelvin,IPP,coal,80.0,2.0,160.0,-,2027,12.372,1375.0,45.18,0.375,0.375,0.1875,0.1875,0.65,,,99.5676905574516,1201.48332195677,225082.721274175,450165.44254835,0.0,-26.115776,28.1138,,,,,,,,,,,,,,,,,,,,,,,,,,,,,,,,,,,,,,,,,,,,,,,,,2027.0,False
ME IRP 2024,conventional,C2040_NZE2050,Kendal*,eskom,coal,640.0,3.0,1920.0,-,2037,11.782,1056.0,45.18,0.167,0.167,0.0835,0.0835,0.0,0.0,0.0,88.3663253697383,1118.95788623436,84316.6169931513,252949.85097945388,0.0,-26.08805,28.96888,,,,,,,,,,,,,,,,,,,,,,,,,,,,,,,,,,,,,,,,,,,,,,,,,2037.0,False
ME IRP 2024,conventional,C2040_NZE2050,Kendal**,eskom,coal,640.0,3.0,1920.0,-,2040,11.782,1056.0,45.18,0.167,0.167,0.0835,0.0835,0.0,0.0,0.0,88.3663253697383,1118.95788623436,84316.6169931513,252949.85097945388,0.0,-26.08805,28.96888,,,,,,,,,,,,,,,,,,,,,,,,,,,,,,,,,,,,,,,,,,,,,,,,,2040.0,False
ME IRP 2024,conventional,C2040_NZE2050,Komati,eskom,coal,114.0,1.0,114.0,-,2022,15.123,1010.0,45.18,0.167,0.167,0.0835,0.0835,0.0,0.0,0.0,88.3663253697383,1115.97458930603,8782.97661497838,8782.97661497838,0.0,-26.09078,29.47446,,,,,,,,,,,,,,,,,,,,,,,,,,,,,,,,,,,,,,,,,,,,,,,,,2022.0,False
ME IRP 2024,conventional,C2040_NZE2050,Kriel*,eskom,coal,405.0,3.0,1215.0,-,2028,12.995,1010.0,45.18,0.454736842105263,0.454736842105263,0.2273684210526315,0.2273684210526315,0.65,0.0,0.0,88.3663253697383,1115.97458930603,63237.5146040728,189712.5438122184,0.0,-26.25404,29.18008,,,,,,,,,,,,,,,,,,,,,,,,,,,,,,,,,,,,,,,,,,,,,,,,,2028.0,False
ME IRP 2024,conventional,C2040_NZE2050,Kriel**,eskom,coal,475.0,3.0,1425.0,-,2030,12.995,1010.0,45.18,0.454736842105263,0.454736842105263,0.2273684210526315,0.2273684210526315,0.65,0.0,0.0,88.3663253697383,1115.97458930603,63237.5146040728,189712.5438122184,0.0,-26.25404,29.18008,,,,,,,,,,,,,,,,,,,,,,,,,,,,,,,,,,,,,,,,,,,,,,,,,2030.0,False
ME IRP 2024,conventional,C2040_NZE2050,Kusile*,eskom,coal,720.0,4.0,2880.0,-,2038,10.305,947.0,45.18,0.6,0.6,0.3,0.3,0.0,0.0,0.0,121.970420932878,1165.56676678043,87058.6696962685,348234.678785074,0.0,-25.92007,28.924942,,,,,,,,,,,,,,,,,,,,,,,,,,,,,,,,,,,,,,,,,,,,,,,,,2038.0,False
ME IRP 2024,conventional,C2040_NZE2050,Kusile**,eskom,coal,720.0,1.0,720.0,2023,2039,10.305,947.0,45.18,0.6,0.6,0.3,0.3,0.0,0.0,0.0,121.970420932878,1165.56676678043,87058.6696962685,87058.6696962685,0.0,-25.92007,28.924942,,,,,,,,,,,,,,,,,,,,,,,,,,,,,,,,,,,,,,,,,,,,,,,,2023.0,2039.0,True
ME IRP 2024,conventional,C2040_NZE2050,Kusile***,eskom,coal,720.0,1.0,720.0,2024,2040,10.305,947.0,45.18,0.6,0.6,0.3,0.3,0.0,0.0,0.0,121.970420932878,1165.56676678043,87058.6696962685,87058.6696962685,0.0,-25.92007,28.924942,,,,,,,,,,,,,,,,,,,,,,,,,,,,,,,,,,,,,,,,,,,,,,,,2024.0,2040.0,False
ME IRP 2024,conventional,C2040_NZE2050,Lethabo*,eskom,coal,593.0,3.0,1779.0,-,2038,11.003,986.0,45.18,0.596964586846543,0.596964586846543,0.2984822934232715,0.2984822934232715,0.65,0.0,0.0,88.3663253697383,1115.97458930603,77729.5919647099,233188.7758941297,0.0,-26.74027,27.975,,,,,,,,,,,,,,,,,,,,,,,,,,,,,,,,,,,,,,,,,,,,,,,,,2038.0,False
ME IRP 2024,conventional,C2040_NZE2050,Lethabo**,eskom,coal,593.0,3.0,1779.0,-,2040,11.519,986.0,45.18,0.596964586846543,0.596964586846543,0.2984822934232715,0.2984822934232715,0.0,0.0,0.0,88.3663253697383,1115.97458930603,77729.5919647099,233188.7758941297,0.0,-26.74027,27.975,,,,,,,,,,,,,,,,,,,,,,,,,,,,,,,,,,,,,,,,,,,,,,,,,2040.0,False
ME IRP 2024,conventional,C2040_NZE2050,Majuba*,eskom,coal,606.0,3.0,1818.0,-,2038,11.782,1056.0,45.18,0.167,0.166939443535188,0.0835,0.083469721767594,0.0,0.0,0.0,88.3663253697383,1115.97458930603,160728.803902389,482186.41170716693,0.0,-27.09555,29.77055,,,,,,,,,,,,,,,,,,,,,,,,,,,,,,,,,,,,,,,,,,,,,,,,,2038.0,False
ME IRP 2024,conventional,C2040_NZE2050,Majuba**,eskom,coal,663.0,3.0,1989.0,-,2040,11.032,988.0,45.18,0.167,0.170149253731343,0.0835,0.0850746268656715,0.0,0.0,0.0,88.3663253697383,1115.97458930603,176538.078918999,529614.236756997,0.0,-27.09555,29.77055,,,,,,,,,,,,,,,,,,,,,,,,,,,,,,,,,,,,,,,,,,,,,,,,,2040.0,False
ME IRP 2024,conventional,C2040_NZE2050,Matimba*,eskom,coal,615.0,3.0,1845.0,-,2037,11.682,1047.0,45.18,0.286,0.286,0.143,0.143,0.0,0.0,0.0,88.3663253697383,1118.98402275313,81681.8069817747,245045.42094532412,0.0,-23.66777,27.61277,,,,,,,,,,,,,,,,,,,,,,,,,,,,,,,,,,,,,,,,,,,,,,,,,2037.0,False
ME IRP 2024,conventional,C2040_NZE2050,Matimba**,eskom,coal,615.0,3.0,1845.0,-,2040,11.519,1057.0,45.18,0.286,0.286,0.143,0.143,0.0,0.0,0.0,88.3663253697383,1118.98402275313,81681.8069817747,245045.42094532412,0.0,-23.66777,27.61277,,,,,,,,,,,,,,,,,,,,,,,,,,,,,,,,,,,,,,,,,,,,,,,,,2040.0,False
ME IRP 2024,conventional,C2040_NZE2050,Matla*,eskom,coal,575.0,3.0,1725.0,-,2030,12.066,991.0,45.18,0.250434782608696,0.250434782608696,0.125217391304348,0.125217391304348,0.65,0.0,0.0,88.3663253697383,1115.97458930603,76411.9795221843,229235.93856655288,0.0,-26.28036,29.14229,,,,,,,,,,,,,,,,,,,,,,,,,,,,,,,,,,,,,,,,,,,,,,,,,2030.0,False
ME IRP 2024,conventional,C2040_NZE2050,Matla**,eskom,coal,575.0,3.0,1725.0,-,2032,12.066,991.0,45.18,0.250434782608696,0.250434782608696,0.125217391304348,0.125217391304348,0.65,0.0,0.0,88.3663253697383,1115.97458930603,76411.9795221843,229235.93856655288,0.0,-26.28036,29.14229,,,,,,,,,,,,,,,,,,,,,,,,,,,,,,,,,,,,,,,,,,,,,,,,,2032.0,False
ME IRP 2024,conventional,C2040_NZE2050,Medupi*,eskom,coal,720.0,5.0,3600.0,-,2037,10.305,930.0,45.18,0.597510373443983,0.597510373443983,0.2987551867219915,0.2987551867219915,0.0,0.0,0.0,121.970420932878,1201.47709897611,87058.6696962685,435293.3484813425,0.0,-23.42,27.33,,,,,,,,,,,,,,,,,,,,,,,,,,,,,,,,,,,,,,,,,,,,,,,,,2037.0,False
ME IRP 2024,conventional,C2040_NZE2050,Medupi**,eskom,coal,717.0,1.0,717.0,-,2040,10.305,930.0,45.18,0.597510373443983,0.597510373443983,0.2987551867219915,0.2987551867219915,0.0,0.0,0.0,121.970420932878,1201.47709897611,87058.6696962685,87058.6696962685,0.0,-23.42,27.33,,,,,,,,,,,,,,,,,,,,,,,,,,,,,,,,,,,,,,,,,,,,,,,,,2040.0,False
ME IRP 2024,conventional,C2040_NZE2050,Tutuka*,eskom,coal,585.0,3.0,1755.0,-,2030,10.495,981.0,45.18,0.333,0.333,0.1665,0.1665,0.65,0.0,0.0,88.3663253697383,1115.97458930603,76411.9795221843,229235.93856655288,0.0,-26.77565,29.35212,,,,,,,,,,,,,,,,,,,,,,,,,,,,,,,,,,,,,,,,,,,,,,,,,2030.0,False
ME IRP 2024,conventional,C2040_NZE2050,Tutuka**,eskom,coal,585.0,3.0,1755.0,-,2031,10.495,981.0,45.18,0.333,0.333,0.1665,0.1665,0.65,0.0,0.0,88.3663253697383,1115.97458930603,76411.9795221843,229235.93856655288,0.0,-26.77565,29.35212,,,,,,,,,,,,,,,,,,,,,,,,,,,,,,,,,,,,,,,,,,,,,,,,,2031.0,False
ME IRP 2024,conventional,C2040_NZE2050,Koeberg,eskom,nuclear,927.0,2.0,1854.0,-,2047,11.111,0.0,18,0.1,0.1,0.05,0.05,0.0,,,56.0068259385666,1477.33560864619,0.0,0.0,0.0,-33.67359354,18.428247,,,,,,,,,,,,,,,,,,,,,,,,,,,,,,,,,,,,,,,,,,,,,,,,,2047.0,False
ME IRP 2024,conventional,C2040_NZE2050,Ankerlig,eskom,ocgt_diesel,148.0,9.0,1332.0,-,2039,11.519,574.0,373,,,,,0.0,,,3.73378839590444,243.940841865757,0.0,0.0,0.0,-33.592,18.4607,,,,,,,,,,,,,,,,,,,,,,,,,,,,,,,,,,,,,,,,,,,,,,,,,2039.0,False
ME IRP 2024,conventional,C2040_NZE2050,Gourikwa,eskom,ocgt_diesel,148.0,5.0,740.0,-,2038,11.519,574.0,373,,,,,0.0,,,3.73378839590444,243.940841865757,0.0,0.0,0.0,-34.16526,21.96077,,,,,,,,,,,,,,,,,,,,,,,,,,,,,,,,,,,,,,,,,,,,,,,,,2038.0,False
ME IRP 2024,conventional,C2040_NZE2050,Acacia,eskom,ocgt_avf,57.0,3.0,171.0,-,2026,11.519,574.0,373,,,,,0.0,,,3.73378839590444,243.940841865757,0.0,0.0,0.0,-33.88408,18.53361,,,,,,,,,,,,,,,,,,,,,,,,,,,,,,,,,,,,,,,,,,,,,,,,,2026.0,False
ME IRP 2024,conventional,C2040_NZE2050,PortRex,eskom,ocgt_avf,57.0,3.0,171.0,-,2026,11.519,574.0,373,,,,,0.0,,,3.73378839590444,243.940841865757,0.0,0.0,0.0,-33.02739,27.88382,,,,,,,,,,,,,,,,,,,,,,,,,,,,,,,,,,,,,,,,,,,,,,,,,2026.0,False
ME IRP 2024,conventional,C2040_NZE2050,Gariep,eskom,hydro,90.0,4.0,360.0,-,beyond 2050,-,0.0,-,,,,,0.0,,,435.608646188851,0.0,0.0,0.0,0.0,-30.62396,25.50403,,,,,,,,,,,,,,,,,,,,,,,,,,,,,,,,,,,,,,,,,,,,,,,,,2050.0,False
ME IRP 2024,conventional,C2040_NZE2050,Vanderkloof,eskom,hydro,120.0,2.0,240.0,-,beyond 2050,-,0.0,-,,,,,0.0,,,435.608646188851,0.0,0.0,0.0,0.0,-29.99337,24.73384,,,,,,,,,,,,,,,,,,,,,,,,,,,,,,,,,,,,,,,,,,,,,,,,,2050.0,False
ME IRP 2024,conventional,C2040_NZE2050,AcwaDao,RMIPPP,rmippp,150.0,1.0,150.0,2025,2045,9.16,,-,,,,,0.0,,,,0.0,0.0,0.0,0.0,-28.8891461968036,21.9800586392359,,,,,,,,,,,,,,,,,,,,,,,,,,,,,,,,,,,,,,,,,,,,,,,,2025.0,2045.0,False
ME IRP 2024,conventional,ignore,CoegaKarpowership,RMIPPP,rmippp,450.0,1.0,450.0,2025,2045,9.16,,-,,,,,0.0,,,1800.0,0.0,0.0,0.0,0.0,-33.9664352171112,25.6145647032336,,,,,,,,,,,,,,,,,,,,,,,,,,,,,,,,,,,,,,,,,,,,,,,,2025.0,2045.0,False
ME IRP 2024,conventional,ignore,MuliloTotalCoega,RMIPPP,rmippp,197.76,1.0,197.76,2025,2045,9.16,,-,,,,,0.0,,,1800.0,0.0,0.0,0.0,0.0,-33.9664352171112,25.6145647032336,,,,,,,,,,,,,,,,,,,,,,,,,,,,,,,,,,,,,,,,,,,,,,,,2025.0,2045.0,False
ME IRP 2024,conventional,C2040_NZE2050,MuliloTotalHydra,RMIPPP,rmippp,75.0,1.0,75.0,2025,2045,9.16,,-,,,,,0.0,,,1800.0,0.0,0.0,0.0,0.0,-30.67566,24.06759,,,,,,,,,,,,,,,,,,,,,,,,,,,,,,,,,,,,,,,,,,,,,,,,2025.0,2045.0,False
ME IRP 2024,conventional,C2040_NZE2050,Oya,RMIPPP,rmippp,128.0,1.0,128.0,2025,2045,9.16,0.0,-,,,,,0.0,,,1800.0,0.0,0.0,0.0,0.0,-32.84891,20.32363,,,,,,,,,,,,,,,,,,,,,,,,,,,,,,,,,,,,,,,,,,,,,,,,2025.0,2045.0,False
ME IRP 2024,conventional,ignore,RichardsBayKarpowership,RMIPPP,rmippp,450.0,1.0,450.0,2025,2045,9.16,,-,,,,,0.0,,,1800.0,0.0,0.0,0.0,0.0,-28.756817081683,32.0482441870341,,,,,,,,,,,,,,,,,,,,,,,,,,,,,,,,,,,,,,,,,,,,,,,,2025.0,2045.0,False
ME IRP 2024,conventional,ignore,SaldanhaKarpowership,RMIPPP,rmippp,320.0,1.0,320.0,2025,2045,9.16,,-,,,,,0.0,,,1800.0,0.0,0.0,0.0,0.0,-33.0329578529603,17.9190929028183,,,,,,,,,,,,,,,,,,,,,,,,,,,,,,,,,,,,,,,,,,,,,,,,2025.0,2045.0,False
ME IRP 2024,conventional,C2040_NZE2050,Scatec1,RMIPPP,rmippp,50.0,1.0,50.0,2024,2045,9.16,,-,,,,,0.0,,,1800.0,0.0,0.0,0.0,0.0,-29.4112838805742,21.0847327324929,,,,,,,,,,,,,,,,,,,,,,,,,,,,,,,,,,,,,,,,,,,,,,,,2024.0,2045.0,False
ME IRP 2024,conventional,C2040_NZE2050,Scatec2,RMIPPP,rmippp,50.0,1.0,50.0,2024,2045,9.16,,-,,,,,0.0,,,1800.0,0.0,0.0,0.0,0.0,-29.4112838805742,21.0847327324929,,,,,,,,,,,,,,,,,,,,,,,,,,,,,,,,,,,,,,,,,,,,,,,,2024.0,2045.0,False
ME IRP 2024,conventional,C2040_NZE2050,Scatec3,RMIPPP,rmippp,50.0,1.0,50.0,2024,2045,9.16,,-,,,,,0.0,,,1800.0,0.0,0.0,0.0,0.0,-29.4112838805742,21.0847327324929,,,,,,,,,,,,,,,,,,,,,,,,,,,,,,,,,,,,,,,,,,,,,,,,2024.0,2045.0,False
ME IRP 2024,conventional,C2040_NZE2050,Umoyilanga,RMIPPP,rmippp,75.0,1.0,75.0,2025,2045,9.16,,-,,,,,0.0,,,1800.0,0.0,0.0,0.0,0.0,-28.4519839474036,21.2331531845134,,,,,,,,,,,,,,,,,,,,,,,,,,,,,,,,,,,,,,,,,,,,,,,,2025.0,2045.0,False
ME IRP 2024,conventional,C2040_NZE2050,Avon,IPP,ocgt_diesel,167.5,4.0,670.0,-,2046,11.519,574.0,373,,,,,0.0,,,3.73378839590444,210.336746302617,0.0,0.0,0.0,-29.251,31.0941,,,,,,,,,,,,,,,,,,,,,,,,,,,,,,,,,,,,,,,,,,,,,,,,,2046.0,False
ME IRP 2024,conventional,C2040_NZE2050,Dedisa,IPP,ocgt_diesel,167.5,2.0,335.0,-,2046,11.519,574.0,373,,,,,0.0,,,3.73378839590444,210.336746302617,0.0,0.0,0.0,-33.4433,25.4022,,,,,,,,,,,,,,,,,,,,,,,,,,,,,,,,,,,,,,,,,,,,,,,,,2046.0,False
ME IRP 2024,conventional,C2040_NZE2050,Secunda_coal,Sasol,sasol_coal,42.86,14.0,600.04,-,2035,12.372,1347.0,15.6,,,,,0.65,,,88.3663253697383,1201.48332195677,225082.721274175,3151158.09783845,0.0,-26.5036,29.1803,,,,,,,,,,,,,,,,,,,,,,,,,,,,,,,,,,,,,,,,,,,,,,,,,2035.0,False
ME IRP 2024,conventional,C2040_NZE2050,Sasolburg_coal,Sasol,sasol_coal,,,128.0,-,2035,12.372,1347.0,15.6,,,,,0.65,,,88.3663253697383,1201.48332195677,225082.721274175,0.0,0.0,-26.5036,29.1803,,,,,,,,,,,,,,,,,,,,,,,,,,,,,,,,,,,,,,,,,,,,,,,,,2035.0,False
ME IRP 2024,conventional,C2040_NZE2050,Sasol_ice,Sasol,sasol_gas,9.7,18.0,174.6,-,2050,9.6,432.0,75,,,,,0.0,,,88.3663253697383,0.0,0.0,0.0,0.0,-26.8102,27.8277,,,,,,,,,,,,,,,,,,,,,,,,,,,,,,,,,,,,,,,,,,,,,,,,,2050.0,False
ME IRP 2024,conventional,C2040_NZE2050,Sasol_ocgt,Sasol,sasol_gas,50.0,5.0,250.0,-,2050,9.6,432.0,75,,,,,0.0,,,3.73378839590444,0.0,0.0,0.0,0.0,-26.8102,27.8277,,,,,,,,,,,,,,,,,,,,,,,,,,,,,,,,,,,,,,,,,,,,,,,,,2050.0,False
ME IRP 2024,conventional,AMBITIONS_LC,Arnot*,eskom,coal,372.0,3.0,1116.0,-,2027,12.744,,25.9,0.345,0.345,0.1725,0.1725,0.65,48.0,48.0,71.0,944.898,39165.83333,117497.49999,0.0,-25.94444,29.79166,,,,,,,,,,,,,,,,,,,,,,,,,,,,,,,,,,,,,,,,,,,,,,,,,2027.0,False
ME IRP 2024,conventional,AMBITIONS_LC,Arnot**,eskom,coal,372.0,3.0,1116.0,-,2030,12.744,,25.9,0.345,0.345,0.1725,0.1725,0.65,48.0,48.0,71.0,944.898,39165.83333,117497.49999,0.0,-25.94444,29.79166,,,,,,,,,,,,,,,,,,,,,,,,,,,,,,,,,,,,,,,,,,,,,,,,,2030.0,False
ME IRP 2024,conventional,AMBITIONS_LC,Camden*,eskom,coal,370.0,2.0,740.0,-,2022,13.584,,32.3,0.178378378378378,0.178378378378378,0.089189189189189,0.089189189189189,0.65,48.0,48.0,71.0,1267.419,15084.125,30168.25,0.0,-26.62007,30.09113,,,,,,,,,,,,,,,,,,,,,,,,,,,,,,,,,,,,,,,,,,,,,,,,,2022.0,False
ME IRP 2024,conventional,AMBITIONS_LC,Camden**,eskom,coal,370.0,1.0,370.0,-,2024,14.28,,32.3,0.178378378378378,0.178378378378378,0.089189189189189,0.089189189189189,0.65,48.0,48.0,71.0,1267.419,15084.125,15084.125,0.0,-26.62007,30.09113,,,,,,,,,,,,,,,,,,,,,,,,,,,,,,,,,,,,,,,,,,,,,,,,,2024.0,False
ME IRP 2024,conventional,AMBITIONS_LC,Duvha*,eskom,coal,575.0,2.0,1150.0,-,2032,12.066,,18,0.4,0.4,0.2,0.2,0.65,48.0,48.0,71.0,905.056,73674.0,147348.0,0.0,-25.95954,29.34094,,,,,,,,,,,,,,,,,,,,,,,,,,,,,,,,,,,,,,,,,,,,,,,,,2032.0,False
ME IRP 2024,conventional,AMBITIONS_LC,Duvha**,eskom,coal,575.0,3.0,1725.0,-,2035,12.066,,18,0.4,0.4,0.2,0.2,0.65,48.0,48.0,71.0,905.056,73674.0,221022.0,0.0,-25.95954,29.34094,,,,,,,,,,,,,,,,,,,,,,,,,,,,,,,,,,,,,,,,,,,,,,,,,2035.0,False
ME IRP 2024,conventional,AMBITIONS_LC,Grootvlei*,eskom,coal,143.0,2.0,286.0,-,2019,13.79,,29.8,0.167,0.167,0.0835,0.0835,0.65,48.0,48.0,71.0,944.868,19053.66667,38107.33334,0.0,-26.76955,28.49951,,,,,,,,,,,,,,,,,,,,,,,,,,,,,,,,,,,,,,,,,,,,,,,,,2019.0,False
ME IRP 2024,conventional,AMBITIONS_LC,Grootvlei**,eskom,coal,143.0,2.0,286.0,-,2020,13.79,,29.8,0.167,0.167,0.0835,0.0835,0.65,48.0,48.0,71.0,944.868,19053.66667,38107.33334,0.0,-26.76955,28.49951,,,,,,,,,,,,,,,,,,,,,,,,,,,,,,,,,,,,,,,,,,,,,,,,,2020.0,False
ME IRP 2024,conventional,AMBITIONS_LC,Hendrina*,eskom,coal,110.0,4.0,440.0,-,2021,13.266,,28.7,0.333,0.333,0.1665,0.1665,0.65,48.0,48.0,71.0,944.872,12067.3,48269.2,0.0,-26.03138,29.60138,,,,,,,,,,,,,,,,,,,,,,,,,,,,,,,,,,,,,,,,,,,,,,,,,2021.0,False
ME IRP 2024,conventional,AMBITIONS_LC,Hendrina**,eskom,coal,110.0,4.0,440.0,-,2023,13.266,,28.7,0.333,0.333,0.1665,0.1665,0.65,48.0,48.0,71.0,944.872,12067.3,48269.2,0.0,-26.62007,30.09113,,,,,,,,,,,,,,,,,,,,,,,,,,,,,,,,,,,,,,,,,,,,,,,,,2023.0,False
ME IRP 2024,conventional,AMBITIONS_LC,Kendal*,eskom,coal,640.0,3.0,1920.0,-,2041,11.782,,24.3,0.167,0.167,0.0835,0.0835,0.65,48.0,48.0,71.0,899.053,67746.16667,203238.50001,0.0,-26.08805,28.96888,,,,,,,,,,,,,,,,,,,,,,,,,,,,,,,,,,,,,,,,,,,,,,,,,2041.0,False
ME IRP 2024,conventional,AMBITIONS_LC,Kendal**,eskom,coal,640.0,3.0,1920.0,-,2044,11.782,,24.3,0.167,0.167,0.0835,0.0835,0.65,48.0,48.0,71.0,899.053,67746.16667,203238.50001,0.0,-26.08805,28.96888,,,,,,,,,,,,,,,,,,,,,,,,,,,,,,,,,,,,,,,,,,,,,,,,,2044.0,False
ME IRP 2024,conventional,AMBITIONS_LC,Komati,eskom,coal,114.0,1.0,114.0,-,2022,15.123,,34.7,0.167,0.167,0.0835,0.0835,0.65,48.0,48.0,71.0,896.656,7056.888889,7056.888889,0.0,-26.09078,29.47446,,,,,,,,,,,,,,,,,,,,,,,,,,,,,,,,,,,,,,,,,,,,,,,,,2022.0,False
ME IRP 2024,conventional,AMBITIONS_LC,Kriel*,eskom,coal,475.0,3.0,1425.0,-,2024,12.995,,28.6,0.454736842105263,0.454736842105263,0.227368421052631,0.227368421052631,0.65,48.0,48.0,71.0,896.656,50809.66667,152429.00001,0.0,-26.25404,29.18008,,,,,,,,,,,,,,,,,,,,,,,,,,,,,,,,,,,,,,,,,,,,,,,,,2024.0,False
ME IRP 2024,conventional,AMBITIONS_LC,Kriel**,eskom,coal,475.0,3.0,1425.0,-,2030,12.995,,28.6,0.454736842105263,0.454736842105263,0.227368421052631,0.227368421052631,0.65,48.0,48.0,71.0,896.656,50809.66667,152429.00001,0.0,-26.25404,29.18008,,,,,,,,,,,,,,,,,,,,,,,,,,,,,,,,,,,,,,,,,,,,,,,,,2030.0,False
ME IRP 2024,conventional,AMBITIONS_LC,Kusile*,eskom,coal,720.0,4.0,2880.0,-,beyond 2050,10.305,,31.6,0.6,0.6,0.3,0.3,0.65,48.0,48.0,98.0,936.502,69949.33333,279797.33332,0.0,-25.92007,28.924942,,,,,,,,,,,,,,,,,,,,,,,,,,,,,,,,,,,,,,,,,,,,,,,,,2050.0,False
ME IRP 2024,conventional,AMBITIONS_LC,Kusile**,eskom,coal,720.0,1.0,720.0,2023,beyond 2050,10.305,,31.6,0.6,0.6,0.3,0.3,0.65,48.0,48.0,98.0,936.502,69949.33333,69949.33333,0.0,-25.92007,28.924942,,,,,,,,,,,,,,,,,,,,,,,,,,,,,,,,,,,,,,,,,,,,,,,,2023.0,2050.0,True
ME IRP 2024,conventional,AMBITIONS_LC,Kusile***,eskom,coal,720.0,1.0,720.0,2024,beyond 2050,10.305,,31.6,0.6,0.6,0.3,0.3,0.65,48.0,48.0,98.0,936.502,69949.33333,69949.33333,0.0,-25.92007,28.924942,,,,,,,,,,,,,,,,,,,,,,,,,,,,,,,,,,,,,,,,,,,,,,,,2024.0,2050.0,False
ME IRP 2024,conventional,AMBITIONS_LC,Lethabo*,eskom,coal,593.0,4.0,2372.0,-,2039,11.003,,14.4,0.596964586846543,0.596964586846543,0.298482293423271,0.298482293423271,0.65,48.0,48.0,71.0,896.656,62453.66667,249814.66668,0.0,-26.74027,27.975,,,,,,,,,,,,,,,,,,,,,,,,,,,,,,,,,,,,,,,,,,,,,,,,,2039.0,False
ME IRP 2024,conventional,AMBITIONS_LC,Lethabo**,eskom,coal,593.0,2.0,1186.0,-,2042,11.003,,14.4,0.596964586846543,0.596964586846543,0.298482293423271,0.298482293423271,0.65,48.0,48.0,71.0,896.656,62453.66667,124907.33334,0.0,-26.74027,27.975,,,,,,,,,,,,,,,,,,,,,,,,,,,,,,,,,,,,,,,,,,,,,,,,,2042.0,False
ME IRP 2024,conventional,AMBITIONS_LC,Majuba*,eskom,coal,611.0,3.0,1833.0,-,2031,11.782,,32.1,0.167,0.166939443535188,0.0835,0.083469721767594,0.65,48.0,48.0,71.0,896.656,129141.3333,387423.9999,0.0,-27.09555,29.77055,,,,,,,,,,,,,,,,,,,,,,,,,,,,,,,,,,,,,,,,,,,,,,,,,2031.0,False
ME IRP 2024,conventional,AMBITIONS_LC,Majuba**,eskom,coal,670.0,3.0,2010.0,-,2050,11.032,,32.1,0.167,0.170149253731343,0.0835,0.0850746268656715,0.65,48.0,48.0,71.0,896.656,141843.6667,425531.0001,0.0,-27.09555,29.77055,,,,,,,,,,,,,,,,,,,,,,,,,,,,,,,,,,,,,,,,,,,,,,,,,2050.0,False
ME IRP 2024,conventional,AMBITIONS_LC,Matimba*,eskom,coal,615.0,2.0,1230.0,-,2040,11.682,,17.5,0.286,0.286,0.143,0.143,0.65,48.0,48.0,71.0,899.074,65629.16667,131258.33334,0.0,-23.66777,27.61277,,,,,,,,,,,,,,,,,,,,,,,,,,,,,,,,,,,,,,,,,,,,,,,,,2040.0,False
ME IRP 2024,conventional,AMBITIONS_LC,Matimba**,eskom,coal,615.0,4.0,2460.0,-,2043,11.682,,17.5,0.286,0.286,0.143,0.143,0.65,48.0,48.0,71.0,899.074,65629.16667,262516.66668,0.0,-23.66777,27.61277,,,,,,,,,,,,,,,,,,,,,,,,,,,,,,,,,,,,,,,,,,,,,,,,,2043.0,False
ME IRP 2024,conventional,AMBITIONS_LC,Matla*,eskom,coal,575.0,3.0,1725.0,-,2032,12.066,,30.2,0.250434782608696,0.250434782608696,0.125217391304348,0.125217391304348,0.65,48.0,48.0,71.0,896.656,61395.0,184185.0,0.0,-26.28036,29.14229,,,,,,,,,,,,,,,,,,,,,,,,,,,,,,,,,,,,,,,,,,,,,,,,,2032.0,False
ME IRP 2024,conventional,AMBITIONS_LC,Matla**,eskom,coal,575.0,3.0,1725.0,-,2034,12.066,,30.2,0.250434782608696,0.250434782608696,0.125217391304348,0.125217391304348,0.65,48.0,48.0,71.0,896.656,61395.0,184185.0,0.0,-26.28036,29.14229,,,,,,,,,,,,,,,,,,,,,,,,,,,,,,,,,,,,,,,,,,,,,,,,,2034.0,False
ME IRP 2024,conventional,AMBITIONS_LC,Medupi*,eskom,coal,723.0,5.0,3615.0,-,beyond 2050,10.305,,21.4,0.597510373443983,0.597510373443983,0.298755186721991,0.298755186721991,0.65,48.0,48.0,98.0,965.355,69949.33333,349746.66665,0.0,-23.42,27.33,,,,,,,,,,,,,,,,,,,,,,,,,,,,,,,,,,,,,,,,,,,,,,,,,2050.0,False
ME IRP 2024,conventional,AMBITIONS_LC,Medupi**,eskom,coal,723.0,1.0,723.0,-,beyond 2050,10.305,,21.4,0.597510373443983,0.597510373443983,0.298755186721991,0.298755186721991,0.65,48.0,48.0,98.0,965.355,69949.33333,69949.33333,0.0,-23.42,27.33,,,,,,,,,,,,,,,,,,,,,,,,,,,,,,,,,,,,,,,,,,,,,,,,,2050.0,False
ME IRP 2024,conventional,AMBITIONS_LC,Tutuka*,eskom,coal,585.0,2.0,1170.0,-,2040,10.495,,32.3,0.333,0.333,0.1665,0.1665,0.65,48.0,48.0,71.0,896.656,61395.0,122790.0,0.0,-26.77565,29.35212,,,,,,,,,,,,,,,,,,,,,,,,,,,,,,,,,,,,,,,,,,,,,,,,,2040.0,False
ME IRP 2024,conventional,AMBITIONS_LC,Tutuka**,eskom,coal,585.0,4.0,2340.0,-,2036,10.495,,32.3,0.333,0.333,0.1665,0.1665,0.65,48.0,48.0,71.0,896.656,61395.0,245580.0,0.0,-26.77565,29.35212,,,,,,,,,,,,,,,,,,,,,,,,,,,,,,,,,,,,,,,,,,,,,,,,,2036.0,False
ME IRP 2024,conventional,AMBITIONS_LC,Koeberg,eskom,nuclear,930.0,2.0,1860.0,-,2047,11.111,,8.5,0.1,0.1,0.05,0.05,,,,45.0,1187.0,,0.0,0.0,-33.67359354,18.428247,,,,,,,,,,,,,,,,,,,,,,,,,,,,,,,,,,,,,,,,,,,,,,,,,2047.0,False
ME IRP 2024,conventional,AMBITIONS_LC,Gariep,eskom,hydro,90.0,4.0,360.0,-,beyond 2050,-,,-,,,,,,,,350.0,0.0,,0.0,0.0,-30.62396,25.50403,,,,,,,,,,,,,,,,,,,,,,,,,,,,,,,,,,,,,,,,,,,,,,,,,2050.0,False
ME IRP 2024,conventional,AMBITIONS_LC,Vanderkloof,eskom,hydro,120.0,2.0,240.0,-,beyond 2050,-,,-,,,,,,,,350.0,0.0,,0.0,0.0,-29.99337,24.73384,,,,,,,,,,,,,,,,,,,,,,,,,,,,,,,,,,,,,,,,,,,,,,,,,2050.0,False
ME IRP 2024,conventional,AMBITIONS_LC,Acacia,eskom,ocgt_gas,57.0,3.0,171.0,-,2026,11.519,,284.4,,,,,,,,3.0,196.0,,0.0,0.0,-33.88408,18.53361,,,,,,,,,,,,,,,,,,,,,,,,,,,,,,,,,,,,,,,,,,,,,,,,,2026.0,False
ME IRP 2024,conventional,AMBITIONS_LC,Ankerlig,eskom,ocgt_diesel,148.0,9.0,1332.0,-,2039,11.519,,263.4,,,,,,,,3.0,196.0,,0.0,0.0,-33.592,18.4607,,,,,,,,,,,,,,,,,,,,,,,,,,,,,,,,,,,,,,,,,,,,,,,,,2039.0,False
ME IRP 2024,conventional,AMBITIONS_LC,Gourikwa,eskom,ocgt_diesel,148.0,5.0,740.0,-,2038,11.519,,263.4,,,,,,,,3.0,196.0,,0.0,0.0,-34.16526,21.96077,,,,,,,,,,,,,,,,,,,,,,,,,,,,,,,,,,,,,,,,,,,,,,,,,2038.0,False
ME IRP 2024,conventional,AMBITIONS_LC,PortRex,eskom,ocgt_gas,57.0,3.0,171.0,-,2026,11.519,,284.4,,,,,,,,3.0,196.0,,0.0,0.0,-33.02739,27.88382,,,,,,,,,,,,,,,,,,,,,,,,,,,,,,,,,,,,,,,,,,,,,,,,,2026.0,False
ME IRP 2024,conventional,AMBITIONS_LC,Kelvin,IPP,coal,80.0,2.0,160.0,-,2027,12.372,,15.6,0.375,0.375,0.1875,0.1875,0.65,,,80.0,965.36,180848.0,361696.0,0.0,-26.658,28.1138,,,,,,,,,,,,,,,,,,,,,,,,,,,,,,,,,,,,,,,,,,,,,,,,,2027.0,False
ME IRP 2024,conventional,AMBITIONS_LC,Sasol_coal,Sasol,sasol_coal,43.0,20.0,860.0,-,beyond 2050,12.372,,15.6,,,,,0.65,,,71.0,965.36,180848.0,3616960.0,0.0,-26.5036,29.1803,,,,,,,,,,,,,,,,,,,,,,,,,,,,,,,,,,,,,,,,,,,,,,,,,2050.0,False
ME IRP 2024,conventional,AMBITIONS_LC,Avon,IPP,ocgt_diesel,167.5,4.0,670.0,-,2046,11.519,,263.4,,,,,0.0,,,3.0,169.0,,0.0,0.0,-29.251,31.0941,,,,,,,,,,,,,,,,,,,,,,,,,,,,,,,,,,,,,,,,,,,,,,,,,2046.0,False
ME IRP 2024,conventional,AMBITIONS_LC,Dedisa,IPP,ocgt_diesel,167.5,2.0,335.0,-,2046,11.519,,263.4,,,,,0.0,,,3.0,169.0,,0.0,0.0,-33.4433,25.4022,,,,,,,,,,,,,,,,,,,,,,,,,,,,,,,,,,,,,,,,,,,,,,,,,2046.0,False
ME IRP 2024,conventional,AMBITIONS_LC,Sasol_ice,Sasol,sasol_gas,9.7,18.0,174.6,-,beyond 2050,7.6,,75,,,,,0.0,,,71.0,0.0,,0.0,0.0,-26.8102,27.8277,,,,,,,,,,,,,,,,,,,,,,,,,,,,,,,,,,,,,,,,,,,,,,,,,2050.0,False
ME IRP 2024,conventional,AMBITIONS_LC,Sasol_ocgt,Sasol,sasol_gas,50.0,5.0,250.0,-,beyond 2050,11.519,,75,,,,,0.0,,,3.0,0.0,,0.0,0.0,-26.8102,27.8277,,,,,,,,,,,,,,,,,,,,,,,,,,,,,,,,,,,,,,,,,,,,,,,,,2050.0,False
ME IRP 2024,renewables,IRP23_FULL,Aries Solar,BW1,solar_pv,,,9.65,2014,2039,,,,,,,,,,,3649,0.0,,,,-29.496506,20.785119,Aries,Fixed Tilt,1.14,-,,,,,,,,,,,,,,,,,,,,,,,,,,,,,,,,,,,,,,,,,,,,2014.0,2039.0,True
ME IRP 2024,renewables,IRP23_FULL,De Aar Solar PV,BW1,solar_pv,,,48.25,2014,2039,,,,,,,,,,,3649,0.0,,,,-30.6234,24.0283,De_Aar,Fixed Tilt,1.04,-,,,,,,,,,,,,,,,,,,,,,,,,,,,,,,,,,,,,,,,,,,,,2014.0,2039.0,True
ME IRP 2024,renewables,IRP23_FULL,Droogfontein Solar PV Project,BW1,solar_pv,,,48.25,2014,2039,,,,,,,,,,,3649,0.0,,,,-28.6133,24.7468,Droogfontein1,Fixed Tilt,1.04,-,,,,,,,,,,,,,,,,,,,,,,,,,,,,,,,,,,,,,,,,,,,,2014.0,2039.0,True
ME IRP 2024,renewables,IRP23_FULL,Greefspan PV Power Plant1,BW1,solar_pv,,,10.0,2014,2039,,,,,,,,,,,3649,0.0,,,,-29.393781,23.307708,Greefspan1,Single Axis,1.1,-,,,,,,,,,,,,,,,,,,,,,,,,,,,,,,,,,,,,,,,,,,,,2014.0,2039.0,True
ME IRP 2024,renewables,IRP23_FULL,Herbert PV Power Plant,BW1,solar_pv,,,19.9,2014,2039,,,,,,,,,,,3649,0.0,,,,-29.0019,23.8019,Herbert,Fixed Tilt,1.11,-,,,,,,,,,,,,,,,,,,,,,,,,,,,,,,,,,,,,,,,,,,,,2014.0,2039.0,True
ME IRP 2024,renewables,IRP23_FULL,Kalkbult,BW1,solar_pv,,,72.5,2014,2039,,,,,,,,,,,3649,0.0,,,,-30.160833,24.135833,Kalkbult,Fixed Tilt,1.03,-,,,,,,,,,,,,,,,,,,,,,,,,,,,,,,,,,,,,,,,,,,,,2014.0,2039.0,True
ME IRP 2024,renewables,IRP23_FULL,Kathu Solar Energy Facility,BW1,solar_pv,,,75.0,2014,2039,,,,,,,,,,,3649,0.0,,,,-27.612908,23.025886,Kathu,Single Axis,1.08,-,,,,,,,,,,,,,,,,,,,,,,,,,,,,,,,,,,,,,,,,,,,,2014.0,2039.0,True
ME IRP 2024,renewables,IRP23_FULL,Konkoonsies Solar,BW1,solar_pv,,,9.65,2014,2039,,,,,,,,,,,3649,0.0,,,,-28.889147,19.555275,Konkoonsies,Fixed Tilt,1.14,-,,,,,,,,,,,,,,,,,,,,,,,,,,,,,,,,,,,,,,,,,,,,2014.0,2039.0,True
ME IRP 2024,renewables,IRP23_FULL,Lesedi Power Company,BW1,solar_pv,,,64.0,2014,2039,,,,,,,,,,,3649,0.0,,,,-28.3154,23.3501,Lesedi,Fixed Tilt,1.17,-,,,,,,,,,,,,,,,,,,,,,,,,,,,,,,,,,,,,,,,,,,,,2014.0,2039.0,True
ME IRP 2024,renewables,IRP23_FULL,Letsatsi Power Company,BW1,solar_pv,,,64.0,2014,2039,,,,,,,,,,,3649,0.0,,,,-28.9134,25.9199,Letsatsi,Fixed Tilt,1.17,-,,,,,,,,,,,,,,,,,,,,,,,,,,,,,,,,,,,,,,,,,,,,2014.0,2039.0,True
ME IRP 2024,renewables,IRP23_FULL,Mulilo Renewable Energy Solar PV De Aar,BW1,solar_pv,,,9.65,2014,2039,,,,,,,,,,,3649,0.0,,,,-30.6279,24.005453,Mulilo_De_ Aar,Fixed Tilt,1.04,-,,,,,,,,,,,,,,,,,,,,,,,,,,,,,,,,,,,,,,,,,,,,2014.0,2039.0,True
ME IRP 2024,renewables,IRP23_FULL,Mulilo Renewable Energy Solar PV Prieska,BW1,solar_pv,,,19.9,2014,2039,,,,,,,,,,,3649,0.0,,,,-29.967661,22.319683,Mulilo_Prieska,Fixed Tilt,1.01,-,,,,,,,,,,,,,,,,,,,,,,,,,,,,,,,,,,,,,,,,,,,,2014.0,2039.0,True
ME IRP 2024,renewables,IRP23_FULL,RustMo1 Solar Farm,BW1,solar_pv,,,6.76,2013,2038,,,,,,,,,,,3649,0.0,,,,-25.737892,27.418314,RustMo1,Fixed Tilt,1.04,-,,,,,,,,,,,,,,,,,,,,,,,,,,,,,,,,,,,,,,,,,,,,2013.0,2038.0,True
ME IRP 2024,renewables,IRP23_FULL,SlimSun Swartland Solar Park,BW1,solar_pv,,,5.0,2015,2040,,,,,,,,,,,3649,0.0,,,,-33.35,18.529708,SlimSun,Fixed Tilt,1.2,-,,,,,,,,,,,,,,,,,,,,,,,,,,,,,,,,,,,,,,,,,,,,2015.0,2040.0,True
ME IRP 2024,renewables,IRP23_FULL,Solar Capital De Aar,BW1,solar_pv,,,75.0,2014,2039,,,,,,,,,,,3649,0.0,,,,-30.604753,24.095239,Solar_Capital,Fixed Tilt,1.13,-,,,,,,,,,,,,,,,,,,,,,,,,,,,,,,,,,,,,,,,,,,,,2014.0,2039.0,True
ME IRP 2024,renewables,IRP23_FULL,Soutpan Solar Park,BW1,solar_pv,,,28.0,2014,2039,,,,,,,,,,,3649,0.0,,,,-22.991667,29.251667,Soutpan,Fixed Tilt,1.11,-,,,,,,,,,,,,,,,,,,,,,,,,,,,,,,,,,,,,,,,,,,,,2014.0,2039.0,True
ME IRP 2024,renewables,IRP23_FULL,Touwsrivier Project,BW1,solar_pv,,,36.0,2014,2039,,,,,,,,,,,3649,0.0,,,,-33.410389,19.9276,Touwsrivier,Single Axis,1,-,,,,,,,,,,,,,,,,,,,,,,,,,,,,,,,,,,,,,,,,,,,,2014.0,2039.0,True
ME IRP 2024,renewables,IRP23_FULL,Witkop Solar Park,BW1,solar_pv,,,30.0,2014,2039,,,,,,,,,,,3649,0.0,,,,-24.041667,29.361667,Witkop,Single Axis,1.1,-,,,,,,,,,,,,,,,,,,,,,,,,,,,,,,,,,,,,,,,,,,,,2014.0,2039.0,True
ME IRP 2024,renewables,IRP23_FULL,Aurora,BW2,solar_pv,,,9.0,2014,2039,,,,,,,,,,,2176,0.0,,,,-32.641344,18.497289,Aurora,Fixed Tilt,1.17,-,,,,,,,,,,,,,,,,,,,,,,,,,,,,,,,,,,,,,,,,,,,,2014.0,2039.0,True
ME IRP 2024,renewables,IRP23_FULL,Boshoff Solar Park,BW2,solar_pv,,,60.0,2014,2039,,,,,,,,,,,2176,0.0,,,,-28.4628,25.1891,Boshoff,Single Axis,1.1,-,,,,,,,,,,,,,,,,,,,,,,,,,,,,,,,,,,,,,,,,,,,,2014.0,2039.0,True
ME IRP 2024,renewables,IRP23_FULL,Jasper Power Company,BW2,solar_pv,,,75.0,2014,2039,,,,,,,,,,,2176,0.0,,,,-28.3133,23.3751,Jasper,Fixed Tilt,1.28,-,,,,,,,,,,,,,,,,,,,,,,,,,,,,,,,,,,,,,,,,,,,,2014.0,2039.0,True
ME IRP 2024,renewables,IRP23_FULL,Linde,BW2,solar_pv,,,36.8,2013,2038,,,,,,,,,,,2176,0.0,,,,-30.9986,24.6506,Linde,Single Axis,1,-,,,,,,,,,,,,,,,,,,,,,,,,,,,,,,,,,,,,,,,,,,,,2013.0,2038.0,True
ME IRP 2024,renewables,IRP23_FULL,Project Dreunberg,BW2,solar_pv,,,69.9,2014,2039,,,,,,,,,,,2176,0.0,,,,-30.8373,26.2055,Dreunberg,Fixed Tilt,1.07,-,,,,,,,,,,,,,,,,,,,,,,,,,,,,,,,,,,,,,,,,,,,,2014.0,2039.0,True
ME IRP 2024,renewables,IRP23_FULL,Sishen Solar Facility,BW2,solar_pv,,,74.0,2014,2039,,,,,,,,,,,2176,0.0,,,,-27.583611,22.932778,Sishen,Single Axis,1.27,-,,,,,,,,,,,,,,,,,,,,,,,,,,,,,,,,,,,,,,,,,,,,2014.0,2039.0,True
ME IRP 2024,renewables,IRP23_FULL,Solar Capital De Aar 3,BW2,solar_pv,,,75.0,2014,2039,,,,,,,,,,,2176,0.0,,,,-30.604753,24.095239,Solar_Capital2,Fixed Tilt,1,-,,,,,,,,,,,,,,,,,,,,,,,,,,,,,,,,,,,,,,,,,,,,2014.0,2039.0,True
ME IRP 2024,renewables,IRP23_FULL,Upington Solar PV,BW2,solar_pv,,,8.9,2014,2039,,,,,,,,,,,2176,0.0,,,,-28.5493,21.1038,Upington,Fixed Tilt,1.12,-,,,,,,,,,,,,,,,,,,,,,,,,,,,,,,,,,,,,,,,,,,,,2014.0,2039.0,True
ME IRP 2024,renewables,IRP23_FULL,Vredendal,BW2,solar_pv,,,8.8,2014,2039,,,,,,,,,,,2176,0.0,,,,-31.634886,18.505356,Vredendal,Fixed Tilt,1.19,-,,,,,,,,,,,,,,,,,,,,,,,,,,,,,,,,,,,,,,,,,,,,2014.0,2039.0,True
ME IRP 2024,renewables,IRP23_FULL,Adams Solar PV 2,BW3,solar_pv,,,75.0,2017,2042,,,,,,,,,,,1165,0.0,,,,-27.378969,23.012989,Adams,Fixed Tilt,1.1,-,,,,,,,,,,,,,,,,,,,,,,,,,,,,,,,,,,,,,,,,,,,,2017.0,2042.0,True
ME IRP 2024,renewables,IRP23_FULL,Electra Capital (Pty) Ltd,BW3,solar_pv,,,75.0,2016,2041,,,,,,,,,,,1165,0.0,,,,-32.4148,18.7379,Electra_Capital,Fixed Tilt,1,-,,,,,,,,,,,,,,,,,,,,,,,,,,,,,,,,,,,,,,,,,,,,2016.0,2041.0,True
ME IRP 2024,renewables,IRP23_FULL,Mulilo Prieska PV,BW3,solar_pv,,,75.0,2016,2041,,,,,,,,,,,1165,0.0,,,,-30.0375,22.317222,Mulilo_Prieska2,Fixed Tilt,1.15,-,,,,,,,,,,,,,,,,,,,,,,,,,,,,,,,,,,,,,,,,,,,,2016.0,2041.0,True
ME IRP 2024,renewables,IRP23_FULL,Mulilo Sonnedix Prieska PV,BW3,solar_pv,,,75.0,2016,2041,,,,,,,,,,,1165,0.0,,,,-30.024444,22.362778,Mulilo_Prieska3,Single Axis,1.15,-,,,,,,,,,,,,,,,,,,,,,,,,,,,,,,,,,,,,,,,,,,,,2016.0,2041.0,True
ME IRP 2024,renewables,IRP23_FULL,Pulida Solar Park,BW3,solar_pv,,,75.0,2017,2042,,,,,,,,,,,1165,0.0,,,,-29.086944,24.903333,Pulida,Fixed Tilt,1.1,-,,,,,,,,,,,,,,,,,,,,,,,,,,,,,,,,,,,,,,,,,,,,2017.0,2042.0,True
ME IRP 2024,renewables,IRP23_FULL,Tom Burke Solar Park,BW3,solar_pv,,,60.0,2016,2041,,,,,,,,,,,1165,0.0,,,,-23.072778,27.989444,Tom_Burke,Fixed Tilt,1.1,-,,,,,,,,,,,,,,,,,,,,,,,,,,,,,,,,,,,,,,,,,,,,2016.0,2041.0,True
ME IRP 2024,renewables,IRP23_FULL,Aggeneys Solar,BW4,solar_pv,,,40.0,2020,2045,,,,,,,,,,,872,0.0,,,,-29.235794,18.897656,Aggeneys,Single Axis,1.15,-,,,,,,,,,,,,,,,,,,,,,,,,,,,,,,,,,,,,,,,,,,,,2020.0,2045.0,True
ME IRP 2024,renewables,IRP23_FULL,Bokamoso,BW4,solar_pv,,,67.9,2020,2045,,,,,,,,,,,872,0.0,,,,-27.1583,26.4009,Bokamoso,Single Axis,1.15,-,,,,,,,,,,,,,,,,,,,,,,,,,,,,,,,,,,,,,,,,,,,,2020.0,2045.0,True
ME IRP 2024,renewables,IRP23_FULL,De Wildt,BW4,solar_pv,,,50.0,2021,2046,,,,,,,,,,,872,0.0,,,,-25.6332,27.9307,De_Wildt,Single Axis,1.16,-,,,,,,,,,,,,,,,,,,,,,,,,,,,,,,,,,,,,,,,,,,,,2021.0,2046.0,True
ME IRP 2024,renewables,IRP23_FULL,Droogfontein Solar Power,BW4,solar_pv,,,75.0,2020,2045,,,,,,,,,,,872,0.0,,,,-28.5677,24.7023,Droogfontein2,Single Axis,1.15,-,,,,,,,,,,,,,,,,,,,,,,,,,,,,,,,,,,,,,,,,,,,,2020.0,2045.0,True
ME IRP 2024,renewables,IRP23_FULL,Dyasons Klip 1,BW4,solar_pv,,,75.0,2020,2045,,,,,,,,,,,872,0.0,,,,-28.5493,21.1038,Dyasons_Klip1,Single Axis,1.15,-,,,,,,,,,,,,,,,,,,,,,,,,,,,,,,,,,,,,,,,,,,,,2020.0,2045.0,True
ME IRP 2024,renewables,IRP23_FULL,Dyasons Klip 2,BW4,solar_pv,,,75.0,2020,2045,,,,,,,,,,,872,0.0,,,,-28.5707,21.0613,Dyasons_Klip2,Single Axis,1.15,-,,,,,,,,,,,,,,,,,,,,,,,,,,,,,,,,,,,,,,,,,,,,2020.0,2045.0,True
ME IRP 2024,renewables,IRP23_FULL,Greefspan PV Power Plant2,BW4,solar_pv,,,55.0,2021,2046,,,,,,,,,,,872,0.0,,,,-29.3857,23.3172,Greefspan2,Single Axis,1.15,-,,,,,,,,,,,,,,,,,,,,,,,,,,,,,,,,,,,,,,,,,,,,2021.0,2046.0,True
ME IRP 2024,renewables,IRP23_FULL,Konkoonsies II Solar PV Facility,BW4,solar_pv,,,75.0,2020,2045,,,,,,,,,,,872,0.0,,,,-28.898811,19.557383,Konkoonsies2,Single Axis,1.15,-,,,,,,,,,,,,,,,,,,,,,,,,,,,,,,,,,,,,,,,,,,,,2020.0,2045.0,True
ME IRP 2024,renewables,IRP23_FULL,Loeriesfontein Orange,BW4,solar_pv,,,75.0,2023,2048,,,,,,,,,,,872,0.0,,,,-30.91810861,19.44104346,Loeriesfontein,Single Axis,1.15,-,,,,,,,,,,,,,,,,,,,,,,,,,,,,,,,,,,,,,,,,,,,,2023.0,2048.0,True
ME IRP 2024,renewables,IRP23_FULL,Sirius Solar PV Project One,BW4,solar_pv,,,75.0,2020,2045,,,,,,,,,,,872,0.0,,,,-28.547361,21.09495,Sirius,Single Axis,1.15,-,,,,,,,,,,,,,,,,,,,,,,,,,,,,,,,,,,,,,,,,,,,,2020.0,2045.0,True
ME IRP 2024,renewables,IRP23_FULL,Waterloo Solar Park,BW4,solar_pv,,,75.0,2020,2045,,,,,,,,,,,872,0.0,,,,-27.0322,24.7931,Waterloo,Single Axis,1.15,-,,,,,,,,,,,,,,,,,,,,,,,,,,,,,,,,,,,,,,,,,,,,2020.0,2045.0,True
ME IRP 2024,renewables,IRP23_FULL,Zeerust,BW4,solar_pv,,,75.0,2021,2046,,,,,,,,,,,872,0.0,,,,-25.5748,26.0718,Zeerust,Single Axis,1.15,-,,,,,,,,,,,,,,,,,,,,,,,,,,,,,,,,,,,,,,,,,,,,2021.0,2046.0,True
ME IRP 2024,renewables,IRP23_FULL,Braklaagte Solar Facility,BW5,solar_pv,,,75.0,2025,2050,,,,,,,,,,,600,0.0,,,,-28.7472,25.7111,Braklaagte,Single Axis,1.15,-,,,,,,,,,,,,,,,,,,,,,,,,,,,,,,,,,,,,,,,,,,,,2025.0,2050.0,False
ME IRP 2024,renewables,IRP23_FULL,Du Plessis Dam Solar PV 1,BW5,solar_pv,,,75.0,2024,2049,,,,,,,,,,,600,0.0,,,,-30.6315,24.0398,Du_Plessis,Single Axis,1.15,-,,,,,,,,,,,,,,,,,,,,,,,,,,,,,,,,,,,,,,,,,,,,2024.0,2049.0,False
ME IRP 2024,renewables,IRP23_FULL,Graspan Solar PV Project,BW5,solar_pv,,,75.0,2024,2049,,,,,,,,,,,600,0.0,,,,-29.3662,24.417,Graspan,Single Axis,1.15,-,,,,,,,,,,,,,,,,,,,,,,,,,,,,,,,,,,,,,,,,,,,,2024.0,2049.0,False
ME IRP 2024,renewables,IRP23_FULL,Grootfontein PV 1,BW5,solar_pv,,,75.0,2024,2049,,,,,,,,,,,600,0.0,,,,-32.9583,19.9319,Grootfontein1,Single Axis,1.15,-,,,,,,,,,,,,,,,,,,,,,,,,,,,,,,,,,,,,,,,,,,,,2024.0,2049.0,False
ME IRP 2024,renewables,IRP23_FULL,Grootfontein PV 2,BW5,solar_pv,,,75.0,2024,2049,,,,,,,,,,,600,0.0,,,,-32.9583,19.9444,Grootfontein2,Single Axis,1.15,-,,,,,,,,,,,,,,,,,,,,,,,,,,,,,,,,,,,,,,,,,,,,2024.0,2049.0,False
ME IRP 2024,renewables,IRP23_FULL,Grootfontein PV 3,BW5,solar_pv,,,75.0,2024,2049,,,,,,,,,,,600,0.0,,,,-32.9583,19.9528,Grootfontein3,Single Axis,1.15,-,,,,,,,,,,,,,,,,,,,,,,,,,,,,,,,,,,,,,,,,,,,,2024.0,2049.0,False
ME IRP 2024,renewables,IRP23_FULL,Grootspruit Solar PV Project,BW5,solar_pv,,,75.0,2024,2049,,,,,,,,,,,600,0.0,,,,-27.7375,26.775,Grootspruit,Single Axis,1.15,-,,,,,,,,,,,,,,,,,,,,,,,,,,,,,,,,,,,,,,,,,,,,2024.0,2049.0,False
ME IRP 2024,renewables,IRP23_FULL,Kentani Solar Facility,BW5,solar_pv,,,75.0,2025,2050,,,,,,,,,,,600,0.0,,,,-28.6167,25.7167,Kentani,Single Axis,1.15,-,,,,,,,,,,,,,,,,,,,,,,,,,,,,,,,,,,,,,,,,,,,,2025.0,2050.0,False
ME IRP 2024,renewables,IRP23_FULL,Klipfontein 2 Solar Facility,BW5,solar_pv,,,75.0,2025,2050,,,,,,,,,,,600,0.0,,,,-28.6769,25.7333,Klipfontein2,Single Axis,1.15,-,,,,,,,,,,,,,,,,,,,,,,,,,,,,,,,,,,,,,,,,,,,,2025.0,2050.0,False
ME IRP 2024,renewables,IRP23_FULL,Klipfontein Solar Facility,BW5,solar_pv,,,75.0,2025,2050,,,,,,,,,,,600,0.0,,,,-28.6639,25.7501,Klipfontein1,Single Axis,1.15,-,,,,,,,,,,,,,,,,,,,,,,,,,,,,,,,,,,,,,,,,,,,,2025.0,2050.0,False
ME IRP 2024,renewables,IRP23_FULL,Leliehoek Solar Facility,BW5,solar_pv,,,75.0,2025,2050,,,,,,,,,,,600,0.0,,,,-28.6917,25.7001,Leliehoek,Single Axis,1.15,-,,,,,,,,,,,,,,,,,,,,,,,,,,,,,,,,,,,,,,,,,,,,2025.0,2050.0,False
ME IRP 2024,renewables,IRP23_FULL,Sannaspos Solar PV Project,BW5,solar_pv,,,75.0,2024,2049,,,,,,,,,,,600,0.0,,,,-29.194888,26.588306,Sannaspos,Single Axis,1.15,-,,,,,,,,,,,,,,,,,,,,,,,,,,,,,,,,,,,,,,,,,,,,2024.0,2049.0,False
ME IRP 2024,renewables,IRP23_FULL,Sonoblomo Solar Facility,BW5,solar_pv,,,75.0,2025,2050,,,,,,,,,,,600,0.0,,,,-28.7472,25.7361,Sonoblomo,Single Axis,1.15,-,,,,,,,,,,,,,,,,,,,,,,,,,,,,,,,,,,,,,,,,,,,,2025.0,2050.0,False
ME IRP 2024,renewables,IRP23_FULL,Boitumelo Solar Power Plant,BW6,solar_pv,,,150.0,2025,2050,,,,,,,,,,,600,0.0,,,,-26.014162,26.105823,Boitumelo,Single Axis,1.15,-,,,,,,,,,,,,,,,,,,,,,,,,,,,,,,,,,,,,,,,,,,,,2025.0,2050.0,False
ME IRP 2024,renewables,IRP23_FULL,Doornhoek PV,BW6,solar_pv,,,120.0,2025,2050,,,,,,,,,,,600,0.0,,,,-26.434,26.2843,Doornhoek,Single Axis,1.15,-,,,,,,,,,,,,,,,,,,,,,,,,,,,,,,,,,,,,,,,,,,,,2025.0,2050.0,False
ME IRP 2024,renewables,IRP23_FULL,Good Hope Solar Park,BW6,solar_pv,,,200.0,2025,2050,,,,,,,,,,,600,0.0,,,,-28.64721306,25.76110923,Good_Hope,Single Axis,1.15,-,,,,,,,,,,,,,,,,,,,,,,,,,,,,,,,,,,,,,,,,,,,,2025.0,2050.0,False
ME IRP 2024,renewables,IRP23_FULL,Kutlwano Solar Power Plant,BW6,solar_pv,,,150.0,2025,2050,,,,,,,,,,,600,0.0,,,,-26.029683,26.112373,Kutlwano,Single Axis,1.15,-,,,,,,,,,,,,,,,,,,,,,,,,,,,,,,,,,,,,,,,,,,,,2025.0,2050.0,False
ME IRP 2024,renewables,IRP23_FULL,Ngonyama Solar PV,BW6,solar_pv,,,140.0,2025,2050,,,,,,,,,,,600,0.0,,,,-28.652538,25.653755,Ngonyama,Single Axis,1.15,-,,,,,,,,,,,,,,,,,,,,,,,,,,,,,,,,,,,,,,,,,,,,2025.0,2050.0,False
ME IRP 2024,renewables,IRP23_FULL,Virginia Solar Park,BW6,solar_pv,,,240.0,2025,2050,,,,,,,,,,,600,0.0,,,,-28.212335,26.990032,Virginia,Single Axis,1.15,-,,,,,,,,,,,,,,,,,,,,,,,,,,,,,,,,,,,,,,,,,,,,2025.0,2050.0,False
ME IRP 2024,renewables,IRP23_FULL,Cookhouse Wind Farm,BW1,wind,,,135.0,2014,2034,,,,,,,,,,,1513,0.0,,,,-32.7333,25.9093,Cookhouse,-,-,115,,,,,,,,,,,,,,,,,,,,,,,,,,,,,,,,,,,,,,,,,,,,2014.0,2034.0,True
ME IRP 2024,renewables,IRP23_FULL,Dassieklip Wind Energy Facility,BW1,wind,,,26.19,2014,2034,,,,,,,,,,,1513,0.0,,,,-34.2275,19.383,Dassieklip,-,-,91.5,,,,,,,,,,,,,,,,,,,,,,,,,,,,,,,,,,,,,,,,,,,,2014.0,2034.0,True
ME IRP 2024,renewables,IRP23_FULL,Umoya Energy Wind Farm,BW1,wind,,,65.4,2014,2034,,,,,,,,,,,1513,0.0,,,,-33.0928,18.3989,Hopefield,-,-,99.5,,,,,,,,,,,,,,,,,,,,,,,,,,,,,,,,,,,,,,,,,,,,2014.0,2034.0,True
ME IRP 2024,renewables,IRP23_FULL,Jeffreys Bay Wind Farm,BW1,wind,,,133.86,2014,2034,,,,,,,,,,,1513,0.0,,,,-34.0107,24.8808,Jeffreysbay,-,-,80,,,,,,,,,,,,,,,,,,,,,,,,,,,,,,,,,,,,,,,,,,,,2014.0,2034.0,True
ME IRP 2024,renewables,IRP23_FULL,Kouga Wind Farm,BW1,wind,,,77.6,2014,2034,,,,,,,,,,,1513,0.0,,,,-34.14656,24.7004,Kouga,-,-,99.5,,,,,,,,,,,,,,,,,,,,,,,,,,,,,,,,,,,,,,,,,,,,2014.0,2034.0,True
ME IRP 2024,renewables,IRP23_FULL,Metrowind Van Stadens Wind Farm,BW1,wind,,,86.6,2014,2034,,,,,,,,,,,1513,0.0,,,,-33.96222,25.24444,Metrowind,-,-,80,,,,,,,,,,,,,,,,,,,,,,,,,,,,,,,,,,,,,,,,,,,,2014.0,2034.0,True
ME IRP 2024,renewables,IRP23_FULL,Nobelsfontein Phase 1,BW1,wind,,,72.75,2014,2034,,,,,,,,,,,1513,0.0,,,,-31.7508333333333,23.1733333333333,Noblesfontein,-,-,80,,,,,,,,,,,,,,,,,,,,,,,,,,,,,,,,,,,,,,,,,,,,2014.0,2034.0,True
ME IRP 2024,renewables,IRP23_FULL,Red Cap Gibson Bay,BW1,wind,,,110.0,2014,2034,,,,,,,,,,,1513,0.0,,,,-34.1286,24.4818,Gibson_bay,-,-,90,,,,,,,,,,,,,,,,,,,,,,,,,,,,,,,,,,,,,,,,,,,,2014.0,2034.0,True
ME IRP 2024,renewables,IRP23_FULL,Eskom Sere,BW1,wind,,,100.0,2014,2034,,,,,,,,,,,1513,0.0,,,,-31.4968568372347,18.0633761989106,Sere,-,-,80,,,,,,,,,,,,,,,,,,,,,,,,,,,,,,,,,,,,,,,,,,,,2014.0,2034.0,True
ME IRP 2024,renewables,IRP23_FULL,Amakhala Emoyeni,BW2,wind,,,137.9,2017,2037,,,,,,,,,,,1186,0.0,,,,-32.875797914561,25.9975301,Amakhala,-,-,80,,,,,,,,,,,,,,,,,,,,,,,,,,,,,,,,,,,,,,,,,,,,2017.0,2037.0,True
ME IRP 2024,renewables,IRP23_FULL,Aurora Wind Power,BW2,wind,,,90.8,2017,2037,,,,,,,,,,,1186,0.0,,,,-32.83425,17.9956111111111,WestCoast1,-,-,99.5,,,,,,,,,,,,,,,,,,,,,,,,,,,,,,,,,,,,,,,,,,,,2017.0,2037.0,True
ME IRP 2024,renewables,IRP23_FULL,Chaba Wind Farm,BW2,wind,,,20.6,2017,2037,,,,,,,,,,,1186,0.0,,,,-32.5901,27.9623,Chaba,-,-,100,,,,,,,,,,,,,,,,,,,,,,,,,,,,,,,,,,,,,,,,,,,,2017.0,2037.0,True
ME IRP 2024,renewables,IRP23_FULL,Gouda Wind Project,BW2,wind,,,135.2,2017,2037,,,,,,,,,,,1186,0.0,,,,-33.2564,19.0184,Gouda,-,-,91.5,,,,,,,,,,,,,,,,,,,,,,,,,,,,,,,,,,,,,,,,,,,,2017.0,2037.0,True
ME IRP 2024,renewables,IRP23_FULL,Grassridge Wind Farm,BW2,wind,,,59.8,2017,2037,,,,,,,,,,,1186,0.0,,,,-33.6551,25.5915,Grassridge,-,-,115,,,,,,,,,,,,,,,,,,,,,,,,,,,,,,,,,,,,,,,,,,,,2017.0,2037.0,True
ME IRP 2024,renewables,IRP23_FULL,Tsitsikamma Community Wind Farm,BW2,wind,,,94.8,2017,2037,,,,,,,,,,,1186,0.0,,,,-34.0735,24.5067,Tsitsikama,-,-,91,,,,,,,,,,,,,,,,,,,,,,,,,,,,,,,,,,,,,,,,,,,,2017.0,2037.0,True
ME IRP 2024,renewables,IRP23_FULL,Waainek Wind Farm,BW2,wind,,,23.4,2017,2037,,,,,,,,,,,1186,0.0,,,,-32.5901,26.4569,Waainek,-,-,100,,,,,,,,,,,,,,,,,,,,,,,,,,,,,,,,,,,,,,,,,,,,2017.0,2037.0,True
ME IRP 2024,renewables,IRP23_FULL,Dorper Wind Farm,BW3,wind,,,97.0,2018,2038,,,,,,,,,,,868,0.0,,,,-31.4809,26.4393,Dorper,-,-,115,,,,,,,,,,,,,,,,,,,,,,,,,,,,,,,,,,,,,,,,,,,,2018.0,2038.0,True
ME IRP 2024,renewables,IRP23_FULL,Khobab Wind Farm,BW3,wind,,,137.7,2018,2038,,,,,,,,,,,868,0.0,,,,-30.4344,19.5538,Khobab,-,-,91.5,,,,,,,,,,,,,,,,,,,,,,,,,,,,,,,,,,,,,,,,,,,,2018.0,2038.0,True
ME IRP 2024,renewables,IRP23_FULL,Loeriesfontein 2 Wind Farm,BW3,wind,,,138.2,2018,2038,,,,,,,,,,,868,0.0,,,,-30.38040403,19.58928465,Loeriesfontein2,-,-,94,,,,,,,,,,,,,,,,,,,,,,,,,,,,,,,,,,,,,,,,,,,,2018.0,2038.0,True
ME IRP 2024,renewables,IRP23_FULL,Longyuan Mulilo De Aar Maanhaarberg Wind Energy Facility,BW3,wind,,,139.0,2018,2038,,,,,,,,,,,868,0.0,,,,-30.7166666666666,23.9205555555555,Mulilo_de_aar1,-,-,84,,,,,,,,,,,,,,,,,,,,,,,,,,,,,,,,,,,,,,,,,,,,2018.0,2038.0,True
ME IRP 2024,renewables,IRP23_FULL,Longyuan Mulilo Green Energy De Aar 2 North Wind Energy Facility,BW3,wind,,,96.5,2018,2038,,,,,,,,,,,868,0.0,,,,-30.7349,23.8665,Mulilo_de_aar2,-,-,117,,,,,,,,,,,,,,,,,,,,,,,,,,,,,,,,,,,,,,,,,,,,2018.0,2038.0,True
ME IRP 2024,renewables,IRP23_FULL,Nojoli Wind Farm,BW3,wind,,,86.6,2018,2038,,,,,,,,,,,868,0.0,,,,-32.771,25.91566,Nojoli,-,-,100,,,,,,,,,,,,,,,,,,,,,,,,,,,,,,,,,,,,,,,,,,,,2018.0,2038.0,True
ME IRP 2024,renewables,IRP23_FULL,Noupoort Wind Farm,BW3,wind,,,79.1,2018,2038,,,,,,,,,,,868,0.0,,,,-31.1728143217172,25.0164487289082,Noupoort,-,-,100,,,,,,,,,,,,,,,,,,,,,,,,,,,,,,,,,,,,,,,,,,,,2018.0,2038.0,True
ME IRP 2024,renewables,IRP23_FULL,Copperton Windfarm,BW4,wind,,,102.0,2021,2041,,,,,,,,,,,687,0.0,,,,-29.9078,22.3391,Copperton,-,-,100,,,,,,,,,,,,,,,,,,,,,,,,,,,,,,,,,,,,,,,,,,,,2021.0,2041.0,True
ME IRP 2024,renewables,IRP23_FULL,Excelsior Wind Energy Facility,BW4,wind,,,31.9,2021,2041,,,,,,,,,,,687,0.0,,,,-34.2423,20.2307,Exelsior,-,-,100,,,,,,,,,,,,,,,,,,,,,,,,,,,,,,,,,,,,,,,,,,,,2021.0,2041.0,True
ME IRP 2024,renewables,IRP23_FULL,Garob Wind Farm,BW4,wind,,,135.9,2021,2041,,,,,,,,,,,687,0.0,,,,-29.959,22.4131,Garob,-,-,100,,,,,,,,,,,,,,,,,,,,,,,,,,,,,,,,,,,,,,,,,,,,2021.0,2041.0,True
ME IRP 2024,renewables,IRP23_FULL,Golden Valley Wind,BW4,wind,,,117.72,2021,2041,,,,,,,,,,,687,0.0,,,,-32.8875,25.9418,Golden_valley,-,-,100,,,,,,,,,,,,,,,,,,,,,,,,,,,,,,,,,,,,,,,,,,,,2021.0,2041.0,True
ME IRP 2024,renewables,IRP23_FULL,Kangnas Wind Farm,BW4,wind,,,136.7,2021,2041,,,,,,,,,,,687,0.0,,,,-29.6001,18.357,Kangnas,-,-,100,,,,,,,,,,,,,,,,,,,,,,,,,,,,,,,,,,,,,,,,,,,,2021.0,2041.0,True
ME IRP 2024,renewables,IRP23_FULL,The Karusa Wind Farm,BW4,wind,,,139.8,2021,2041,,,,,,,,,,,687,0.0,,,,-32.8858,20.6567,Karusa,-,-,100,,,,,,,,,,,,,,,,,,,,,,,,,,,,,,,,,,,,,,,,,,,,2021.0,2041.0,True
ME IRP 2024,renewables,IRP23_FULL,Nxuba Wind Farm,BW4,wind,,,138.9,2021,2041,,,,,,,,,,,687,0.0,,,,-32.73767,25.96684,Nxuba,-,-,100,,,,,,,,,,,,,,,,,,,,,,,,,,,,,,,,,,,,,,,,,,,,2021.0,2041.0,True
ME IRP 2024,renewables,IRP23_FULL,Oyster Bay Wind Farm,BW4,wind,,,140.0,2021,2041,,,,,,,,,,,687,0.0,,,,-34.11639,24.64889,Oyster_bay,-,-,100,,,,,,,,,,,,,,,,,,,,,,,,,,,,,,,,,,,,,,,,,,,,2021.0,2041.0,True
ME IRP 2024,renewables,IRP23_FULL,Perdekraal East Wind Farm,BW4,wind,,,107.76,2021,2041,,,,,,,,,,,687,0.0,,,,-33.0544444444444,20.1002777777777,Perdekraal_east,-,-,100,,,,,,,,,,,,,,,,,,,,,,,,,,,,,,,,,,,,,,,,,,,,2021.0,2041.0,True
ME IRP 2024,renewables,IRP23_FULL,Roggeveld Wind Farm,BW4,wind,,,140.0,2021,2041,,,,,,,,,,,687,0.0,,,,-32.9172333333333,20.5090888888888,Roggeveld,-,-,100,,,,,,,,,,,,,,,,,,,,,,,,,,,,,,,,,,,,,,,,,,,,2021.0,2041.0,True
ME IRP 2024,renewables,IRP23_FULL,Soetwater Wind Farm,BW4,wind,,,139.4,2021,2041,,,,,,,,,,,687,0.0,,,,-32.754,20.6396,Soetwater,-,-,100,,,,,,,,,,,,,,,,,,,,,,,,,,,,,,,,,,,,,,,,,,,,2021.0,2041.0,True
ME IRP 2024,renewables,IRP23_FULL,Wesley Ciskei,BW5,wind,,,32.7,2025,2045,,,,,,,,,,,600,0.0,,,,-33.29028,27.37222,Wesley_ciskei,-,-,100,,,,,,,,,,,,,,,,,,,,,,,,,,,,,,,,,,,,,,,,,,,,2025.0,2045.0,False
ME IRP 2024,renewables,IRP23_FULL,Beaufort_west,BW5,wind,,,140.0,2025,2045,,,,,,,,,,,600,0.0,,,,-31.760392,22.412619,Beaufort_west,-,-,100,,,,,,,,,,,,,,,,,,,,,,,,,,,,,,,,,,,,,,,,,,,,2025.0,2045.0,False
ME IRP 2024,renewables,IRP23_FULL,Brandvalley,BW5,wind,,,140.0,2025,2045,,,,,,,,,,,600,0.0,,,,-33.0943,20.5792,Brandvalley,-,-,100,,,,,,,,,,,,,,,,,,,,,,,,,,,,,,,,,,,,,,,,,,,,2025.0,2045.0,False
ME IRP 2024,renewables,IRP23_FULL,Coleskop,BW5,wind,,,140.0,2025,2045,,,,,,,,,,,600,0.0,,,,-31.4022,24.8035,Coleskop,-,-,124,,,,,,,,,,,,,,,,,,,,,,,,,,,,,,,,,,,,,,,,,,,,2025.0,2045.0,False
ME IRP 2024,renewables,IRP23_FULL,Dwarsrug,BW5,wind,,,124.0,2025,2045,,,,,,,,,,,600,0.0,,,,-30.4761,19.6527,Dwarsrug,-,-,100,,,,,,,,,,,,,,,,,,,,,,,,,,,,,,,,,,,,,,,,,,,,2025.0,2045.0,False
ME IRP 2024,renewables,IRP23_FULL,Phezukomoya,BW5,wind,,,140.0,2025,2045,,,,,,,,,,,600,0.0,,,,-31.2525,24.9523,Phezukomoya,-,-,100,,,,,,,,,,,,,,,,,,,,,,,,,,,,,,,,,,,,,,,,,,,,2025.0,2045.0,False
ME IRP 2024,renewables,IRP23_FULL,Rietkloof,BW5,wind,,,140.0,2025,2045,,,,,,,,,,,600,0.0,,,,-33.1914,20.5845,Rietkloof,-,-,100,,,,,,,,,,,,,,,,,,,,,,,,,,,,,,,,,,,,,,,,,,,,2025.0,2045.0,False
ME IRP 2024,renewables,IRP23_FULL,Rietrug,BW5,wind,,,140.0,2025,2045,,,,,,,,,,,600,0.0,,,,-32.6198,21.0376,Rietrug,-,-,100,,,,,,,,,,,,,,,,,,,,,,,,,,,,,,,,,,,,,,,,,,,,2025.0,2045.0,False
ME IRP 2024,renewables,IRP23_FULL,San_Kraal,BW5,wind,,,140.0,2025,2045,,,,,,,,,,,600,0.0,,,,-29.7853,18.4065,San_Kraal,-,-,100,,,,,,,,,,,,,,,,,,,,,,,,,,,,,,,,,,,,,,,,,,,,2025.0,2045.0,False
ME IRP 2024,renewables,IRP23_FULL,Sutherland,BW5,wind,,,140.0,2025,2045,,,,,,,,,,,600,0.0,,,,-32.6154678814262,26.46914,Sutherland,-,-,100,,,,,,,,,,,,,,,,,,,,,,,,,,,,,,,,,,,,,,,,,,,,2025.0,2045.0,False
ME IRP 2024,renewables,IRP23_FULL,Waaihoek,BW5,wind,,,140.0,2025,2045,,,,,,,,,,,600,0.0,,,,-33.2564,20.7423012873684,Waaihoek,-,-,100,,,,,,,,,,,,,,,,,,,,,,,,,,,,,,,,,,,,,,,,,,,,2025.0,2045.0,False
ME IRP 2024,renewables,IRP23_FULL,Wolf,BW5,wind,,,84.0,2025,2045,,,,,,,,,,,600,0.0,,,,-33.1538,25.5536,Wolf,-,-,100,,,,,,,,,,,,,,,,,,,,,,,,,,,,,,,,,,,,,,,,,,,,2025.0,2045.0,False
ME IRP 2024,renewables,IRP23_FULL,Kaxu Solar One,BW1,solar_csp,,,100.0,2015,2045,,,,,,,,,,,3554,0.0,,,,-28.8793,19.5929,Kaxu,-,-,-,3,,,,,,,,,,,,,,,,,,,,,,,,,,,,,,,,,,,,,,,,,,,2015.0,2045.0,True
ME IRP 2024,renewables,IRP23_FULL,Khi Solar One,BW1,solar_csp,,,50.0,2015,2045,,,,,,,,,,,3554,0.0,,,,-28.5364,21.0782,Khi,-,-,-,6,,,,,,,,,,,,,,,,,,,,,,,,,,,,,,,,,,,,,,,,,,,2015.0,2045.0,True
ME IRP 2024,renewables,IRP23_FULL,Bokpoort CSP project,BW2,solar_csp,,,50.0,2016,2046,,,,,,,,,,,3324,0.0,,,,-28.7333,21.9955,Bokpoort,-,-,-,9,,,,,,,,,,,,,,,,,,,,,,,,,,,,,,,,,,,,,,,,,,,2016.0,2046.0,True
ME IRP 2024,renewables,IRP23_FULL,!XiNa Solar One,BW3,solar_csp,,,100.0,2017,2047,,,,,,,,,,,3114,0.0,,,,-28.8906,19.5918,!XiNa,-,-,-,6,,,,,,,,,,,,,,,,,,,,,,,,,,,,,,,,,,,,,,,,,,,2017.0,2047.0,True
ME IRP 2024,renewables,IRP23_FULL,Karoshoek Solar One,BW3,solar_csp,,,100.0,2019,2049,,,,,,,,,,,3114,0.0,,,,-28.4819,21.5204,Karoshoek,-,-,-,6,,,,,,,,,,,,,,,,,,,,,,,,,,,,,,,,,,,,,,,,,,,2019.0,2049.0,True
ME IRP 2024,renewables,IRP23_FULL,Kathu Solar Park,BW3.5,solar_csp,,,100.0,2019,2049,,,,,,,,,,,2902,0.0,,,,-27.6095,23.0276,Kathu,-,-,-,6,,,,,,,,,,,,,,,,,,,,,,,,,,,,,,,,,,,,,,,,,,,2019.0,2049.0,True
ME IRP 2024,renewables,IRP23_FULL,Redstone Solar Thermal Power Plant,BW3.5,solar_csp,,,100.0,2024,beyond 2050,,,,,,,,,,,2902,0.0,,,,-28.3095221110232,23.1040633712854,Redstone,-,-,-,9,,,,,,,,,,,,,,,,,,,,,,,,,,,,,,,,,,,,,,,,,,,2024.0,2050.0,False
ME IRP 2024,renewables,IRP23_FULL,Neusberg Hydro Electrical Project,IPP,hydro,,,10.0,2020,beyond 2050,,,,,,,,,,,1363,0.0,,,,-28.7526965922516,20.5335002983643,Neusberg,-,-,-,-,,,,,,,,,,,,,,,,,,,,,,,,,,,,,,,,,,,,,,,,,,,2020.0,2050.0,True
ME IRP 2024,renewables,IRP23_FULL,Stortemelk Hydro,IPP,hydro,,,4.22,2020,beyond 2050,,,,,,,,,,,1363,0.0,,,,-28.5141541489407,28.4101438223705,Stortemelk,-,-,-,-,,,,,,,,,,,,,,,,,,,,,,,,,,,,,,,,,,,,,,,,,,,2020.0,2050.0,True
ME IRP 2024,renewables,IRP23_FULL,Kruisvallei Hydro,IPP,hydro,,,3.8,2020,beyond 2050,,,,,,,,,,,1240,0.0,,,,-28.2425030696516,28.3076832839413,Kruisvallei,-,-,-,-,,,,,,,,,,,,,,,,,,,,,,,,,,,,,,,,,,,,,,,,,,,2020.0,2050.0,True
ME IRP 2024,renewables,IRP23_FULL,ColleyWobbles,IPP,hydro,,,65.0,2020,beyond 2050,,,,,,,,,,,300,0.0,,,,-32.05,28.58333,ColleyWobbles,-,-,-,-,,,,,,,,,,,,,,,,,,,,,,,,,,,,,,,,,,,,,,,,,,,2020.0,2050.0,True
ME IRP 2024,renewables,IRP23_FULL,CahoraBassa,CahoraBassa,hydro_import,,,1764.0,2020,beyond 2050,,,,,,,,,,,300,0.0,,,,-25.91988,28.27627,CahoraBassa,-,-,-,-,,,,,,,,,,,,,,,,,,,,,,,,,,,,,,,,,,,,,,,,,,,2020.0,2050.0,True
ME IRP 2024,renewables,IRP23_FULL,ENERGY Joburg Landfill Gas to Electircity Project,IPP,bioenergy,,,7.56,2020,2049,,,,,,,,,,,1109,0.0,,,,-26.1949542428945,28.0325284000202,Jhb_landfill,-,-,-,-,,,,,,,,,,,,,,,,,,,,,,,,,,,,,,,,,,,,,,,,,,,2020.0,2049.0,True
ME IRP 2024,renewables,IRP23_FULL,Mkuze,IPP,bioenergy,,,16.5,2030,beyond 2050,,,,,,,,,,,1500,0.0,,,,-27.618037149128,32.0345129341963,Mkuze,-,-,-,-,,,,,,,,,,,,,,,,,,,,,,,,,,,,,,,,,,,,,,,,,,,2030.0,2050.0,False
ME IRP 2024,renewables,IRP23_FULL,Ngodwana Energy,IPP,bioenergy,,,25.0,2020,beyond 2050,,,,,,,,,,,1500,0.0,,,,-25.4808983658985,30.9743048364687,Ngodwana,-,-,-,-,,,,,,,,,,,,,,,,,,,,,,,,,,,,,,,,,,,,,,,,,,,2020.0,2050.0,True
ME IRP 2024,renewables,IRP23_FULL,Mondi,IPP,bioenergy,,,120.0,2020,beyond 2050,,,,,,,,,,,500,0.0,,,,,,Mondi,-,-,-,-,,,,,,,,,,,,,,,,,,,,,,,,,,,,,,,,,,,,,,,,,,,2020.0,2050.0,True
ME IRP 2024,renewables,IRP23_FULL,Sappi,IPP,bioenergy,,,144.0,2020,beyond 2050,,,,,,,,,,,500,0.0,,,,-25.3447,30.394,Sappi,-,-,-,-,,,,,,,,,,,,,,,,,,,,,,,,,,,,,,,,,,,,,,,,,,,2020.0,2050.0,True
ME IRP 2024,renewables,IRP23_FULL,Existing distributed solar PV,existing,solar_pv_rooftop,,,642.0,2023,beyond 2050,,,,,,,,,,,0,0.0,,,,-25.3447,30.394,Western Cape,-,-,-,-,,,,,,,,,,,,,,,,,,,,,,,,,,,,,,,,,,,,,,,,,,,2023.0,2050.0,True
ME IRP 2024,renewables,IRP23_FULL,Existing distributed solar PV,existing,solar_pv_rooftop,,,208.0,2023,beyond 2050,,,,,,,,,,,0,0.0,,,,-25.3447,30.394,Northern Cape,-,-,-,-,,,,,,,,,,,,,,,,,,,,,,,,,,,,,,,,,,,,,,,,,,,2023.0,2050.0,True
ME IRP 2024,renewables,IRP23_FULL,Existing distributed solar PV,existing,solar_pv_rooftop,,,368.0,2023,beyond 2050,,,,,,,,,,,0,0.0,,,,-25.3447,30.394,Eastern Cape,-,-,-,-,,,,,,,,,,,,,,,,,,,,,,,,,,,,,,,,,,,,,,,,,,,2023.0,2050.0,True
ME IRP 2024,renewables,IRP23_FULL,Existing distributed solar PV,existing,solar_pv_rooftop,,,308.0,2023,beyond 2050,,,,,,,,,,,0,0.0,,,,-25.3447,30.394,Free State,-,-,-,-,,,,,,,,,,,,,,,,,,,,,,,,,,,,,,,,,,,,,,,,,,,2023.0,2050.0,True
ME IRP 2024,renewables,IRP23_FULL,Existing distributed solar PV,existing,solar_pv_rooftop,,,811.0,2023,beyond 2050,,,,,,,,,,,0,0.0,,,,-25.3447,30.394,KwaZulu Natal,-,-,-,-,,,,,,,,,,,,,,,,,,,,,,,,,,,,,,,,,,,,,,,,,,,2023.0,2050.0,True
ME IRP 2024,renewables,IRP23_FULL,Existing distributed solar PV,existing,solar_pv_rooftop,,,1504.0,2023,beyond 2050,,,,,,,,,,,0,0.0,,,,-25.3447,30.394,Gauteng,-,-,-,-,,,,,,,,,,,,,,,,,,,,,,,,,,,,,,,,,,,,,,,,,,,2023.0,2050.0,True
ME IRP 2024,renewables,IRP23_FULL,Existing distributed solar PV,existing,solar_pv_rooftop,,,669.0,2023,beyond 2050,,,,,,,,,,,0,0.0,,,,-25.3447,30.394,North West,-,-,-,-,,,,,,,,,,,,,,,,,,,,,,,,,,,,,,,,,,,,,,,,,,,2023.0,2050.0,True
ME IRP 2024,renewables,IRP23_FULL,Existing distributed solar PV,existing,solar_pv_rooftop,,,413.0,2023,beyond 2050,,,,,,,,,,,0,0.0,,,,-25.3447,30.394,Limpopo,-,-,-,-,,,,,,,,,,,,,,,,,,,,,,,,,,,,,,,,,,,,,,,,,,,2023.0,2050.0,True
ME IRP 2024,renewables,IRP23_FULL,Existing distributed solar PV,existing,solar_pv_rooftop,,,516.0,2023,beyond 2050,,,,,,,,,,,0,0.0,,,,-25.3447,30.394,Mpumalanga,-,-,-,-,,,,,,,,,,,,,,,,,,,,,,,,,,,,,,,,,,,,,,,,,,,2023.0,2050.0,True
ME IRP 2024,renewables,BASE,Aries Solar,BW1,solar_pv,,,9.65,2014,2039,,,,,,,,,,,3649,0.0,,,,-29.496506,20.785119,Aries,Fixed Tilt,1.14,-,,,,,,,,,,,,,,,,,,,,,,,,,,,,,,,,,,,,,,,,,,,,2014.0,2039.0,True
ME IRP 2024,renewables,BASE,De Aar Solar PV,BW1,solar_pv,,,48.25,2014,2039,,,,,,,,,,,3649,0.0,,,,-30.6234,24.0283,De_Aar,Fixed Tilt,1.04,-,,,,,,,,,,,,,,,,,,,,,,,,,,,,,,,,,,,,,,,,,,,,2014.0,2039.0,True
ME IRP 2024,renewables,BASE,Droogfontein Solar PV Project,BW1,solar_pv,,,48.25,2014,2039,,,,,,,,,,,3649,0.0,,,,-28.6133,24.7468,Droogfontein1,Fixed Tilt,1.04,-,,,,,,,,,,,,,,,,,,,,,,,,,,,,,,,,,,,,,,,,,,,,2014.0,2039.0,True
ME IRP 2024,renewables,BASE,Greefspan PV Power Plant1,BW1,solar_pv,,,10.0,2014,2039,,,,,,,,,,,3649,0.0,,,,-29.393781,23.307708,Greefspan1,Single Axis,1.1,-,,,,,,,,,,,,,,,,,,,,,,,,,,,,,,,,,,,,,,,,,,,,2014.0,2039.0,True
ME IRP 2024,renewables,BASE,Herbert PV Power Plant,BW1,solar_pv,,,19.9,2014,2039,,,,,,,,,,,3649,0.0,,,,-29.0019,23.8019,Herbert,Fixed Tilt,1.11,-,,,,,,,,,,,,,,,,,,,,,,,,,,,,,,,,,,,,,,,,,,,,2014.0,2039.0,True
ME IRP 2024,renewables,BASE,Kalkbult,BW1,solar_pv,,,72.5,2014,2039,,,,,,,,,,,3649,0.0,,,,-30.1607,24.1349,Kalkbult,Fixed Tilt,1.03,-,,,,,,,,,,,,,,,,,,,,,,,,,,,,,,,,,,,,,,,,,,,,2014.0,2039.0,True
ME IRP 2024,renewables,BASE,Kathu Solar Energy Facility,BW1,solar_pv,,,75.0,2014,2039,,,,,,,,,,,3649,0.0,,,,-27.612908,23.025886,Kathu,Single Axis,1.08,-,,,,,,,,,,,,,,,,,,,,,,,,,,,,,,,,,,,,,,,,,,,,2014.0,2039.0,True
ME IRP 2024,renewables,BASE,Konkoonsies Solar,BW1,solar_pv,,,9.65,2014,2039,,,,,,,,,,,3649,0.0,,,,-28.889147,19.555275,Konkoonsies,Fixed Tilt,1.14,-,,,,,,,,,,,,,,,,,,,,,,,,,,,,,,,,,,,,,,,,,,,,2014.0,2039.0,True
ME IRP 2024,renewables,BASE,Lesedi Power Company,BW1,solar_pv,,,64.0,2014,2039,,,,,,,,,,,3649,0.0,,,,-28.3154,23.3501,Lesedi,Fixed Tilt,1.17,-,,,,,,,,,,,,,,,,,,,,,,,,,,,,,,,,,,,,,,,,,,,,2014.0,2039.0,True
ME IRP 2024,renewables,BASE,Letsatsi Power Company,BW1,solar_pv,,,64.0,2014,2039,,,,,,,,,,,3649,0.0,,,,-28.9134,25.9199,Letsatsi,Fixed Tilt,1.17,-,,,,,,,,,,,,,,,,,,,,,,,,,,,,,,,,,,,,,,,,,,,,2014.0,2039.0,True
ME IRP 2024,renewables,BASE,Mulilo Renewable Energy Solar PV De Aar,BW1,solar_pv,,,9.65,2014,2039,,,,,,,,,,,3649,0.0,,,,-30.6279,24.005453,Mulilo_De_ Aar,Fixed Tilt,1.04,-,,,,,,,,,,,,,,,,,,,,,,,,,,,,,,,,,,,,,,,,,,,,2014.0,2039.0,True
ME IRP 2024,renewables,BASE,Mulilo Renewable Energy Solar PV Prieska,BW1,solar_pv,,,19.9,2014,2039,,,,,,,,,,,3649,0.0,,,,-29.967661,22.319683,Mulilo_Prieska,Fixed Tilt,1.01,-,,,,,,,,,,,,,,,,,,,,,,,,,,,,,,,,,,,,,,,,,,,,2014.0,2039.0,True
ME IRP 2024,renewables,BASE,RustMo1 Solar Farm,BW1,solar_pv,,,6.76,2013,2038,,,,,,,,,,,3649,0.0,,,,-25.737892,27.418314,RustMo1,Fixed Tilt,1.04,-,,,,,,,,,,,,,,,,,,,,,,,,,,,,,,,,,,,,,,,,,,,,2013.0,2038.0,True
ME IRP 2024,renewables,BASE,SlimSun Swartland Solar Park,BW1,solar_pv,,,5.0,2015,2040,,,,,,,,,,,3649,0.0,,,,-33.35,18.529708,SlimSun,Fixed Tilt,1.2,-,,,,,,,,,,,,,,,,,,,,,,,,,,,,,,,,,,,,,,,,,,,,2015.0,2040.0,True
ME IRP 2024,renewables,BASE,Solar Capital De Aar,BW1,solar_pv,,,75.0,2014,2039,,,,,,,,,,,3649,0.0,,,,-30.604753,24.095239,Solar_Capital,Fixed Tilt,1.13,-,,,,,,,,,,,,,,,,,,,,,,,,,,,,,,,,,,,,,,,,,,,,2014.0,2039.0,True
ME IRP 2024,renewables,BASE,Soutpan Solar Park,BW1,solar_pv,,,28.0,2014,2039,,,,,,,,,,,3649,0.0,,,,-22.991667,29.251667,Soutpan,Fixed Tilt,1.11,-,,,,,,,,,,,,,,,,,,,,,,,,,,,,,,,,,,,,,,,,,,,,2014.0,2039.0,True
ME IRP 2024,renewables,BASE,Touwsrivier Project,BW1,solar_pv,,,36.0,2014,2039,,,,,,,,,,,3649,0.0,,,,-33.410389,19.9276,Touwsrivier,Single Axis,1,-,,,,,,,,,,,,,,,,,,,,,,,,,,,,,,,,,,,,,,,,,,,,2014.0,2039.0,True
ME IRP 2024,renewables,BASE,Witkop Solar Park,BW1,solar_pv,,,30.0,2014,2039,,,,,,,,,,,3649,0.0,,,,-24.041667,29.361667,Witkop,Single Axis,1.1,-,,,,,,,,,,,,,,,,,,,,,,,,,,,,,,,,,,,,,,,,,,,,2014.0,2039.0,True
ME IRP 2024,renewables,BASE,Aurora,BW2,solar_pv,,,9.0,2014,2039,,,,,,,,,,,2176,0.0,,,,-32.641344,18.497289,Aurora,Fixed Tilt,1.17,-,,,,,,,,,,,,,,,,,,,,,,,,,,,,,,,,,,,,,,,,,,,,2014.0,2039.0,True
ME IRP 2024,renewables,BASE,Boshoff Solar Park,BW2,solar_pv,,,60.0,2014,2039,,,,,,,,,,,2176,0.0,,,,-28.4628,25.1891,Boshoff,Single Axis,1.1,-,,,,,,,,,,,,,,,,,,,,,,,,,,,,,,,,,,,,,,,,,,,,2014.0,2039.0,True
ME IRP 2024,renewables,BASE,Jasper Power Company,BW2,solar_pv,,,75.0,2014,2039,,,,,,,,,,,2176,0.0,,,,-28.3133,23.3751,Jasper,Fixed Tilt,1.28,-,,,,,,,,,,,,,,,,,,,,,,,,,,,,,,,,,,,,,,,,,,,,2014.0,2039.0,True
ME IRP 2024,renewables,BASE,Linde,BW2,solar_pv,,,36.8,2013,2038,,,,,,,,,,,2176,0.0,,,,-30.9986,24.6506,Linde,Single Axis,1,-,,,,,,,,,,,,,,,,,,,,,,,,,,,,,,,,,,,,,,,,,,,,2013.0,2038.0,True
ME IRP 2024,renewables,BASE,Project Dreunberg,BW2,solar_pv,,,69.9,2014,2039,,,,,,,,,,,2176,0.0,,,,-30.8373,26.2055,Dreunberg,Fixed Tilt,1.07,-,,,,,,,,,,,,,,,,,,,,,,,,,,,,,,,,,,,,,,,,,,,,2014.0,2039.0,True
ME IRP 2024,renewables,BASE,Sishen Solar Facility,BW2,solar_pv,,,74.0,2014,2039,,,,,,,,,,,2176,0.0,,,,-27.583611,22.932778,Sishen,Single Axis,1.27,-,,,,,,,,,,,,,,,,,,,,,,,,,,,,,,,,,,,,,,,,,,,,2014.0,2039.0,True
ME IRP 2024,renewables,BASE,Solar Capital De Aar 3,BW2,solar_pv,,,75.0,2014,2039,,,,,,,,,,,2176,0.0,,,,-30.604753,24.095239,Solar_Capital2,Fixed Tilt,1,-,,,,,,,,,,,,,,,,,,,,,,,,,,,,,,,,,,,,,,,,,,,,2014.0,2039.0,True
ME IRP 2024,renewables,BASE,Upington Solar PV,BW2,solar_pv,,,8.9,2014,2039,,,,,,,,,,,2176,0.0,,,,-28.5493,21.1038,Upington,Fixed Tilt,1.12,-,,,,,,,,,,,,,,,,,,,,,,,,,,,,,,,,,,,,,,,,,,,,2014.0,2039.0,True
ME IRP 2024,renewables,BASE,Vredendal,BW2,solar_pv,,,8.8,2014,2039,,,,,,,,,,,2176,0.0,,,,-31.634886,18.505356,Vredendal,Fixed Tilt,1.19,-,,,,,,,,,,,,,,,,,,,,,,,,,,,,,,,,,,,,,,,,,,,,2014.0,2039.0,True
ME IRP 2024,renewables,BASE,Adams Solar PV 2,BW3,solar_pv,,,75.0,2017,2042,,,,,,,,,,,1165,0.0,,,,-27.378969,23.012989,Adams,Fixed Tilt,1.1,-,,,,,,,,,,,,,,,,,,,,,,,,,,,,,,,,,,,,,,,,,,,,2017.0,2042.0,True
ME IRP 2024,renewables,BASE,Electra Capital (Pty) Ltd,BW3,solar_pv,,,75.0,2016,2041,,,,,,,,,,,1165,0.0,,,,-32.4148,18.7379,Electra_Capital,Fixed Tilt,1,-,,,,,,,,,,,,,,,,,,,,,,,,,,,,,,,,,,,,,,,,,,,,2016.0,2041.0,True
ME IRP 2024,renewables,BASE,Mulilo Prieska PV,BW3,solar_pv,,,75.0,2016,2041,,,,,,,,,,,1165,0.0,,,,-30.0375,22.317222,Mulilo_Prieska2,Fixed Tilt,1.15,-,,,,,,,,,,,,,,,,,,,,,,,,,,,,,,,,,,,,,,,,,,,,2016.0,2041.0,True
ME IRP 2024,renewables,BASE,Mulilo Sonnedix Prieska PV,BW3,solar_pv,,,75.0,2016,2041,,,,,,,,,,,1165,0.0,,,,-30.024444,22.362778,Mulilo_Prieska3,Single Axis,1.15,-,,,,,,,,,,,,,,,,,,,,,,,,,,,,,,,,,,,,,,,,,,,,2016.0,2041.0,True
ME IRP 2024,renewables,BASE,Pulida Solar Park,BW3,solar_pv,,,75.0,2017,2042,,,,,,,,,,,1165,0.0,,,,-29.086944,24.903333,Pulida,Fixed Tilt,1.1,-,,,,,,,,,,,,,,,,,,,,,,,,,,,,,,,,,,,,,,,,,,,,2017.0,2042.0,True
ME IRP 2024,renewables,BASE,Tom Burke Solar Park,BW3,solar_pv,,,60.0,2016,2041,,,,,,,,,,,1165,0.0,,,,-23.072778,27.989444,Tom_Burke,Fixed Tilt,1.1,-,,,,,,,,,,,,,,,,,,,,,,,,,,,,,,,,,,,,,,,,,,,,2016.0,2041.0,True
ME IRP 2024,renewables,BASE,Aggeneys Solar,BW4,solar_pv,,,40.0,2020,2045,,,,,,,,,,,872,0.0,,,,-29.235794,18.897656,Aggeneys,Single Axis,1.15,-,,,,,,,,,,,,,,,,,,,,,,,,,,,,,,,,,,,,,,,,,,,,2020.0,2045.0,True
ME IRP 2024,renewables,BASE,Bokamoso,BW4,solar_pv,,,67.9,2020,2045,,,,,,,,,,,872,0.0,,,,-27.1583,26.4009,Bokamoso,Single Axis,1.15,-,,,,,,,,,,,,,,,,,,,,,,,,,,,,,,,,,,,,,,,,,,,,2020.0,2045.0,True
ME IRP 2024,renewables,BASE,De Wildt,BW4,solar_pv,,,50.0,2021,2046,,,,,,,,,,,872,0.0,,,,-25.6332,27.9307,De_Wildt,Single Axis,1.16,-,,,,,,,,,,,,,,,,,,,,,,,,,,,,,,,,,,,,,,,,,,,,2021.0,2046.0,True
ME IRP 2024,renewables,BASE,Droogfontein Solar Power,BW4,solar_pv,,,75.0,2020,2045,,,,,,,,,,,872,0.0,,,,-28.5677,24.7023,Droogfontein2,Single Axis,1.15,-,,,,,,,,,,,,,,,,,,,,,,,,,,,,,,,,,,,,,,,,,,,,2020.0,2045.0,True
ME IRP 2024,renewables,BASE,Dyasons Klip 1,BW4,solar_pv,,,75.0,2020,2045,,,,,,,,,,,872,0.0,,,,-28.5493,21.1038,Dyasons_Klip1,Single Axis,1.15,-,,,,,,,,,,,,,,,,,,,,,,,,,,,,,,,,,,,,,,,,,,,,2020.0,2045.0,True
ME IRP 2024,renewables,BASE,Dyasons Klip 2,BW4,solar_pv,,,75.0,2020,2045,,,,,,,,,,,872,0.0,,,,-28.5707,21.0613,Dyasons_Klip2,Single Axis,1.15,-,,,,,,,,,,,,,,,,,,,,,,,,,,,,,,,,,,,,,,,,,,,,2020.0,2045.0,True
ME IRP 2024,renewables,BASE,Greefspan PV Power Plant2,BW4,solar_pv,,,55.0,2021,2046,,,,,,,,,,,872,0.0,,,,-29.3857,23.3172,Greefspan2,Single Axis,1.15,-,,,,,,,,,,,,,,,,,,,,,,,,,,,,,,,,,,,,,,,,,,,,2021.0,2046.0,True
ME IRP 2024,renewables,BASE,Konkoonsies II Solar PV Facility,BW4,solar_pv,,,75.0,2020,2045,,,,,,,,,,,872,0.0,,,,-28.898811,19.557383,Konkoonsies2,Single Axis,1.15,-,,,,,,,,,,,,,,,,,,,,,,,,,,,,,,,,,,,,,,,,,,,,2020.0,2045.0,True
ME IRP 2024,renewables,BASE,Loeriesfontein Orange,BW4,solar_pv,,,75.0,2023,2048,,,,,,,,,,,872,0.0,,,,-30.91810861,19.44104346,Loeriesfontein,Single Axis,1.15,-,,,,,,,,,,,,,,,,,,,,,,,,,,,,,,,,,,,,,,,,,,,,2023.0,2048.0,True
ME IRP 2024,renewables,BASE,Sirius Solar PV Project One,BW4,solar_pv,,,75.0,2020,2045,,,,,,,,,,,872,0.0,,,,-28.547361,21.09495,Sirius,Single Axis,1.15,-,,,,,,,,,,,,,,,,,,,,,,,,,,,,,,,,,,,,,,,,,,,,2020.0,2045.0,True
ME IRP 2024,renewables,BASE,Waterloo Solar Park,BW4,solar_pv,,,75.0,2020,2045,,,,,,,,,,,872,0.0,,,,-27.0322,24.7931,Waterloo,Single Axis,1.15,-,,,,,,,,,,,,,,,,,,,,,,,,,,,,,,,,,,,,,,,,,,,,2020.0,2045.0,True
ME IRP 2024,renewables,BASE,Zeerust,BW4,solar_pv,,,75.0,2021,2046,,,,,,,,,,,872,0.0,,,,-25.5748,26.0718,Zeerust,Single Axis,1.15,-,,,,,,,,,,,,,,,,,,,,,,,,,,,,,,,,,,,,,,,,,,,,2021.0,2046.0,True
ME IRP 2024,renewables,BASE,Du Plessis Dam Solar PV 1,BW5,solar_pv,,,75.0,2024,2049,,,,,,,,,,,600,0.0,,,,-30.6315,24.0398,Du_Plessis,Single Axis,1.15,-,,,,,,,,,,,,,,,,,,,,,,,,,,,,,,,,,,,,,,,,,,,,2024.0,2049.0,False
ME IRP 2024,renewables,BASE,Graspan Solar PV Project,BW5,solar_pv,,,75.0,2024,2049,,,,,,,,,,,600,0.0,,,,-29.3662,24.417,Graspan,Single Axis,1.15,-,,,,,,,,,,,,,,,,,,,,,,,,,,,,,,,,,,,,,,,,,,,,2024.0,2049.0,False
ME IRP 2024,renewables,BASE,Grootfontein PV 1,BW5,solar_pv,,,75.0,2024,2049,,,,,,,,,,,600,0.0,,,,-32.9583,19.9319,Grootfontein1,Single Axis,1.15,-,,,,,,,,,,,,,,,,,,,,,,,,,,,,,,,,,,,,,,,,,,,,2024.0,2049.0,False
ME IRP 2024,renewables,BASE,Grootfontein PV 2,BW5,solar_pv,,,75.0,2024,2049,,,,,,,,,,,600,0.0,,,,-32.9583,19.9444,Grootfontein2,Single Axis,1.15,-,,,,,,,,,,,,,,,,,,,,,,,,,,,,,,,,,,,,,,,,,,,,2024.0,2049.0,False
ME IRP 2024,renewables,BASE,Grootfontein PV 3,BW5,solar_pv,,,75.0,2024,2049,,,,,,,,,,,600,0.0,,,,32.9583,19.9528,Grootfontein3,Single Axis,1.15,-,,,,,,,,,,,,,,,,,,,,,,,,,,,,,,,,,,,,,,,,,,,,2024.0,2049.0,False
ME IRP 2024,renewables,BASE,Grootspruit Solar PV Project,BW5,solar_pv,,,75.0,2024,2049,,,,,,,,,,,600,0.0,,,,-27.7375,26.775,Grootspruit,Single Axis,1.15,-,,,,,,,,,,,,,,,,,,,,,,,,,,,,,,,,,,,,,,,,,,,,2024.0,2049.0,False
ME IRP 2024,renewables,BASE,Sannaspos Solar PV Project,BW5,solar_pv,,,75.0,2024,2049,,,,,,,,,,,600,0.0,,,,-29.194888,26.588306,Sannaspos,Single Axis,1.15,-,,,,,,,,,,,,,,,,,,,,,,,,,,,,,,,,,,,,,,,,,,,,2024.0,2049.0,False
ME IRP 2024,renewables,BASE,Boitumelo Solar Power Plant,BW6,solar_pv,,,150.0,2025,2050,,,,,,,,,,,600,0.0,,,,-26.014162,26.105823,Boitumelo,Single Axis,1.15,-,,,,,,,,,,,,,,,,,,,,,,,,,,,,,,,,,,,,,,,,,,,,2025.0,2050.0,False
ME IRP 2024,renewables,BASE,Doornhoek PV,BW6,solar_pv,,,120.0,2025,2050,,,,,,,,,,,600,0.0,,,,-26.434,26.2843,Doornhoek,Single Axis,1.15,-,,,,,,,,,,,,,,,,,,,,,,,,,,,,,,,,,,,,,,,,,,,,2025.0,2050.0,False
ME IRP 2024,renewables,BASE,Good Hope Solar Park,BW6,solar_pv,,,200.0,2025,2050,,,,,,,,,,,600,0.0,,,,-28.64721306,25.76110923,Good_Hope,Single Axis,1.15,-,,,,,,,,,,,,,,,,,,,,,,,,,,,,,,,,,,,,,,,,,,,,2025.0,2050.0,False
ME IRP 2024,renewables,BASE,Kutlwano Solar Power Plant,BW6,solar_pv,,,150.0,2025,2050,,,,,,,,,,,600,0.0,,,,-26.029683,26.112373,Kutlwano,Single Axis,1.15,-,,,,,,,,,,,,,,,,,,,,,,,,,,,,,,,,,,,,,,,,,,,,2025.0,2050.0,False
ME IRP 2024,renewables,BASE,Ngonyama Solar PV,BW6,solar_pv,,,140.0,2025,2050,,,,,,,,,,,600,0.0,,,,-28.652538,25.653755,Ngonyama,Single Axis,1.15,-,,,,,,,,,,,,,,,,,,,,,,,,,,,,,,,,,,,,,,,,,,,,2025.0,2050.0,False
ME IRP 2024,renewables,BASE,Virginia Solar Park,BW6,solar_pv,,,240.0,2025,2050,,,,,,,,,,,600,0.0,,,,-28.212335,26.990032,Virginia,Single Axis,1.15,-,,,,,,,,,,,,,,,,,,,,,,,,,,,,,,,,,,,,,,,,,,,,2025.0,2050.0,False
ME IRP 2024,renewables,BASE,Cookhouse Wind Farm,BW1,wind,,,135.0,2014,2034,,,,,,,,,,,1513,0.0,,,,-32.7333,25.9093,Cookhouse,-,-,115,,,,,,,,,,,,,,,,,,,,,,,,,,,,,,,,,,,,,,,,,,,,2014.0,2034.0,True
ME IRP 2024,renewables,BASE,Dassieklip Wind Energy Facility,BW1,wind,,,26.19,2014,2034,,,,,,,,,,,1513,0.0,,,,-34.2275,19.383,Dassieklip,-,-,91.5,,,,,,,,,,,,,,,,,,,,,,,,,,,,,,,,,,,,,,,,,,,,2014.0,2034.0,True
ME IRP 2024,renewables,BASE,Umoya Energy Wind Farm,BW1,wind,,,65.4,2014,2034,,,,,,,,,,,1513,0.0,,,,-33.0928,18.3989,Hopefield,-,-,99.5,,,,,,,,,,,,,,,,,,,,,,,,,,,,,,,,,,,,,,,,,,,,2014.0,2034.0,True
ME IRP 2024,renewables,BASE,Jeffreys Bay Wind Farm,BW1,wind,,,133.86,2014,2034,,,,,,,,,,,1513,0.0,,,,-34.0107,24.8808,Jeffreysbay,-,-,80,,,,,,,,,,,,,,,,,,,,,,,,,,,,,,,,,,,,,,,,,,,,2014.0,2034.0,True
ME IRP 2024,renewables,BASE,Kouga Wind Farm,BW1,wind,,,77.6,2014,2034,,,,,,,,,,,1513,0.0,,,,-34.14656,24.7004,Kouga,-,-,99.5,,,,,,,,,,,,,,,,,,,,,,,,,,,,,,,,,,,,,,,,,,,,2014.0,2034.0,True
ME IRP 2024,renewables,BASE,Metrowind Van Stadens Wind Farm,BW1,wind,,,86.6,2014,2034,,,,,,,,,,,1513,0.0,,,,-33.96222,25.24444,Metrowind,-,-,80,,,,,,,,,,,,,,,,,,,,,,,,,,,,,,,,,,,,,,,,,,,,2014.0,2034.0,True
ME IRP 2024,renewables,BASE,Nobelsfontein Phase 1,BW1,wind,,,72.75,2014,2034,,,,,,,,,,,1513,0.0,,,,-31.7508333333333,23.1733333333333,Noblesfontein,-,-,80,,,,,,,,,,,,,,,,,,,,,,,,,,,,,,,,,,,,,,,,,,,,2014.0,2034.0,True
ME IRP 2024,renewables,BASE,Red Cap Gibson Bay,BW1,wind,,,110.0,2014,2034,,,,,,,,,,,1513,0.0,,,,-34.1286,24.4818,Gibson_bay,-,-,90,,,,,,,,,,,,,,,,,,,,,,,,,,,,,,,,,,,,,,,,,,,,2014.0,2034.0,True
ME IRP 2024,renewables,BASE,Eskom Sere,BW1,wind,,,100.0,2014,2034,,,,,,,,,,,1513,0.0,,,,-31.4968568372347,18.0633761989106,Sere,-,-,80,,,,,,,,,,,,,,,,,,,,,,,,,,,,,,,,,,,,,,,,,,,,2014.0,2034.0,True
ME IRP 2024,renewables,BASE,Amakhala Emoyeni,BW2,wind,,,137.9,2017,2037,,,,,,,,,,,1186,0.0,,,,-32.875797914561,25.9975301,Amakhala,-,-,80,,,,,,,,,,,,,,,,,,,,,,,,,,,,,,,,,,,,,,,,,,,,2017.0,2037.0,True
ME IRP 2024,renewables,BASE,Aurora Wind Power,BW2,wind,,,90.8,2017,2037,,,,,,,,,,,1186,0.0,,,,-32.83425,17.9956111111111,Aurora,-,-,99.5,,,,,,,,,,,,,,,,,,,,,,,,,,,,,,,,,,,,,,,,,,,,2017.0,2037.0,True
ME IRP 2024,renewables,BASE,Chaba Wind Farm,BW2,wind,,,20.6,2017,2037,,,,,,,,,,,1186,0.0,,,,-32.5901,27.9623,Chaba,-,-,100,,,,,,,,,,,,,,,,,,,,,,,,,,,,,,,,,,,,,,,,,,,,2017.0,2037.0,True
ME IRP 2024,renewables,BASE,Gouda Wind Project,BW2,wind,,,135.2,2017,2037,,,,,,,,,,,1186,0.0,,,,-33.2564,19.0184,Gouda,-,-,91.5,,,,,,,,,,,,,,,,,,,,,,,,,,,,,,,,,,,,,,,,,,,,2017.0,2037.0,True
ME IRP 2024,renewables,BASE,Grassridge Wind Farm,BW2,wind,,,59.8,2017,2037,,,,,,,,,,,1186,0.0,,,,-33.6551,25.5915,Grassridge,-,-,115,,,,,,,,,,,,,,,,,,,,,,,,,,,,,,,,,,,,,,,,,,,,2017.0,2037.0,True
ME IRP 2024,renewables,BASE,Tsitsikamma Community Wind Farm,BW2,wind,,,94.8,2017,2037,,,,,,,,,,,1186,0.0,,,,-34.0735,24.5067,Tsitsikama,-,-,91,,,,,,,,,,,,,,,,,,,,,,,,,,,,,,,,,,,,,,,,,,,,2017.0,2037.0,True
ME IRP 2024,renewables,BASE,Waainek Wind Farm,BW2,wind,,,23.4,2017,2037,,,,,,,,,,,1186,0.0,,,,-32.5901,26.4569,Waainek,-,-,100,,,,,,,,,,,,,,,,,,,,,,,,,,,,,,,,,,,,,,,,,,,,2017.0,2037.0,True
ME IRP 2024,renewables,BASE,Dorper Wind Farm,BW3,wind,,,97.0,2018,2038,,,,,,,,,,,868,0.0,,,,-31.4809,26.4393,Dorper,-,-,115,,,,,,,,,,,,,,,,,,,,,,,,,,,,,,,,,,,,,,,,,,,,2018.0,2038.0,True
ME IRP 2024,renewables,BASE,Khobab Wind Farm,BW3,wind,,,137.7,2018,2038,,,,,,,,,,,868,0.0,,,,-30.4344,19.5538,Khobab,-,-,91.5,,,,,,,,,,,,,,,,,,,,,,,,,,,,,,,,,,,,,,,,,,,,2018.0,2038.0,True
ME IRP 2024,renewables,BASE,Loeriesfontein 2 Wind Farm,BW3,wind,,,138.2,2018,2038,,,,,,,,,,,868,0.0,,,,-30.38040403,19.58928465,Loeriesfontein2,-,-,94,,,,,,,,,,,,,,,,,,,,,,,,,,,,,,,,,,,,,,,,,,,,2018.0,2038.0,True
ME IRP 2024,renewables,BASE,Longyuan Mulilo De Aar Maanhaarberg Wind Energy Facility,BW3,wind,,,139.0,2018,2038,,,,,,,,,,,868,0.0,,,,-30.7166666666666,23.9205555555555,Mulilo_de_aar1,-,-,84,,,,,,,,,,,,,,,,,,,,,,,,,,,,,,,,,,,,,,,,,,,,2018.0,2038.0,True
ME IRP 2024,renewables,BASE,Longyuan Mulilo Green Energy De Aar 2 North Wind Energy Facility,BW3,wind,,,96.5,2018,2038,,,,,,,,,,,868,0.0,,,,-30.7349,23.8665,Mulilo_de_aar2,-,-,117,,,,,,,,,,,,,,,,,,,,,,,,,,,,,,,,,,,,,,,,,,,,2018.0,2038.0,True
ME IRP 2024,renewables,BASE,Nojoli Wind Farm,BW3,wind,,,86.6,2018,2038,,,,,,,,,,,868,0.0,,,,-32.771,25.91566,Nojoli,-,-,100,,,,,,,,,,,,,,,,,,,,,,,,,,,,,,,,,,,,,,,,,,,,2018.0,2038.0,True
ME IRP 2024,renewables,BASE,Noupoort Wind Farm,BW3,wind,,,79.1,2018,2038,,,,,,,,,,,868,0.0,,,,-31.1728143217172,25.0164487289082,Noupoort,-,-,100,,,,,,,,,,,,,,,,,,,,,,,,,,,,,,,,,,,,,,,,,,,,2018.0,2038.0,True
ME IRP 2024,renewables,BASE,Copperton Windfarm,BW4,wind,,,102.0,2021,2041,,,,,,,,,,,687,0.0,,,,-29.9078,22.3391,Copperton,-,-,100,,,,,,,,,,,,,,,,,,,,,,,,,,,,,,,,,,,,,,,,,,,,2021.0,2041.0,True
ME IRP 2024,renewables,BASE,Excelsior Wind Energy Facility,BW4,wind,,,31.9,2021,2041,,,,,,,,,,,687,0.0,,,,-34.2423,20.2307,Exelsior,-,-,100,,,,,,,,,,,,,,,,,,,,,,,,,,,,,,,,,,,,,,,,,,,,2021.0,2041.0,True
ME IRP 2024,renewables,BASE,Garob Wind Farm,BW4,wind,,,135.9,2021,2041,,,,,,,,,,,687,0.0,,,,-29.959,22.4131,Garob,-,-,100,,,,,,,,,,,,,,,,,,,,,,,,,,,,,,,,,,,,,,,,,,,,2021.0,2041.0,True
ME IRP 2024,renewables,BASE,Golden Valley Wind,BW4,wind,,,117.72,2021,2041,,,,,,,,,,,687,0.0,,,,-32.8875,25.9418,Golden_valley,-,-,100,,,,,,,,,,,,,,,,,,,,,,,,,,,,,,,,,,,,,,,,,,,,2021.0,2041.0,True
ME IRP 2024,renewables,BASE,Kangnas Wind Farm,BW4,wind,,,136.7,2021,2041,,,,,,,,,,,687,0.0,,,,-29.6001,18.357,Kangnas,-,-,100,,,,,,,,,,,,,,,,,,,,,,,,,,,,,,,,,,,,,,,,,,,,2021.0,2041.0,True
ME IRP 2024,renewables,BASE,The Karusa Wind Farm,BW4,wind,,,139.8,2021,2041,,,,,,,,,,,687,0.0,,,,-32.8858,20.6567,Karusa,-,-,100,,,,,,,,,,,,,,,,,,,,,,,,,,,,,,,,,,,,,,,,,,,,2021.0,2041.0,True
ME IRP 2024,renewables,BASE,Nxuba Wind Farm,BW4,wind,,,138.9,2021,2041,,,,,,,,,,,687,0.0,,,,-32.73767,25.96684,Nxuba,-,-,100,,,,,,,,,,,,,,,,,,,,,,,,,,,,,,,,,,,,,,,,,,,,2021.0,2041.0,True
ME IRP 2024,renewables,BASE,Oyster Bay Wind Farm,BW4,wind,,,140.0,2021,2041,,,,,,,,,,,687,0.0,,,,-34.11639,24.64889,Oyster_bay,-,-,100,,,,,,,,,,,,,,,,,,,,,,,,,,,,,,,,,,,,,,,,,,,,2021.0,2041.0,True
ME IRP 2024,renewables,BASE,Perdekraal East Wind Farm,BW4,wind,,,107.76,2021,2041,,,,,,,,,,,687,0.0,,,,-33.0544444444444,20.1002777777777,Perdekraal_east,-,-,100,,,,,,,,,,,,,,,,,,,,,,,,,,,,,,,,,,,,,,,,,,,,2021.0,2041.0,True
ME IRP 2024,renewables,BASE,Roggeveld Wind Farm,BW4,wind,,,140.0,2021,2041,,,,,,,,,,,687,0.0,,,,-32.9172333333333,20.5090888888888,Roggeveld,-,-,100,,,,,,,,,,,,,,,,,,,,,,,,,,,,,,,,,,,,,,,,,,,,2021.0,2041.0,True
ME IRP 2024,renewables,BASE,Soetwater Wind Farm,BW4,wind,,,139.4,2021,2041,,,,,,,,,,,687,0.0,,,,-32.754,20.6396,Soetwater,-,-,100,,,,,,,,,,,,,,,,,,,,,,,,,,,,,,,,,,,,,,,,,,,,2021.0,2041.0,True
ME IRP 2024,renewables,BASE,Coleskop,BW5,wind,,,140.0,2025,2045,,,,,,,,,,,600,0.0,,,,-31.4022,24.8035,Coleskop,-,-,124,,,,,,,,,,,,,,,,,,,,,,,,,,,,,,,,,,,,,,,,,,,,2025.0,2045.0,False
ME IRP 2024,renewables,BASE,Dwarsrug,BW5,wind,,,124.0,2025,2045,,,,,,,,,,,600,0.0,,,,-30.4761,19.6527,Dwarsrug,-,-,100,,,,,,,,,,,,,,,,,,,,,,,,,,,,,,,,,,,,,,,,,,,,2025.0,2045.0,False
ME IRP 2024,renewables,BASE,Phezukomoya,BW5,wind,,,140.0,2025,2045,,,,,,,,,,,600,0.0,,,,-31.2525,24.9523,Phezukomoya,-,-,100,,,,,,,,,,,,,,,,,,,,,,,,,,,,,,,,,,,,,,,,,,,,2025.0,2045.0,False
ME IRP 2024,renewables,BASE,San_Kraal,BW5,wind,,,140.0,2025,2045,,,,,,,,,,,600,0.0,,,,-29.7853,18.4065,San_Kraal,-,-,100,,,,,,,,,,,,,,,,,,,,,,,,,,,,,,,,,,,,,,,,,,,,2025.0,2045.0,False
ME IRP 2024,renewables,BASE,Waaihoek,BW5,wind,,,140.0,2025,2045,,,,,,,,,,,600,0.0,,,,-33.2564,20.7423012873684,Waaihoek,-,-,100,,,,,,,,,,,,,,,,,,,,,,,,,,,,,,,,,,,,,,,,,,,,2025.0,2045.0,False
ME IRP 2024,renewables,BASE,Wolf,BW5,wind,,,84.0,2025,2045,,,,,,,,,,,600,0.0,,,,-33.1538,25.5536,Wolf,-,-,100,,,,,,,,,,,,,,,,,,,,,,,,,,,,,,,,,,,,,,,,,,,,2025.0,2045.0,False
ME IRP 2024,renewables,BASE,Kaxu Solar One,BW1,solar_csp,,,100.0,2015,2045,,,,,,,,,,,3554,0.0,,,,-28.8793,19.5929,Kaxu,-,-,-,3,,,,,,,,,,,,,,,,,,,,,,,,,,,,,,,,,,,,,,,,,,,2015.0,2045.0,True
ME IRP 2024,renewables,BASE,Khi Solar One,BW1,solar_csp,,,50.0,2015,2045,,,,,,,,,,,3554,0.0,,,,-28.5364,21.0782,Khi,-,-,-,6,,,,,,,,,,,,,,,,,,,,,,,,,,,,,,,,,,,,,,,,,,,2015.0,2045.0,True
ME IRP 2024,renewables,BASE,Bokpoort CSP project,BW2,solar_csp,,,50.0,2016,2046,,,,,,,,,,,3324,0.0,,,,-28.7333,21.9955,Bokpoort,-,-,-,9,,,,,,,,,,,,,,,,,,,,,,,,,,,,,,,,,,,,,,,,,,,2016.0,2046.0,True
ME IRP 2024,renewables,BASE,!XiNa Solar One,BW3,solar_csp,,,100.0,2017,2047,,,,,,,,,,,3114,0.0,,,,-28.8906,19.5918,!XiNa,-,-,-,6,,,,,,,,,,,,,,,,,,,,,,,,,,,,,,,,,,,,,,,,,,,2017.0,2047.0,True
ME IRP 2024,renewables,BASE,Karoshoek Solar One,BW3,solar_csp,,,100.0,2019,2049,,,,,,,,,,,3114,0.0,,,,-28.4819,21.5204,Karoshoek,-,-,-,6,,,,,,,,,,,,,,,,,,,,,,,,,,,,,,,,,,,,,,,,,,,2019.0,2049.0,True
ME IRP 2024,renewables,BASE,Kathu Solar Park,BW3.5,solar_csp,,,100.0,2019,2049,,,,,,,,,,,2902,0.0,,,,-27.6095,23.0276,Kathu,-,-,-,6,,,,,,,,,,,,,,,,,,,,,,,,,,,,,,,,,,,,,,,,,,,2019.0,2049.0,True
ME IRP 2024,renewables,BASE,Redstone Solar Thermal Power Plant,BW3.5,solar_csp,,,100.0,2024,beyond 2050,,,,,,,,,,,2902,0.0,,,,-28.3095221110232,23.1040633712854,Redstone,-,-,-,9,,,,,,,,,,,,,,,,,,,,,,,,,,,,,,,,,,,,,,,,,,,2024.0,2050.0,False
ME IRP 2024,renewables,BASE,Neusberg Hydro Electrical Project,IPP,hydro,,,10.0,2020,beyond 2050,,,,,,,,,,,1363,0.0,,,,-28.7526965922516,20.5335002983643,Neusberg,-,-,-,-,,,,,,,,,,,,,,,,,,,,,,,,,,,,,,,,,,,,,,,,,,,2020.0,2050.0,True
ME IRP 2024,renewables,BASE,Stortemelk Hydro,IPP,hydro,,,4.22,2020,beyond 2050,,,,,,,,,,,1363,0.0,,,,-28.5141541489407,28.4101438223705,Stortemelk,-,-,-,-,,,,,,,,,,,,,,,,,,,,,,,,,,,,,,,,,,,,,,,,,,,2020.0,2050.0,True
ME IRP 2024,renewables,BASE,Kruisvallei Hydro,IPP,hydro,,,3.8,2020,beyond 2050,,,,,,,,,,,1240,0.0,,,,-28.2425030696516,28.3076832839413,Kruisvallei,-,-,-,-,,,,,,,,,,,,,,,,,,,,,,,,,,,,,,,,,,,,,,,,,,,2020.0,2050.0,True
ME IRP 2024,renewables,BASE,ColleyWobbles,IPP,hydro,,,65.0,2020,beyond 2050,,,,,,,,,,,300,0.0,,,,-32.05,28.58333,ColleyWobbles,-,-,-,-,,,,,,,,,,,,,,,,,,,,,,,,,,,,,,,,,,,,,,,,,,,2020.0,2050.0,True
ME IRP 2024,renewables,BASE,CahoraBassa,CahoraBassa,hydro_import,,,1764.0,2020,beyond 2050,,,,,,,,,,,300,0.0,,,,-25.91988,28.27627,CahoraBassa,-,-,-,-,,,,,,,,,,,,,,,,,,,,,,,,,,,,,,,,,,,,,,,,,,,2020.0,2050.0,True
ME IRP 2024,renewables,BASE,ENERGY Joburg Landfill Gas to Electircity Project,IPP,bioenergy,,,7.56,2020,2049,,,,,,,,,,,1109,0.0,,,,-26.1949542428945,28.0325284000202,Jhb_landfill,-,-,-,-,,,,,,,,,,,,,,,,,,,,,,,,,,,,,,,,,,,,,,,,,,,2020.0,2049.0,True
ME IRP 2024,renewables,BASE,Mkuze,IPP,bioenergy,,,16.5,2030,beyond 2050,,,,,,,,,,,1500,0.0,,,,-27.618037149128,32.0345129341963,Mkuze,-,-,-,-,,,,,,,,,,,,,,,,,,,,,,,,,,,,,,,,,,,,,,,,,,,2030.0,2050.0,False
ME IRP 2024,renewables,BASE,Ngodwana Energy,IPP,bioenergy,,,25.0,2020,beyond 2050,,,,,,,,,,,1500,0.0,,,,-25.4808983658985,30.9743048364687,Ngodwana,-,-,-,-,,,,,,,,,,,,,,,,,,,,,,,,,,,,,,,,,,,,,,,,,,,2020.0,2050.0,True
ME IRP 2024,renewables,BASE,Mondi,IPP,bioenergy,,,120.0,2020,beyond 2050,,,,,,,,,,,500,0.0,,,,,,Mondi,-,-,-,-,,,,,,,,,,,,,,,,,,,,,,,,,,,,,,,,,,,,,,,,,,,2020.0,2050.0,True
ME IRP 2024,renewables,BASE,Sappi,IPP,bioenergy,,,144.0,2020,beyond 2050,,,,,,,,,,,500,0.0,,,,-25.3447,30.394,Sappi,-,-,-,-,,,,,,,,,,,,,,,,,,,,,,,,,,,,,,,,,,,,,,,,,,,2020.0,2050.0,True
ME IRP 2024,renewables,BASE,Existing distributed solar PV,existing,solar_pv_rooftop,,,642.0,2023,beyond 2050,,,,,,,,,,,0,0.0,,,,-25.3447,30.394,Western Cape,-,-,-,-,,,,,,,,,,,,,,,,,,,,,,,,,,,,,,,,,,,,,,,,,,,2023.0,2050.0,True
ME IRP 2024,renewables,BASE,Existing distributed solar PV,existing,solar_pv_rooftop,,,208.0,2023,beyond 2050,,,,,,,,,,,0,0.0,,,,-25.3447,30.394,Northern Cape,-,-,-,-,,,,,,,,,,,,,,,,,,,,,,,,,,,,,,,,,,,,,,,,,,,2023.0,2050.0,True
ME IRP 2024,renewables,BASE,Existing distributed solar PV,existing,solar_pv_rooftop,,,368.0,2023,beyond 2050,,,,,,,,,,,0,0.0,,,,-25.3447,30.394,Eastern Cape,-,-,-,-,,,,,,,,,,,,,,,,,,,,,,,,,,,,,,,,,,,,,,,,,,,2023.0,2050.0,True
ME IRP 2024,renewables,BASE,Existing distributed solar PV,existing,solar_pv_rooftop,,,308.0,2023,beyond 2050,,,,,,,,,,,0,0.0,,,,-25.3447,30.394,Free State,-,-,-,-,,,,,,,,,,,,,,,,,,,,,,,,,,,,,,,,,,,,,,,,,,,2023.0,2050.0,True
ME IRP 2024,renewables,BASE,Existing distributed solar PV,existing,solar_pv_rooftop,,,811.0,2023,beyond 2050,,,,,,,,,,,0,0.0,,,,-25.3447,30.394,KwaZulu Natal,-,-,-,-,,,,,,,,,,,,,,,,,,,,,,,,,,,,,,,,,,,,,,,,,,,2023.0,2050.0,True
ME IRP 2024,renewables,BASE,Existing distributed solar PV,existing,solar_pv_rooftop,,,1504.0,2023,beyond 2050,,,,,,,,,,,0,0.0,,,,-25.3447,30.394,Gauteng,-,-,-,-,,,,,,,,,,,,,,,,,,,,,,,,,,,,,,,,,,,,,,,,,,,2023.0,2050.0,True
ME IRP 2024,renewables,BASE,Existing distributed solar PV,existing,solar_pv_rooftop,,,669.0,2023,beyond 2050,,,,,,,,,,,0,0.0,,,,-25.3447,30.394,North West,-,-,-,-,,,,,,,,,,,,,,,,,,,,,,,,,,,,,,,,,,,,,,,,,,,2023.0,2050.0,True
ME IRP 2024,renewables,BASE,Existing distributed solar PV,existing,solar_pv_rooftop,,,413.0,2023,beyond 2050,,,,,,,,,,,0,0.0,,,,-25.3447,30.394,Limpopo,-,-,-,-,,,,,,,,,,,,,,,,,,,,,,,,,,,,,,,,,,,,,,,,,,,2023.0,2050.0,True
ME IRP 2024,renewables,BASE,Existing distributed solar PV,existing,solar_pv_rooftop,,,516.0,2023,beyond 2050,,,,,,,,,,,0,0.0,,,,-25.3447,30.394,Mpumalanga,-,-,-,-,,,,,,,,,,,,,,,,,,,,,,,,,,,,,,,,,,,,,,,,,,,2023.0,2050.0,True
ME IRP 2024,renewables,ignore,Trakas,BW5,wind,,,140.0,2025,2045,,,,,,,,,,,600,0.0,,,,-33.0813,21.4371,Trakas,-,-,100,,,,,,,,,,,,,,,,,,,,,,,,,,,,,,,,,,,,,,,,,,,,2025.0,2045.0,False
ME IRP 2024,renewables,ignore,Maralla,BW6,wind,,,153.0,2027,2047,,,,,,,,,,,600,0.0,,,,-32.7674154769914,20.7752289971087,Maralla,-,-,100,,,,,,,,,,,,,,,,,,,,,,,,,,,,,,,,,,,,,,,,,,,,2027.0,2047.0,False
ME IRP 2024,renewables,ignore,Esizayo,BW6,wind,,,140.0,2027,2047,,,,,,,,,,,600,0.0,,,,-32.9621,20.6631,Esizayo,-,-,100,,,,,,,,,,,,,,,,,,,,,,,,,,,,,,,,,,,,,,,,,,,,2027.0,2047.0,False
ME IRP 2024,renewables,ignore,Nuweveld_north,BW6,wind,,,238.0,2027,2047,,,,,,,,,,,600,0.0,,,,-32.978469,22.807956,Nuweveld_north,-,-,100,,,,,,,,,,,,,,,,,,,,,,,,,,,,,,,,,,,,,,,,,,,,2027.0,2047.0,False
ME IRP 2024,renewables,ignore,Nuweveld_west,BW6,wind,,,238.0,2027,2047,,,,,,,,,,,600,0.0,,,,-31.8341,22.3821,Nuweveld_west,-,-,100,,,,,,,,,,,,,,,,,,,,,,,,,,,,,,,,,,,,,,,,,,,,2027.0,2047.0,False
ME IRP 2024,renewables,ignore,Nuweveld_east,BW6,wind,,,238.0,2027,2047,,,,,,,,,,,600,0.0,,,,-31.7203,23.7123,Nuweveld_east,-,-,100,,,,,,,,,,,,,,,,,,,,,,,,,,,,,,,,,,,,,,,,,,,,2027.0,2047.0,False
ME IRP 2024,renewables,ignore,Komsberg_east,BW6,wind,,,240.0,2027,2047,,,,,,,,,,,600,0.0,,,,-32.7133,20.9582,Komsberg_east,-,-,100,,,,,,,,,,,,,,,,,,,,,,,,,,,,,,,,,,,,,,,,,,,,2027.0,2047.0,False
ME IRP 2024,renewables,ignore,Komsberg_west,BW6,wind,,,240.0,2027,2047,,,,,,,,,,,600,0.0,,,,-32.7298,21.0547,Komsberg_west,-,-,100,,,,,,,,,,,,,,,,,,,,,,,,,,,,,,,,,,,,,,,,,,,,2027.0,2047.0,False
ME IRP 2024,renewables,ignore,Loperberg,BW6,wind,,,240.0,2027,2047,,,,,,,,,,,600,0.0,,,,-33.668128,25.667942,Loperberg,-,-,100,,,,,,,,,,,,,,,,,,,,,,,,,,,,,,,,,,,,,,,,,,,,2027.0,2047.0,False
ME IRP 2024,renewables,ignore,Wolseley,BW6,wind,,,123.9,2027,2047,,,,,,,,,,,600,0.0,,,,-34.211409,19.252044,Wolseley,-,-,100,,,,,,,,,,,,,,,,,,,,,,,,,,,,,,,,,,,,,,,,,,,,2027.0,2047.0,False
ME IRP 2024,renewables,ignore,Haga_haga,BW6fail,wind,,,140.0,2030,2050,,,,,,,,,,,-,0.0,,,,-32.8863,26.0291,Haga_haga,-,-,80,,,,,,,,,,,,,,,,,,,,,,,,,,,,,,,,,,,,,,,,,,,,2030.0,2050.0,False
ME IRP 2024,renewables,ignore,Golden_valley2,BW6fail,wind,,,140.0,2030,2050,,,,,,,,,,,-,0.0,,,,-32.8759,25.9097,Golden_valley2,-,-,80,,,,,,,,,,,,,,,,,,,,,,,,,,,,,,,,,,,,,,,,,,,,2030.0,2050.0,False
ME IRP 2024,renewables,ignore,Malabar,BW6fail,wind,,,212.4,2030,2050,,,,,,,,,,,-,0.0,,,,-32.58791094,27.8791875,Malabar,-,-,84,,,,,,,,,,,,,,,,,,,,,,,,,,,,,,,,,,,,,,,,,,,,2030.0,2050.0,False
ME IRP 2024,renewables,ignore,Jessa_M,BW6fail,wind,,,205.8,2030,2050,,,,,,,,,,,-,0.0,,,,-32.74606365,25.80701715,Jessa_M,-,-,80,,,,,,,,,,,,,,,,,,,,,,,,,,,,,,,,,,,,,,,,,,,,2030.0,2050.0,False
ME IRP 2024,renewables,ignore,Jessa_Z,BW6fail,wind,,,205.8,2030,2050,,,,,,,,,,,-,0.0,,,,-32.74606365,25.80701715,Jessa_Z,-,-,100,,,,,,,,,,,,,,,,,,,,,,,,,,,,,,,,,,,,,,,,,,,,2030.0,2050.0,False
ME IRP 2024,renewables,ignore,Kwagga1,BW6fail,wind,,,225.0,2030,2050,,,,,,,,,,,-,0.0,,,,-32.514,22.4952,Kwagga1,-,-,90,,,,,,,,,,,,,,,,,,,,,,,,,,,,,,,,,,,,,,,,,,,,2030.0,2050.0,False
ME IRP 2024,renewables,ignore,Kwagga2,BW6fail,wind,,,162.0,2030,2050,,,,,,,,,,,-,0.0,,,,-32.514,22.4952,Kwagga2,-,-,80,,,,,,,,,,,,,,,,,,,,,,,,,,,,,,,,,,,,,,,,,,,,2030.0,2050.0,False
ME IRP 2024,renewables,ignore,Kwagga3,BW6fail,wind,,,148.5,2030,2050,,,,,,,,,,,-,0.0,,,,-32.514,22.4952,Kwagga3,-,-,90,,,,,,,,,,,,,,,,,,,,,,,,,,,,,,,,,,,,,,,,,,,,2030.0,2050.0,False
ME IRP 2024,renewables,ignore,Pienaarspoort1,BW6fail,wind,,,180.0,2030,2050,,,,,,,,,,,-,0.0,,,,-29.96469912,22.33943836,Pienaarspoort1,-,-,100,,,,,,,,,,,,,,,,,,,,,,,,,,,,,,,,,,,,,,,,,,,,2030.0,2050.0,False
ME IRP 2024,renewables,ignore,Ishwati_emoyeni,BW6fail,wind,,,140.0,2030,2050,,,,,,,,,,,-,0.0,,,,-32.74606365,25.80701715,Ishwati_emoyeni,-,-,90,,,,,,,,,,,,,,,,,,,,,,,,,,,,,,,,,,,,,,,,,,,,2030.0,2050.0,False
ME IRP 2024,renewables,ignore,Pienaarspoort2,BW6fail,wind,,,140.0,2030,2050,,,,,,,,,,,-,0.0,,,,-33.1196,20.2309,Pienaarspoort2,-,-,100,,,,,,,,,,,,,,,,,,,,,,,,,,,,,,,,,,,,,,,,,,,,2030.0,2050.0,False
ME IRP 2024,renewables,ignore,Great_kei,BW6fail,wind,,,140.0,2030,2050,,,,,,,,,,,-,0.0,,,,-32.6406909910923,27.9566190826853,Great_kei,-,-,84,,,,,,,,,,,,,,,,,,,,,,,,,,,,,,,,,,,,,,,,,,,,2030.0,2050.0,False
ME IRP 2024,renewables,ignore,Bayview,BW6fail,wind,,,140.0,2030,2050,,,,,,,,,,,-,0.0,,,,-33.6933,25.7567,Bayview,-,-,95,,,,,,,,,,,,,,,,,,,,,,,,,,,,,,,,,,,,,,,,,,,,2030.0,2050.0,False
ME IRP 2024,renewables,ignore,Langhoogte,BW6fail,wind,,,80.0,2030,2050,,,,,,,,,,,-,0.0,,,,-34.05048675,24.90607333,Langhoogte,-,-,80,,,,,,,,,,,,,,,,,,,,,,,,,,,,,,,,,,,,,,,,,,,,2030.0,2050.0,False
ME IRP 2024,renewables,AMBITIONS,Aries Solar,BW1,solar_pv,,,9.65,2014,2039,,,,,,,,,,,3649,0.0,,,,-29.496506,20.785119,Aries,Fixed Tilt,1.14,-,,,,,,,,,,,,,,,,,,,,,,,,,,,,,,,,,,,,,,,,,,,,2014.0,2039.0,True
ME IRP 2024,renewables,AMBITIONS,De Aar Solar PV,BW1,solar_pv,,,48.25,2014,2039,,,,,,,,,,,3649,0.0,,,,-30.6234,24.0283,De_Aar,Fixed Tilt,1.04,-,,,,,,,,,,,,,,,,,,,,,,,,,,,,,,,,,,,,,,,,,,,,2014.0,2039.0,True
ME IRP 2024,renewables,AMBITIONS,Droogfontein Solar PV Project,BW1,solar_pv,,,48.25,2014,2039,,,,,,,,,,,3649,0.0,,,,-28.6133,24.7468,Droogfontein1,Fixed Tilt,1.04,-,,,,,,,,,,,,,,,,,,,,,,,,,,,,,,,,,,,,,,,,,,,,2014.0,2039.0,True
ME IRP 2024,renewables,AMBITIONS,Greefspan PV Power Plant1,BW1,solar_pv,,,10.0,2014,2039,,,,,,,,,,,3649,0.0,,,,-29.393781,23.307708,Greefspan1,Single Axis,1.1,-,,,,,,,,,,,,,,,,,,,,,,,,,,,,,,,,,,,,,,,,,,,,2014.0,2039.0,True
ME IRP 2024,renewables,AMBITIONS,Herbert PV Power Plant,BW1,solar_pv,,,19.9,2014,2039,,,,,,,,,,,3649,0.0,,,,-29.0019,23.8019,Herbert,Fixed Tilt,1.11,-,,,,,,,,,,,,,,,,,,,,,,,,,,,,,,,,,,,,,,,,,,,,2014.0,2039.0,True
ME IRP 2024,renewables,AMBITIONS,Kalkbult,BW1,solar_pv,,,72.5,2014,2039,,,,,,,,,,,3649,0.0,,,,-30.1607,24.1349,Kalkbult,Fixed Tilt,1.03,-,,,,,,,,,,,,,,,,,,,,,,,,,,,,,,,,,,,,,,,,,,,,2014.0,2039.0,True
ME IRP 2024,renewables,AMBITIONS,Kathu Solar Energy Facility,BW1,solar_pv,,,75.0,2014,2039,,,,,,,,,,,3649,0.0,,,,-27.612908,23.025886,Kathu,Single Axis,1.08,-,,,,,,,,,,,,,,,,,,,,,,,,,,,,,,,,,,,,,,,,,,,,2014.0,2039.0,True
ME IRP 2024,renewables,AMBITIONS,Konkoonsies Solar,BW1,solar_pv,,,9.65,2014,2039,,,,,,,,,,,3649,0.0,,,,-28.889147,19.555275,Konkoonsies,Fixed Tilt,1.14,-,,,,,,,,,,,,,,,,,,,,,,,,,,,,,,,,,,,,,,,,,,,,2014.0,2039.0,True
ME IRP 2024,renewables,AMBITIONS,Lesedi Power Company,BW1,solar_pv,,,64.0,2014,2039,,,,,,,,,,,3649,0.0,,,,-28.3154,23.3501,Lesedi,Fixed Tilt,1.17,-,,,,,,,,,,,,,,,,,,,,,,,,,,,,,,,,,,,,,,,,,,,,2014.0,2039.0,True
ME IRP 2024,renewables,AMBITIONS,Letsatsi Power Company,BW1,solar_pv,,,64.0,2014,2039,,,,,,,,,,,3649,0.0,,,,-28.9134,25.9199,Letsatsi,Fixed Tilt,1.17,-,,,,,,,,,,,,,,,,,,,,,,,,,,,,,,,,,,,,,,,,,,,,2014.0,2039.0,True
ME IRP 2024,renewables,AMBITIONS,Mulilo Renewable Energy Solar PV De Aar,BW1,solar_pv,,,9.65,2014,2039,,,,,,,,,,,3649,0.0,,,,-30.6279,24.005453,Mulilo_De_ Aar,Fixed Tilt,1.04,-,,,,,,,,,,,,,,,,,,,,,,,,,,,,,,,,,,,,,,,,,,,,2014.0,2039.0,True
ME IRP 2024,renewables,AMBITIONS,Mulilo Renewable Energy Solar PV Prieska,BW1,solar_pv,,,19.9,2014,2039,,,,,,,,,,,3649,0.0,,,,-29.967661,22.319683,Mulilo_Prieska,Fixed Tilt,1.01,-,,,,,,,,,,,,,,,,,,,,,,,,,,,,,,,,,,,,,,,,,,,,2014.0,2039.0,True
ME IRP 2024,renewables,AMBITIONS,RustMo1 Solar Farm,BW1,solar_pv,,,6.76,2013,2038,,,,,,,,,,,3649,0.0,,,,-25.737892,27.418314,RustMo1,Fixed Tilt,1.04,-,,,,,,,,,,,,,,,,,,,,,,,,,,,,,,,,,,,,,,,,,,,,2013.0,2038.0,True
ME IRP 2024,renewables,AMBITIONS,SlimSun Swartland Solar Park,BW1,solar_pv,,,5.0,2015,2040,,,,,,,,,,,3649,0.0,,,,-33.35,18.529708,SlimSun,Fixed Tilt,1.2,-,,,,,,,,,,,,,,,,,,,,,,,,,,,,,,,,,,,,,,,,,,,,2015.0,2040.0,True
ME IRP 2024,renewables,AMBITIONS,Solar Capital De Aar,BW1,solar_pv,,,75.0,2014,2039,,,,,,,,,,,3649,0.0,,,,-30.604753,24.095239,Solar_Capital,Fixed Tilt,1.13,-,,,,,,,,,,,,,,,,,,,,,,,,,,,,,,,,,,,,,,,,,,,,2014.0,2039.0,True
ME IRP 2024,renewables,AMBITIONS,Soutpan Solar Park,BW1,solar_pv,,,28.0,2014,2039,,,,,,,,,,,3649,0.0,,,,-22.991667,29.251667,Soutpan,Fixed Tilt,1.11,-,,,,,,,,,,,,,,,,,,,,,,,,,,,,,,,,,,,,,,,,,,,,2014.0,2039.0,True
ME IRP 2024,renewables,AMBITIONS,Touwsrivier Project,BW1,solar_pv,,,36.0,2014,2039,,,,,,,,,,,3649,0.0,,,,-33.410389,19.9276,Touwsrivier,Single Axis,1,-,,,,,,,,,,,,,,,,,,,,,,,,,,,,,,,,,,,,,,,,,,,,2014.0,2039.0,True
ME IRP 2024,renewables,AMBITIONS,Witkop Solar Park,BW1,solar_pv,,,30.0,2014,2039,,,,,,,,,,,3649,0.0,,,,-24.041667,29.361667,Witkop,Single Axis,1.1,-,,,,,,,,,,,,,,,,,,,,,,,,,,,,,,,,,,,,,,,,,,,,2014.0,2039.0,True
ME IRP 2024,renewables,AMBITIONS,Aurora,BW2,solar_pv,,,9.0,2014,2039,,,,,,,,,,,2176,0.0,,,,-32.641344,18.497289,Aurora,Fixed Tilt,1.17,-,,,,,,,,,,,,,,,,,,,,,,,,,,,,,,,,,,,,,,,,,,,,2014.0,2039.0,True
ME IRP 2024,renewables,AMBITIONS,Boshoff Solar Park,BW2,solar_pv,,,60.0,2014,2039,,,,,,,,,,,2176,0.0,,,,-28.4628,25.1891,Boshoff,Single Axis,1.1,-,,,,,,,,,,,,,,,,,,,,,,,,,,,,,,,,,,,,,,,,,,,,2014.0,2039.0,True
ME IRP 2024,renewables,AMBITIONS,Jasper Power Company,BW2,solar_pv,,,75.0,2014,2039,,,,,,,,,,,2176,0.0,,,,-28.3133,23.3751,Jasper,Fixed Tilt,1.28,-,,,,,,,,,,,,,,,,,,,,,,,,,,,,,,,,,,,,,,,,,,,,2014.0,2039.0,True
ME IRP 2024,renewables,AMBITIONS,Linde,BW2,solar_pv,,,36.8,2013,2038,,,,,,,,,,,2176,0.0,,,,-30.9986,24.6506,Linde,Single Axis,1,-,,,,,,,,,,,,,,,,,,,,,,,,,,,,,,,,,,,,,,,,,,,,2013.0,2038.0,True
ME IRP 2024,renewables,AMBITIONS,Project Dreunberg,BW2,solar_pv,,,69.9,2014,2039,,,,,,,,,,,2176,0.0,,,,-30.8373,26.2055,Dreunberg,Fixed Tilt,1.07,-,,,,,,,,,,,,,,,,,,,,,,,,,,,,,,,,,,,,,,,,,,,,2014.0,2039.0,True
ME IRP 2024,renewables,AMBITIONS,Sishen Solar Facility,BW2,solar_pv,,,74.0,2014,2039,,,,,,,,,,,2176,0.0,,,,-27.583611,22.932778,Sishen,Single Axis,1.27,-,,,,,,,,,,,,,,,,,,,,,,,,,,,,,,,,,,,,,,,,,,,,2014.0,2039.0,True
ME IRP 2024,renewables,AMBITIONS,Solar Capital De Aar 3,BW2,solar_pv,,,75.0,2014,2039,,,,,,,,,,,2176,0.0,,,,-30.604753,24.095239,Solar_Capital2,Fixed Tilt,1,-,,,,,,,,,,,,,,,,,,,,,,,,,,,,,,,,,,,,,,,,,,,,2014.0,2039.0,True
ME IRP 2024,renewables,AMBITIONS,Upington Solar PV,BW2,solar_pv,,,8.9,2014,2039,,,,,,,,,,,2176,0.0,,,,-28.5493,21.1038,Upington,Fixed Tilt,1.12,-,,,,,,,,,,,,,,,,,,,,,,,,,,,,,,,,,,,,,,,,,,,,2014.0,2039.0,True
ME IRP 2024,renewables,AMBITIONS,Vredendal,BW2,solar_pv,,,8.8,2014,2039,,,,,,,,,,,2176,0.0,,,,-31.634886,18.505356,Vredendal,Fixed Tilt,1.19,-,,,,,,,,,,,,,,,,,,,,,,,,,,,,,,,,,,,,,,,,,,,,2014.0,2039.0,True
ME IRP 2024,renewables,AMBITIONS,Adams Solar PV 2,BW3,solar_pv,,,75.0,2017,2042,,,,,,,,,,,1165,0.0,,,,-27.378969,23.012989,Adams,Fixed Tilt,1.1,-,,,,,,,,,,,,,,,,,,,,,,,,,,,,,,,,,,,,,,,,,,,,2017.0,2042.0,True
ME IRP 2024,renewables,AMBITIONS,Electra Capital (Pty) Ltd,BW3,solar_pv,,,75.0,2016,2041,,,,,,,,,,,1165,0.0,,,,-32.4148,18.7379,Electra_Capital,Fixed Tilt,1,-,,,,,,,,,,,,,,,,,,,,,,,,,,,,,,,,,,,,,,,,,,,,2016.0,2041.0,True
ME IRP 2024,renewables,AMBITIONS,Mulilo Prieska PV,BW3,solar_pv,,,75.0,2016,2041,,,,,,,,,,,1165,0.0,,,,-30.0375,22.317222,Mulilo_Prieska2,Fixed Tilt,1.15,-,,,,,,,,,,,,,,,,,,,,,,,,,,,,,,,,,,,,,,,,,,,,2016.0,2041.0,True
ME IRP 2024,renewables,AMBITIONS,Mulilo Sonnedix Prieska PV,BW3,solar_pv,,,75.0,2016,2041,,,,,,,,,,,1165,0.0,,,,-30.024444,22.362778,Mulilo_Prieska3,Single Axis,1.15,-,,,,,,,,,,,,,,,,,,,,,,,,,,,,,,,,,,,,,,,,,,,,2016.0,2041.0,True
ME IRP 2024,renewables,AMBITIONS,Pulida Solar Park,BW3,solar_pv,,,75.0,2017,2042,,,,,,,,,,,1165,0.0,,,,-29.086944,24.903333,Pulida,Fixed Tilt,1.1,-,,,,,,,,,,,,,,,,,,,,,,,,,,,,,,,,,,,,,,,,,,,,2017.0,2042.0,True
ME IRP 2024,renewables,AMBITIONS,Tom Burke Solar Park,BW3,solar_pv,,,60.0,2016,2041,,,,,,,,,,,1165,0.0,,,,-23.072778,27.989444,Tom_Burke,Fixed Tilt,1.1,-,,,,,,,,,,,,,,,,,,,,,,,,,,,,,,,,,,,,,,,,,,,,2016.0,2041.0,True
ME IRP 2024,renewables,AMBITIONS,Aggeneys Solar,BW4,solar_pv,,,40.0,2020,2045,,,,,,,,,,,872,0.0,,,,-29.235794,18.897656,Aggeneys,Single Axis,1.15,-,,,,,,,,,,,,,,,,,,,,,,,,,,,,,,,,,,,,,,,,,,,,2020.0,2045.0,True
ME IRP 2024,renewables,AMBITIONS,Bokamoso,BW4,solar_pv,,,67.9,2020,2045,,,,,,,,,,,872,0.0,,,,-27.1583,26.4009,Bokamoso,Single Axis,1.15,-,,,,,,,,,,,,,,,,,,,,,,,,,,,,,,,,,,,,,,,,,,,,2020.0,2045.0,True
ME IRP 2024,renewables,AMBITIONS,De Wildt,BW4,solar_pv,,,50.0,2021,2046,,,,,,,,,,,872,0.0,,,,-25.6332,27.9307,De_Wildt,Single Axis,1.16,-,,,,,,,,,,,,,,,,,,,,,,,,,,,,,,,,,,,,,,,,,,,,2021.0,2046.0,True
ME IRP 2024,renewables,AMBITIONS,Droogfontein Solar Power,BW4,solar_pv,,,75.0,2020,2045,,,,,,,,,,,872,0.0,,,,-28.5677,24.7023,Droogfontein2,Single Axis,1.15,-,,,,,,,,,,,,,,,,,,,,,,,,,,,,,,,,,,,,,,,,,,,,2020.0,2045.0,True
ME IRP 2024,renewables,AMBITIONS,Dyasons Klip 1,BW4,solar_pv,,,75.0,2020,2045,,,,,,,,,,,872,0.0,,,,-28.5493,21.1038,Dyasons_Klip1,Single Axis,1.15,-,,,,,,,,,,,,,,,,,,,,,,,,,,,,,,,,,,,,,,,,,,,,2020.0,2045.0,True
ME IRP 2024,renewables,AMBITIONS,Dyasons Klip 2,BW4,solar_pv,,,75.0,2020,2045,,,,,,,,,,,872,0.0,,,,-28.5707,21.0613,Dyasons_Klip2,Single Axis,1.15,-,,,,,,,,,,,,,,,,,,,,,,,,,,,,,,,,,,,,,,,,,,,,2020.0,2045.0,True
ME IRP 2024,renewables,AMBITIONS,Greefspan PV Power Plant2,BW4,solar_pv,,,55.0,2021,2046,,,,,,,,,,,872,0.0,,,,-29.3857,23.3172,Greefspan2,Single Axis,1.15,-,,,,,,,,,,,,,,,,,,,,,,,,,,,,,,,,,,,,,,,,,,,,2021.0,2046.0,True
ME IRP 2024,renewables,AMBITIONS,Konkoonsies II Solar PV Facility,BW4,solar_pv,,,75.0,2020,2045,,,,,,,,,,,872,0.0,,,,-28.898811,19.557383,Konkoonsies2,Single Axis,1.15,-,,,,,,,,,,,,,,,,,,,,,,,,,,,,,,,,,,,,,,,,,,,,2020.0,2045.0,True
ME IRP 2024,renewables,AMBITIONS,Loeriesfontein Orange,BW4,solar_pv,,,75.0,2023,2048,,,,,,,,,,,872,0.0,,,,-30.91810861,19.44104346,Loeriesfontein,Single Axis,1.15,-,,,,,,,,,,,,,,,,,,,,,,,,,,,,,,,,,,,,,,,,,,,,2023.0,2048.0,True
ME IRP 2024,renewables,AMBITIONS,Sirius Solar PV Project One,BW4,solar_pv,,,75.0,2020,2045,,,,,,,,,,,872,0.0,,,,-28.547361,21.09495,Sirius,Single Axis,1.15,-,,,,,,,,,,,,,,,,,,,,,,,,,,,,,,,,,,,,,,,,,,,,2020.0,2045.0,True
ME IRP 2024,renewables,AMBITIONS,Waterloo Solar Park,BW4,solar_pv,,,75.0,2020,2045,,,,,,,,,,,872,0.0,,,,-27.0322,24.7931,Waterloo,Single Axis,1.15,-,,,,,,,,,,,,,,,,,,,,,,,,,,,,,,,,,,,,,,,,,,,,2020.0,2045.0,True
ME IRP 2024,renewables,AMBITIONS,Zeerust,BW4,solar_pv,,,75.0,2021,2046,,,,,,,,,,,872,0.0,,,,-25.5748,26.0718,Zeerust,Single Axis,1.15,-,,,,,,,,,,,,,,,,,,,,,,,,,,,,,,,,,,,,,,,,,,,,2021.0,2046.0,True
ME IRP 2024,renewables,AMBITIONS,Cookhouse Wind Farm,BW1,wind,,,135.0,2014,2034,,,,,,,,,,,1513,0.0,,,,-32.7333,25.9093,Cookhouse,-,-,115,,,,,,,,,,,,,,,,,,,,,,,,,,,,,,,,,,,,,,,,,,,,2014.0,2034.0,True
ME IRP 2024,renewables,AMBITIONS,Dassieklip Wind Energy Facility,BW1,wind,,,26.19,2014,2034,,,,,,,,,,,1513,0.0,,,,-34.2275,19.383,Dassieklip,-,-,91.5,,,,,,,,,,,,,,,,,,,,,,,,,,,,,,,,,,,,,,,,,,,,2014.0,2034.0,True
ME IRP 2024,renewables,AMBITIONS,Umoya Energy Wind Farm,BW1,wind,,,65.4,2014,2034,,,,,,,,,,,1513,0.0,,,,-33.0928,18.3989,Hopefield,-,-,99.5,,,,,,,,,,,,,,,,,,,,,,,,,,,,,,,,,,,,,,,,,,,,2014.0,2034.0,True
ME IRP 2024,renewables,AMBITIONS,Jeffreys Bay Wind Farm,BW1,wind,,,133.86,2014,2034,,,,,,,,,,,1513,0.0,,,,-34.0107,24.8808,Jeffreysbay,-,-,80,,,,,,,,,,,,,,,,,,,,,,,,,,,,,,,,,,,,,,,,,,,,2014.0,2034.0,True
ME IRP 2024,renewables,AMBITIONS,Kouga Wind Farm,BW1,wind,,,77.6,2014,2034,,,,,,,,,,,1513,0.0,,,,-34.14656,24.7004,Kouga,-,-,99.5,,,,,,,,,,,,,,,,,,,,,,,,,,,,,,,,,,,,,,,,,,,,2014.0,2034.0,True
ME IRP 2024,renewables,AMBITIONS,Metrowind Van Stadens Wind Farm,BW1,wind,,,86.6,2014,2034,,,,,,,,,,,1513,0.0,,,,-33.96222,25.24444,Metrowind,-,-,80,,,,,,,,,,,,,,,,,,,,,,,,,,,,,,,,,,,,,,,,,,,,2014.0,2034.0,True
ME IRP 2024,renewables,AMBITIONS,Nobelsfontein Phase 1,BW1,wind,,,72.75,2014,2034,,,,,,,,,,,1513,0.0,,,,-31.7508333333333,23.1733333333333,Noblesfontein,-,-,80,,,,,,,,,,,,,,,,,,,,,,,,,,,,,,,,,,,,,,,,,,,,2014.0,2034.0,True
ME IRP 2024,renewables,AMBITIONS,Red Cap Gibson Bay,BW1,wind,,,110.0,2014,2034,,,,,,,,,,,1513,0.0,,,,-34.1286,24.4818,Gibson_bay,-,-,90,,,,,,,,,,,,,,,,,,,,,,,,,,,,,,,,,,,,,,,,,,,,2014.0,2034.0,True
ME IRP 2024,renewables,AMBITIONS,Eskom Sere,BW1,wind,,,100.0,2014,2034,,,,,,,,,,,1513,0.0,,,,-31.4968568372347,18.0633761989106,Sere,-,-,80,,,,,,,,,,,,,,,,,,,,,,,,,,,,,,,,,,,,,,,,,,,,2014.0,2034.0,True
ME IRP 2024,renewables,AMBITIONS,Amakhala Emoyeni,BW2,wind,,,137.9,2017,2037,,,,,,,,,,,1186,0.0,,,,-32.875797914561,25.9975301,Amakhala,-,-,80,,,,,,,,,,,,,,,,,,,,,,,,,,,,,,,,,,,,,,,,,,,,2017.0,2037.0,True
ME IRP 2024,renewables,AMBITIONS,Aurora Wind Power,BW2,wind,,,90.8,2017,2037,,,,,,,,,,,1186,0.0,,,,-32.83425,17.9956111111111,Aurora,-,-,99.5,,,,,,,,,,,,,,,,,,,,,,,,,,,,,,,,,,,,,,,,,,,,2017.0,2037.0,True
ME IRP 2024,renewables,AMBITIONS,Chaba Wind Farm,BW2,wind,,,20.6,2017,2037,,,,,,,,,,,1186,0.0,,,,-32.5901,27.9623,Chaba,-,-,100,,,,,,,,,,,,,,,,,,,,,,,,,,,,,,,,,,,,,,,,,,,,2017.0,2037.0,True
ME IRP 2024,renewables,AMBITIONS,Gouda Wind Project,BW2,wind,,,135.2,2017,2037,,,,,,,,,,,1186,0.0,,,,-33.2564,19.0184,Gouda,-,-,91.5,,,,,,,,,,,,,,,,,,,,,,,,,,,,,,,,,,,,,,,,,,,,2017.0,2037.0,True
ME IRP 2024,renewables,AMBITIONS,Grassridge Wind Farm,BW2,wind,,,59.8,2017,2037,,,,,,,,,,,1186,0.0,,,,-33.6551,25.5915,Grassridge,-,-,115,,,,,,,,,,,,,,,,,,,,,,,,,,,,,,,,,,,,,,,,,,,,2017.0,2037.0,True
ME IRP 2024,renewables,AMBITIONS,Tsitsikamma Community Wind Farm,BW2,wind,,,94.8,2017,2037,,,,,,,,,,,1186,0.0,,,,-34.0735,24.5067,Tsitsikama,-,-,91,,,,,,,,,,,,,,,,,,,,,,,,,,,,,,,,,,,,,,,,,,,,2017.0,2037.0,True
ME IRP 2024,renewables,AMBITIONS,Waainek Wind Farm,BW2,wind,,,23.4,2017,2037,,,,,,,,,,,1186,0.0,,,,-32.5901,26.4569,Waainek,-,-,100,,,,,,,,,,,,,,,,,,,,,,,,,,,,,,,,,,,,,,,,,,,,2017.0,2037.0,True
ME IRP 2024,renewables,AMBITIONS,Dorper Wind Farm,BW3,wind,,,97.0,2018,2038,,,,,,,,,,,868,0.0,,,,-31.4809,26.4393,Dorper,-,-,115,,,,,,,,,,,,,,,,,,,,,,,,,,,,,,,,,,,,,,,,,,,,2018.0,2038.0,True
ME IRP 2024,renewables,AMBITIONS,Khobab Wind Farm,BW3,wind,,,137.7,2018,2038,,,,,,,,,,,868,0.0,,,,-30.4344,19.5538,Khobab,-,-,91.5,,,,,,,,,,,,,,,,,,,,,,,,,,,,,,,,,,,,,,,,,,,,2018.0,2038.0,True
ME IRP 2024,renewables,AMBITIONS,Loeriesfontein 2 Wind Farm,BW3,wind,,,138.2,2018,2038,,,,,,,,,,,868,0.0,,,,-30.38040403,19.58928465,Loeriesfontein2,-,-,94,,,,,,,,,,,,,,,,,,,,,,,,,,,,,,,,,,,,,,,,,,,,2018.0,2038.0,True
ME IRP 2024,renewables,AMBITIONS,Longyuan Mulilo De Aar Maanhaarberg Wind Energy Facility,BW3,wind,,,139.0,2018,2038,,,,,,,,,,,868,0.0,,,,-30.7166666666666,23.9205555555555,Mulilo_de_aar1,-,-,84,,,,,,,,,,,,,,,,,,,,,,,,,,,,,,,,,,,,,,,,,,,,2018.0,2038.0,True
ME IRP 2024,renewables,AMBITIONS,Longyuan Mulilo Green Energy De Aar 2 North Wind Energy Facility,BW3,wind,,,96.5,2018,2038,,,,,,,,,,,868,0.0,,,,-30.7349,23.8665,Mulilo_de_aar2,-,-,117,,,,,,,,,,,,,,,,,,,,,,,,,,,,,,,,,,,,,,,,,,,,2018.0,2038.0,True
ME IRP 2024,renewables,AMBITIONS,Nojoli Wind Farm,BW3,wind,,,86.6,2018,2038,,,,,,,,,,,868,0.0,,,,-32.771,25.91566,Nojoli,-,-,100,,,,,,,,,,,,,,,,,,,,,,,,,,,,,,,,,,,,,,,,,,,,2018.0,2038.0,True
ME IRP 2024,renewables,AMBITIONS,Noupoort Wind Farm,BW3,wind,,,79.1,2018,2038,,,,,,,,,,,868,0.0,,,,-31.1728143217172,25.0164487289082,Noupoort,-,-,100,,,,,,,,,,,,,,,,,,,,,,,,,,,,,,,,,,,,,,,,,,,,2018.0,2038.0,True
ME IRP 2024,renewables,AMBITIONS,Copperton Windfarm,BW4,wind,,,102.0,2021,2041,,,,,,,,,,,687,0.0,,,,-29.9078,22.3391,Copperton,-,-,100,,,,,,,,,,,,,,,,,,,,,,,,,,,,,,,,,,,,,,,,,,,,2021.0,2041.0,True
ME IRP 2024,renewables,AMBITIONS,Excelsior Wind Energy Facility,BW4,wind,,,31.9,2021,2041,,,,,,,,,,,687,0.0,,,,-34.2423,20.2307,Exelsior,-,-,100,,,,,,,,,,,,,,,,,,,,,,,,,,,,,,,,,,,,,,,,,,,,2021.0,2041.0,True
ME IRP 2024,renewables,AMBITIONS,Garob Wind Farm,BW4,wind,,,135.9,2021,2041,,,,,,,,,,,687,0.0,,,,-29.959,22.4131,Garob,-,-,100,,,,,,,,,,,,,,,,,,,,,,,,,,,,,,,,,,,,,,,,,,,,2021.0,2041.0,True
ME IRP 2024,renewables,AMBITIONS,Golden Valley Wind,BW4,wind,,,117.72,2021,2041,,,,,,,,,,,687,0.0,,,,-32.8875,25.9418,Golden_valley,-,-,100,,,,,,,,,,,,,,,,,,,,,,,,,,,,,,,,,,,,,,,,,,,,2021.0,2041.0,True
ME IRP 2024,renewables,AMBITIONS,Kangnas Wind Farm,BW4,wind,,,136.7,2021,2041,,,,,,,,,,,687,0.0,,,,-29.6001,18.357,Kangnas,-,-,100,,,,,,,,,,,,,,,,,,,,,,,,,,,,,,,,,,,,,,,,,,,,2021.0,2041.0,True
ME IRP 2024,renewables,AMBITIONS,The Karusa Wind Farm,BW4,wind,,,139.8,2021,2041,,,,,,,,,,,687,0.0,,,,-32.8858,20.6567,Karusa,-,-,100,,,,,,,,,,,,,,,,,,,,,,,,,,,,,,,,,,,,,,,,,,,,2021.0,2041.0,True
ME IRP 2024,renewables,AMBITIONS,Nxuba Wind Farm,BW4,wind,,,138.9,2021,2041,,,,,,,,,,,687,0.0,,,,-32.73767,25.96684,Nxuba,-,-,100,,,,,,,,,,,,,,,,,,,,,,,,,,,,,,,,,,,,,,,,,,,,2021.0,2041.0,True
ME IRP 2024,renewables,AMBITIONS,Oyster Bay Wind Farm,BW4,wind,,,140.0,2021,2041,,,,,,,,,,,687,0.0,,,,-34.11639,24.64889,Oyster_bay,-,-,100,,,,,,,,,,,,,,,,,,,,,,,,,,,,,,,,,,,,,,,,,,,,2021.0,2041.0,True
ME IRP 2024,renewables,AMBITIONS,Perdekraal East Wind Farm,BW4,wind,,,107.76,2021,2041,,,,,,,,,,,687,0.0,,,,-33.0544444444444,20.1002777777777,Perdekraal_east,-,-,100,,,,,,,,,,,,,,,,,,,,,,,,,,,,,,,,,,,,,,,,,,,,2021.0,2041.0,True
ME IRP 2024,renewables,AMBITIONS,Roggeveld Wind Farm,BW4,wind,,,140.0,2021,2041,,,,,,,,,,,687,0.0,,,,-32.9172333333333,20.5090888888888,Roggeveld,-,-,100,,,,,,,,,,,,,,,,,,,,,,,,,,,,,,,,,,,,,,,,,,,,2021.0,2041.0,True
ME IRP 2024,renewables,AMBITIONS,Soetwater Wind Farm,BW4,wind,,,139.4,2021,2041,,,,,,,,,,,687,0.0,,,,-32.754,20.6396,Soetwater,-,-,100,,,,,,,,,,,,,,,,,,,,,,,,,,,,,,,,,,,,,,,,,,,,2021.0,2041.0,True
ME IRP 2024,renewables,AMBITIONS,Kaxu Solar One,BW1,solar_csp,,,100.0,2015,2045,,,,,,,,,,,3554,0.0,,,,-28.8793,19.5929,Kaxu,-,-,-,3,,,,,,,,,,,,,,,,,,,,,,,,,,,,,,,,,,,,,,,,,,,2015.0,2045.0,True
ME IRP 2024,renewables,AMBITIONS,Khi Solar One,BW1,solar_csp,,,50.0,2015,2045,,,,,,,,,,,3554,0.0,,,,-28.5364,21.0782,Khi,-,-,-,6,,,,,,,,,,,,,,,,,,,,,,,,,,,,,,,,,,,,,,,,,,,2015.0,2045.0,True
ME IRP 2024,renewables,AMBITIONS,Bokpoort CSP project,BW2,solar_csp,,,50.0,2016,2046,,,,,,,,,,,3324,0.0,,,,-28.7333,21.9955,Bokpoort,-,-,-,9,,,,,,,,,,,,,,,,,,,,,,,,,,,,,,,,,,,,,,,,,,,2016.0,2046.0,True
ME IRP 2024,renewables,AMBITIONS,!XiNa Solar One,BW3,solar_csp,,,100.0,2017,2047,,,,,,,,,,,3114,0.0,,,,-28.8906,19.5918,!XiNa,-,-,-,6,,,,,,,,,,,,,,,,,,,,,,,,,,,,,,,,,,,,,,,,,,,2017.0,2047.0,True
ME IRP 2024,renewables,AMBITIONS,Karoshoek Solar One,BW3,solar_csp,,,100.0,2019,2049,,,,,,,,,,,3114,0.0,,,,-28.4819,21.5204,Karoshoek,-,-,-,6,,,,,,,,,,,,,,,,,,,,,,,,,,,,,,,,,,,,,,,,,,,2019.0,2049.0,True
ME IRP 2024,renewables,AMBITIONS,Kathu Solar Park,BW3.5,solar_csp,,,100.0,2019,2049,,,,,,,,,,,2902,0.0,,,,-27.6095,23.0276,Kathu,-,-,-,6,,,,,,,,,,,,,,,,,,,,,,,,,,,,,,,,,,,,,,,,,,,2019.0,2049.0,True
ME IRP 2024,renewables,AMBITIONS,Redstone Solar Thermal Power Plant,BW3.5,solar_csp,,,100.0,2024,beyond 2050,,,,,,,,,,,2902,0.0,,,,-28.3095221110232,23.1040633712854,Redstone,-,-,-,9,,,,,,,,,,,,,,,,,,,,,,,,,,,,,,,,,,,,,,,,,,,2024.0,2050.0,False
ME IRP 2024,renewables,AMBITIONS,Neusberg Hydro Electrical Project,IPP,hydro,,,10.0,2020,beyond 2050,,,,,,,,,,,1363,0.0,,,,-28.7526965922516,20.5335002983643,Neusberg,-,-,-,-,,,,,,,,,,,,,,,,,,,,,,,,,,,,,,,,,,,,,,,,,,,2020.0,2050.0,True
ME IRP 2024,renewables,AMBITIONS,Stortemelk Hydro,IPP,hydro,,,4.22,2020,beyond 2050,,,,,,,,,,,1363,0.0,,,,-28.5141541489407,28.4101438223705,Stortemelk,-,-,-,-,,,,,,,,,,,,,,,,,,,,,,,,,,,,,,,,,,,,,,,,,,,2020.0,2050.0,True
ME IRP 2024,renewables,AMBITIONS,Kruisvallei Hydro,IPP,hydro,,,3.8,2020,beyond 2050,,,,,,,,,,,1240,0.0,,,,-28.2425030696516,28.3076832839413,Kruisvallei,-,-,-,-,,,,,,,,,,,,,,,,,,,,,,,,,,,,,,,,,,,,,,,,,,,2020.0,2050.0,True
ME IRP 2024,renewables,AMBITIONS,ColleyWobbles,IPP,hydro,,,65.0,2020,beyond 2050,,,,,,,,,,,300,0.0,,,,-32.05,28.58333,ColleyWobbles,-,-,-,-,,,,,,,,,,,,,,,,,,,,,,,,,,,,,,,,,,,,,,,,,,,2020.0,2050.0,True
ME IRP 2024,renewables,AMBITIONS,CahoraBassa,CahoraBassa,hydro_import,,,1764.0,2020,beyond 2050,,,,,,,,,,,300,0.0,,,,-25.91988,28.27627,CahoraBassa,-,-,-,-,,,,,,,,,,,,,,,,,,,,,,,,,,,,,,,,,,,,,,,,,,,2020.0,2050.0,True
ME IRP 2024,renewables,AMBITIONS,ENERGY Joburg Landfill Gas to Electircity Project,IPP,bioenergy,,,7.56,2020,2049,,,,,,,,,,,1109,0.0,,,,-26.1949542428945,28.0325284000202,Jhb_landfill,-,-,-,-,,,,,,,,,,,,,,,,,,,,,,,,,,,,,,,,,,,,,,,,,,,2020.0,2049.0,True
ME IRP 2024,renewables,AMBITIONS,Mkuze,IPP,bioenergy,,,16.5,2030,beyond 2050,,,,,,,,,,,1500,0.0,,,,-27.618037149128,32.0345129341963,Mkuze,-,-,-,-,,,,,,,,,,,,,,,,,,,,,,,,,,,,,,,,,,,,,,,,,,,2030.0,2050.0,False
ME IRP 2024,renewables,AMBITIONS,Ngodwana Energy,IPP,bioenergy,,,25.0,2020,beyond 2050,,,,,,,,,,,1500,0.0,,,,-25.4808983658985,30.9743048364687,Ngodwana,-,-,-,-,,,,,,,,,,,,,,,,,,,,,,,,,,,,,,,,,,,,,,,,,,,2020.0,2050.0,True
ME IRP 2024,renewables,AMBITIONS,Mondi,IPP,bioenergy,,,120.0,2020,beyond 2050,,,,,,,,,,,500,0.0,,,,,,Mondi,-,-,-,-,,,,,,,,,,,,,,,,,,,,,,,,,,,,,,,,,,,,,,,,,,,2020.0,2050.0,True
ME IRP 2024,renewables,AMBITIONS,Sappi,IPP,bioenergy,,,144.0,2020,beyond 2050,,,,,,,,,,,500,0.0,,,,-25.3447,30.394,Sappi,-,-,-,-,,,,,,,,,,,,,,,,,,,,,,,,,,,,,,,,,,,,,,,,,,,2020.0,2050.0,True
ME IRP 2024,storage,BASE,Drakensberg,eskom,phs,250.0,4.0,1000.0,-,beyond 2050,,,,,,,,,,,0.0001,222.0,,,,-28.56283,29.08275,,,,,,0.737,21.7,21.7,,,,,,,,,,,,,,,,,,,,,,,,,,,,,,,,,,,,,,,,,2050.0,False
ME IRP 2024,storage,BASE,Ingula,eskom,phs,331.0,4.0,1324.0,-,beyond 2050,,,,,,,,,,,0.0002,2796.0,,,,-28.165,29.3512,,,,,,0.78,27.4,20.694864048338367,,,,,,,,,,,,,,,,,,,,,,,,,,,,,,,,,,,,,,,,,2050.0,False
ME IRP 2024,storage,BASE,Palmiet,eskom,phs,200.0,2.0,400.0,-,beyond 2050,,,,,,,,,,,0.0003,222.0,,,,-34.19722,18.97361,,,,,,0.779,10.0,25.0,,,,,,,,,,,,,,,,,,,,,,,,,,,,,,,,,,,,,,,,,2050.0,False
ME IRP 2024,storage,BASE,Steenbras,CoCT,phs,45.0,4.0,180.0,-,beyond 2050,,,,,,,,,,,0.0004,222.0,,,,-34.153,18.9,,,,,,0.72,2.7,15.000000000000002,,,,,,,,,,,,,,,,,,,,,,,,,,,,,,,,,,,,,,,,,2050.0,False
ME IRP 2024,storage,BASE,Aggeneis,BW1,battery_4h,77.0,1.0,77.0,2025,2040,,,,,,,,,,,0.0,855.0,,,,-29.3,18.8,,,,,,0.89,0.308,4.0,,,,,,,,,,,,,,,,,,,,,,,,,,,,,,,,,,,,,,,,2025.0,2040.0,False
ME IRP 2024,storage,BASE,Ferrum,BW1,battery_4h,103.0,1.0,103.0,2025,2040,,,,,,,,,,,0.0,855.0,,,,-27.73,23.06,,,,,,0.89,0.412,4.0,,,,,,,,,,,,,,,,,,,,,,,,,,,,,,,,,,,,,,,,2025.0,2040.0,False
ME IRP 2024,storage,BASE,Mookodi,BW1,battery_4h,77.0,1.0,77.0,2025,2040,,,,,,,,,,,0.0,855.0,,,,-27.01,24.74,,,,,,0.89,0.308,4.0,,,,,,,,,,,,,,,,,,,,,,,,,,,,,,,,,,,,,,,,2025.0,2040.0,False
ME IRP 2024,storage,BASE,Nieuwehoop,BW1,battery_4h,103.0,1.0,103.0,2025,2040,,,,,,,,,,,0.0,855.0,,,,-29.15,21.34,,,,,,0.89,0.412,4.0,,,,,,,,,,,,,,,,,,,,,,,,,,,,,,,,,,,,,,,,2025.0,2040.0,False
ME IRP 2024,storage,BASE,Garona,BW1_not_awarded,battery_4h,153.0,1.0,153.0,2025,2040,,,,,,,,,,,0.0,855.0,,,,-28.74,21.99,,,,,,0.89,0.612,4.0,,,,,,,,,,,,,,,,,,,,,,,,,,,,,,,,,,,,,,,,2025.0,2040.0,False
ME IRP 2024,storage,BASE,Mercury,BW2,battery_4h,76.0,1.0,76.0,2027,2042,,,,,,,,,,,0.0,855.0,,,,-26.99,26.67,,,,,,0.89,0.304,4.0,,,,,,,,,,,,,,,,,,,,,,,,,,,,,,,,,,,,,,,,2027.0,2042.0,False
ME IRP 2024,storage,BASE,Carnel,BW2,battery_4h,77.0,1.0,77.0,2027,2042,,,,,,,,,,,0.0,855.0,,,,-26.42,27.31,,,,,,0.89,0.308,4.0,,,,,,,,,,,,,,,,,,,,,,,,,,,,,,,,,,,,,,,,2027.0,2042.0,False
ME IRP 2024,storage,BASE,Hermes,BW2,battery_4h,77.0,1.0,77.0,2027,2042,,,,,,,,,,,0.0,855.0,,,,-26.9,26.78,,,,,,0.89,0.308,4.0,,,,,,,,,,,,,,,,,,,,,,,,,,,,,,,,,,,,,,,,2027.0,2042.0,False
ME IRP 2024,storage,BASE,Ngwedi,BW2,battery_4h,77.0,1.0,77.0,2027,2042,,,,,,,,,,,0.0,855.0,,,,-25.41,27.09,,,,,,0.89,0.308,4.0,,,,,,,,,,,,,,,,,,,,,,,,,,,,,,,,,,,,,,,,2027.0,2042.0,False
ME IRP 2024,storage,BASE,Midas,BW2,battery_4h,77.0,1.0,77.0,2027,2042,,,,,,,,,,,0.0,855.0,,,,-26.38,27.53,,,,,,0.89,0.308,4.0,,,,,,,,,,,,,,,,,,,,,,,,,,,,,,,,,,,,,,,,2027.0,2042.0,False
ME IRP 2024,storage,BASE,Marang,BW2,battery_4h,77.0,1.0,77.0,2027,2042,,,,,,,,,,,0.0,855.0,,,,-25.61,27.33,,,,,,0.89,0.308,4.0,,,,,,,,,,,,,,,,,,,,,,,,,,,,,,,,,,,,,,,,2027.0,2042.0,False
ME IRP 2024,storage,BASE,Bighorn,BW2,battery_4h,77.0,1.0,77.0,2027,2042,,,,,,,,,,,0.0,855.0,,,,-25.68,27.51,,,,,,0.89,0.308,4.0,,,,,,,,,,,,,,,,,,,,,,,,,,,,,,,,,,,,,,,,2027.0,2042.0,False
ME IRP 2024,storage,BASE,Ararat,BW2,battery_4h,77.0,1.0,77.0,2027,2042,,,,,,,,,,,0.0,855.0,,,,-25.56,27.19,,,,,,0.89,0.308,4.0,,,,,,,,,,,,,,,,,,,,,,,,,,,,,,,,,,,,,,,,2027.0,2042.0,False
ME IRP 2024,storage,BASE,Witzenberg,eskom,battery_4h,17.0,1.0,17.0,2025,2040,,,,,,,,,,,0.0,855.0,,,,-33.23,19.32,,,,,,0.89,0.068,4.0,,,,,,,,,,,,,,,,,,,,,,,,,,,,,,,,,,,,,,,,2025.0,2040.0,False
ME IRP 2024,storage,BASE,Ashton,eskom,battery_4h,17.0,1.0,17.0,2025,2040,,,,,,,,,,,0.0,855.0,,,,-33.8,20.14,,,,,,0.89,0.068,4.0,,,,,,,,,,,,,,,,,,,,,,,,,,,,,,,,,,,,,,,,2025.0,2040.0,False
ME IRP 2024,storage,BASE,Cuprum,eskom,battery_4h,70.0,1.0,70.0,2025,2040,,,,,,,,,,,0.0,855.0,,,,-29.96,22.3,,,,,,0.89,0.28,4.0,,,,,,,,,,,,,,,,,,,,,,,,,,,,,,,,,,,,,,,,2025.0,2040.0,False
ME IRP 2024,storage,BASE,Kiwano,eskom,battery_4h,40.0,1.0,40.0,2025,2040,,,,,,,,,,,0.0,855.0,,,,-28.54,21.12,,,,,,0.89,0.16,4.0,,,,,,,,,,,,,,,,,,,,,,,,,,,,,,,,,,,,,,,,2025.0,2040.0,False
ME IRP 2024,storage,BASE,Skaapvlei,eskom,battery_4h,80.0,1.0,80.0,2024,2039,,,,,,,,,,,0.0,855.0,,,,-31.56,18.13,,,,,,0.89,0.32,4.0,,,,,,,,,,,,,,,,,,,,,,,,,,,,,,,,,,,,,,,,2024.0,2039.0,False
ME IRP 2024,storage,BASE,Melkhout,eskom,battery_4h,35.0,1.0,35.0,2024,2039,,,,,,,,,,,0.0,855.0,,,,-34.0,24.78,,,,,,0.89,0.14,4.0,,,,,,,,,,,,,,,,,,,,,,,,,,,,,,,,,,,,,,,,2024.0,2039.0,False
ME IRP 2024,storage,BASE,Elandskop,eskom,battery_4h,8.0,1.0,8.0,2024,2039,,,,,,,,,,,0.0,855.0,,,,-29.67,30.08,,,,,,0.89,0.032,4.0,,,,,,,,,,,,,,,,,,,,,,,,,,,,,,,,,,,,,,,,2024.0,2039.0,False
ME IRP 2024,storage,BASE,Pongola,eskom,battery_4h,40.0,1.0,40.0,2024,2039,,,,,,,,,,,0.0,855.0,,,,-27.45,31.64,,,,,,0.89,0.16,4.0,,,,,,,,,,,,,,,,,,,,,,,,,,,,,,,,,,,,,,,,2024.0,2039.0,False
ME IRP 2024,storage,BASE,Hex,eskom,battery_4h,20.0,1.0,20.0,2023,2038,,,,,,,,,,,0.0,855.0,,,,-33.64,19.48,,,,,,0.89,0.08,4.0,,,,,,,,,,,,,,,,,,,,,,,,,,,,,,,,,,,,,,,,2023.0,2038.0,True
ME IRP 2024,storage,BASE,Graafwater,eskom,battery_4h,5.0,1.0,5.0,2024,2039,,,,,,,,,,,0.0,855.0,,,,-32.18,18.6,,,,,,0.89,0.02,4.0,,,,,,,,,,,,,,,,,,,,,,,,,,,,,,,,,,,,,,,,2024.0,2039.0,False
ME IRP 2024,storage,BASE,Paleisheuwel,eskom,battery_4h,9.5,1.0,9.5,2024,2039,,,,,,,,,,,0.0,855.0,,,,-32.42,18.74,,,,,,0.89,0.038,4.0,,,,,,,,,,,,,,,,,,,,,,,,,,,,,,,,,,,,,,,,2024.0,2039.0,False
ME IRP 2024,storage,BASE,Rietfontein,eskom,battery_4h,1.54,1.0,1.54,2024,2039,,,,,,,,,,,0.0,855.0,,,,-26.73,20.03,,,,,,0.89,0.0061600000000000005,4.0,,,,,,,,,,,,,,,,,,,,,,,,,,,,,,,,,,,,,,,,2024.0,2039.0,False
ME IRP 2024,storage,AMBITIONS,Drakensberg,eskom,phs,250.0,4.0,1000.0,-,beyond 2050,,,,,,,,,,,0.0001,222.0,,,,-28.56283,29.08275,,,,,,0.737,21.7,21.7,,,,,,,,,,,,,,,,,,,,,,,,,,,,,,,,,,,,,,,,,2050.0,False
ME IRP 2024,storage,AMBITIONS,Ingula,eskom,phs,333.0,4.0,1332.0,-,beyond 2050,,,,,,,,,,,0.0002,2796.0,,,,-28.165,29.3512,,,,,,0.78,27.4,20.57057057057057,,,,,,,,,,,,,,,,,,,,,,,,,,,,,,,,,,,,,,,,,2050.0,False
ME IRP 2024,storage,AMBITIONS,Palmiet,eskom,phs,200.0,2.0,400.0,-,beyond 2050,,,,,,,,,,,0.0003,222.0,,,,-34.19722,18.97361,,,,,,0.779,10.0,25.0,,,,,,,,,,,,,,,,,,,,,,,,,,,,,,,,,,,,,,,,,2050.0,False
ME IRP 2024,storage,AMBITIONS,Steenbras,CoCT,phs,45.0,4.0,180.0,-,beyond 2050,,,,,,,,,,,0.0004,222.0,,,,-34.153,18.9,,,,,,0.72,2.7,15.000000000000002,,,,,,,,,,,,,,,,,,,,,,,,,,,,,,,,,,,,,,,,,2050.0,False
Coal_Flexibilisation,conventional,,,,,,,,,,,,,,,,,,,,,,,,,,,,,,,,,,,COAL_OFF_2050_PMR1,Arnot,eskom,coal,True,350.0,1.0,2100.0,pre,2033,13.541666666666666,13.541666666666666,0.0,96,1300,med_group,0.345,0.345,0.65,0.65,0.65,24.0,8.0,93.77815699658699,1248.0393378839624,1000000.0,500000.0,500000.0,-25.94444,29.79166,,,,,,,,,,,,False
Coal_Flexibilisation,conventional,,,,,,,,,,,,,,,,,,,,,,,,,,,,,,,,,,,COAL_OFF_2050_PMR1,Camden,eskom,coal,True,190.0,1.0,1481.0,pre,2033,14.375,14.375,0.0,96,1380,high_group,0.178378378378378,0.178378378378378,0.65,0.65,0.65,24.0,8.0,93.77815699658699,1674.031238907855,1000000.0,500000.0,500000.0,-26.62007,30.09113,,,,,,,,,,,,False
Coal_Flexibilisation,conventional,,,,,,,,,,,,,,,,,,,,,,,,,,,,,,,,,,,COAL_OFF_2050_PMR1,Duvha,eskom,coal,True,575.0,1.0,2875.0,pre,2036,11.666666666666666,11.666666666666666,0.0,96,1120,low_group,0.4,0.4,0.65,0.65,0.65,24.0,8.0,93.77815699658699,1195.4152627986327,1000000.0,500000.0,500000.0,-25.95954,29.34094,,,,,,,,,,,,False
Coal_Flexibilisation,conventional,,,,,,,,,,,,,,,,,,,,,,,,,,,,,,,,,,,COAL_OFF_2050_PMR1,Grootvlei,eskom,coal,True,190.0,1.0,570.0,pre,2030,15.0,15.0,0.0,96,1440,high_group,0.167,0.167,0.65,0.65,0.65,24.0,8.0,93.77815699658699,1247.9997133105821,1000000.0,500000.0,500000.0,-26.76955,28.49951,,,,,,,,,,,,False
Coal_Flexibilisation,conventional,,,,,,,,,,,,,,,,,,,,,,,,,,,,,,,,,,,COAL_OFF_2050_PMR1,Hendrina,eskom,coal,True,190.0,1.0,1098.0,pre,2030,14.375,14.375,0.0,96,1380,med_group,0.333,0.333,0.65,0.65,0.65,24.0,8.0,93.77815699658699,1248.0049965870353,1000000.0,500000.0,500000.0,-26.03138,29.60138,,,,,,,,,,,,False
Coal_Flexibilisation,conventional,,,,,,,,,,,,,,,,,,,,,,,,,,,,,,,,,,,COAL_OFF_2050_PMR1,Kelvin,IPP,coal,True,80.0,2.0,160.0,pre,2030,14.322916666666666,14.322916666666666,0.0,96,1375,high_group,0.375,0.375,0.65,0.65,0.65,24.0,8.0,105.66552901023884,1275.0659385665535,1000000.0,1000000.0,1000000.0,-26.115776,28.1138,,,,,,,,,,,,False
Coal_Flexibilisation,conventional,,,,,,,,,,,,,,,,,,,,,,,,,,,,,,,,,,,COAL_OFF_2050_PMR1,Kendal,eskom,coal,True,640.0,1.0,3840.0,pre,2042,12.291666666666666,12.291666666666666,0.0,96,1180,med_group,0.167,0.167,0.65,0.65,0.65,24.0,8.0,93.77815699658699,1187.486385665532,1000000.0,500000.0,500000.0,-26.08805,28.96888,,,,,,,,,,,,False
Coal_Flexibilisation,conventional,,,,,,,,,,,,,,,,,,,,,,,,,,,,,,,,,,,COAL_OFF_2050_PMR1,Komati,eskom,coal,True,114.0,1.0,114.0,pre,2022,11.458333333333334,11.458333333333334,0.0,96,1100,high_group,0.167,0.167,0.65,0.65,0.65,24.0,8.0,93.77815699658699,1184.3203822525602,1000000.0,500000.0,500000.0,-26.09078,29.47446,,,,,,,,,,,,False
Coal_Flexibilisation,conventional,,,,,,,,,,,,,,,,,,,,,,,,,,,,,,,,,,,COAL_OFF_2050_PMR1,Kriel,eskom,coal,True,405.0,1.0,2640.0,pre,2030,12.8125,12.8125,0.0,96,1230,high_group,0.454736842105263,0.454736842105263,0.65,0.65,0.65,24.0,8.0,93.77815699658699,1184.3203822525602,1000000.0,500000.0,500000.0,-26.25404,29.18008,,,,,,,,,,,,False
Coal_Flexibilisation,conventional,,,,,,,,,,,,,,,,,,,,,,,,,,,,,,,,,,,COAL_OFF_2050_PMR1,Kusile,eskom,coal,True,720.0,1.0,4320.0,pre,2050,10.416666666666666,10.416666666666666,0.0,96,1000,high_group,0.6,0.6,0.65,0.65,0.65,24.0,8.0,129.44027303754237,1236.9497406143319,1000000.0,500000.0,500000.0,-25.92007,28.924942,,,,,,,,,,,,False
Coal_Flexibilisation,conventional,,,,,,,,,,,,,,,,,,,,,,,,,,,,,,,,,,,COAL_OFF_2050_PMR1,Lethabo,eskom,coal,True,593.0,1.0,3558.0,pre,2041,11.25,11.25,0.0,96,1080,low_group,0.596964586846543,0.596964586846543,0.65,0.65,0.65,24.0,8.0,93.77815699658699,1184.3203822525602,1000000.0,500000.0,500000.0,-26.74027,27.975,,,,,,,,,,,,False
Coal_Flexibilisation,conventional,,,,,,,,,,,,,,,,,,,,,,,,,,,,,,,,,,,COAL_OFF_2050_PMR1,Majuba,eskom,coal,True,663.0,1.0,3807.0,pre,2046,13.020833333333334,13.020833333333334,0.0,96,1250,med_group,0.167,0.166939443535188,0.65,0.65,0.65,24.0,8.0,93.77815699658699,1184.3203822525602,1000000.0,500000.0,500000.0,-27.09555,29.77055,,,,,,,,,,,,False
Coal_Flexibilisation,conventional,,,,,,,,,,,,,,,,,,,,,,,,,,,,,,,,,,,COAL_OFF_2050_PMR1,Matimba,eskom,coal,True,615.0,1.0,3690.0,pre,2045,10.3125,10.3125,0.0,96,990,low_group,0.286,0.286,0.65,0.65,0.65,24.0,8.0,93.77815699658699,1187.5141228668956,1000000.0,500000.0,500000.0,-23.66777,27.61277,,,,,,,,,,,,False
Coal_Flexibilisation,conventional,,,,,,,,,,,,,,,,,,,,,,,,,,,,,,,,,,,COAL_OFF_2050_PMR1,Matla,eskom,coal,True,575.0,1.0,3450.0,pre,2037,12.395833333333334,12.395833333333334,0.0,96,1190,high_group,0.250434782608696,0.250434782608696,0.65,0.65,0.65,24.0,8.0,93.77815699658699,1184.3203822525602,1000000.0,500000.0,500000.0,-26.28036,29.14229,,,,,,,,,,,,False
Coal_Flexibilisation,conventional,,,,,,,,,,,,,,,,,,,,,,,,,,,,,,,,,,,COAL_OFF_2050_PMR1,Medupi,eskom,coal,True,720.0,1.0,4320.0,pre,2048,9.583333333333334,9.583333333333334,0.0,96,920,low_group,0.597510373443983,0.597510373443983,0.65,0.65,0.65,24.0,8.0,129.44027303754237,1275.0593344709905,1000000.0,500000.0,500000.0,-23.42,27.33,,,,,,,,,,,,False
Coal_Flexibilisation,conventional,,,,,,,,,,,,,,,,,,,,,,,,,,,,,,,,,,,COAL_OFF_2050_PMR1,Tutuka,eskom,coal,True,585.0,1.0,3510.0,pre,2034,12.8125,12.8125,0.0,96,1230,high_group,0.333,0.333,0.65,0.65,0.65,24.0,8.0,93.77815699658699,1184.3203822525602,1000000.0,500000.0,500000.0,-26.77565,29.35212,,,,,,,,,,,,False
Coal_Flexibilisation,conventional,,,,,,,,,,,,,,,,,,,,,,,,,,,,,,,,,,,COAL_OFF_2050_PMR1,Koeberg,eskom,nuclear,False,927.0,2.0,1854.0,pre,2047,11.111,11.111,0.0,0,0,18,0.1,0.1,0.65,0.65,0.5,240.0,240.0,59.43686006825943,1567.812286689421,1000000.0,1000000.0,1000000.0,-33.67359354,18.428247,,,,,,,,,,,,False
Coal_Flexibilisation,conventional,,,,,,,,,,,,,,,,,,,,,,,,,,,,,,,,,,,COAL_OFF_2050_PMR1,Ankerlig,eskom,ocgt_diesel,False,148.0,9.0,1327.0,pre,2039,11.519,11.519,0.0,variable_diesel,variable_diesel,variable_diesel,1.0,1.0,1.0,1.0,0.0,0.0,0.0,3.962457337883962,258.88054607508576,0.0,0.0,0.0,-33.592,18.4607,,,,,,,,,,,,False
Coal_Flexibilisation,conventional,,,,,,,,,,,,,,,,,,,,,,,,,,,,,,,,,,,COAL_OFF_2050_PMR1,Gourikwa,eskom,ocgt_diesel,False,148.0,5.0,740.0,pre,2038,11.519,11.519,0.0,variable_diesel,variable_diesel,variable_diesel,1.0,1.0,1.0,1.0,0.0,0.0,0.0,3.962457337883962,258.88054607508576,0.0,0.0,0.0,-34.16526,21.96077,,,,,,,,,,,,False
Coal_Flexibilisation,conventional,,,,,,,,,,,,,,,,,,,,,,,,,,,,,,,,,,,COAL_OFF_2050_PMR1,Acacia,eskom,ocgt_diesel,False,57.0,3.0,171.0,pre,2026,11.519,11.519,0.0,variable_diesel,variable_diesel,variable_diesel,1.0,1.0,1.0,1.0,0.0,0.0,0.0,3.962457337883962,258.88054607508576,0.0,0.0,0.0,-33.88408,18.53361,,,,,,,,,,,,False
Coal_Flexibilisation,conventional,,,,,,,,,,,,,,,,,,,,,,,,,,,,,,,,,,,COAL_OFF_2050_PMR1,PortRex,eskom,ocgt_diesel,False,57.0,3.0,171.0,pre,2026,11.519,11.519,0.0,variable_diesel,variable_diesel,variable_diesel,1.0,1.0,1.0,1.0,0.0,0.0,0.0,3.962457337883962,258.88054607508576,0.0,0.0,0.0,-33.02739,27.88382,,,,,,,,,,,,False
Coal_Flexibilisation,conventional,,,,,,,,,,,,,,,,,,,,,,,,,,,,,,,,,,,COAL_OFF_2050_PMR1,Gariep,eskom,hydro,False,90.0,4.0,360.0,pre,post,0.0,0.0,0.0,0,0,0,1.0,1.0,1.0,1.0,0.0,0.0,0.0,462.28668941979527,0.0,0.0,0.0,0.0,-30.62396,25.50403,,,,,,,,,,,,False
Coal_Flexibilisation,conventional,,,,,,,,,,,,,,,,,,,,,,,,,,,,,,,,,,,COAL_OFF_2050_PMR1,Vanderkloof,eskom,hydro,False,120.0,2.0,240.0,pre,post,0.0,0.0,0.0,0,0,0,1.0,1.0,1.0,1.0,0.0,0.0,0.0,462.28668941979527,0.0,0.0,0.0,0.0,-29.99337,24.73384,,,,,,,,,,,,False
Coal_Flexibilisation,conventional,,,,,,,,,,,,,,,,,,,,,,,,,,,,,,,,,,,COAL_OFF_2050_PMR1,MuliloTotalHydra,RMIPPP,rmippp,False,75.0,1.0,75.0,2025,2045,0.0,0.0,0.0,0,0,0,1.0,1.0,1.0,1.0,0.0,0.0,0.0,1831.4684391259107,0.0,0.0,0.0,0.0,-30.6757,24.0676,,,,,,,,,,,,False
Coal_Flexibilisation,conventional,,,,,,,,,,,,,,,,,,,,,,,,,,,,,,,,,,,COAL_OFF_2050_PMR1,Oya,RMIPPP,rmippp,False,128.0,1.0,128.0,2025,2045,0.0,0.0,0.0,0,0,0,1.0,1.0,1.0,1.0,0.0,0.0,0.0,1872.9914047866805,0.0,0.0,0.0,0.0,-32.8489,20.3236,,,,,,,,,,,,False
Coal_Flexibilisation,conventional,,,,,,,,,,,,,,,,,,,,,,,,,,,,,,,,,,,COAL_OFF_2050_PMR1,Scatec1,RMIPPP,rmippp,False,50.0,1.0,50.0,2024,2045,0.0,0.0,0.0,0,0,0,1.0,1.0,1.0,1.0,0.0,0.0,0.0,2255.7392164948456,0.0,0.0,0.0,0.0,-29.4112838805742,21.0847327324929,,,,,,,,,,,,False
Coal_Flexibilisation,conventional,,,,,,,,,,,,,,,,,,,,,,,,,,,,,,,,,,,COAL_OFF_2050_PMR1,Scatec2,RMIPPP,rmippp,False,50.0,1.0,50.0,2024,2045,0.0,0.0,0.0,0,0,0,1.0,1.0,1.0,1.0,0.0,0.0,0.0,2255.7033092783504,0.0,0.0,0.0,0.0,-29.4112838805742,21.0847327324929,,,,,,,,,,,,False
Coal_Flexibilisation,conventional,,,,,,,,,,,,,,,,,,,,,,,,,,,,,,,,,,,COAL_OFF_2050_PMR1,Scatec3,RMIPPP,rmippp,False,50.0,1.0,50.0,2024,2045,0.0,0.0,0.0,0,0,0,1.0,1.0,1.0,1.0,0.0,0.0,0.0,2255.6434639175254,0.0,0.0,0.0,0.0,-29.4112838805742,21.0847327324929,,,,,,,,,,,,False
Coal_Flexibilisation,conventional,,,,,,,,,,,,,,,,,,,,,,,,,,,,,,,,,,,COAL_OFF_2050_PMR1,Umoyilanga,RMIPPP,rmippp,False,75.0,1.0,75.0,2025,2045,0.0,0.0,0.0,0,0,0,1.0,1.0,1.0,1.0,0.0,0.0,0.0,2079.941768990635,0.0,0.0,0.0,0.0,-28.4519839474036,21.2331531845134,,,,,,,,,,,,False
Coal_Flexibilisation,conventional,,,,,,,,,,,,,,,,,,,,,,,,,,,,,,,,,,,COAL_OFF_2050_PMR1,Avon,IPP,ocgt_diesel,False,167.5,4.0,670.0,pre,2046,11.519,11.519,0.0,variable_diesel,variable_diesel,variable_diesel,1.0,1.0,1.0,1.0,0.0,0.0,0.0,3.962457337883962,223.21843003413008,0.0,0.0,0.0,-29.251,31.0941,,,,,,,,,,,,False
Coal_Flexibilisation,conventional,,,,,,,,,,,,,,,,,,,,,,,,,,,,,,,,,,,COAL_OFF_2050_PMR1,Dedisa,IPP,ocgt_diesel,False,167.5,2.0,335.0,pre,2046,11.519,11.519,0.0,variable_diesel,variable_diesel,variable_diesel,1.0,1.0,1.0,1.0,0.0,0.0,0.0,3.962457337883962,223.21843003413008,0.0,0.0,0.0,-33.4433,25.4022,,,,,,,,,,,,False
Coal_Flexibilisation,conventional,,,,,,,,,,,,,,,,,,,,,,,,,,,,,,,,,,,COAL_OFF_2050_PMR1,Secunda_coal,Sasol,sasol_coal,False,42.86,14.0,600.04,pre,2035,14.03125,14.03125,0.0,96,1347,16,1.0,1.0,1.0,1.0,0.65,0.0,0.0,93.77815699658699,1275.0659385665535,10000.0,70000.0,70000.0,-26.5036,29.1803,,,,,,,,,,,,False
Coal_Flexibilisation,conventional,,,,,,,,,,,,,,,,,,,,,,,,,,,,,,,,,,,COAL_OFF_2050_PMR1,Sasolburg_coal,Sasol,sasol_coal,False,,,128.0,pre,2035,14.03125,14.03125,0.0,96,1347,16,1.0,1.0,1.0,1.0,0.65,0.0,0.0,93.77815699658699,1275.0659385665535,10000.0,70000.0,70000.0,-26.5036,29.1803,,,,,,,,,,,,False
Coal_Flexibilisation,conventional,,,,,,,,,,,,,,,,,,,,,,,,,,,,,,,,,,,COAL_OFF_2050_PMR1,Sasol_ice,Sasol,sasol_gas,False,9.7,18.0,174.6,pre,2039,9.6,9.6,0.0,69,662.4,245,1.0,1.0,1.0,1.0,0.0,0.0,0.0,93.77815699658699,0.0,0.0,0.0,0.0,-26.8102,27.8277,,,,,,,,,,,,False
Coal_Flexibilisation,conventional,,,,,,,,,,,,,,,,,,,,,,,,,,,,,,,,,,,COAL_OFF_2050_PMR1,Sasol_ocgt,Sasol,sasol_gas,False,50.0,5.0,250.0,pre,2039,9.6,9.6,0.0,69,662.4,245,1.0,1.0,1.0,1.0,0.0,0.0,0.0,3.962457337883962,0.0,0.0,0.0,0.0,-26.8102,27.8277,,,,,,,,,,,,False
Coal_Flexibilisation,conventional,,,,,,,,,,,,,,,,,,,,,,,,,,,,,,,,,,,COAL_OFF_2055_PMR1,Arnot,eskom,coal,True,350.0,1.0,2100.0,pre,2033,13.541666666666666,13.541666666666666,0.0,96,1300,med_group,0.345,0.345,0.65,0.65,0.65,24.0,8.0,93.77815699658699,1248.0393378839624,1000000.0,500000.0,500000.0,-25.94444,29.79166,,,,,,,,,,,,False
Coal_Flexibilisation,conventional,,,,,,,,,,,,,,,,,,,,,,,,,,,,,,,,,,,COAL_OFF_2055_PMR1,Camden,eskom,coal,True,190.0,1.0,1481.0,pre,2033,14.375,14.375,0.0,96,1380,high_group,0.178378378378378,0.178378378378378,0.65,0.65,0.65,24.0,8.0,93.77815699658699,1674.031238907855,1000000.0,500000.0,500000.0,-26.62007,30.09113,,,,,,,,,,,,False
Coal_Flexibilisation,conventional,,,,,,,,,,,,,,,,,,,,,,,,,,,,,,,,,,,COAL_OFF_2055_PMR1,Duvha,eskom,coal,True,575.0,1.0,2875.0,pre,2036,11.666666666666666,11.666666666666666,0.0,96,1120,low_group,0.4,0.4,0.65,0.65,0.65,24.0,8.0,93.77815699658699,1195.4152627986327,1000000.0,500000.0,500000.0,-25.95954,29.34094,,,,,,,,,,,,False
Coal_Flexibilisation,conventional,,,,,,,,,,,,,,,,,,,,,,,,,,,,,,,,,,,COAL_OFF_2055_PMR1,Grootvlei,eskom,coal,True,190.0,1.0,570.0,pre,2030,15.0,15.0,0.0,96,1440,high_group,0.167,0.167,0.65,0.65,0.65,24.0,8.0,93.77815699658699,1247.9997133105821,1000000.0,500000.0,500000.0,-26.76955,28.49951,,,,,,,,,,,,False
Coal_Flexibilisation,conventional,,,,,,,,,,,,,,,,,,,,,,,,,,,,,,,,,,,COAL_OFF_2055_PMR1,Hendrina,eskom,coal,True,190.0,1.0,1098.0,pre,2030,14.375,14.375,0.0,96,1380,med_group,0.333,0.333,0.65,0.65,0.65,24.0,8.0,93.77815699658699,1248.0049965870353,1000000.0,500000.0,500000.0,-26.03138,29.60138,,,,,,,,,,,,False
Coal_Flexibilisation,conventional,,,,,,,,,,,,,,,,,,,,,,,,,,,,,,,,,,,COAL_OFF_2055_PMR1,Kelvin,IPP,coal,True,80.0,2.0,160.0,pre,2030,14.322916666666666,14.322916666666666,0.0,96,1375,high_group,0.375,0.375,0.65,0.65,0.65,24.0,8.0,105.66552901023884,1275.0659385665535,1000000.0,1000000.0,1000000.0,-26.115776,28.1138,,,,,,,,,,,,False
Coal_Flexibilisation,conventional,,,,,,,,,,,,,,,,,,,,,,,,,,,,,,,,,,,COAL_OFF_2055_PMR1,Kendal,eskom,coal,True,640.0,1.0,3840.0,pre,2043,12.291666666666666,12.291666666666666,0.0,96,1180,med_group,0.167,0.167,0.65,0.65,0.65,24.0,8.0,93.77815699658699,1187.486385665532,1000000.0,500000.0,500000.0,-26.08805,28.96888,,,,,,,,,,,,False
Coal_Flexibilisation,conventional,,,,,,,,,,,,,,,,,,,,,,,,,,,,,,,,,,,COAL_OFF_2055_PMR1,Komati,eskom,coal,True,114.0,1.0,114.0,pre,2022,11.458333333333334,11.458333333333334,0.0,96,1100,high_group,0.167,0.167,0.65,0.65,0.65,24.0,8.0,93.77815699658699,1184.3203822525602,1000000.0,500000.0,500000.0,-26.09078,29.47446,,,,,,,,,,,,False
Coal_Flexibilisation,conventional,,,,,,,,,,,,,,,,,,,,,,,,,,,,,,,,,,,COAL_OFF_2055_PMR1,Kriel,eskom,coal,True,405.0,1.0,2640.0,pre,2030,12.8125,12.8125,0.0,96,1230,high_group,0.454736842105263,0.454736842105263,0.65,0.65,0.65,24.0,8.0,93.77815699658699,1184.3203822525602,1000000.0,500000.0,500000.0,-26.25404,29.18008,,,,,,,,,,,,False
Coal_Flexibilisation,conventional,,,,,,,,,,,,,,,,,,,,,,,,,,,,,,,,,,,COAL_OFF_2055_PMR1,Kusile,eskom,coal,True,720.0,1.0,4320.0,pre,2055,10.416666666666666,10.416666666666666,0.0,96,1000,high_group,0.6,0.6,0.65,0.65,0.65,24.0,8.0,129.44027303754237,1236.9497406143319,1000000.0,500000.0,500000.0,-25.92007,28.924942,,,,,,,,,,,,False
Coal_Flexibilisation,conventional,,,,,,,,,,,,,,,,,,,,,,,,,,,,,,,,,,,COAL_OFF_2055_PMR1,Lethabo,eskom,coal,True,593.0,1.0,3558.0,pre,2042,11.25,11.25,0.0,96,1080,low_group,0.596964586846543,0.596964586846543,0.65,0.65,0.65,24.0,8.0,93.77815699658699,1184.3203822525602,1000000.0,500000.0,500000.0,-26.74027,27.975,,,,,,,,,,,,False
Coal_Flexibilisation,conventional,,,,,,,,,,,,,,,,,,,,,,,,,,,,,,,,,,,COAL_OFF_2055_PMR1,Majuba,eskom,coal,True,663.0,1.0,3807.0,pre,2051,13.020833333333334,13.020833333333334,0.0,96,1250,med_group,0.167,0.166939443535188,0.65,0.65,0.65,24.0,8.0,93.77815699658699,1184.3203822525602,1000000.0,500000.0,500000.0,-27.09555,29.77055,,,,,,,,,,,,False
Coal_Flexibilisation,conventional,,,,,,,,,,,,,,,,,,,,,,,,,,,,,,,,,,,COAL_OFF_2055_PMR1,Matimba,eskom,coal,True,615.0,1.0,3690.0,pre,2047,10.3125,10.3125,0.0,96,990,low_group,0.286,0.286,0.65,0.65,0.65,24.0,8.0,93.77815699658699,1187.5141228668956,1000000.0,500000.0,500000.0,-23.66777,27.61277,,,,,,,,,,,,False
Coal_Flexibilisation,conventional,,,,,,,,,,,,,,,,,,,,,,,,,,,,,,,,,,,COAL_OFF_2055_PMR1,Matla,eskom,coal,True,575.0,1.0,3450.0,pre,2037,12.395833333333334,12.395833333333334,0.0,96,1190,high_group,0.250434782608696,0.250434782608696,0.65,0.65,0.65,24.0,8.0,93.77815699658699,1184.3203822525602,1000000.0,500000.0,500000.0,-26.28036,29.14229,,,,,,,,,,,,False
Coal_Flexibilisation,conventional,,,,,,,,,,,,,,,,,,,,,,,,,,,,,,,,,,,COAL_OFF_2055_PMR1,Medupi,eskom,coal,True,720.0,1.0,4320.0,pre,2054,9.583333333333334,9.583333333333334,0.0,96,920,low_group,0.597510373443983,0.597510373443983,0.65,0.65,0.65,24.0,8.0,129.44027303754237,1275.0593344709905,1000000.0,500000.0,500000.0,-23.42,27.33,,,,,,,,,,,,False
Coal_Flexibilisation,conventional,,,,,,,,,,,,,,,,,,,,,,,,,,,,,,,,,,,COAL_OFF_2055_PMR1,Tutuka,eskom,coal,True,585.0,1.0,3510.0,pre,2034,12.8125,12.8125,0.0,96,1230,high_group,0.333,0.333,0.65,0.65,0.65,24.0,8.0,93.77815699658699,1184.3203822525602,1000000.0,500000.0,500000.0,-26.77565,29.35212,,,,,,,,,,,,False
Coal_Flexibilisation,conventional,,,,,,,,,,,,,,,,,,,,,,,,,,,,,,,,,,,COAL_OFF_2055_PMR1,Koeberg,eskom,nuclear,False,927.0,2.0,1854.0,pre,2047,11.111,11.111,0.0,0,0,18,0.1,0.1,0.65,0.65,0.5,240.0,240.0,59.43686006825943,1567.812286689421,1000000.0,1000000.0,1000000.0,-33.67359354,18.428247,,,,,,,,,,,,False
Coal_Flexibilisation,conventional,,,,,,,,,,,,,,,,,,,,,,,,,,,,,,,,,,,COAL_OFF_2055_PMR1,Ankerlig,eskom,ocgt_diesel,False,148.0,9.0,1327.0,pre,2039,11.519,11.519,0.0,variable_diesel,variable_diesel,variable_diesel,1.0,1.0,1.0,1.0,0.0,0.0,0.0,3.962457337883962,258.88054607508576,0.0,0.0,0.0,-33.592,18.4607,,,,,,,,,,,,False
Coal_Flexibilisation,conventional,,,,,,,,,,,,,,,,,,,,,,,,,,,,,,,,,,,COAL_OFF_2055_PMR1,Gourikwa,eskom,ocgt_diesel,False,148.0,5.0,740.0,pre,2038,11.519,11.519,0.0,variable_diesel,variable_diesel,variable_diesel,1.0,1.0,1.0,1.0,0.0,0.0,0.0,3.962457337883962,258.88054607508576,0.0,0.0,0.0,-34.16526,21.96077,,,,,,,,,,,,False
Coal_Flexibilisation,conventional,,,,,,,,,,,,,,,,,,,,,,,,,,,,,,,,,,,COAL_OFF_2055_PMR1,Acacia,eskom,ocgt_diesel,False,57.0,3.0,171.0,pre,2026,11.519,11.519,0.0,variable_diesel,variable_diesel,variable_diesel,1.0,1.0,1.0,1.0,0.0,0.0,0.0,3.962457337883962,258.88054607508576,0.0,0.0,0.0,-33.88408,18.53361,,,,,,,,,,,,False
Coal_Flexibilisation,conventional,,,,,,,,,,,,,,,,,,,,,,,,,,,,,,,,,,,COAL_OFF_2055_PMR1,PortRex,eskom,ocgt_diesel,False,57.0,3.0,171.0,pre,2026,11.519,11.519,0.0,variable_diesel,variable_diesel,variable_diesel,1.0,1.0,1.0,1.0,0.0,0.0,0.0,3.962457337883962,258.88054607508576,0.0,0.0,0.0,-33.02739,27.88382,,,,,,,,,,,,False
Coal_Flexibilisation,conventional,,,,,,,,,,,,,,,,,,,,,,,,,,,,,,,,,,,COAL_OFF_2055_PMR1,Gariep,eskom,hydro,False,90.0,4.0,360.0,pre,post,0.0,0.0,0.0,0,0,0,1.0,1.0,1.0,1.0,0.0,0.0,0.0,462.28668941979527,0.0,0.0,0.0,0.0,-30.62396,25.50403,,,,,,,,,,,,False
Coal_Flexibilisation,conventional,,,,,,,,,,,,,,,,,,,,,,,,,,,,,,,,,,,COAL_OFF_2055_PMR1,Vanderkloof,eskom,hydro,False,120.0,2.0,240.0,pre,post,0.0,0.0,0.0,0,0,0,1.0,1.0,1.0,1.0,0.0,0.0,0.0,462.28668941979527,0.0,0.0,0.0,0.0,-29.99337,24.73384,,,,,,,,,,,,False
Coal_Flexibilisation,conventional,,,,,,,,,,,,,,,,,,,,,,,,,,,,,,,,,,,COAL_OFF_2055_PMR1,MuliloTotalHydra,RMIPPP,rmippp,False,75.0,1.0,75.0,2025,2045,0.0,0.0,0.0,0,0,0,1.0,1.0,1.0,1.0,0.0,0.0,0.0,1831.4684391259107,0.0,0.0,0.0,0.0,-30.6757,24.0676,,,,,,,,,,,,False
Coal_Flexibilisation,conventional,,,,,,,,,,,,,,,,,,,,,,,,,,,,,,,,,,,COAL_OFF_2055_PMR1,Oya,RMIPPP,rmippp,False,128.0,1.0,128.0,2025,2045,0.0,0.0,0.0,0,0,0,1.0,1.0,1.0,1.0,0.0,0.0,0.0,1872.9914047866805,0.0,0.0,0.0,0.0,-32.8489,20.3236,,,,,,,,,,,,False
Coal_Flexibilisation,conventional,,,,,,,,,,,,,,,,,,,,,,,,,,,,,,,,,,,COAL_OFF_2055_PMR1,Scatec1,RMIPPP,rmippp,False,50.0,1.0,50.0,2024,2045,0.0,0.0,0.0,0,0,0,1.0,1.0,1.0,1.0,0.0,0.0,0.0,2255.7392164948456,0.0,0.0,0.0,0.0,-29.4112838805742,21.0847327324929,,,,,,,,,,,,False
Coal_Flexibilisation,conventional,,,,,,,,,,,,,,,,,,,,,,,,,,,,,,,,,,,COAL_OFF_2055_PMR1,Scatec2,RMIPPP,rmippp,False,50.0,1.0,50.0,2024,2045,0.0,0.0,0.0,0,0,0,1.0,1.0,1.0,1.0,0.0,0.0,0.0,2255.7033092783504,0.0,0.0,0.0,0.0,-29.4112838805742,21.0847327324929,,,,,,,,,,,,False
Coal_Flexibilisation,conventional,,,,,,,,,,,,,,,,,,,,,,,,,,,,,,,,,,,COAL_OFF_2055_PMR1,Scatec3,RMIPPP,rmippp,False,50.0,1.0,50.0,2024,2045,0.0,0.0,0.0,0,0,0,1.0,1.0,1.0,1.0,0.0,0.0,0.0,2255.6434639175254,0.0,0.0,0.0,0.0,-29.4112838805742,21.0847327324929,,,,,,,,,,,,False
Coal_Flexibilisation,conventional,,,,,,,,,,,,,,,,,,,,,,,,,,,,,,,,,,,COAL_OFF_2055_PMR1,Umoyilanga,RMIPPP,rmippp,False,75.0,1.0,75.0,2025,2045,0.0,0.0,0.0,0,0,0,1.0,1.0,1.0,1.0,0.0,0.0,0.0,2079.941768990635,0.0,0.0,0.0,0.0,-28.4519839474036,21.2331531845134,,,,,,,,,,,,False
Coal_Flexibilisation,conventional,,,,,,,,,,,,,,,,,,,,,,,,,,,,,,,,,,,COAL_OFF_2055_PMR1,Avon,IPP,ocgt_diesel,False,167.5,4.0,670.0,pre,2046,11.519,11.519,0.0,variable_diesel,variable_diesel,variable_diesel,1.0,1.0,1.0,1.0,0.0,0.0,0.0,3.962457337883962,223.21843003413008,0.0,0.0,0.0,-29.251,31.0941,,,,,,,,,,,,False
Coal_Flexibilisation,conventional,,,,,,,,,,,,,,,,,,,,,,,,,,,,,,,,,,,COAL_OFF_2055_PMR1,Dedisa,IPP,ocgt_diesel,False,167.5,2.0,335.0,pre,2046,11.519,11.519,0.0,variable_diesel,variable_diesel,variable_diesel,1.0,1.0,1.0,1.0,0.0,0.0,0.0,3.962457337883962,223.21843003413008,0.0,0.0,0.0,-33.4433,25.4022,,,,,,,,,,,,False
Coal_Flexibilisation,conventional,,,,,,,,,,,,,,,,,,,,,,,,,,,,,,,,,,,COAL_OFF_2055_PMR1,Secunda_coal,Sasol,sasol_coal,False,42.86,14.0,600.04,pre,2035,14.03125,14.03125,0.0,96,1347,16,1.0,1.0,1.0,1.0,0.65,0.0,0.0,93.77815699658699,1275.0659385665535,10000.0,70000.0,70000.0,-26.5036,29.1803,,,,,,,,,,,,False
Coal_Flexibilisation,conventional,,,,,,,,,,,,,,,,,,,,,,,,,,,,,,,,,,,COAL_OFF_2055_PMR1,Sasolburg_coal,Sasol,sasol_coal,False,,,128.0,pre,2035,14.03125,14.03125,0.0,96,1347,16,1.0,1.0,1.0,1.0,0.65,0.0,0.0,93.77815699658699,1275.0659385665535,10000.0,70000.0,70000.0,-26.5036,29.1803,,,,,,,,,,,,False
Coal_Flexibilisation,conventional,,,,,,,,,,,,,,,,,,,,,,,,,,,,,,,,,,,COAL_OFF_2055_PMR1,Sasol_ice,Sasol,sasol_gas,False,9.7,18.0,174.6,pre,2039,9.6,9.6,0.0,69,662.4,245,1.0,1.0,1.0,1.0,0.0,0.0,0.0,93.77815699658699,0.0,0.0,0.0,0.0,-26.8102,27.8277,,,,,,,,,,,,False
Coal_Flexibilisation,conventional,,,,,,,,,,,,,,,,,,,,,,,,,,,,,,,,,,,COAL_OFF_2055_PMR1,Sasol_ocgt,Sasol,sasol_gas,False,50.0,5.0,250.0,pre,2039,9.6,9.6,0.0,69,662.4,245,1.0,1.0,1.0,1.0,0.0,0.0,0.0,3.962457337883962,0.0,0.0,0.0,0.0,-26.8102,27.8277,,,,,,,,,,,,False
Coal_Flexibilisation,conventional,,,,,,,,,,,,,,,,,,,,,,,,,,,,,,,,,,,COAL_OFF_2060_PMR1,Arnot,eskom,coal,True,350.0,1.0,2100.0,pre,2035,13.541666666666666,13.541666666666666,0.0,96,1300,med_group,0.345,0.345,0.65,0.65,0.65,24.0,8.0,93.77815699658699,1248.0393378839624,1000000.0,500000.0,500000.0,-25.94444,29.79166,,,,,,,,,,,,False
Coal_Flexibilisation,conventional,,,,,,,,,,,,,,,,,,,,,,,,,,,,,,,,,,,COAL_OFF_2060_PMR1,Camden,eskom,coal,True,190.0,1.0,1481.0,pre,2036,14.375,14.375,0.0,96,1380,high_group,0.178378378378378,0.178378378378378,0.65,0.65,0.65,24.0,8.0,93.77815699658699,1674.031238907855,1000000.0,500000.0,500000.0,-26.62007,30.09113,,,,,,,,,,,,False
Coal_Flexibilisation,conventional,,,,,,,,,,,,,,,,,,,,,,,,,,,,,,,,,,,COAL_OFF_2060_PMR1,Duvha,eskom,coal,True,575.0,1.0,2875.0,pre,2039,11.666666666666666,11.666666666666666,0.0,96,1120,low_group,0.4,0.4,0.65,0.65,0.65,24.0,8.0,93.77815699658699,1195.4152627986327,1000000.0,500000.0,500000.0,-25.95954,29.34094,,,,,,,,,,,,False
Coal_Flexibilisation,conventional,,,,,,,,,,,,,,,,,,,,,,,,,,,,,,,,,,,COAL_OFF_2060_PMR1,Grootvlei,eskom,coal,True,190.0,1.0,570.0,pre,2031,15.0,15.0,0.0,96,1440,high_group,0.167,0.167,0.65,0.65,0.65,24.0,8.0,93.77815699658699,1247.9997133105821,1000000.0,500000.0,500000.0,-26.76955,28.49951,,,,,,,,,,,,False
Coal_Flexibilisation,conventional,,,,,,,,,,,,,,,,,,,,,,,,,,,,,,,,,,,COAL_OFF_2060_PMR1,Hendrina,eskom,coal,True,190.0,1.0,1098.0,pre,2032,14.375,14.375,0.0,96,1380,med_group,0.333,0.333,0.65,0.65,0.65,24.0,8.0,93.77815699658699,1248.0049965870353,1000000.0,500000.0,500000.0,-26.03138,29.60138,,,,,,,,,,,,False
Coal_Flexibilisation,conventional,,,,,,,,,,,,,,,,,,,,,,,,,,,,,,,,,,,COAL_OFF_2060_PMR1,Kelvin,IPP,coal,True,80.0,2.0,160.0,pre,2033,14.322916666666666,14.322916666666666,0.0,96,1375,high_group,0.375,0.375,0.65,0.65,0.65,24.0,8.0,105.66552901023884,1275.0659385665535,1000000.0,1000000.0,1000000.0,-26.115776,28.1138,,,,,,,,,,,,False
Coal_Flexibilisation,conventional,,,,,,,,,,,,,,,,,,,,,,,,,,,,,,,,,,,COAL_OFF_2060_PMR1,Kendal,eskom,coal,True,640.0,1.0,3840.0,pre,2043,12.291666666666666,12.291666666666666,0.0,96,1180,med_group,0.167,0.167,0.65,0.65,0.65,24.0,8.0,93.77815699658699,1187.486385665532,1000000.0,500000.0,500000.0,-26.08805,28.96888,,,,,,,,,,,,False
Coal_Flexibilisation,conventional,,,,,,,,,,,,,,,,,,,,,,,,,,,,,,,,,,,COAL_OFF_2060_PMR1,Komati,eskom,coal,True,114.0,1.0,114.0,pre,2022,11.458333333333334,11.458333333333334,0.0,96,1100,high_group,0.167,0.167,0.65,0.65,0.65,24.0,8.0,93.77815699658699,1184.3203822525602,1000000.0,500000.0,500000.0,-26.09078,29.47446,,,,,,,,,,,,False
Coal_Flexibilisation,conventional,,,,,,,,,,,,,,,,,,,,,,,,,,,,,,,,,,,COAL_OFF_2060_PMR1,Kriel,eskom,coal,True,405.0,1.0,2640.0,pre,2036,12.8125,12.8125,0.0,96,1230,high_group,0.454736842105263,0.454736842105263,0.65,0.65,0.65,24.0,8.0,93.77815699658699,1184.3203822525602,1000000.0,500000.0,500000.0,-26.25404,29.18008,,,,,,,,,,,,False
Coal_Flexibilisation,conventional,,,,,,,,,,,,,,,,,,,,,,,,,,,,,,,,,,,COAL_OFF_2060_PMR1,Kusile,eskom,coal,True,720.0,1.0,4320.0,pre,2060,10.416666666666666,10.416666666666666,0.0,96,1000,high_group,0.6,0.6,0.65,0.65,0.65,24.0,8.0,129.44027303754237,1236.9497406143319,1000000.0,500000.0,500000.0,-25.92007,28.924942,,,,,,,,,,,,False
Coal_Flexibilisation,conventional,,,,,,,,,,,,,,,,,,,,,,,,,,,,,,,,,,,COAL_OFF_2060_PMR1,Lethabo,eskom,coal,True,593.0,1.0,3558.0,pre,2042,11.25,11.25,0.0,96,1080,low_group,0.596964586846543,0.596964586846543,0.65,0.65,0.65,24.0,8.0,93.77815699658699,1184.3203822525602,1000000.0,500000.0,500000.0,-26.74027,27.975,,,,,,,,,,,,False
Coal_Flexibilisation,conventional,,,,,,,,,,,,,,,,,,,,,,,,,,,,,,,,,,,COAL_OFF_2060_PMR1,Majuba,eskom,coal,True,663.0,1.0,3807.0,pre,2051,13.020833333333334,13.020833333333334,0.0,96,1250,med_group,0.167,0.166939443535188,0.65,0.65,0.65,24.0,8.0,93.77815699658699,1184.3203822525602,1000000.0,500000.0,500000.0,-27.09555,29.77055,,,,,,,,,,,,False
Coal_Flexibilisation,conventional,,,,,,,,,,,,,,,,,,,,,,,,,,,,,,,,,,,COAL_OFF_2060_PMR1,Matimba,eskom,coal,True,615.0,1.0,3690.0,pre,2047,10.3125,10.3125,0.0,96,990,low_group,0.286,0.286,0.65,0.65,0.65,24.0,8.0,93.77815699658699,1187.5141228668956,1000000.0,500000.0,500000.0,-23.66777,27.61277,,,,,,,,,,,,False
Coal_Flexibilisation,conventional,,,,,,,,,,,,,,,,,,,,,,,,,,,,,,,,,,,COAL_OFF_2060_PMR1,Matla,eskom,coal,True,575.0,1.0,3450.0,pre,2037,12.395833333333334,12.395833333333334,0.0,96,1190,high_group,0.250434782608696,0.250434782608696,0.65,0.65,0.65,24.0,8.0,93.77815699658699,1184.3203822525602,1000000.0,500000.0,500000.0,-26.28036,29.14229,,,,,,,,,,,,False
Coal_Flexibilisation,conventional,,,,,,,,,,,,,,,,,,,,,,,,,,,,,,,,,,,COAL_OFF_2060_PMR1,Medupi,eskom,coal,True,720.0,1.0,4320.0,pre,2054,9.583333333333334,9.583333333333334,0.0,96,920,low_group,0.597510373443983,0.597510373443983,0.65,0.65,0.65,24.0,8.0,129.44027303754237,1275.0593344709905,1000000.0,500000.0,500000.0,-23.42,27.33,,,,,,,,,,,,False
Coal_Flexibilisation,conventional,,,,,,,,,,,,,,,,,,,,,,,,,,,,,,,,,,,COAL_OFF_2060_PMR1,Tutuka,eskom,coal,True,585.0,1.0,3510.0,pre,2034,12.8125,12.8125,0.0,96,1230,high_group,0.333,0.333,0.65,0.65,0.65,24.0,8.0,93.77815699658699,1184.3203822525602,1000000.0,500000.0,500000.0,-26.77565,29.35212,,,,,,,,,,,,False
Coal_Flexibilisation,conventional,,,,,,,,,,,,,,,,,,,,,,,,,,,,,,,,,,,COAL_OFF_2060_PMR1,Koeberg,eskom,nuclear,False,927.0,2.0,1854.0,pre,2047,11.111,11.111,0.0,0,0,18,0.1,0.1,0.65,0.65,0.5,240.0,240.0,59.43686006825943,1567.812286689421,1000000.0,1000000.0,1000000.0,-33.67359354,18.428247,,,,,,,,,,,,False
Coal_Flexibilisation,conventional,,,,,,,,,,,,,,,,,,,,,,,,,,,,,,,,,,,COAL_OFF_2060_PMR1,Ankerlig,eskom,ocgt_diesel,False,148.0,9.0,1327.0,pre,2039,11.519,11.519,0.0,variable_diesel,variable_diesel,variable_diesel,1.0,1.0,1.0,1.0,0.0,0.0,0.0,3.962457337883962,258.88054607508576,0.0,0.0,0.0,-33.592,18.4607,,,,,,,,,,,,False
Coal_Flexibilisation,conventional,,,,,,,,,,,,,,,,,,,,,,,,,,,,,,,,,,,COAL_OFF_2060_PMR1,Gourikwa,eskom,ocgt_diesel,False,148.0,5.0,740.0,pre,2038,11.519,11.519,0.0,variable_diesel,variable_diesel,variable_diesel,1.0,1.0,1.0,1.0,0.0,0.0,0.0,3.962457337883962,258.88054607508576,0.0,0.0,0.0,-34.16526,21.96077,,,,,,,,,,,,False
Coal_Flexibilisation,conventional,,,,,,,,,,,,,,,,,,,,,,,,,,,,,,,,,,,COAL_OFF_2060_PMR1,Acacia,eskom,ocgt_diesel,False,57.0,3.0,171.0,pre,2026,11.519,11.519,0.0,variable_diesel,variable_diesel,variable_diesel,1.0,1.0,1.0,1.0,0.0,0.0,0.0,3.962457337883962,258.88054607508576,0.0,0.0,0.0,-33.88408,18.53361,,,,,,,,,,,,False
Coal_Flexibilisation,conventional,,,,,,,,,,,,,,,,,,,,,,,,,,,,,,,,,,,COAL_OFF_2060_PMR1,PortRex,eskom,ocgt_diesel,False,57.0,3.0,171.0,pre,2026,11.519,11.519,0.0,variable_diesel,variable_diesel,variable_diesel,1.0,1.0,1.0,1.0,0.0,0.0,0.0,3.962457337883962,258.88054607508576,0.0,0.0,0.0,-33.02739,27.88382,,,,,,,,,,,,False
Coal_Flexibilisation,conventional,,,,,,,,,,,,,,,,,,,,,,,,,,,,,,,,,,,COAL_OFF_2060_PMR1,Gariep,eskom,hydro,False,90.0,4.0,360.0,pre,post,0.0,0.0,0.0,0,0,0,1.0,1.0,1.0,1.0,0.0,0.0,0.0,462.28668941979527,0.0,0.0,0.0,0.0,-30.62396,25.50403,,,,,,,,,,,,False
Coal_Flexibilisation,conventional,,,,,,,,,,,,,,,,,,,,,,,,,,,,,,,,,,,COAL_OFF_2060_PMR1,Vanderkloof,eskom,hydro,False,120.0,2.0,240.0,pre,post,0.0,0.0,0.0,0,0,0,1.0,1.0,1.0,1.0,0.0,0.0,0.0,462.28668941979527,0.0,0.0,0.0,0.0,-29.99337,24.73384,,,,,,,,,,,,False
Coal_Flexibilisation,conventional,,,,,,,,,,,,,,,,,,,,,,,,,,,,,,,,,,,COAL_OFF_2060_PMR1,MuliloTotalHydra,RMIPPP,rmippp,False,75.0,1.0,75.0,2025,2045,0.0,0.0,0.0,0,0,0,1.0,1.0,1.0,1.0,0.0,0.0,0.0,1831.4684391259107,0.0,0.0,0.0,0.0,-30.6757,24.0676,,,,,,,,,,,,False
Coal_Flexibilisation,conventional,,,,,,,,,,,,,,,,,,,,,,,,,,,,,,,,,,,COAL_OFF_2060_PMR1,Oya,RMIPPP,rmippp,False,128.0,1.0,128.0,2025,2045,0.0,0.0,0.0,0,0,0,1.0,1.0,1.0,1.0,0.0,0.0,0.0,1872.9914047866805,0.0,0.0,0.0,0.0,-32.8489,20.3236,,,,,,,,,,,,False
Coal_Flexibilisation,conventional,,,,,,,,,,,,,,,,,,,,,,,,,,,,,,,,,,,COAL_OFF_2060_PMR1,Scatec1,RMIPPP,rmippp,False,50.0,1.0,50.0,2024,2045,0.0,0.0,0.0,0,0,0,1.0,1.0,1.0,1.0,0.0,0.0,0.0,2255.7392164948456,0.0,0.0,0.0,0.0,-29.4112838805742,21.0847327324929,,,,,,,,,,,,False
Coal_Flexibilisation,conventional,,,,,,,,,,,,,,,,,,,,,,,,,,,,,,,,,,,COAL_OFF_2060_PMR1,Scatec2,RMIPPP,rmippp,False,50.0,1.0,50.0,2024,2045,0.0,0.0,0.0,0,0,0,1.0,1.0,1.0,1.0,0.0,0.0,0.0,2255.7033092783504,0.0,0.0,0.0,0.0,-29.4112838805742,21.0847327324929,,,,,,,,,,,,False
Coal_Flexibilisation,conventional,,,,,,,,,,,,,,,,,,,,,,,,,,,,,,,,,,,COAL_OFF_2060_PMR1,Scatec3,RMIPPP,rmippp,False,50.0,1.0,50.0,2024,2045,0.0,0.0,0.0,0,0,0,1.0,1.0,1.0,1.0,0.0,0.0,0.0,2255.6434639175254,0.0,0.0,0.0,0.0,-29.4112838805742,21.0847327324929,,,,,,,,,,,,False
Coal_Flexibilisation,conventional,,,,,,,,,,,,,,,,,,,,,,,,,,,,,,,,,,,COAL_OFF_2060_PMR1,Umoyilanga,RMIPPP,rmippp,False,75.0,1.0,75.0,2025,2045,0.0,0.0,0.0,0,0,0,1.0,1.0,1.0,1.0,0.0,0.0,0.0,2079.941768990635,0.0,0.0,0.0,0.0,-28.4519839474036,21.2331531845134,,,,,,,,,,,,False
Coal_Flexibilisation,conventional,,,,,,,,,,,,,,,,,,,,,,,,,,,,,,,,,,,COAL_OFF_2060_PMR1,Avon,IPP,ocgt_diesel,False,167.5,4.0,670.0,pre,2046,11.519,11.519,0.0,variable_diesel,variable_diesel,variable_diesel,1.0,1.0,1.0,1.0,0.0,0.0,0.0,3.962457337883962,223.21843003413008,0.0,0.0,0.0,-29.251,31.0941,,,,,,,,,,,,False
Coal_Flexibilisation,conventional,,,,,,,,,,,,,,,,,,,,,,,,,,,,,,,,,,,COAL_OFF_2060_PMR1,Dedisa,IPP,ocgt_diesel,False,167.5,2.0,335.0,pre,2046,11.519,11.519,0.0,variable_diesel,variable_diesel,variable_diesel,1.0,1.0,1.0,1.0,0.0,0.0,0.0,3.962457337883962,223.21843003413008,0.0,0.0,0.0,-33.4433,25.4022,,,,,,,,,,,,False
Coal_Flexibilisation,conventional,,,,,,,,,,,,,,,,,,,,,,,,,,,,,,,,,,,COAL_OFF_2060_PMR1,Secunda_coal,Sasol,sasol_coal,False,42.86,14.0,600.04,pre,2035,14.03125,14.03125,0.0,96,1347,16,1.0,1.0,1.0,1.0,0.65,0.0,0.0,93.77815699658699,1275.0659385665535,10000.0,70000.0,70000.0,-26.5036,29.1803,,,,,,,,,,,,False
Coal_Flexibilisation,conventional,,,,,,,,,,,,,,,,,,,,,,,,,,,,,,,,,,,COAL_OFF_2060_PMR1,Sasolburg_coal,Sasol,sasol_coal,False,,,128.0,pre,2035,14.03125,14.03125,0.0,96,1347,16,1.0,1.0,1.0,1.0,0.65,0.0,0.0,93.77815699658699,1275.0659385665535,10000.0,70000.0,70000.0,-26.5036,29.1803,,,,,,,,,,,,False
Coal_Flexibilisation,conventional,,,,,,,,,,,,,,,,,,,,,,,,,,,,,,,,,,,COAL_OFF_2060_PMR1,Sasol_ice,Sasol,sasol_gas,False,9.7,18.0,174.6,pre,2039,9.6,9.6,0.0,69,662.4,245,1.0,1.0,1.0,1.0,0.0,0.0,0.0,93.77815699658699,0.0,0.0,0.0,0.0,-26.8102,27.8277,,,,,,,,,,,,False
Coal_Flexibilisation,conventional,,,,,,,,,,,,,,,,,,,,,,,,,,,,,,,,,,,COAL_OFF_2060_PMR1,Sasol_ocgt,Sasol,sasol_gas,False,50.0,5.0,250.0,pre,2039,9.6,9.6,0.0,69,662.4,245,1.0,1.0,1.0,1.0,0.0,0.0,0.0,3.962457337883962,0.0,0.0,0.0,0.0,-26.8102,27.8277,,,,,,,,,,,,False
Coal_Flexibilisation,conventional,,,,,,,,,,,,,,,,,,,,,,,,,,,,,,,,,,,BASE_PMR1b,Arnot,eskom,coal,True,350.0,1.0,2100.0,pre,2030,13.541666666666666,13.541666666666666,0.0,96,1300,med_group,0.345,0.345,0.65,0.65,0.65,24.0,8.0,93.77815699658699,1248.0393378839624,1000000.0,500000.0,500000.0,-25.94444,29.79166,,,,,,,,,,,,False
Coal_Flexibilisation,conventional,,,,,,,,,,,,,,,,,,,,,,,,,,,,,,,,,,,BASE_PMR1b,Camden,eskom,coal,True,190.0,1.0,1481.0,pre,2030,14.375,14.375,0.0,96,1380,high_group,0.178378378378378,0.178378378378378,0.65,0.65,0.65,24.0,8.0,93.77815699658699,1674.031238907855,1000000.0,500000.0,500000.0,-26.62007,30.09113,,,,,,,,,,,,False
Coal_Flexibilisation,conventional,,,,,,,,,,,,,,,,,,,,,,,,,,,,,,,,,,,BASE_PMR1b,Duvha,eskom,coal,True,575.0,1.0,2875.0,pre,2034,11.666666666666666,11.666666666666666,0.0,96,1120,low_group,0.4,0.4,0.65,0.65,0.65,24.0,8.0,93.77815699658699,1195.4152627986327,1000000.0,500000.0,500000.0,-25.95954,29.34094,,,,,,,,,,,,False
Coal_Flexibilisation,conventional,,,,,,,,,,,,,,,,,,,,,,,,,,,,,,,,,,,BASE_PMR1b,Grootvlei,eskom,coal,True,190.0,1.0,570.0,pre,2030,15.0,15.0,0.0,96,1440,high_group,0.167,0.167,0.65,0.65,0.65,24.0,8.0,93.77815699658699,1247.9997133105821,1000000.0,500000.0,500000.0,-26.76955,28.49951,,,,,,,,,,,,False
Coal_Flexibilisation,conventional,,,,,,,,,,,,,,,,,,,,,,,,,,,,,,,,,,,BASE_PMR1b,Hendrina,eskom,coal,True,190.0,1.0,1098.0,pre,2030,14.375,14.375,0.0,96,1380,med_group,0.333,0.333,0.65,0.65,0.65,24.0,8.0,93.77815699658699,1248.0049965870353,1000000.0,500000.0,500000.0,-26.03138,29.60138,,,,,,,,,,,,False
Coal_Flexibilisation,conventional,,,,,,,,,,,,,,,,,,,,,,,,,,,,,,,,,,,BASE_PMR1b,Kelvin,IPP,coal,True,80.0,2.0,160.0,pre,2030,14.322916666666666,14.322916666666666,0.0,96,1375,high_group,0.375,0.375,0.65,0.65,0.65,24.0,8.0,105.66552901023884,1275.0659385665535,1000000.0,1000000.0,1000000.0,-26.115776,28.1138,,,,,,,,,,,,False
Coal_Flexibilisation,conventional,,,,,,,,,,,,,,,,,,,,,,,,,,,,,,,,,,,BASE_PMR1b,Kendal,eskom,coal,True,640.0,1.0,3840.0,pre,2045,12.291666666666666,12.291666666666666,0.0,96,1180,med_group,0.167,0.167,0.65,0.65,0.65,24.0,8.0,93.77815699658699,1187.486385665532,1000000.0,500000.0,500000.0,-26.08805,28.96888,,,,,,,,,,,,False
Coal_Flexibilisation,conventional,,,,,,,,,,,,,,,,,,,,,,,,,,,,,,,,,,,BASE_PMR1b,Komati,eskom,coal,True,114.0,1.0,114.0,pre,2024,11.458333333333334,11.458333333333334,0.0,96,1100,high_group,0.167,0.167,0.65,0.65,0.65,24.0,8.0,93.77815699658699,1184.3203822525602,1000000.0,500000.0,500000.0,-26.09078,29.47446,,,,,,,,,,,,False
Coal_Flexibilisation,conventional,,,,,,,,,,,,,,,,,,,,,,,,,,,,,,,,,,,BASE_PMR1b,Kriel,eskom,coal,True,405.0,1.0,2640.0,pre,2031,12.8125,12.8125,0.0,96,1230,high_group,0.454736842105263,0.454736842105263,0.65,0.65,0.65,24.0,8.0,93.77815699658699,1184.3203822525602,1000000.0,500000.0,500000.0,-26.25404,29.18008,,,,,,,,,,,,False
Coal_Flexibilisation,conventional,,,,,,,,,,,,,,,,,,,,,,,,,,,,,,,,,,,BASE_PMR1b,Kusile,eskom,coal,True,720.0,1.0,4320.0,pre,2060,10.416666666666666,10.416666666666666,0.0,96,1000,high_group,0.6,0.6,0.65,0.65,0.65,24.0,8.0,129.44027303754237,1236.9497406143319,1000000.0,500000.0,500000.0,-25.92007,28.924942,,,,,,,,,,,,False
Coal_Flexibilisation,conventional,,,,,,,,,,,,,,,,,,,,,,,,,,,,,,,,,,,BASE_PMR1b,Lethabo,eskom,coal,True,593.0,1.0,3558.0,pre,2042,11.25,11.25,0.0,96,1080,low_group,0.596964586846543,0.596964586846543,0.65,0.65,0.65,24.0,8.0,93.77815699658699,1184.3203822525602,1000000.0,500000.0,500000.0,-26.74027,27.975,,,,,,,,,,,,False
Coal_Flexibilisation,conventional,,,,,,,,,,,,,,,,,,,,,,,,,,,,,,,,,,,BASE_PMR1b,Majuba,eskom,coal,True,663.0,1.0,3807.0,pre,2051,13.020833333333334,13.020833333333334,0.0,96,1250,med_group,0.167,0.166939443535188,0.65,0.65,0.65,24.0,8.0,93.77815699658699,1184.3203822525602,1000000.0,500000.0,500000.0,-27.09555,29.77055,,,,,,,,,,,,False
Coal_Flexibilisation,conventional,,,,,,,,,,,,,,,,,,,,,,,,,,,,,,,,,,,BASE_PMR1b,Matimba,eskom,coal,True,615.0,1.0,3690.0,pre,2043,10.3125,10.3125,0.0,96,990,low_group,0.286,0.286,0.65,0.65,0.65,24.0,8.0,93.77815699658699,1187.5141228668956,1000000.0,500000.0,500000.0,-23.66777,27.61277,,,,,,,,,,,,False
Coal_Flexibilisation,conventional,,,,,,,,,,,,,,,,,,,,,,,,,,,,,,,,,,,BASE_PMR1b,Matla,eskom,coal,True,575.0,1.0,3450.0,pre,2035,12.395833333333334,12.395833333333334,0.0,96,1190,high_group,0.250434782608696,0.250434782608696,0.65,0.65,0.65,24.0,8.0,93.77815699658699,1184.3203822525602,1000000.0,500000.0,500000.0,-26.28036,29.14229,,,,,,,,,,,,False
Coal_Flexibilisation,conventional,,,,,,,,,,,,,,,,,,,,,,,,,,,,,,,,,,,BASE_PMR1b,Medupi,eskom,coal,True,720.0,1.0,4320.0,pre,2060,9.583333333333334,9.583333333333334,0.0,96,920,low_group,0.597510373443983,0.597510373443983,0.65,0.65,0.65,24.0,8.0,129.44027303754237,1275.0593344709905,1000000.0,500000.0,500000.0,-23.42,27.33,,,,,,,,,,,,False
Coal_Flexibilisation,conventional,,,,,,,,,,,,,,,,,,,,,,,,,,,,,,,,,,,BASE_PMR1b,Tutuka,eskom,coal,True,585.0,1.0,3510.0,pre,2041,12.8125,12.8125,0.0,96,1230,high_group,0.333,0.333,0.65,0.65,0.65,24.0,8.0,93.77815699658699,1184.3203822525602,1000000.0,500000.0,500000.0,-26.77565,29.35212,,,,,,,,,,,,False
Coal_Flexibilisation,conventional,,,,,,,,,,,,,,,,,,,,,,,,,,,,,,,,,,,BASE_PMR1b,Koeberg,eskom,nuclear,False,927.0,2.0,1854.0,pre,2047,11.111,11.111,0.0,0,0,18,0.1,0.1,0.65,0.65,0.5,240.0,240.0,59.43686006825943,1567.812286689421,1000000.0,1000000.0,1000000.0,-33.67359354,18.428247,,,,,,,,,,,,False
Coal_Flexibilisation,conventional,,,,,,,,,,,,,,,,,,,,,,,,,,,,,,,,,,,BASE_PMR1b,Ankerlig,eskom,ocgt_diesel,False,148.0,9.0,1327.0,pre,2039,11.519,11.519,0.0,variable_diesel,variable_diesel,variable_diesel,1.0,1.0,1.0,1.0,0.0,0.0,0.0,3.962457337883962,258.88054607508576,0.0,0.0,0.0,-33.592,18.4607,,,,,,,,,,,,False
Coal_Flexibilisation,conventional,,,,,,,,,,,,,,,,,,,,,,,,,,,,,,,,,,,BASE_PMR1b,Gourikwa,eskom,ocgt_diesel,False,148.0,5.0,740.0,pre,2038,11.519,11.519,0.0,variable_diesel,variable_diesel,variable_diesel,1.0,1.0,1.0,1.0,0.0,0.0,0.0,3.962457337883962,258.88054607508576,0.0,0.0,0.0,-34.16526,21.96077,,,,,,,,,,,,False
Coal_Flexibilisation,conventional,,,,,,,,,,,,,,,,,,,,,,,,,,,,,,,,,,,BASE_PMR1b,Acacia,eskom,ocgt_diesel,False,57.0,3.0,171.0,pre,2026,11.519,11.519,0.0,variable_diesel,variable_diesel,variable_diesel,1.0,1.0,1.0,1.0,0.0,0.0,0.0,3.962457337883962,258.88054607508576,0.0,0.0,0.0,-33.88408,18.53361,,,,,,,,,,,,False
Coal_Flexibilisation,conventional,,,,,,,,,,,,,,,,,,,,,,,,,,,,,,,,,,,BASE_PMR1b,PortRex,eskom,ocgt_diesel,False,57.0,3.0,171.0,pre,2026,11.519,11.519,0.0,variable_diesel,variable_diesel,variable_diesel,1.0,1.0,1.0,1.0,0.0,0.0,0.0,3.962457337883962,258.88054607508576,0.0,0.0,0.0,-33.02739,27.88382,,,,,,,,,,,,False
Coal_Flexibilisation,conventional,,,,,,,,,,,,,,,,,,,,,,,,,,,,,,,,,,,BASE_PMR1b,Gariep,eskom,hydro,False,90.0,4.0,360.0,pre,post,0.0,0.0,0.0,0,0,0,1.0,1.0,1.0,1.0,0.0,0.0,0.0,462.28668941979527,0.0,0.0,0.0,0.0,-30.62396,25.50403,,,,,,,,,,,,False
Coal_Flexibilisation,conventional,,,,,,,,,,,,,,,,,,,,,,,,,,,,,,,,,,,BASE_PMR1b,Vanderkloof,eskom,hydro,False,120.0,2.0,240.0,pre,post,0.0,0.0,0.0,0,0,0,1.0,1.0,1.0,1.0,0.0,0.0,0.0,462.28668941979527,0.0,0.0,0.0,0.0,-29.99337,24.73384,,,,,,,,,,,,False
Coal_Flexibilisation,conventional,,,,,,,,,,,,,,,,,,,,,,,,,,,,,,,,,,,BASE_PMR1b,MuliloTotalHydra,RMIPPP,rmippp,False,75.0,1.0,75.0,2025,2045,0.0,0.0,0.0,0,0,0,1.0,1.0,1.0,1.0,0.0,0.0,0.0,1831.4684391259107,0.0,0.0,0.0,0.0,-30.6757,24.0676,,,,,,,,,,,,False
Coal_Flexibilisation,conventional,,,,,,,,,,,,,,,,,,,,,,,,,,,,,,,,,,,BASE_PMR1b,Oya,RMIPPP,rmippp,False,128.0,1.0,128.0,2025,2045,0.0,0.0,0.0,0,0,0,1.0,1.0,1.0,1.0,0.0,0.0,0.0,1872.9914047866805,0.0,0.0,0.0,0.0,-32.8489,20.3236,,,,,,,,,,,,False
Coal_Flexibilisation,conventional,,,,,,,,,,,,,,,,,,,,,,,,,,,,,,,,,,,BASE_PMR1b,Scatec1,RMIPPP,rmippp,False,50.0,1.0,50.0,2024,2045,0.0,0.0,0.0,0,0,0,1.0,1.0,1.0,1.0,0.0,0.0,0.0,2255.7392164948456,0.0,0.0,0.0,0.0,-29.4112838805742,21.0847327324929,,,,,,,,,,,,False
Coal_Flexibilisation,conventional,,,,,,,,,,,,,,,,,,,,,,,,,,,,,,,,,,,BASE_PMR1b,Scatec2,RMIPPP,rmippp,False,50.0,1.0,50.0,2024,2045,0.0,0.0,0.0,0,0,0,1.0,1.0,1.0,1.0,0.0,0.0,0.0,2255.7033092783504,0.0,0.0,0.0,0.0,-29.4112838805742,21.0847327324929,,,,,,,,,,,,False
Coal_Flexibilisation,conventional,,,,,,,,,,,,,,,,,,,,,,,,,,,,,,,,,,,BASE_PMR1b,Scatec3,RMIPPP,rmippp,False,50.0,1.0,50.0,2024,2045,0.0,0.0,0.0,0,0,0,1.0,1.0,1.0,1.0,0.0,0.0,0.0,2255.6434639175254,0.0,0.0,0.0,0.0,-29.4112838805742,21.0847327324929,,,,,,,,,,,,False
Coal_Flexibilisation,conventional,,,,,,,,,,,,,,,,,,,,,,,,,,,,,,,,,,,BASE_PMR1b,Umoyilanga,RMIPPP,rmippp,False,75.0,1.0,75.0,2025,2045,0.0,0.0,0.0,0,0,0,1.0,1.0,1.0,1.0,0.0,0.0,0.0,2079.941768990635,0.0,0.0,0.0,0.0,-28.4519839474036,21.2331531845134,,,,,,,,,,,,False
Coal_Flexibilisation,conventional,,,,,,,,,,,,,,,,,,,,,,,,,,,,,,,,,,,BASE_PMR1b,Avon,IPP,ocgt_diesel,False,167.5,4.0,670.0,pre,2046,11.519,11.519,0.0,variable_diesel,variable_diesel,variable_diesel,1.0,1.0,1.0,1.0,0.0,0.0,0.0,3.962457337883962,223.21843003413008,0.0,0.0,0.0,-29.251,31.0941,,,,,,,,,,,,False
Coal_Flexibilisation,conventional,,,,,,,,,,,,,,,,,,,,,,,,,,,,,,,,,,,BASE_PMR1b,Dedisa,IPP,ocgt_diesel,False,167.5,2.0,335.0,pre,2046,11.519,11.519,0.0,variable_diesel,variable_diesel,variable_diesel,1.0,1.0,1.0,1.0,0.0,0.0,0.0,3.962457337883962,223.21843003413008,0.0,0.0,0.0,-33.4433,25.4022,,,,,,,,,,,,False
Coal_Flexibilisation,conventional,,,,,,,,,,,,,,,,,,,,,,,,,,,,,,,,,,,BASE_PMR1b,Secunda_coal,Sasol,sasol_coal,False,42.86,14.0,600.04,pre,2035,14.03125,14.03125,0.0,96,1347,16,1.0,1.0,1.0,1.0,0.65,0.0,0.0,93.77815699658699,1275.0659385665535,10000.0,70000.0,70000.0,-26.5036,29.1803,,,,,,,,,,,,False
Coal_Flexibilisation,conventional,,,,,,,,,,,,,,,,,,,,,,,,,,,,,,,,,,,BASE_PMR1b,Sasolburg_coal,Sasol,sasol_coal,False,,,128.0,pre,2035,14.03125,14.03125,0.0,96,1347,16,1.0,1.0,1.0,1.0,0.65,0.0,0.0,93.77815699658699,1275.0659385665535,10000.0,70000.0,70000.0,-26.5036,29.1803,,,,,,,,,,,,False
Coal_Flexibilisation,conventional,,,,,,,,,,,,,,,,,,,,,,,,,,,,,,,,,,,BASE_PMR1b,Sasol_ice,Sasol,sasol_gas,False,9.7,18.0,174.6,pre,2039,9.6,9.6,0.0,69,662.4,245,1.0,1.0,1.0,1.0,0.0,0.0,0.0,93.77815699658699,0.0,0.0,0.0,0.0,-26.8102,27.8277,,,,,,,,,,,,False
Coal_Flexibilisation,conventional,,,,,,,,,,,,,,,,,,,,,,,,,,,,,,,,,,,BASE_PMR1b,Sasol_ocgt,Sasol,sasol_gas,False,50.0,5.0,250.0,pre,2039,9.6,9.6,0.0,69,662.4,245,1.0,1.0,1.0,1.0,0.0,0.0,0.0,3.962457337883962,0.0,0.0,0.0,0.0,-26.8102,27.8277,,,,,,,,,,,,False
Coal_Flexibilisation,conventional,,,,,,,,,,,,,,,,,,,,,,,,,,,,,,,,,,,BASE_COALFLEX,Arnot,eskom,coal,True,350.0,1.0,2100.0,pre,2030,13.541666666666666,13.579827033330092,0.0,95.73023255813955,1300,med_group,0.345,0.345,0.65,0.65,0.65,24.0,8.0,93.77815699658699,1248.0393378839624,1000000.0,500000.0,500000.0,-25.94444,29.79166,,,,,,,,,,,,False
Coal_Flexibilisation,conventional,,,,,,,,,,,,,,,,,,,,,,,,,,,,,,,,,,,BASE_COALFLEX,Camden,eskom,coal,True,190.0,1.0,1481.0,pre,2030,14.375,14.28645375019411,0.0,96.595,1380,high_group,0.178378378378378,0.178378378378378,0.65,0.65,0.65,24.0,8.0,93.77815699658699,1674.031238907855,1000000.0,500000.0,500000.0,-26.62007,30.09113,,,,,,,,,,,,False
Coal_Flexibilisation,conventional,,,,,,,,,,,,,,,,,,,,,,,,,,,,,,,,,,,BASE_COALFLEX,Duvha,eskom,coal,True,575.0,1.0,2875.0,pre,2034,11.666666666666666,11.629779406545403,0.0,96.30449218749999,1120,low_group,0.4,0.4,0.65,0.65,0.65,24.0,8.0,93.77815699658699,1195.4152627986327,1000000.0,500000.0,500000.0,-25.95954,29.34094,,,,,,,,,,,,False
Coal_Flexibilisation,conventional,,,,,,,,,,,,,,,,,,,,,,,,,,,,,,,,,,,BASE_COALFLEX,Grootvlei,eskom,coal,True,190.0,1.0,570.0,pre,2030,15.0,14.929384307418877,0.0,96.45407810182896,1440,high_group,0.167,0.167,0.65,0.65,0.65,24.0,8.0,93.77815699658699,1247.9997133105821,1000000.0,500000.0,500000.0,-26.76955,28.49951,,,,,,,,,,,,False
Coal_Flexibilisation,conventional,,,,,,,,,,,,,,,,,,,,,,,,,,,,,,,,,,,BASE_COALFLEX,Hendrina,eskom,coal,True,190.0,1.0,1098.0,pre,2030,14.375,14.405770042029278,0.0,95.79494855004678,1380,med_group,0.333,0.333,0.65,0.65,0.65,24.0,8.0,93.77815699658699,1248.0049965870353,1000000.0,500000.0,500000.0,-26.03138,29.60138,,,,,,,,,,,,False
Coal_Flexibilisation,conventional,,,,,,,,,,,,,,,,,,,,,,,,,,,,,,,,,,,BASE_COALFLEX,Kelvin,IPP,coal,True,80.0,2.0,160.0,pre,2030,14.322916666666666,14.322916666666666,0.0,96,1375,high_group,0.375,0.375,0.65,0.65,0.65,24.0,8.0,105.66552901023884,1275.0659385665535,1000000.0,1000000.0,1000000.0,-26.115776,28.1138,,,,,,,,,,,,False
Coal_Flexibilisation,conventional,,,,,,,,,,,,,,,,,,,,,,,,,,,,,,,,,,,BASE_COALFLEX,Kendal,eskom,coal,True,640.0,1.0,3840.0,pre,2045,12.291666666666666,12.088367751048274,0.0,97.61450216450217,1180,med_group,0.167,0.167,0.65,0.65,0.65,24.0,8.0,93.77815699658699,1187.486385665532,1000000.0,500000.0,500000.0,-26.08805,28.96888,,,,,,,,,,,,False
Coal_Flexibilisation,conventional,,,,,,,,,,,,,,,,,,,,,,,,,,,,,,,,,,,BASE_COALFLEX,Kriel,eskom,coal,True,405.0,1.0,2640.0,pre,2031,12.8125,12.733578342564314,0.0,96.595,1230,high_group,0.454736842105263,0.454736842105263,0.65,0.65,0.65,24.0,8.0,93.77815699658699,1184.3203822525602,1000000.0,500000.0,500000.0,-26.25404,29.18008,,,,,,,,,,,,False
Coal_Flexibilisation,conventional,,,,,,,,,,,,,,,,,,,,,,,,,,,,,,,,,,,BASE_COALFLEX,Kusile,eskom,coal,True,720.0,1.0,4320.0,pre,2060,10.416666666666666,10.166143836412223,0.0,98.36571428571429,1000,high_group,0.6,0.6,0.65,0.65,0.65,24.0,8.0,129.44027303754237,1236.9497406143319,1000000.0,500000.0,500000.0,-25.92007,28.924942,,,,,,,,,,,,False
Coal_Flexibilisation,conventional,,,,,,,,,,,,,,,,,,,,,,,,,,,,,,,,,,,BASE_COALFLEX,Lethabo,eskom,coal,True,593.0,1.0,3558.0,pre,2042,11.25,10.674104060329537,0.0,101.17945205479452,1080,low_group,0.596964586846543,0.596964586846543,0.65,0.65,0.65,24.0,8.0,93.77815699658699,1184.3203822525602,1000000.0,500000.0,500000.0,-26.74027,27.975,,,,,,,,,,,,False
Coal_Flexibilisation,conventional,,,,,,,,,,,,,,,,,,,,,,,,,,,,,,,,,,,BASE_COALFLEX,Majuba,eskom,coal,True,663.0,1.0,3807.0,pre,2051,13.020833333333334,13.111443262438081,0.0,95.33656783468105,1250,med_group,0.167,0.166939443535188,0.65,0.65,0.65,24.0,8.0,93.77815699658699,1184.3203822525602,1000000.0,500000.0,500000.0,-27.09555,29.77055,,,,,,,,,,,,False
Coal_Flexibilisation,conventional,,,,,,,,,,,,,,,,,,,,,,,,,,,,,,,,,,,BASE_COALFLEX,Matimba,eskom,coal,True,615.0,1.0,3690.0,pre,2043,10.3125,10.281155015197568,0.0,96.29268292682927,990,low_group,0.286,0.286,0.65,0.65,0.65,24.0,8.0,93.77815699658699,1187.5141228668956,1000000.0,500000.0,500000.0,-23.66777,27.61277,,,,,,,,,,,,False
Coal_Flexibilisation,conventional,,,,,,,,,,,,,,,,,,,,,,,,,,,,,,,,,,,BASE_COALFLEX,Matla,eskom,coal,True,575.0,1.0,3450.0,pre,2035,12.395833333333334,12.246292600494787,0.0,97.17226582940869,1190,high_group,0.250434782608696,0.250434782608696,0.65,0.65,0.65,24.0,8.0,93.77815699658699,1184.3203822525602,1000000.0,500000.0,500000.0,-26.28036,29.14229,,,,,,,,,,,,False
Coal_Flexibilisation,conventional,,,,,,,,,,,,,,,,,,,,,,,,,,,,,,,,,,,BASE_COALFLEX,Medupi,eskom,coal,True,720.0,1.0,4320.0,pre,2060,9.583333333333334,9.49942577783397,0.0,96.84795918367347,920,low_group,0.597510373443983,0.597510373443983,0.65,0.65,0.65,24.0,8.0,129.44027303754237,1275.0593344709905,1000000.0,500000.0,500000.0,-23.42,27.33,,,,,,,,,,,,False
Coal_Flexibilisation,conventional,,,,,,,,,,,,,,,,,,,,,,,,,,,,,,,,,,,BASE_COALFLEX,Tutuka,eskom,coal,True,585.0,1.0,3510.0,pre,2041,12.8125,12.83555322352333,0.0,95.82757973733584,1230,high_group,0.333,0.333,0.65,0.65,0.65,24.0,8.0,93.77815699658699,1184.3203822525602,1000000.0,500000.0,500000.0,-26.77565,29.35212,,,,,,,,,,,,False
Coal_Flexibilisation,conventional,,,,,,,,,,,,,,,,,,,,,,,,,,,,,,,,,,,BASE_COALFLEX,Koeberg,eskom,nuclear,False,927.0,2.0,1854.0,pre,2047,11.111,11.111,0.0,0,0,18,0.1,0.1,0.65,0.65,0.5,240.0,240.0,59.43686006825943,1567.812286689421,1000000.0,1000000.0,1000000.0,-33.67359354,18.428247,,,,,,,,,,,,False
Coal_Flexibilisation,conventional,,,,,,,,,,,,,,,,,,,,,,,,,,,,,,,,,,,BASE_COALFLEX,Ankerlig,eskom,ocgt_diesel,False,148.0,9.0,1327.0,pre,2039,11.519,11.519,0.0,variable_diesel,variable_diesel,variable_diesel,1.0,1.0,1.0,1.0,0.0,0.0,0.0,3.962457337883962,258.88054607508576,0.0,0.0,0.0,-33.592,18.4607,,,,,,,,,,,,False
Coal_Flexibilisation,conventional,,,,,,,,,,,,,,,,,,,,,,,,,,,,,,,,,,,BASE_COALFLEX,Gourikwa,eskom,ocgt_diesel,False,148.0,5.0,740.0,pre,2038,11.519,11.519,0.0,variable_diesel,variable_diesel,variable_diesel,1.0,1.0,1.0,1.0,0.0,0.0,0.0,3.962457337883962,258.88054607508576,0.0,0.0,0.0,-34.16526,21.96077,,,,,,,,,,,,False
Coal_Flexibilisation,conventional,,,,,,,,,,,,,,,,,,,,,,,,,,,,,,,,,,,BASE_COALFLEX,Acacia,eskom,ocgt_diesel,False,57.0,3.0,171.0,pre,2026,11.519,11.519,0.0,variable_diesel,variable_diesel,variable_diesel,1.0,1.0,1.0,1.0,0.0,0.0,0.0,3.962457337883962,258.88054607508576,0.0,0.0,0.0,-33.88408,18.53361,,,,,,,,,,,,False
Coal_Flexibilisation,conventional,,,,,,,,,,,,,,,,,,,,,,,,,,,,,,,,,,,BASE_COALFLEX,PortRex,eskom,ocgt_diesel,False,57.0,3.0,171.0,pre,2026,11.519,11.519,0.0,variable_diesel,variable_diesel,variable_diesel,1.0,1.0,1.0,1.0,0.0,0.0,0.0,3.962457337883962,258.88054607508576,0.0,0.0,0.0,-33.02739,27.88382,,,,,,,,,,,,False
Coal_Flexibilisation,conventional,,,,,,,,,,,,,,,,,,,,,,,,,,,,,,,,,,,BASE_COALFLEX,Gariep,eskom,hydro,False,90.0,4.0,360.0,pre,post,0.0,0.0,0.0,0,0,0,1.0,1.0,1.0,1.0,0.0,0.0,0.0,462.28668941979527,0.0,0.0,0.0,0.0,-30.62396,25.50403,,,,,,,,,,,,False
Coal_Flexibilisation,conventional,,,,,,,,,,,,,,,,,,,,,,,,,,,,,,,,,,,BASE_COALFLEX,Vanderkloof,eskom,hydro,False,120.0,2.0,240.0,pre,post,0.0,0.0,0.0,0,0,0,1.0,1.0,1.0,1.0,0.0,0.0,0.0,462.28668941979527,0.0,0.0,0.0,0.0,-29.99337,24.73384,,,,,,,,,,,,False
Coal_Flexibilisation,conventional,,,,,,,,,,,,,,,,,,,,,,,,,,,,,,,,,,,BASE_COALFLEX,MuliloTotalHydra,RMIPPP,rmippp,False,75.0,1.0,75.0,2025,2045,0.0,0.0,0.0,0,0,0,1.0,1.0,1.0,1.0,0.0,0.0,0.0,1831.4684391259107,0.0,0.0,0.0,0.0,-30.6757,24.0676,,,,,,,,,,,,False
Coal_Flexibilisation,conventional,,,,,,,,,,,,,,,,,,,,,,,,,,,,,,,,,,,BASE_COALFLEX,Oya,RMIPPP,rmippp,False,128.0,1.0,128.0,2025,2045,0.0,0.0,0.0,0,0,0,1.0,1.0,1.0,1.0,0.0,0.0,0.0,1872.9914047866805,0.0,0.0,0.0,0.0,-32.8489,20.3236,,,,,,,,,,,,False
Coal_Flexibilisation,conventional,,,,,,,,,,,,,,,,,,,,,,,,,,,,,,,,,,,BASE_COALFLEX,Scatec1,RMIPPP,rmippp,False,50.0,1.0,50.0,2024,2045,0.0,0.0,0.0,0,0,0,1.0,1.0,1.0,1.0,0.0,0.0,0.0,2255.7392164948456,0.0,0.0,0.0,0.0,-29.4112838805742,21.0847327324929,,,,,,,,,,,,False
Coal_Flexibilisation,conventional,,,,,,,,,,,,,,,,,,,,,,,,,,,,,,,,,,,BASE_COALFLEX,Scatec2,RMIPPP,rmippp,False,50.0,1.0,50.0,2024,2045,0.0,0.0,0.0,0,0,0,1.0,1.0,1.0,1.0,0.0,0.0,0.0,2255.7033092783504,0.0,0.0,0.0,0.0,-29.4112838805742,21.0847327324929,,,,,,,,,,,,False
Coal_Flexibilisation,conventional,,,,,,,,,,,,,,,,,,,,,,,,,,,,,,,,,,,BASE_COALFLEX,Scatec3,RMIPPP,rmippp,False,50.0,1.0,50.0,2024,2045,0.0,0.0,0.0,0,0,0,1.0,1.0,1.0,1.0,0.0,0.0,0.0,2255.6434639175254,0.0,0.0,0.0,0.0,-29.4112838805742,21.0847327324929,,,,,,,,,,,,False
Coal_Flexibilisation,conventional,,,,,,,,,,,,,,,,,,,,,,,,,,,,,,,,,,,BASE_COALFLEX,Umoyilanga,RMIPPP,rmippp,False,75.0,1.0,75.0,2025,2045,0.0,0.0,0.0,0,0,0,1.0,1.0,1.0,1.0,0.0,0.0,0.0,2079.941768990635,0.0,0.0,0.0,0.0,-28.4519839474036,21.2331531845134,,,,,,,,,,,,False
Coal_Flexibilisation,conventional,,,,,,,,,,,,,,,,,,,,,,,,,,,,,,,,,,,BASE_COALFLEX,Avon,IPP,ocgt_diesel,False,167.5,4.0,670.0,pre,2046,11.519,11.519,0.0,variable_diesel,variable_diesel,variable_diesel,1.0,1.0,1.0,1.0,0.0,0.0,0.0,3.962457337883962,223.21843003413008,0.0,0.0,0.0,-29.251,31.0941,,,,,,,,,,,,False
Coal_Flexibilisation,conventional,,,,,,,,,,,,,,,,,,,,,,,,,,,,,,,,,,,BASE_COALFLEX,Dedisa,IPP,ocgt_diesel,False,167.5,2.0,335.0,pre,2046,11.519,11.519,0.0,variable_diesel,variable_diesel,variable_diesel,1.0,1.0,1.0,1.0,0.0,0.0,0.0,3.962457337883962,223.21843003413008,0.0,0.0,0.0,-33.4433,25.4022,,,,,,,,,,,,False
Coal_Flexibilisation,conventional,,,,,,,,,,,,,,,,,,,,,,,,,,,,,,,,,,,BASE_COALFLEX,Secunda_coal,Sasol,sasol_coal,False,42.86,14.0,600.04,pre,2035,14.03125,14.03125,0.0,96,1347,16,1.0,1.0,1.0,1.0,0.65,0.0,0.0,93.77815699658699,1275.0659385665535,10000.0,70000.0,70000.0,-26.5036,29.1803,,,,,,,,,,,,False
Coal_Flexibilisation,conventional,,,,,,,,,,,,,,,,,,,,,,,,,,,,,,,,,,,BASE_COALFLEX,Sasolburg_coal,Sasol,sasol_coal,False,,,128.0,pre,2035,14.03125,14.03125,0.0,96,1347,16,1.0,1.0,1.0,1.0,0.65,0.0,0.0,93.77815699658699,1275.0659385665535,10000.0,70000.0,70000.0,-26.5036,29.1803,,,,,,,,,,,,False
Coal_Flexibilisation,conventional,,,,,,,,,,,,,,,,,,,,,,,,,,,,,,,,,,,BASE_COALFLEX,Sasol_ice,Sasol,sasol_gas,False,9.7,18.0,174.6,pre,2039,9.6,9.6,0.0,69,662.4,245,1.0,1.0,1.0,1.0,0.0,0.0,0.0,93.77815699658699,0.0,0.0,0.0,0.0,-26.8102,27.8277,,,,,,,,,,,,False
Coal_Flexibilisation,conventional,,,,,,,,,,,,,,,,,,,,,,,,,,,,,,,,,,,BASE_COALFLEX,Sasol_ocgt,Sasol,sasol_gas,False,50.0,5.0,250.0,pre,2039,9.6,9.6,0.0,69,662.4,245,1.0,1.0,1.0,1.0,0.0,0.0,0.0,3.962457337883962,0.0,0.0,0.0,0.0,-26.8102,27.8277,,,,,,,,,,,,False
Coal_Flexibilisation,conventional,,,,,,,,,,,,,,,,,,,,,,,,,,,,,,,,,,,AVG_AEL,Arnot,eskom,coal,True,350.0,1.0,2100.0,pre,2030,13.541666666666666,13.579827033330092,0.0,95.73023255813955,1300,med_group,0.345,0.345,0.65,0.65,0.65,24.0,8.0,93.77815699658699,1248.0393378839624,1000000.0,500000.0,500000.0,-25.94444,29.79166,,,,,,,,,,,,False
Coal_Flexibilisation,conventional,,,,,,,,,,,,,,,,,,,,,,,,,,,,,,,,,,,AVG_AEL,Camden,eskom,coal,True,190.0,1.0,1481.0,pre,2030,14.375,14.28645375019411,0.0,96.595,1380,high_group,0.178378378378378,0.178378378378378,0.65,0.65,0.65,24.0,8.0,93.77815699658699,1674.031238907855,1000000.0,500000.0,500000.0,-26.62007,30.09113,,,,,,,,,,,,False
Coal_Flexibilisation,conventional,,,,,,,,,,,,,,,,,,,,,,,,,,,,,,,,,,,AVG_AEL,Duvha,eskom,coal,True,575.0,1.0,2875.0,pre,2034,11.666666666666666,11.629779406545403,0.0,96.30449218749999,1120,low_group,0.4,0.4,0.65,0.65,0.65,24.0,8.0,93.77815699658699,1195.4152627986327,1000000.0,500000.0,500000.0,-25.95954,29.34094,,,,,,,,,,,,False
Coal_Flexibilisation,conventional,,,,,,,,,,,,,,,,,,,,,,,,,,,,,,,,,,,AVG_AEL,Grootvlei,eskom,coal,True,190.0,1.0,570.0,pre,2030,15.0,14.929384307418877,0.0,96.45407810182896,1440,high_group,0.167,0.167,0.65,0.65,0.65,24.0,8.0,93.77815699658699,1247.9997133105821,1000000.0,500000.0,500000.0,-26.76955,28.49951,,,,,,,,,,,,False
Coal_Flexibilisation,conventional,,,,,,,,,,,,,,,,,,,,,,,,,,,,,,,,,,,AVG_AEL,Hendrina,eskom,coal,True,190.0,1.0,1098.0,pre,2030,14.375,14.405770042029278,0.0,95.79494855004678,1380,med_group,0.333,0.333,0.65,0.65,0.65,24.0,8.0,93.77815699658699,1248.0049965870353,1000000.0,500000.0,500000.0,-26.03138,29.60138,,,,,,,,,,,,False
Coal_Flexibilisation,conventional,,,,,,,,,,,,,,,,,,,,,,,,,,,,,,,,,,,AVG_AEL,Kelvin,IPP,coal,True,80.0,2.0,160.0,pre,2030,14.322916666666666,14.322916666666666,0.0,96,1375,high_group,0.375,0.375,0.65,0.65,0.65,24.0,8.0,105.66552901023884,1275.0659385665535,1000000.0,1000000.0,1000000.0,-26.115776,28.1138,,,,,,,,,,,,False
Coal_Flexibilisation,conventional,,,,,,,,,,,,,,,,,,,,,,,,,,,,,,,,,,,AVG_AEL,Kendal,eskom,coal,True,640.0,1.0,3840.0,pre,2045,12.291666666666666,12.088367751048274,0.0,97.61450216450217,1180,med_group,0.167,0.167,0.65,0.65,0.65,24.0,8.0,93.77815699658699,1187.486385665532,1000000.0,500000.0,500000.0,-26.08805,28.96888,,,,,,,,,,,,False
Coal_Flexibilisation,conventional,,,,,,,,,,,,,,,,,,,,,,,,,,,,,,,,,,,AVG_AEL,Kriel,eskom,coal,True,405.0,1.0,2640.0,pre,2031,12.8125,12.733578342564314,0.0,96.595,1230,high_group,0.454736842105263,0.454736842105263,0.65,0.65,0.65,24.0,8.0,93.77815699658699,1184.3203822525602,1000000.0,500000.0,500000.0,-26.25404,29.18008,,,,,,,,,,,,False
Coal_Flexibilisation,conventional,,,,,,,,,,,,,,,,,,,,,,,,,,,,,,,,,,,AVG_AEL,Kusile,eskom,coal,True,720.0,1.0,4320.0,pre,2060,10.416666666666666,10.166143836412223,0.0,98.36571428571429,1000,high_group,0.6,0.6,0.65,0.65,0.65,24.0,8.0,129.44027303754237,1236.9497406143319,1000000.0,500000.0,500000.0,-25.92007,28.924942,,,,,,,,,,,,False
Coal_Flexibilisation,conventional,,,,,,,,,,,,,,,,,,,,,,,,,,,,,,,,,,,AVG_AEL,Lethabo,eskom,coal,True,593.0,1.0,3558.0,pre,2042,11.25,10.674104060329537,0.0,101.17945205479452,1080,low_group,0.596964586846543,0.596964586846543,0.65,0.65,0.65,24.0,8.0,93.77815699658699,1184.3203822525602,1000000.0,500000.0,500000.0,-26.74027,27.975,,,,,,,,,,,,False
Coal_Flexibilisation,conventional,,,,,,,,,,,,,,,,,,,,,,,,,,,,,,,,,,,AVG_AEL,Majuba,eskom,coal,True,663.0,1.0,3807.0,pre,2051,13.020833333333334,13.111443262438081,0.0,95.33656783468105,1250,med_group,0.167,0.166939443535188,0.65,0.65,0.65,24.0,8.0,93.77815699658699,1184.3203822525602,1000000.0,500000.0,500000.0,-27.09555,29.77055,,,,,,,,,,,,False
Coal_Flexibilisation,conventional,,,,,,,,,,,,,,,,,,,,,,,,,,,,,,,,,,,AVG_AEL,Matimba,eskom,coal,True,615.0,1.0,3690.0,pre,2043,10.3125,10.281155015197568,0.0,96.29268292682927,990,low_group,0.286,0.286,0.65,0.65,0.65,24.0,8.0,93.77815699658699,1187.5141228668956,1000000.0,500000.0,500000.0,-23.66777,27.61277,,,,,,,,,,,,False
Coal_Flexibilisation,conventional,,,,,,,,,,,,,,,,,,,,,,,,,,,,,,,,,,,AVG_AEL,Matla,eskom,coal,True,575.0,1.0,3450.0,pre,2035,12.395833333333334,12.246292600494787,0.0,97.17226582940869,1190,high_group,0.250434782608696,0.250434782608696,0.65,0.65,0.65,24.0,8.0,93.77815699658699,1184.3203822525602,1000000.0,500000.0,500000.0,-26.28036,29.14229,,,,,,,,,,,,False
Coal_Flexibilisation,conventional,,,,,,,,,,,,,,,,,,,,,,,,,,,,,,,,,,,AVG_AEL,Medupi,eskom,coal,True,720.0,1.0,4320.0,pre,2060,9.583333333333334,9.49942577783397,0.0,96.84795918367347,920,low_group,0.597510373443983,0.597510373443983,0.65,0.65,0.65,24.0,8.0,129.44027303754237,1275.0593344709905,1000000.0,500000.0,500000.0,-23.42,27.33,,,,,,,,,,,,False
Coal_Flexibilisation,conventional,,,,,,,,,,,,,,,,,,,,,,,,,,,,,,,,,,,AVG_AEL,Tutuka,eskom,coal,True,585.0,1.0,3510.0,pre,2041,12.8125,12.83555322352333,0.0,95.82757973733584,1230,high_group,0.333,0.333,0.65,0.65,0.65,24.0,8.0,93.77815699658699,1184.3203822525602,1000000.0,500000.0,500000.0,-26.77565,29.35212,,,,,,,,,,,,False
Coal_Flexibilisation,conventional,,,,,,,,,,,,,,,,,,,,,,,,,,,,,,,,,,,AVG_AEL,Koeberg,eskom,nuclear,False,927.0,2.0,1854.0,pre,2047,11.111,11.111,0.0,0,0,18,0.1,0.1,0.65,0.65,0.5,240.0,240.0,59.43686006825943,1567.812286689421,1000000.0,1000000.0,1000000.0,-33.67359354,18.428247,,,,,,,,,,,,False
Coal_Flexibilisation,conventional,,,,,,,,,,,,,,,,,,,,,,,,,,,,,,,,,,,AVG_AEL,Ankerlig,eskom,ocgt_diesel,False,148.0,9.0,1327.0,pre,2039,11.519,11.519,0.0,variable_diesel,variable_diesel,variable_diesel,1.0,1.0,1.0,1.0,0.0,0.0,0.0,3.962457337883962,258.88054607508576,0.0,0.0,0.0,-33.592,18.4607,,,,,,,,,,,,False
Coal_Flexibilisation,conventional,,,,,,,,,,,,,,,,,,,,,,,,,,,,,,,,,,,AVG_AEL,Gourikwa,eskom,ocgt_diesel,False,148.0,5.0,740.0,pre,2038,11.519,11.519,0.0,variable_diesel,variable_diesel,variable_diesel,1.0,1.0,1.0,1.0,0.0,0.0,0.0,3.962457337883962,258.88054607508576,0.0,0.0,0.0,-34.16526,21.96077,,,,,,,,,,,,False
Coal_Flexibilisation,conventional,,,,,,,,,,,,,,,,,,,,,,,,,,,,,,,,,,,AVG_AEL,Acacia,eskom,ocgt_diesel,False,57.0,3.0,171.0,pre,2026,11.519,11.519,0.0,variable_diesel,variable_diesel,variable_diesel,1.0,1.0,1.0,1.0,0.0,0.0,0.0,3.962457337883962,258.88054607508576,0.0,0.0,0.0,-33.88408,18.53361,,,,,,,,,,,,False
Coal_Flexibilisation,conventional,,,,,,,,,,,,,,,,,,,,,,,,,,,,,,,,,,,AVG_AEL,PortRex,eskom,ocgt_diesel,False,57.0,3.0,171.0,pre,2026,11.519,11.519,0.0,variable_diesel,variable_diesel,variable_diesel,1.0,1.0,1.0,1.0,0.0,0.0,0.0,3.962457337883962,258.88054607508576,0.0,0.0,0.0,-33.02739,27.88382,,,,,,,,,,,,False
Coal_Flexibilisation,conventional,,,,,,,,,,,,,,,,,,,,,,,,,,,,,,,,,,,AVG_AEL,Gariep,eskom,hydro,False,90.0,4.0,360.0,pre,post,0.0,0.0,0.0,0,0,0,1.0,1.0,1.0,1.0,0.0,0.0,0.0,462.28668941979527,0.0,0.0,0.0,0.0,-30.62396,25.50403,,,,,,,,,,,,False
Coal_Flexibilisation,conventional,,,,,,,,,,,,,,,,,,,,,,,,,,,,,,,,,,,AVG_AEL,Vanderkloof,eskom,hydro,False,120.0,2.0,240.0,pre,post,0.0,0.0,0.0,0,0,0,1.0,1.0,1.0,1.0,0.0,0.0,0.0,462.28668941979527,0.0,0.0,0.0,0.0,-29.99337,24.73384,,,,,,,,,,,,False
Coal_Flexibilisation,conventional,,,,,,,,,,,,,,,,,,,,,,,,,,,,,,,,,,,AVG_AEL,MuliloTotalHydra,RMIPPP,rmippp,False,75.0,1.0,75.0,2025,2045,0.0,0.0,0.0,0,0,0,1.0,1.0,1.0,1.0,0.0,0.0,0.0,1831.4684391259107,0.0,0.0,0.0,0.0,-30.6757,24.0676,,,,,,,,,,,,False
Coal_Flexibilisation,conventional,,,,,,,,,,,,,,,,,,,,,,,,,,,,,,,,,,,AVG_AEL,Oya,RMIPPP,rmippp,False,128.0,1.0,128.0,2025,2045,0.0,0.0,0.0,0,0,0,1.0,1.0,1.0,1.0,0.0,0.0,0.0,1872.9914047866805,0.0,0.0,0.0,0.0,-32.8489,20.3236,,,,,,,,,,,,False
Coal_Flexibilisation,conventional,,,,,,,,,,,,,,,,,,,,,,,,,,,,,,,,,,,AVG_AEL,Scatec1,RMIPPP,rmippp,False,50.0,1.0,50.0,2024,2045,0.0,0.0,0.0,0,0,0,1.0,1.0,1.0,1.0,0.0,0.0,0.0,2255.7392164948456,0.0,0.0,0.0,0.0,-29.4112838805742,21.0847327324929,,,,,,,,,,,,False
Coal_Flexibilisation,conventional,,,,,,,,,,,,,,,,,,,,,,,,,,,,,,,,,,,AVG_AEL,Scatec2,RMIPPP,rmippp,False,50.0,1.0,50.0,2024,2045,0.0,0.0,0.0,0,0,0,1.0,1.0,1.0,1.0,0.0,0.0,0.0,2255.7033092783504,0.0,0.0,0.0,0.0,-29.4112838805742,21.0847327324929,,,,,,,,,,,,False
Coal_Flexibilisation,conventional,,,,,,,,,,,,,,,,,,,,,,,,,,,,,,,,,,,AVG_AEL,Scatec3,RMIPPP,rmippp,False,50.0,1.0,50.0,2024,2045,0.0,0.0,0.0,0,0,0,1.0,1.0,1.0,1.0,0.0,0.0,0.0,2255.6434639175254,0.0,0.0,0.0,0.0,-29.4112838805742,21.0847327324929,,,,,,,,,,,,False
Coal_Flexibilisation,conventional,,,,,,,,,,,,,,,,,,,,,,,,,,,,,,,,,,,AVG_AEL,Umoyilanga,RMIPPP,rmippp,False,75.0,1.0,75.0,2025,2045,0.0,0.0,0.0,0,0,0,1.0,1.0,1.0,1.0,0.0,0.0,0.0,2079.941768990635,0.0,0.0,0.0,0.0,-28.4519839474036,21.2331531845134,,,,,,,,,,,,False
Coal_Flexibilisation,conventional,,,,,,,,,,,,,,,,,,,,,,,,,,,,,,,,,,,AVG_AEL,Avon,IPP,ocgt_diesel,False,167.5,4.0,670.0,pre,2046,11.519,11.519,0.0,variable_diesel,variable_diesel,variable_diesel,1.0,1.0,1.0,1.0,0.0,0.0,0.0,3.962457337883962,223.21843003413008,0.0,0.0,0.0,-29.251,31.0941,,,,,,,,,,,,False
Coal_Flexibilisation,conventional,,,,,,,,,,,,,,,,,,,,,,,,,,,,,,,,,,,AVG_AEL,Dedisa,IPP,ocgt_diesel,False,167.5,2.0,335.0,pre,2046,11.519,11.519,0.0,variable_diesel,variable_diesel,variable_diesel,1.0,1.0,1.0,1.0,0.0,0.0,0.0,3.962457337883962,223.21843003413008,0.0,0.0,0.0,-33.4433,25.4022,,,,,,,,,,,,False
Coal_Flexibilisation,conventional,,,,,,,,,,,,,,,,,,,,,,,,,,,,,,,,,,,AVG_AEL,Secunda_coal,Sasol,sasol_coal,False,42.86,14.0,600.04,pre,2035,14.03125,14.03125,0.0,96,1347,16,1.0,1.0,1.0,1.0,0.65,0.0,0.0,93.77815699658699,1275.0659385665535,10000.0,70000.0,70000.0,-26.5036,29.1803,,,,,,,,,,,,False
Coal_Flexibilisation,conventional,,,,,,,,,,,,,,,,,,,,,,,,,,,,,,,,,,,AVG_AEL,Sasolburg_coal,Sasol,sasol_coal,False,,,128.0,pre,2035,14.03125,14.03125,0.0,96,1347,16,1.0,1.0,1.0,1.0,0.65,0.0,0.0,93.77815699658699,1275.0659385665535,10000.0,70000.0,70000.0,-26.5036,29.1803,,,,,,,,,,,,False
Coal_Flexibilisation,conventional,,,,,,,,,,,,,,,,,,,,,,,,,,,,,,,,,,,AVG_AEL,Sasol_ice,Sasol,sasol_gas,False,9.7,18.0,174.6,pre,2039,9.6,9.6,0.0,69,662.4,245,1.0,1.0,1.0,1.0,0.0,0.0,0.0,93.77815699658699,0.0,0.0,0.0,0.0,-26.8102,27.8277,,,,,,,,,,,,False
Coal_Flexibilisation,conventional,,,,,,,,,,,,,,,,,,,,,,,,,,,,,,,,,,,AVG_AEL,Sasol_ocgt,Sasol,sasol_gas,False,50.0,5.0,250.0,pre,2039,9.6,9.6,0.0,69,662.4,245,1.0,1.0,1.0,1.0,0.0,0.0,0.0,3.962457337883962,0.0,0.0,0.0,0.0,-26.8102,27.8277,,,,,,,,,,,,False
Coal_Flexibilisation,conventional,,,,,,,,,,,,,,,,,,,,,,,,,,,,,,,,,,,VAR_HR,Arnot,eskom,coal,True,350.0,1.0,2100.0,pre,2030,13.541666666666666,10.887304,2397.230733,95.73023255813955,1300,med_group,0.345,0.345,0.65,0.65,0.65,24.0,8.0,93.77815699658699,1248.0393378839624,1000000.0,500000.0,500000.0,-25.94444,29.79166,,,,,,,,,,,,False
Coal_Flexibilisation,conventional,,,,,,,,,,,,,,,,,,,,,,,,,,,,,,,,,,,VAR_HR,Camden,eskom,coal,True,190.0,1.0,1481.0,pre,2030,14.375,11.677471,1813.318386,96.595,1380,high_group,0.178378378378378,0.178378378378378,0.65,0.65,0.65,24.0,8.0,93.77815699658699,1674.031238907855,1000000.0,500000.0,500000.0,-26.62007,30.09113,,,,,,,,,,,,False
Coal_Flexibilisation,conventional,,,,,,,,,,,,,,,,,,,,,,,,,,,,,,,,,,,VAR_HR,Duvha,eskom,coal,True,575.0,1.0,2875.0,pre,2034,11.666666666666666,10.405217,3136.600376,96.30449218749999,1120,low_group,0.4,0.4,0.65,0.65,0.65,24.0,8.0,93.77815699658699,1195.4152627986327,1000000.0,500000.0,500000.0,-25.95954,29.34094,,,,,,,,,,,,False
Coal_Flexibilisation,conventional,,,,,,,,,,,,,,,,,,,,,,,,,,,,,,,,,,,VAR_HR,Grootvlei,eskom,coal,True,190.0,1.0,570.0,pre,2030,15.0,10.628897,609.189355,96.45407810182896,1440,high_group,0.167,0.167,0.65,0.65,0.65,24.0,8.0,93.77815699658699,1247.9997133105821,1000000.0,500000.0,500000.0,-26.76955,28.49951,,,,,,,,,,,,False
Coal_Flexibilisation,conventional,,,,,,,,,,,,,,,,,,,,,,,,,,,,,,,,,,,VAR_HR,Hendrina,eskom,coal,True,190.0,1.0,1098.0,pre,2030,14.375,10.67363,1228.809867,95.79494855004678,1380,med_group,0.333,0.333,0.65,0.65,0.65,24.0,8.0,93.77815699658699,1248.0049965870353,1000000.0,500000.0,500000.0,-26.03138,29.60138,,,,,,,,,,,,False
Coal_Flexibilisation,conventional,,,,,,,,,,,,,,,,,,,,,,,,,,,,,,,,,,,VAR_HR,Kelvin,IPP,coal,True,80.0,2.0,160.0,pre,2030,14.322916666666666,14.322916666666666,0.0,96,1375,high_group,0.375,0.375,0.65,0.65,0.65,24.0,8.0,105.66552901023884,1275.0659385665535,1000000.0,1000000.0,1000000.0,-26.115776,28.1138,,,,,,,,,,,,False
Coal_Flexibilisation,conventional,,,,,,,,,,,,,,,,,,,,,,,,,,,,,,,,,,,VAR_HR,Kendal,eskom,coal,True,640.0,1.0,3840.0,pre,2045,12.291666666666666,9.888943,3818.302906,97.61450216450217,1180,med_group,0.167,0.167,0.65,0.65,0.65,24.0,8.0,93.77815699658699,1187.486385665532,1000000.0,500000.0,500000.0,-26.08805,28.96888,,,,,,,,,,,,False
Coal_Flexibilisation,conventional,,,,,,,,,,,,,,,,,,,,,,,,,,,,,,,,,,,VAR_HR,Kriel,eskom,coal,True,405.0,1.0,2640.0,pre,2031,12.8125,10.021121,2660.170734,96.595,1230,high_group,0.454736842105263,0.454736842105263,0.65,0.65,0.65,24.0,8.0,93.77815699658699,1184.3203822525602,1000000.0,500000.0,500000.0,-26.25404,29.18008,,,,,,,,,,,,False
Coal_Flexibilisation,conventional,,,,,,,,,,,,,,,,,,,,,,,,,,,,,,,,,,,VAR_HR,Kusile,eskom,coal,True,720.0,1.0,4320.0,pre,2060,10.416666666666666,8.724166,3951.644533,98.36571428571429,1000,high_group,0.6,0.6,0.65,0.65,0.65,24.0,8.0,129.44027303754237,1236.9497406143319,1000000.0,500000.0,500000.0,-25.92007,28.924942,,,,,,,,,,,,False
Coal_Flexibilisation,conventional,,,,,,,,,,,,,,,,,,,,,,,,,,,,,,,,,,,VAR_HR,Lethabo,eskom,coal,True,593.0,1.0,3558.0,pre,2042,11.25,10.033523,3743.08413,101.17945205479452,1080,low_group,0.596964586846543,0.596964586846543,0.65,0.65,0.65,24.0,8.0,93.77815699658699,1184.3203822525602,1000000.0,500000.0,500000.0,-26.74027,27.975,,,,,,,,,,,,False
Coal_Flexibilisation,conventional,,,,,,,,,,,,,,,,,,,,,,,,,,,,,,,,,,,VAR_HR,Majuba,eskom,coal,True,663.0,1.0,3807.0,pre,2051,13.020833333333334,9.867115,3938.612496,95.33656783468105,1250,med_group,0.167,0.166939443535188,0.65,0.65,0.65,24.0,8.0,93.77815699658699,1184.3203822525602,1000000.0,500000.0,500000.0,-27.09555,29.77055,,,,,,,,,,,,False
Coal_Flexibilisation,conventional,,,,,,,,,,,,,,,,,,,,,,,,,,,,,,,,,,,VAR_HR,Matimba,eskom,coal,True,615.0,1.0,3690.0,pre,2043,10.3125,8.868215,3290.423891,96.29268292682927,990,low_group,0.286,0.286,0.65,0.65,0.65,24.0,8.0,93.77815699658699,1187.5141228668956,1000000.0,500000.0,500000.0,-23.66777,27.61277,,,,,,,,,,,,False
Coal_Flexibilisation,conventional,,,,,,,,,,,,,,,,,,,,,,,,,,,,,,,,,,,VAR_HR,Matla,eskom,coal,True,575.0,1.0,3450.0,pre,2035,12.395833333333334,9.889218,3577.266029,97.17226582940869,1190,high_group,0.250434782608696,0.250434782608696,0.65,0.65,0.65,24.0,8.0,93.77815699658699,1184.3203822525602,1000000.0,500000.0,500000.0,-26.28036,29.14229,,,,,,,,,,,,False
Coal_Flexibilisation,conventional,,,,,,,,,,,,,,,,,,,,,,,,,,,,,,,,,,,VAR_HR,Medupi,eskom,coal,True,720.0,1.0,4320.0,pre,2060,9.583333333333334,7.517828,3405.229064,96.84795918367347,920,low_group,0.597510373443983,0.597510373443983,0.65,0.65,0.65,24.0,8.0,129.44027303754237,1275.0593344709905,1000000.0,500000.0,500000.0,-23.42,27.33,,,,,,,,,,,,False
Coal_Flexibilisation,conventional,,,,,,,,,,,,,,,,,,,,,,,,,,,,,,,,,,,VAR_HR,Tutuka,eskom,coal,True,585.0,1.0,3510.0,pre,2041,12.8125,10.41534,3833.105584,95.82757973733584,1230,high_group,0.333,0.333,0.65,0.65,0.65,24.0,8.0,93.77815699658699,1184.3203822525602,1000000.0,500000.0,500000.0,-26.77565,29.35212,,,,,,,,,,,,False
Coal_Flexibilisation,conventional,,,,,,,,,,,,,,,,,,,,,,,,,,,,,,,,,,,VAR_HR,Koeberg,eskom,nuclear,False,927.0,2.0,1854.0,pre,2047,11.111,11.111,0.0,0,0,18,0.1,0.1,0.65,0.65,0.5,240.0,240.0,59.43686006825943,1567.812286689421,1000000.0,1000000.0,1000000.0,-33.67359354,18.428247,,,,,,,,,,,,False
Coal_Flexibilisation,conventional,,,,,,,,,,,,,,,,,,,,,,,,,,,,,,,,,,,VAR_HR,Ankerlig,eskom,ocgt_diesel,False,148.0,9.0,1327.0,pre,2039,11.519,11.519,0.0,variable_diesel,variable_diesel,variable_diesel,1.0,1.0,1.0,1.0,0.0,0.0,0.0,3.962457337883962,258.88054607508576,0.0,0.0,0.0,-33.592,18.4607,,,,,,,,,,,,False
Coal_Flexibilisation,conventional,,,,,,,,,,,,,,,,,,,,,,,,,,,,,,,,,,,VAR_HR,Gourikwa,eskom,ocgt_diesel,False,148.0,5.0,740.0,pre,2038,11.519,11.519,0.0,variable_diesel,variable_diesel,variable_diesel,1.0,1.0,1.0,1.0,0.0,0.0,0.0,3.962457337883962,258.88054607508576,0.0,0.0,0.0,-34.16526,21.96077,,,,,,,,,,,,False
Coal_Flexibilisation,conventional,,,,,,,,,,,,,,,,,,,,,,,,,,,,,,,,,,,VAR_HR,Acacia,eskom,ocgt_diesel,False,57.0,3.0,171.0,pre,2026,11.519,11.519,0.0,variable_diesel,variable_diesel,variable_diesel,1.0,1.0,1.0,1.0,0.0,0.0,0.0,3.962457337883962,258.88054607508576,0.0,0.0,0.0,-33.88408,18.53361,,,,,,,,,,,,False
Coal_Flexibilisation,conventional,,,,,,,,,,,,,,,,,,,,,,,,,,,,,,,,,,,VAR_HR,PortRex,eskom,ocgt_diesel,False,57.0,3.0,171.0,pre,2026,11.519,11.519,0.0,variable_diesel,variable_diesel,variable_diesel,1.0,1.0,1.0,1.0,0.0,0.0,0.0,3.962457337883962,258.88054607508576,0.0,0.0,0.0,-33.02739,27.88382,,,,,,,,,,,,False
Coal_Flexibilisation,conventional,,,,,,,,,,,,,,,,,,,,,,,,,,,,,,,,,,,VAR_HR,Gariep,eskom,hydro,False,90.0,4.0,360.0,pre,post,0.0,0.0,0.0,0,0,0,1.0,1.0,1.0,1.0,0.0,0.0,0.0,462.28668941979527,0.0,0.0,0.0,0.0,-30.62396,25.50403,,,,,,,,,,,,False
Coal_Flexibilisation,conventional,,,,,,,,,,,,,,,,,,,,,,,,,,,,,,,,,,,VAR_HR,Vanderkloof,eskom,hydro,False,120.0,2.0,240.0,pre,post,0.0,0.0,0.0,0,0,0,1.0,1.0,1.0,1.0,0.0,0.0,0.0,462.28668941979527,0.0,0.0,0.0,0.0,-29.99337,24.73384,,,,,,,,,,,,False
Coal_Flexibilisation,conventional,,,,,,,,,,,,,,,,,,,,,,,,,,,,,,,,,,,VAR_HR,MuliloTotalHydra,RMIPPP,rmippp,False,75.0,1.0,75.0,2025,2045,0.0,0.0,0.0,0,0,0,1.0,1.0,1.0,1.0,0.0,0.0,0.0,1831.4684391259107,0.0,0.0,0.0,0.0,-30.6757,24.0676,,,,,,,,,,,,False
Coal_Flexibilisation,conventional,,,,,,,,,,,,,,,,,,,,,,,,,,,,,,,,,,,VAR_HR,Oya,RMIPPP,rmippp,False,128.0,1.0,128.0,2025,2045,0.0,0.0,0.0,0,0,0,1.0,1.0,1.0,1.0,0.0,0.0,0.0,1872.9914047866805,0.0,0.0,0.0,0.0,-32.8489,20.3236,,,,,,,,,,,,False
Coal_Flexibilisation,conventional,,,,,,,,,,,,,,,,,,,,,,,,,,,,,,,,,,,VAR_HR,Scatec1,RMIPPP,rmippp,False,50.0,1.0,50.0,2024,2045,0.0,0.0,0.0,0,0,0,1.0,1.0,1.0,1.0,0.0,0.0,0.0,2255.7392164948456,0.0,0.0,0.0,0.0,-29.4112838805742,21.0847327324929,,,,,,,,,,,,False
Coal_Flexibilisation,conventional,,,,,,,,,,,,,,,,,,,,,,,,,,,,,,,,,,,VAR_HR,Scatec2,RMIPPP,rmippp,False,50.0,1.0,50.0,2024,2045,0.0,0.0,0.0,0,0,0,1.0,1.0,1.0,1.0,0.0,0.0,0.0,2255.7033092783504,0.0,0.0,0.0,0.0,-29.4112838805742,21.0847327324929,,,,,,,,,,,,False
Coal_Flexibilisation,conventional,,,,,,,,,,,,,,,,,,,,,,,,,,,,,,,,,,,VAR_HR,Scatec3,RMIPPP,rmippp,False,50.0,1.0,50.0,2024,2045,0.0,0.0,0.0,0,0,0,1.0,1.0,1.0,1.0,0.0,0.0,0.0,2255.6434639175254,0.0,0.0,0.0,0.0,-29.4112838805742,21.0847327324929,,,,,,,,,,,,False
Coal_Flexibilisation,conventional,,,,,,,,,,,,,,,,,,,,,,,,,,,,,,,,,,,VAR_HR,Umoyilanga,RMIPPP,rmippp,False,75.0,1.0,75.0,2025,2045,0.0,0.0,0.0,0,0,0,1.0,1.0,1.0,1.0,0.0,0.0,0.0,2079.941768990635,0.0,0.0,0.0,0.0,-28.4519839474036,21.2331531845134,,,,,,,,,,,,False
Coal_Flexibilisation,conventional,,,,,,,,,,,,,,,,,,,,,,,,,,,,,,,,,,,VAR_HR,Avon,IPP,ocgt_diesel,False,167.5,4.0,670.0,pre,2046,11.519,11.519,0.0,variable_diesel,variable_diesel,variable_diesel,1.0,1.0,1.0,1.0,0.0,0.0,0.0,3.962457337883962,223.21843003413008,0.0,0.0,0.0,-29.251,31.0941,,,,,,,,,,,,False
Coal_Flexibilisation,conventional,,,,,,,,,,,,,,,,,,,,,,,,,,,,,,,,,,,VAR_HR,Dedisa,IPP,ocgt_diesel,False,167.5,2.0,335.0,pre,2046,11.519,11.519,0.0,variable_diesel,variable_diesel,variable_diesel,1.0,1.0,1.0,1.0,0.0,0.0,0.0,3.962457337883962,223.21843003413008,0.0,0.0,0.0,-33.4433,25.4022,,,,,,,,,,,,False
Coal_Flexibilisation,conventional,,,,,,,,,,,,,,,,,,,,,,,,,,,,,,,,,,,VAR_HR,Secunda_coal,Sasol,sasol_coal,False,42.86,14.0,600.04,pre,2035,14.03125,14.03125,0.0,96,1347,16,1.0,1.0,1.0,1.0,0.65,0.0,0.0,93.77815699658699,1275.0659385665535,10000.0,70000.0,70000.0,-26.5036,29.1803,,,,,,,,,,,,False
Coal_Flexibilisation,conventional,,,,,,,,,,,,,,,,,,,,,,,,,,,,,,,,,,,VAR_HR,Sasolburg_coal,Sasol,sasol_coal,False,,,128.0,pre,2035,14.03125,14.03125,0.0,96,1347,16,1.0,1.0,1.0,1.0,0.65,0.0,0.0,93.77815699658699,1275.0659385665535,10000.0,70000.0,70000.0,-26.5036,29.1803,,,,,,,,,,,,False
Coal_Flexibilisation,conventional,,,,,,,,,,,,,,,,,,,,,,,,,,,,,,,,,,,VAR_HR,Sasol_ice,Sasol,sasol_gas,False,9.7,18.0,174.6,pre,2039,9.6,9.6,0.0,69,662.4,245,1.0,1.0,1.0,1.0,0.0,0.0,0.0,93.77815699658699,0.0,0.0,0.0,0.0,-26.8102,27.8277,,,,,,,,,,,,False
Coal_Flexibilisation,conventional,,,,,,,,,,,,,,,,,,,,,,,,,,,,,,,,,,,VAR_HR,Sasol_ocgt,Sasol,sasol_gas,False,50.0,5.0,250.0,pre,2039,9.6,9.6,0.0,69,662.4,245,1.0,1.0,1.0,1.0,0.0,0.0,0.0,3.962457337883962,0.0,0.0,0.0,0.0,-26.8102,27.8277,,,,,,,,,,,,False
Coal_Flexibilisation,renewables,,,,,,,,,,,,,,,,,,,,,,,,,,,,,,,,,,,BASE,Aries Solar,BW1,solar_pv,,,,9.65,2014,2039,,,,,,,,,,,,,,3649,0.0,,,,-29.496506,20.785119,,Aries,Fixed Tilt,1.14,-,-,,,,,,False
Coal_Flexibilisation,renewables,,,,,,,,,,,,,,,,,,,,,,,,,,,,,,,,,,,BASE,De Aar Solar PV,BW1,solar_pv,,,,48.25,2014,2039,,,,,,,,,,,,,,3649,0.0,,,,-30.6234,24.0283,,De_Aar,Fixed Tilt,1.04,-,-,,,,,,False
Coal_Flexibilisation,renewables,,,,,,,,,,,,,,,,,,,,,,,,,,,,,,,,,,,BASE,Droogfontein Solar PV Project,BW1,solar_pv,,,,48.25,2014,2039,,,,,,,,,,,,,,3649,0.0,,,,-28.6133,24.7468,,Droogfontein1,Fixed Tilt,1.04,-,-,,,,,,False
Coal_Flexibilisation,renewables,,,,,,,,,,,,,,,,,,,,,,,,,,,,,,,,,,,BASE,Greefspan PV Power Plant1,BW1,solar_pv,,,,10.0,2014,2039,,,,,,,,,,,,,,3649,0.0,,,,-29.393781,23.307708,,Greefspan1,Single Axis,1.1,-,-,,,,,,False
Coal_Flexibilisation,renewables,,,,,,,,,,,,,,,,,,,,,,,,,,,,,,,,,,,BASE,Herbert PV Power Plant,BW1,solar_pv,,,,19.9,2014,2039,,,,,,,,,,,,,,3649,0.0,,,,-29.0019,23.8019,,Herbert,Fixed Tilt,1.11,-,-,,,,,,False
Coal_Flexibilisation,renewables,,,,,,,,,,,,,,,,,,,,,,,,,,,,,,,,,,,BASE,Kalkbult,BW1,solar_pv,,,,72.5,2014,2039,,,,,,,,,,,,,,3649,0.0,,,,-30.1607,24.1349,,Kalkbult,Fixed Tilt,1.03,-,-,,,,,,False
Coal_Flexibilisation,renewables,,,,,,,,,,,,,,,,,,,,,,,,,,,,,,,,,,,BASE,Kathu Solar Energy Facility,BW1,solar_pv,,,,75.0,2014,2039,,,,,,,,,,,,,,3649,0.0,,,,-27.612908,23.025886,,Kathu,Single Axis,1.08,-,-,,,,,,False
Coal_Flexibilisation,renewables,,,,,,,,,,,,,,,,,,,,,,,,,,,,,,,,,,,BASE,Konkoonsies Solar,BW1,solar_pv,,,,9.65,2014,2039,,,,,,,,,,,,,,3649,0.0,,,,-28.889147,19.555275,,Konkoonsies,Fixed Tilt,1.14,-,-,,,,,,False
Coal_Flexibilisation,renewables,,,,,,,,,,,,,,,,,,,,,,,,,,,,,,,,,,,BASE,Lesedi Power Company,BW1,solar_pv,,,,64.0,2014,2039,,,,,,,,,,,,,,3649,0.0,,,,-28.3154,23.3501,,Lesedi,Fixed Tilt,1.17,-,-,,,,,,False
Coal_Flexibilisation,renewables,,,,,,,,,,,,,,,,,,,,,,,,,,,,,,,,,,,BASE,Letsatsi Power Company,BW1,solar_pv,,,,64.0,2014,2039,,,,,,,,,,,,,,3649,0.0,,,,-28.9134,25.9199,,Letsatsi,Fixed Tilt,1.17,-,-,,,,,,False
Coal_Flexibilisation,renewables,,,,,,,,,,,,,,,,,,,,,,,,,,,,,,,,,,,BASE,Mulilo Renewable Energy Solar PV De Aar,BW1,solar_pv,,,,9.65,2014,2039,,,,,,,,,,,,,,3649,0.0,,,,-30.6279,24.005453,,Mulilo_De_ Aar,Fixed Tilt,1.04,-,-,,,,,,False
Coal_Flexibilisation,renewables,,,,,,,,,,,,,,,,,,,,,,,,,,,,,,,,,,,BASE,Mulilo Renewable Energy Solar PV Prieska,BW1,solar_pv,,,,19.9,2014,2039,,,,,,,,,,,,,,3649,0.0,,,,-29.967661,22.319683,,Mulilo_Prieska,Fixed Tilt,1.01,-,-,,,,,,False
Coal_Flexibilisation,renewables,,,,,,,,,,,,,,,,,,,,,,,,,,,,,,,,,,,BASE,RustMo1 Solar Farm,BW1,solar_pv,,,,6.76,2013,2038,,,,,,,,,,,,,,3649,0.0,,,,-25.737892,27.418314,,RustMo1,Fixed Tilt,1.04,-,-,,,,,,False
Coal_Flexibilisation,renewables,,,,,,,,,,,,,,,,,,,,,,,,,,,,,,,,,,,BASE,SlimSun Swartland Solar Park,BW1,solar_pv,,,,5.0,2015,2040,,,,,,,,,,,,,,3649,0.0,,,,-33.35,18.529708,,SlimSun,Fixed Tilt,1.2,-,-,,,,,,False
Coal_Flexibilisation,renewables,,,,,,,,,,,,,,,,,,,,,,,,,,,,,,,,,,,BASE,Solar Capital De Aar,BW1,solar_pv,,,,75.0,2014,2039,,,,,,,,,,,,,,3649,0.0,,,,-30.604753,24.095239,,Solar_Capital,Fixed Tilt,1.13,-,-,,,,,,False
Coal_Flexibilisation,renewables,,,,,,,,,,,,,,,,,,,,,,,,,,,,,,,,,,,BASE,Soutpan Solar Park,BW1,solar_pv,,,,28.0,2014,2039,,,,,,,,,,,,,,3649,0.0,,,,-22.991667,29.251667,,Soutpan,Fixed Tilt,1.11,-,-,,,,,,False
Coal_Flexibilisation,renewables,,,,,,,,,,,,,,,,,,,,,,,,,,,,,,,,,,,BASE,Touwsrivier Project,BW1,solar_pv,,,,36.0,2014,2039,,,,,,,,,,,,,,3649,0.0,,,,-33.410389,19.9276,,Touwsrivier,Single Axis,1,-,-,,,,,,False
Coal_Flexibilisation,renewables,,,,,,,,,,,,,,,,,,,,,,,,,,,,,,,,,,,BASE,Witkop Solar Park,BW1,solar_pv,,,,30.0,2014,2039,,,,,,,,,,,,,,3649,0.0,,,,-24.041667,29.361667,,Witkop,Single Axis,1.1,-,-,,,,,,False
Coal_Flexibilisation,renewables,,,,,,,,,,,,,,,,,,,,,,,,,,,,,,,,,,,BASE,Aurora,BW2,solar_pv,,,,9.0,2014,2039,,,,,,,,,,,,,,2176,0.0,,,,-32.641344,18.497289,,Aurora,Fixed Tilt,1.17,-,-,,,,,,False
Coal_Flexibilisation,renewables,,,,,,,,,,,,,,,,,,,,,,,,,,,,,,,,,,,BASE,Boshoff Solar Park,BW2,solar_pv,,,,60.0,2014,2039,,,,,,,,,,,,,,2176,0.0,,,,-28.4628,25.1891,,Boshoff,Single Axis,1.1,-,-,,,,,,False
Coal_Flexibilisation,renewables,,,,,,,,,,,,,,,,,,,,,,,,,,,,,,,,,,,BASE,Jasper Power Company,BW2,solar_pv,,,,75.0,2014,2039,,,,,,,,,,,,,,2176,0.0,,,,-28.3133,23.3751,,Jasper,Fixed Tilt,1.28,-,-,,,,,,False
Coal_Flexibilisation,renewables,,,,,,,,,,,,,,,,,,,,,,,,,,,,,,,,,,,BASE,Linde,BW2,solar_pv,,,,36.8,2013,2038,,,,,,,,,,,,,,2176,0.0,,,,-30.9986,24.6506,,Linde,Single Axis,1,-,-,,,,,,False
Coal_Flexibilisation,renewables,,,,,,,,,,,,,,,,,,,,,,,,,,,,,,,,,,,BASE,Project Dreunberg,BW2,solar_pv,,,,69.9,2014,2039,,,,,,,,,,,,,,2176,0.0,,,,-30.8373,26.2055,,Dreunberg,Fixed Tilt,1.07,-,-,,,,,,False
Coal_Flexibilisation,renewables,,,,,,,,,,,,,,,,,,,,,,,,,,,,,,,,,,,BASE,Sishen Solar Facility,BW2,solar_pv,,,,74.0,2014,2039,,,,,,,,,,,,,,2176,0.0,,,,-27.583611,22.932778,,Sishen,Single Axis,1.27,-,-,,,,,,False
Coal_Flexibilisation,renewables,,,,,,,,,,,,,,,,,,,,,,,,,,,,,,,,,,,BASE,Solar Capital De Aar 3,BW2,solar_pv,,,,75.0,2014,2039,,,,,,,,,,,,,,2176,0.0,,,,-30.604753,24.095239,,Solar_Capital2,Fixed Tilt,1,-,-,,,,,,False
Coal_Flexibilisation,renewables,,,,,,,,,,,,,,,,,,,,,,,,,,,,,,,,,,,BASE,Upington Solar PV,BW2,solar_pv,,,,8.9,2014,2039,,,,,,,,,,,,,,2176,0.0,,,,-28.5493,21.1038,,Upington,Fixed Tilt,1.12,-,-,,,,,,False
Coal_Flexibilisation,renewables,,,,,,,,,,,,,,,,,,,,,,,,,,,,,,,,,,,BASE,Vredendal,BW2,solar_pv,,,,8.8,2014,2039,,,,,,,,,,,,,,2176,0.0,,,,-31.634886,18.505356,,Vredendal,Fixed Tilt,1.19,-,-,,,,,,False
Coal_Flexibilisation,renewables,,,,,,,,,,,,,,,,,,,,,,,,,,,,,,,,,,,BASE,Adams Solar PV 2,BW3,solar_pv,,,,75.0,2017,2042,,,,,,,,,,,,,,1165,0.0,,,,-27.378969,23.012989,,Adams,Fixed Tilt,1.1,-,-,,,,,,False
Coal_Flexibilisation,renewables,,,,,,,,,,,,,,,,,,,,,,,,,,,,,,,,,,,BASE,Electra Capital (Pty) Ltd,BW3,solar_pv,,,,75.0,2016,2041,,,,,,,,,,,,,,1165,0.0,,,,-32.4148,18.7379,,Electra_Capital,Fixed Tilt,1,-,-,,,,,,False
Coal_Flexibilisation,renewables,,,,,,,,,,,,,,,,,,,,,,,,,,,,,,,,,,,BASE,Mulilo Prieska PV,BW3,solar_pv,,,,75.0,2016,2041,,,,,,,,,,,,,,1165,0.0,,,,-30.0375,22.317222,,Mulilo_Prieska2,Fixed Tilt,1.15,-,-,,,,,,False
Coal_Flexibilisation,renewables,,,,,,,,,,,,,,,,,,,,,,,,,,,,,,,,,,,BASE,Mulilo Sonnedix Prieska PV,BW3,solar_pv,,,,75.0,2016,2041,,,,,,,,,,,,,,1165,0.0,,,,-30.024444,22.362778,,Mulilo_Prieska3,Single Axis,1.15,-,-,,,,,,False
Coal_Flexibilisation,renewables,,,,,,,,,,,,,,,,,,,,,,,,,,,,,,,,,,,BASE,Pulida Solar Park,BW3,solar_pv,,,,75.0,2017,2042,,,,,,,,,,,,,,1165,0.0,,,,-29.086944,24.903333,,Pulida,Fixed Tilt,1.1,-,-,,,,,,False
Coal_Flexibilisation,renewables,,,,,,,,,,,,,,,,,,,,,,,,,,,,,,,,,,,BASE,Tom Burke Solar Park,BW3,solar_pv,,,,60.0,2016,2041,,,,,,,,,,,,,,1165,0.0,,,,-23.072778,27.989444,,Tom_Burke,Fixed Tilt,1.1,-,-,,,,,,False
Coal_Flexibilisation,renewables,,,,,,,,,,,,,,,,,,,,,,,,,,,,,,,,,,,BASE,Aggeneys Solar,BW4,solar_pv,,,,40.0,2020,2045,,,,,,,,,,,,,,872,0.0,,,,-29.235794,18.897656,,Aggeneys,Single Axis,1.15,-,-,,,,,,False
Coal_Flexibilisation,renewables,,,,,,,,,,,,,,,,,,,,,,,,,,,,,,,,,,,BASE,Bokamoso,BW4,solar_pv,,,,67.9,2020,2045,,,,,,,,,,,,,,872,0.0,,,,-27.1583,26.4009,,Bokamoso,Single Axis,1.15,-,-,,,,,,False
Coal_Flexibilisation,renewables,,,,,,,,,,,,,,,,,,,,,,,,,,,,,,,,,,,BASE,De Wildt,BW4,solar_pv,,,,50.0,2021,2046,,,,,,,,,,,,,,872,0.0,,,,-25.6332,27.9307,,De_Wildt,Single Axis,1.16,-,-,,,,,,False
Coal_Flexibilisation,renewables,,,,,,,,,,,,,,,,,,,,,,,,,,,,,,,,,,,BASE,Droogfontein Solar Power,BW4,solar_pv,,,,75.0,2020,2045,,,,,,,,,,,,,,872,0.0,,,,-28.5677,24.7023,,Droogfontein2,Single Axis,1.15,-,-,,,,,,False
Coal_Flexibilisation,renewables,,,,,,,,,,,,,,,,,,,,,,,,,,,,,,,,,,,BASE,Dyasons Klip 1,BW4,solar_pv,,,,75.0,2020,2045,,,,,,,,,,,,,,872,0.0,,,,-28.5493,21.1038,,Dyasons_Klip1,Single Axis,1.15,-,-,,,,,,False
Coal_Flexibilisation,renewables,,,,,,,,,,,,,,,,,,,,,,,,,,,,,,,,,,,BASE,Dyasons Klip 2,BW4,solar_pv,,,,75.0,2020,2045,,,,,,,,,,,,,,872,0.0,,,,-28.5707,21.0613,,Dyasons_Klip2,Single Axis,1.15,-,-,,,,,,False
Coal_Flexibilisation,renewables,,,,,,,,,,,,,,,,,,,,,,,,,,,,,,,,,,,BASE,Greefspan PV Power Plant2,BW4,solar_pv,,,,55.0,2021,2046,,,,,,,,,,,,,,872,0.0,,,,-29.3857,23.3172,,Greefspan2,Single Axis,1.15,-,-,,,,,,False
Coal_Flexibilisation,renewables,,,,,,,,,,,,,,,,,,,,,,,,,,,,,,,,,,,BASE,Konkoonsies II Solar PV Facility,BW4,solar_pv,,,,75.0,2020,2045,,,,,,,,,,,,,,872,0.0,,,,-28.898811,19.557383,,Konkoonsies2,Single Axis,1.15,-,-,,,,,,False
Coal_Flexibilisation,renewables,,,,,,,,,,,,,,,,,,,,,,,,,,,,,,,,,,,BASE,Loeriesfontein Orange,BW4,solar_pv,,,,75.0,2023,2048,,,,,,,,,,,,,,872,0.0,,,,-30.91810861,19.44104346,,Loeriesfontein,Single Axis,1.15,-,-,,,,,,False
Coal_Flexibilisation,renewables,,,,,,,,,,,,,,,,,,,,,,,,,,,,,,,,,,,BASE,Sirius Solar PV Project One,BW4,solar_pv,,,,75.0,2020,2045,,,,,,,,,,,,,,872,0.0,,,,-28.547361,21.09495,,Sirius,Single Axis,1.15,-,-,,,,,,False
Coal_Flexibilisation,renewables,,,,,,,,,,,,,,,,,,,,,,,,,,,,,,,,,,,BASE,Waterloo Solar Park,BW4,solar_pv,,,,75.0,2020,2045,,,,,,,,,,,,,,872,0.0,,,,-27.0322,24.7931,,Waterloo,Single Axis,1.15,-,-,,,,,,False
Coal_Flexibilisation,renewables,,,,,,,,,,,,,,,,,,,,,,,,,,,,,,,,,,,BASE,Zeerust,BW4,solar_pv,,,,75.0,2021,2046,,,,,,,,,,,,,,872,0.0,,,,-25.5748,26.0718,,Zeerust,Single Axis,1.15,-,-,,,,,,False
Coal_Flexibilisation,renewables,,,,,,,,,,,,,,,,,,,,,,,,,,,,,,,,,,,ignore,Du Plessis Dam Solar PV 1,BW5,solar_pv,,,,75.0,2024,2049,,,,,,,,,,,,,,600,0.0,,,,-30.6315,24.0398,,Du_Plessis,Single Axis,1.15,-,-,,,,,,False
Coal_Flexibilisation,renewables,,,,,,,,,,,,,,,,,,,,,,,,,,,,,,,,,,,BASE,Graspan Solar PV Project,BW5,solar_pv,,,,75.0,2024,2049,,,,,,,,,,,,,,600,0.0,,,,-29.3662,24.417,,Graspan,Single Axis,1.15,-,-,,,,,,False
Coal_Flexibilisation,renewables,,,,,,,,,,,,,,,,,,,,,,,,,,,,,,,,,,,BASE,Grootfontein PV 1,BW5,solar_pv,,,,75.0,2025,2050,,,,,,,,,,,,,,600,0.0,,,,-32.9583,19.9319,,Grootfontein1,Single Axis,1.15,-,-,,,,,,False
Coal_Flexibilisation,renewables,,,,,,,,,,,,,,,,,,,,,,,,,,,,,,,,,,,BASE,Grootfontein PV 2,BW5,solar_pv,,,,75.0,2025,2050,,,,,,,,,,,,,,600,0.0,,,,-32.9583,19.9444,,Grootfontein2,Single Axis,1.15,-,-,,,,,,False
Coal_Flexibilisation,renewables,,,,,,,,,,,,,,,,,,,,,,,,,,,,,,,,,,,BASE,Grootfontein PV 3,BW5,solar_pv,,,,75.0,2025,2050,,,,,,,,,,,,,,600,0.0,,,,-32.9583,19.9528,,Grootfontein3,Single Axis,1.15,-,-,,,,,,False
Coal_Flexibilisation,renewables,,,,,,,,,,,,,,,,,,,,,,,,,,,,,,,,,,,BASE,Grootspruit Solar PV Project,BW5,solar_pv,,,,75.0,2024,2049,,,,,,,,,,,,,,600,0.0,,,,-27.7375,26.775,,Grootspruit,Single Axis,1.15,-,-,,,,,,False
Coal_Flexibilisation,renewables,,,,,,,,,,,,,,,,,,,,,,,,,,,,,,,,,,,ignore,Sannaspos Solar PV Project,BW5,solar_pv,,,,75.0,2024,2049,,,,,,,,,,,,,,600,0.0,,,,-29.194888,26.588306,,Sannaspos,Single Axis,1.15,-,-,,,,,,False
Coal_Flexibilisation,renewables,,,,,,,,,,,,,,,,,,,,,,,,,,,,,,,,,,,ignore,Boitumelo Solar Power Plant,BW6,solar_pv,,,,150.0,2026,2051,,,,,,,,,,,,,,600,0.0,,,,-26.014162,26.105823,,Boitumelo,Single Axis,1.15,-,-,,,,,,False
Coal_Flexibilisation,renewables,,,,,,,,,,,,,,,,,,,,,,,,,,,,,,,,,,,BASE,Doornhoek PV,BW6,solar_pv,,,,120.0,2026,2051,,,,,,,,,,,,,,600,0.0,,,,-26.434,26.2843,,Doornhoek,Single Axis,1.15,-,-,,,,,,False
Coal_Flexibilisation,renewables,,,,,,,,,,,,,,,,,,,,,,,,,,,,,,,,,,,ignore,Good Hope Solar Park,BW6,solar_pv,,,,200.0,2026,2051,,,,,,,,,,,,,,600,0.0,,,,-28.64721306,25.76110923,,Good_Hope,Single Axis,1.15,-,-,,,,,,False
Coal_Flexibilisation,renewables,,,,,,,,,,,,,,,,,,,,,,,,,,,,,,,,,,,ignore,Kutlwano Solar Power Plant,BW6,solar_pv,,,,150.0,2026,2051,,,,,,,,,,,,,,600,0.0,,,,-26.029683,26.112373,,Kutlwano,Single Axis,1.15,-,-,,,,,,False
Coal_Flexibilisation,renewables,,,,,,,,,,,,,,,,,,,,,,,,,,,,,,,,,,,ignore,Ngonyama Solar PV,BW6,solar_pv,,,,140.0,2026,2051,,,,,,,,,,,,,,600,0.0,,,,-28.652538,25.653755,,Ngonyama,Single Axis,1.15,-,-,,,,,,False
Coal_Flexibilisation,renewables,,,,,,,,,,,,,,,,,,,,,,,,,,,,,,,,,,,ignore,Virginia Solar Park,BW6,solar_pv,,,,240.0,2026,2051,,,,,,,,,,,,,,600,0.0,,,,-28.212335,26.990032,,Virginia,Single Axis,1.15,-,-,,,,,,False
Coal_Flexibilisation,renewables,,,,,,,,,,,,,,,,,,,,,,,,,,,,,,,,,,,BASE,Virginia 4 Solar Park,BW6,solar_pv,,,,210.0,2026,2051,,,,,,,,,,,,,,600,0.0,,,,-28.212335,26.990032,,Virginia4,Single Axis,1.15,-,-,,,,,,False
Coal_Flexibilisation,renewables,,,,,,,,,,,,,,,,,,,,,,,,,,,,,,,,,,,BASE,Cookhouse Wind Farm,BW1,wind,,,,135.0,2014,2034,,,,,,,,,,,,,,1513,0.0,,,,-32.7333,25.9093,,Cookhouse,-,-,115,-,,,,,,False
Coal_Flexibilisation,renewables,,,,,,,,,,,,,,,,,,,,,,,,,,,,,,,,,,,BASE,Dassieklip Wind Energy Facility,BW1,wind,,,,26.19,2014,2034,,,,,,,,,,,,,,1513,0.0,,,,-34.2275,19.383,,Dassieklip,-,-,91.5,-,,,,,,False
Coal_Flexibilisation,renewables,,,,,,,,,,,,,,,,,,,,,,,,,,,,,,,,,,,BASE,Umoya Energy Wind Farm,BW1,wind,,,,65.4,2014,2034,,,,,,,,,,,,,,1513,0.0,,,,-33.0928,18.3989,,Hopefield,-,-,99.5,-,,,,,,False
Coal_Flexibilisation,renewables,,,,,,,,,,,,,,,,,,,,,,,,,,,,,,,,,,,BASE,Jeffreys Bay Wind Farm,BW1,wind,,,,133.86,2014,2034,,,,,,,,,,,,,,1513,0.0,,,,-34.0107,24.8808,,Jeffreysbay,-,-,80,-,,,,,,False
Coal_Flexibilisation,renewables,,,,,,,,,,,,,,,,,,,,,,,,,,,,,,,,,,,BASE,Kouga Wind Farm,BW1,wind,,,,77.6,2014,2034,,,,,,,,,,,,,,1513,0.0,,,,-34.14656,24.7004,,Kouga,-,-,99.5,-,,,,,,False
Coal_Flexibilisation,renewables,,,,,,,,,,,,,,,,,,,,,,,,,,,,,,,,,,,BASE,Metrowind Van Stadens Wind Farm,BW1,wind,,,,86.6,2014,2034,,,,,,,,,,,,,,1513,0.0,,,,-33.96222,25.24444,,Metrowind,-,-,80,-,,,,,,False
Coal_Flexibilisation,renewables,,,,,,,,,,,,,,,,,,,,,,,,,,,,,,,,,,,BASE,Nobelsfontein Phase 1,BW1,wind,,,,72.75,2014,2034,,,,,,,,,,,,,,1513,0.0,,,,-31.7508333333333,23.1733333333333,,Noblesfontein,-,-,80,-,,,,,,False
Coal_Flexibilisation,renewables,,,,,,,,,,,,,,,,,,,,,,,,,,,,,,,,,,,BASE,Red Cap Gibson Bay,BW1,wind,,,,110.0,2014,2034,,,,,,,,,,,,,,1513,0.0,,,,-34.1286,24.4818,,Gibson_bay,-,-,90,-,,,,,,False
Coal_Flexibilisation,renewables,,,,,,,,,,,,,,,,,,,,,,,,,,,,,,,,,,,BASE,Eskom Sere,BW1,wind,,,,100.0,2014,2034,,,,,,,,,,,,,,1513,0.0,,,,-31.4968568372347,18.0633761989106,,Sere,-,-,80,-,,,,,,False
Coal_Flexibilisation,renewables,,,,,,,,,,,,,,,,,,,,,,,,,,,,,,,,,,,BASE,Amakhala Emoyeni,BW2,wind,,,,137.9,2017,2037,,,,,,,,,,,,,,1186,0.0,,,,-32.875797914561,25.9975301,,Amakhala,-,-,80,-,,,,,,False
Coal_Flexibilisation,renewables,,,,,,,,,,,,,,,,,,,,,,,,,,,,,,,,,,,BASE,Aurora Wind Power,BW2,wind,,,,90.8,2017,2037,,,,,,,,,,,,,,1186,0.0,,,,-32.83425,17.9956111111111,,Aurora,-,-,99.5,-,,,,,,False
Coal_Flexibilisation,renewables,,,,,,,,,,,,,,,,,,,,,,,,,,,,,,,,,,,BASE,Chaba Wind Farm,BW2,wind,,,,20.6,2017,2037,,,,,,,,,,,,,,1186,0.0,,,,-32.5901,27.9623,,Chaba,-,-,100,-,,,,,,False
Coal_Flexibilisation,renewables,,,,,,,,,,,,,,,,,,,,,,,,,,,,,,,,,,,BASE,Gouda Wind Project,BW2,wind,,,,135.2,2017,2037,,,,,,,,,,,,,,1186,0.0,,,,-33.2564,19.0184,,Gouda,-,-,91.5,-,,,,,,False
Coal_Flexibilisation,renewables,,,,,,,,,,,,,,,,,,,,,,,,,,,,,,,,,,,BASE,Grassridge Wind Farm,BW2,wind,,,,59.8,2017,2037,,,,,,,,,,,,,,1186,0.0,,,,-33.6551,25.5915,,Grassridge,-,-,115,-,,,,,,False
Coal_Flexibilisation,renewables,,,,,,,,,,,,,,,,,,,,,,,,,,,,,,,,,,,BASE,Tsitsikamma Community Wind Farm,BW2,wind,,,,94.8,2017,2037,,,,,,,,,,,,,,1186,0.0,,,,-34.0735,24.5067,,Tsitsikama,-,-,91,-,,,,,,False
Coal_Flexibilisation,renewables,,,,,,,,,,,,,,,,,,,,,,,,,,,,,,,,,,,BASE,Waainek Wind Farm,BW2,wind,,,,23.4,2017,2037,,,,,,,,,,,,,,1186,0.0,,,,-32.5901,26.4569,,Waainek,-,-,100,-,,,,,,False
Coal_Flexibilisation,renewables,,,,,,,,,,,,,,,,,,,,,,,,,,,,,,,,,,,BASE,Dorper Wind Farm,BW3,wind,,,,97.0,2018,2038,,,,,,,,,,,,,,868,0.0,,,,-31.4809,26.4393,,Dorper,-,-,115,-,,,,,,False
Coal_Flexibilisation,renewables,,,,,,,,,,,,,,,,,,,,,,,,,,,,,,,,,,,BASE,Khobab Wind Farm,BW3,wind,,,,137.7,2018,2038,,,,,,,,,,,,,,868,0.0,,,,-30.4344,19.5538,,Khobab,-,-,91.5,-,,,,,,False
Coal_Flexibilisation,renewables,,,,,,,,,,,,,,,,,,,,,,,,,,,,,,,,,,,BASE,Loeriesfontein 2 Wind Farm,BW3,wind,,,,138.2,2018,2038,,,,,,,,,,,,,,868,0.0,,,,-30.38040403,19.58928465,,Loeriesfontein2,-,-,94,-,,,,,,False
Coal_Flexibilisation,renewables,,,,,,,,,,,,,,,,,,,,,,,,,,,,,,,,,,,BASE,Longyuan Mulilo De Aar Maanhaarberg Wind Energy Facility,BW3,wind,,,,139.0,2018,2038,,,,,,,,,,,,,,868,0.0,,,,-30.7166666666666,23.9205555555555,,Mulilo_de_aar1,-,-,84,-,,,,,,False
Coal_Flexibilisation,renewables,,,,,,,,,,,,,,,,,,,,,,,,,,,,,,,,,,,BASE,Longyuan Mulilo Green Energy De Aar 2 North Wind Energy Facility,BW3,wind,,,,96.5,2018,2038,,,,,,,,,,,,,,868,0.0,,,,-30.7349,23.8665,,Mulilo_de_aar2,-,-,117,-,,,,,,False
Coal_Flexibilisation,renewables,,,,,,,,,,,,,,,,,,,,,,,,,,,,,,,,,,,BASE,Nojoli Wind Farm,BW3,wind,,,,86.6,2018,2038,,,,,,,,,,,,,,868,0.0,,,,-32.771,25.91566,,Nojoli,-,-,100,-,,,,,,False
Coal_Flexibilisation,renewables,,,,,,,,,,,,,,,,,,,,,,,,,,,,,,,,,,,BASE,Noupoort Wind Farm,BW3,wind,,,,79.1,2018,2038,,,,,,,,,,,,,,868,0.0,,,,-31.1728143217172,25.0164487289082,,Noupoort,-,-,100,-,,,,,,False
Coal_Flexibilisation,renewables,,,,,,,,,,,,,,,,,,,,,,,,,,,,,,,,,,,BASE,Copperton Windfarm,BW4,wind,,,,102.0,2021,2041,,,,,,,,,,,,,,687,0.0,,,,-29.9078,22.3391,,Copperton,-,-,100,-,,,,,,False
Coal_Flexibilisation,renewables,,,,,,,,,,,,,,,,,,,,,,,,,,,,,,,,,,,BASE,Excelsior Wind Energy Facility,BW4,wind,,,,31.9,2021,2041,,,,,,,,,,,,,,687,0.0,,,,-34.2423,20.2307,,Exelsior,-,-,100,-,,,,,,False
Coal_Flexibilisation,renewables,,,,,,,,,,,,,,,,,,,,,,,,,,,,,,,,,,,BASE,Garob Wind Farm,BW4,wind,,,,135.9,2021,2041,,,,,,,,,,,,,,687,0.0,,,,-29.959,22.4131,,Garob,-,-,100,-,,,,,,False
Coal_Flexibilisation,renewables,,,,,,,,,,,,,,,,,,,,,,,,,,,,,,,,,,,BASE,Golden Valley Wind,BW4,wind,,,,117.72,2021,2041,,,,,,,,,,,,,,687,0.0,,,,-32.8875,25.9418,,Golden_valley,-,-,100,-,,,,,,False
Coal_Flexibilisation,renewables,,,,,,,,,,,,,,,,,,,,,,,,,,,,,,,,,,,BASE,Kangnas Wind Farm,BW4,wind,,,,136.7,2021,2041,,,,,,,,,,,,,,687,0.0,,,,-29.6001,18.357,,Kangnas,-,-,100,-,,,,,,False
Coal_Flexibilisation,renewables,,,,,,,,,,,,,,,,,,,,,,,,,,,,,,,,,,,BASE,The Karusa Wind Farm,BW4,wind,,,,139.8,2021,2041,,,,,,,,,,,,,,687,0.0,,,,-32.8858,20.6567,,Karusa,-,-,100,-,,,,,,False
Coal_Flexibilisation,renewables,,,,,,,,,,,,,,,,,,,,,,,,,,,,,,,,,,,BASE,Nxuba Wind Farm,BW4,wind,,,,138.9,2021,2041,,,,,,,,,,,,,,687,0.0,,,,-32.73767,25.96684,,Nxuba,-,-,100,-,,,,,,False
Coal_Flexibilisation,renewables,,,,,,,,,,,,,,,,,,,,,,,,,,,,,,,,,,,BASE,Oyster Bay Wind Farm,BW4,wind,,,,140.0,2021,2041,,,,,,,,,,,,,,687,0.0,,,,-34.11639,24.64889,,Oyster_bay,-,-,100,-,,,,,,False
Coal_Flexibilisation,renewables,,,,,,,,,,,,,,,,,,,,,,,,,,,,,,,,,,,BASE,Perdekraal East Wind Farm,BW4,wind,,,,107.76,2021,2041,,,,,,,,,,,,,,687,0.0,,,,-33.0544444444444,20.1002777777777,,Perdekraal_east,-,-,100,-,,,,,,False
Coal_Flexibilisation,renewables,,,,,,,,,,,,,,,,,,,,,,,,,,,,,,,,,,,BASE,Roggeveld Wind Farm,BW4,wind,,,,140.0,2021,2041,,,,,,,,,,,,,,687,0.0,,,,-32.9172333333333,20.5090888888888,,Roggeveld,-,-,100,-,,,,,,False
Coal_Flexibilisation,renewables,,,,,,,,,,,,,,,,,,,,,,,,,,,,,,,,,,,BASE,Soetwater Wind Farm,BW4,wind,,,,139.4,2021,2041,,,,,,,,,,,,,,687,0.0,,,,-32.754,20.6396,,Soetwater,-,-,100,-,,,,,,False
Coal_Flexibilisation,renewables,,,,,,,,,,,,,,,,,,,,,,,,,,,,,,,,,,,BASE,Coleskop,BW5,wind,,,,140.0,2025,2045,,,,,,,,,,,,,,600,0.0,,,,-31.4022,24.8035,,Coleskop,-,-,124,-,,,,,,False
Coal_Flexibilisation,renewables,,,,,,,,,,,,,,,,,,,,,,,,,,,,,,,,,,,BASE,Dwarsrug,BW5,wind,,,,140.0,2025,2045,,,,,,,,,,,,,,600,0.0,,,,-30.4761,19.6527,,Dwarsrug,-,-,100,-,,,,,,False
Coal_Flexibilisation,renewables,,,,,,,,,,,,,,,,,,,,,,,,,,,,,,,,,,,BASE,Phezukomoya,BW5,wind,,,,140.0,2025,2045,,,,,,,,,,,,,,600,0.0,,,,-31.2525,24.9523,,Phezukomoya,-,-,100,-,,,,,,False
Coal_Flexibilisation,renewables,,,,,,,,,,,,,,,,,,,,,,,,,,,,,,,,,,,BASE,San_Kraal,BW5,wind,,,,140.0,2025,2045,,,,,,,,,,,,,,600,0.0,,,,-29.7853,18.4065,,San_Kraal,-,-,100,-,,,,,,False
Coal_Flexibilisation,renewables,,,,,,,,,,,,,,,,,,,,,,,,,,,,,,,,,,,BASE,Waaihoek,BW5,wind,,,,140.0,2025,2045,,,,,,,,,,,,,,600,0.0,,,,-33.2564,20.7423012873684,,Waaihoek,-,-,100,-,,,,,,False
Coal_Flexibilisation,renewables,,,,,,,,,,,,,,,,,,,,,,,,,,,,,,,,,,,BASE,Wolf,BW5,wind,,,,84.0,2025,2045,,,,,,,,,,,,,,600,0.0,,,,-33.1538,25.5536,,Wolf,-,-,100,-,,,,,,False
Coal_Flexibilisation,renewables,,,,,,,,,,,,,,,,,,,,,,,,,,,,,,,,,,,BASE,Kaxu Solar One,BW1,solar_csp,,,,100.0,2015,2045,,,,,,,,,,,,,,3554,0.0,,,,-28.8793,19.5929,,Kaxu,-,-,-,3,,,,,,False
Coal_Flexibilisation,renewables,,,,,,,,,,,,,,,,,,,,,,,,,,,,,,,,,,,BASE,Khi Solar One,BW1,solar_csp,,,,50.0,2015,2045,,,,,,,,,,,,,,3554,0.0,,,,-28.5364,21.0782,,Khi,-,-,-,6,,,,,,False
Coal_Flexibilisation,renewables,,,,,,,,,,,,,,,,,,,,,,,,,,,,,,,,,,,BASE,Bokpoort CSP project,BW2,solar_csp,,,,50.0,2016,2046,,,,,,,,,,,,,,3324,0.0,,,,-28.7333,21.9955,,Bokpoort,-,-,-,9,,,,,,False
Coal_Flexibilisation,renewables,,,,,,,,,,,,,,,,,,,,,,,,,,,,,,,,,,,BASE,!XiNa Solar One,BW3,solar_csp,,,,100.0,2017,2047,,,,,,,,,,,,,,3114,0.0,,,,-28.8906,19.5918,,!XiNa,-,-,-,6,,,,,,False
Coal_Flexibilisation,renewables,,,,,,,,,,,,,,,,,,,,,,,,,,,,,,,,,,,BASE,Karoshoek Solar One,BW3,solar_csp,,,,100.0,2019,2049,,,,,,,,,,,,,,3114,0.0,,,,-28.4819,21.5204,,Karoshoek,-,-,-,6,,,,,,False
Coal_Flexibilisation,renewables,,,,,,,,,,,,,,,,,,,,,,,,,,,,,,,,,,,BASE,Kathu Solar Park,BW3.5,solar_csp,,,,100.0,2019,2049,,,,,,,,,,,,,,2902,0.0,,,,-27.6095,23.0276,,Kathu,-,-,-,6,,,,,,False
Coal_Flexibilisation,renewables,,,,,,,,,,,,,,,,,,,,,,,,,,,,,,,,,,,BASE,Redstone Solar Thermal Power Plant,BW3.5,solar_csp,,,,100.0,2024,post,,,,,,,,,,,,,,2902,0.0,,,,-28.3095221110232,23.1040633712854,,Redstone,-,-,-,9,,,,,,False
Coal_Flexibilisation,renewables,,,,,,,,,,,,,,,,,,,,,,,,,,,,,,,,,,,BASE,Neusberg Hydro Electrical Project,IPP,hydro,,,,10.0,2020,post,,,,,,,,,,,,,,1363,0.0,,,,-28.7526965922516,20.5335002983643,,Neusberg,-,-,-,-,,,,,,False
Coal_Flexibilisation,renewables,,,,,,,,,,,,,,,,,,,,,,,,,,,,,,,,,,,BASE,Stortemelk Hydro,IPP,hydro,,,,4.22,2020,post,,,,,,,,,,,,,,1363,0.0,,,,-28.5141541489407,28.4101438223705,,Stortemelk,-,-,-,-,,,,,,False
Coal_Flexibilisation,renewables,,,,,,,,,,,,,,,,,,,,,,,,,,,,,,,,,,,BASE,Kruisvallei Hydro,IPP,hydro,,,,3.8,2020,post,,,,,,,,,,,,,,1240,0.0,,,,-28.2425030696516,28.3076832839413,,Kruisvallei,-,-,-,-,,,,,,False
Coal_Flexibilisation,renewables,,,,,,,,,,,,,,,,,,,,,,,,,,,,,,,,,,,BASE,ColleyWobbles,IPP,hydro,,,,65.0,2020,post,,,,,,,,,,,,,,300,0.0,,,,-32.05,28.58333,,ColleyWobbles,-,-,-,-,,,,,,False
Coal_Flexibilisation,renewables,,,,,,,,,,,,,,,,,,,,,,,,,,,,,,,,,,,BASE,CahoraBassa,CahoraBassa,hydro_import,,,,1764.0,2020,post,,,,,,,,,,,,,,300,0.0,,,,-25.91988,28.27627,,CahoraBassa,-,-,-,-,,,,,,False
Coal_Flexibilisation,renewables,,,,,,,,,,,,,,,,,,,,,,,,,,,,,,,,,,,BASE,ENERGY Joburg Landfill Gas to Electircity Project,IPP,bioenergy,,,,7.56,2020,2049,,,,,,,,,,,,,,1109,0.0,,,,-26.1949542428945,28.0325284000202,,Jhb_landfill,-,-,-,-,,,,,,False
Coal_Flexibilisation,renewables,,,,,,,,,,,,,,,,,,,,,,,,,,,,,,,,,,,BASE,Mkuze,IPP,bioenergy,,,,16.5,2030,post,,,,,,,,,,,,,,1500,0.0,,,,-27.618037149128,32.0345129341963,,Mkuze,-,-,-,-,,,,,,False
Coal_Flexibilisation,renewables,,,,,,,,,,,,,,,,,,,,,,,,,,,,,,,,,,,BASE,Ngodwana Energy,IPP,bioenergy,,,,25.0,2020,post,,,,,,,,,,,,,,1500,0.0,,,,-25.4808983658985,30.9743048364687,,Ngodwana,-,-,-,-,,,,,,False
Coal_Flexibilisation,renewables,,,,,,,,,,,,,,,,,,,,,,,,,,,,,,,,,,,BASE,Mondi,IPP,bioenergy,,,,120.0,2020,post,,,,,,,,,,,,,,500,0.0,,,,,,,Mondi,-,-,-,-,,,,,,False
Coal_Flexibilisation,renewables,,,,,,,,,,,,,,,,,,,,,,,,,,,,,,,,,,,BASE,Sappi,IPP,bioenergy,,,,144.0,2020,post,,,,,,,,,,,,,,500,0.0,,,,-25.3447,30.394,,Sappi,-,-,-,-,,,,,,False
Coal_Flexibilisation,renewables,,,,,,,,,,,,,,,,,,,,,,,,,,,,,,,,,,,ignore,Existing distributed solar PV,existing,solar_pv_rooftop,,,,710.0,2023,2048,,,,,,,,,,,,,,0,0.0,,,,-25.3447,30.394,,Western Cape,-,-,-,-,,,,,,False
Coal_Flexibilisation,renewables,,,,,,,,,,,,,,,,,,,,,,,,,,,,,,,,,,,ignore,Existing distributed solar PV,existing,solar_pv_rooftop,,,,335.0,2023,2048,,,,,,,,,,,,,,0,0.0,,,,-25.3447,30.394,,Northern Cape,-,-,-,-,,,,,,False
Coal_Flexibilisation,renewables,,,,,,,,,,,,,,,,,,,,,,,,,,,,,,,,,,,ignore,Existing distributed solar PV,existing,solar_pv_rooftop,,,,368.0,2023,2048,,,,,,,,,,,,,,0,0.0,,,,-25.3447,30.394,,Eastern Cape,-,-,-,-,,,,,,False
Coal_Flexibilisation,renewables,,,,,,,,,,,,,,,,,,,,,,,,,,,,,,,,,,,ignore,Existing distributed solar PV,existing,solar_pv_rooftop,,,,319.0,2023,2048,,,,,,,,,,,,,,0,0.0,,,,-25.3447,30.394,,Free State,-,-,-,-,,,,,,False
Coal_Flexibilisation,renewables,,,,,,,,,,,,,,,,,,,,,,,,,,,,,,,,,,,ignore,Existing distributed solar PV,existing,solar_pv_rooftop,,,,811.0,2023,2048,,,,,,,,,,,,,,0,0.0,,,,-25.3447,30.394,,KwaZulu Natal,-,-,-,-,,,,,,False
Coal_Flexibilisation,renewables,,,,,,,,,,,,,,,,,,,,,,,,,,,,,,,,,,,ignore,Existing distributed solar PV,existing,solar_pv_rooftop,,,,1637.0,2023,2048,,,,,,,,,,,,,,0,0.0,,,,-25.3447,30.394,,Gauteng,-,-,-,-,,,,,,False
Coal_Flexibilisation,renewables,,,,,,,,,,,,,,,,,,,,,,,,,,,,,,,,,,,ignore,Existing distributed solar PV,existing,solar_pv_rooftop,,,,681.0,2023,2048,,,,,,,,,,,,,,0,0.0,,,,-25.3447,30.394,,North West,-,-,-,-,,,,,,False
Coal_Flexibilisation,renewables,,,,,,,,,,,,,,,,,,,,,,,,,,,,,,,,,,,ignore,Existing distributed solar PV,existing,solar_pv_rooftop,,,,413.0,2023,2048,,,,,,,,,,,,,,0,0.0,,,,-25.3447,30.394,,Limpopo,-,-,-,-,,,,,,False
Coal_Flexibilisation,renewables,,,,,,,,,,,,,,,,,,,,,,,,,,,,,,,,,,,ignore,Existing distributed solar PV,existing,solar_pv_rooftop,,,,516.0,2023,2048,,,,,,,,,,,,,,0,0.0,,,,-25.3447,30.394,,Mpumalanga,-,-,-,-,,,,,,False
Coal_Flexibilisation,renewables,,,,,,,,,,,,,,,,,,,,,,,,,,,,,,,,,,,ignore,Trakas,BW5,wind,,,,140.0,2025,2045,,,,,,,,,,,,,,600,0.0,,,,-33.0813,21.4371,,Trakas,-,-,100,-,,,,,,False
Coal_Flexibilisation,renewables,,,,,,,,,,,,,,,,,,,,,,,,,,,,,,,,,,,ignore,Maralla,BW6,wind,,,,153.0,2027,2047,,,,,,,,,,,,,,600,0.0,,,,-32.7674154769914,20.7752289971087,,Maralla,-,-,100,-,,,,,,False
Coal_Flexibilisation,renewables,,,,,,,,,,,,,,,,,,,,,,,,,,,,,,,,,,,ignore,Esizayo,BW6,wind,,,,140.0,2027,2047,,,,,,,,,,,,,,600,0.0,,,,-32.9621,20.6631,,Esizayo,-,-,100,-,,,,,,False
Coal_Flexibilisation,renewables,,,,,,,,,,,,,,,,,,,,,,,,,,,,,,,,,,,ignore,Nuweveld_north,BW6,wind,,,,238.0,2027,2047,,,,,,,,,,,,,,600,0.0,,,,-32.978469,22.807956,,Nuweveld_north,-,-,100,-,,,,,,False
Coal_Flexibilisation,renewables,,,,,,,,,,,,,,,,,,,,,,,,,,,,,,,,,,,ignore,Nuweveld_west,BW6,wind,,,,238.0,2027,2047,,,,,,,,,,,,,,600,0.0,,,,-31.8341,22.3821,,Nuweveld_west,-,-,100,-,,,,,,False
Coal_Flexibilisation,renewables,,,,,,,,,,,,,,,,,,,,,,,,,,,,,,,,,,,ignore,Nuweveld_east,BW6,wind,,,,238.0,2027,2047,,,,,,,,,,,,,,600,0.0,,,,-31.7203,23.7123,,Nuweveld_east,-,-,100,-,,,,,,False
Coal_Flexibilisation,renewables,,,,,,,,,,,,,,,,,,,,,,,,,,,,,,,,,,,ignore,Komsberg_east,BW6,wind,,,,240.0,2027,2047,,,,,,,,,,,,,,600,0.0,,,,-32.7133,20.9582,,Komsberg_east,-,-,100,-,,,,,,False
Coal_Flexibilisation,renewables,,,,,,,,,,,,,,,,,,,,,,,,,,,,,,,,,,,ignore,Komsberg_west,BW6,wind,,,,240.0,2027,2047,,,,,,,,,,,,,,600,0.0,,,,-32.7298,21.0547,,Komsberg_west,-,-,100,-,,,,,,False
Coal_Flexibilisation,renewables,,,,,,,,,,,,,,,,,,,,,,,,,,,,,,,,,,,ignore,Loperberg,BW6,wind,,,,240.0,2027,2047,,,,,,,,,,,,,,600,0.0,,,,-33.668128,25.667942,,Loperberg,-,-,100,-,,,,,,False
Coal_Flexibilisation,renewables,,,,,,,,,,,,,,,,,,,,,,,,,,,,,,,,,,,ignore,Wolseley,BW6,wind,,,,123.9,2027,2047,,,,,,,,,,,,,,600,0.0,,,,-34.211409,19.252044,,Wolseley,-,-,100,-,,,,,,False
Coal_Flexibilisation,renewables,,,,,,,,,,,,,,,,,,,,,,,,,,,,,,,,,,,ignore,Haga_haga,BW6fail,wind,,,,140.0,2030,2050,,,,,,,,,,,,,,-,0.0,,,,-32.8863,26.0291,,Haga_haga,-,-,80,-,,,,,,False
Coal_Flexibilisation,renewables,,,,,,,,,,,,,,,,,,,,,,,,,,,,,,,,,,,ignore,Golden_valley2,BW6fail,wind,,,,140.0,2030,2050,,,,,,,,,,,,,,-,0.0,,,,-32.8759,25.9097,,Golden_valley2,-,-,80,-,,,,,,False
Coal_Flexibilisation,renewables,,,,,,,,,,,,,,,,,,,,,,,,,,,,,,,,,,,ignore,Malabar,BW6fail,wind,,,,212.4,2030,2050,,,,,,,,,,,,,,-,0.0,,,,-32.58791094,27.8791875,,Malabar,-,-,84,-,,,,,,False
Coal_Flexibilisation,renewables,,,,,,,,,,,,,,,,,,,,,,,,,,,,,,,,,,,ignore,Jessa_M,BW6fail,wind,,,,205.8,2030,2050,,,,,,,,,,,,,,-,0.0,,,,-32.74606365,25.80701715,,Jessa_M,-,-,80,-,,,,,,False
Coal_Flexibilisation,renewables,,,,,,,,,,,,,,,,,,,,,,,,,,,,,,,,,,,ignore,Jessa_Z,BW6fail,wind,,,,205.8,2030,2050,,,,,,,,,,,,,,-,0.0,,,,-32.74606365,25.80701715,,Jessa_Z,-,-,100,-,,,,,,False
Coal_Flexibilisation,renewables,,,,,,,,,,,,,,,,,,,,,,,,,,,,,,,,,,,ignore,Kwagga1,BW6fail,wind,,,,225.0,2030,2050,,,,,,,,,,,,,,-,0.0,,,,-32.514,22.4952,,Kwagga1,-,-,90,-,,,,,,False
Coal_Flexibilisation,renewables,,,,,,,,,,,,,,,,,,,,,,,,,,,,,,,,,,,ignore,Kwagga2,BW6fail,wind,,,,162.0,2030,2050,,,,,,,,,,,,,,-,0.0,,,,-32.514,22.4952,,Kwagga2,-,-,80,-,,,,,,False
Coal_Flexibilisation,renewables,,,,,,,,,,,,,,,,,,,,,,,,,,,,,,,,,,,ignore,Kwagga3,BW6fail,wind,,,,148.5,2030,2050,,,,,,,,,,,,,,-,0.0,,,,-32.514,22.4952,,Kwagga3,-,-,90,-,,,,,,False
Coal_Flexibilisation,renewables,,,,,,,,,,,,,,,,,,,,,,,,,,,,,,,,,,,ignore,Pienaarspoort1,BW6fail,wind,,,,180.0,2030,2050,,,,,,,,,,,,,,-,0.0,,,,-29.96469912,22.33943836,,Pienaarspoort1,-,-,100,-,,,,,,False
Coal_Flexibilisation,renewables,,,,,,,,,,,,,,,,,,,,,,,,,,,,,,,,,,,ignore,Ishwati_emoyeni,BW6fail,wind,,,,140.0,2030,2050,,,,,,,,,,,,,,-,0.0,,,,-32.74606365,25.80701715,,Ishwati_emoyeni,-,-,90,-,,,,,,False
Coal_Flexibilisation,renewables,,,,,,,,,,,,,,,,,,,,,,,,,,,,,,,,,,,ignore,Pienaarspoort2,BW6fail,wind,,,,140.0,2030,2050,,,,,,,,,,,,,,-,0.0,,,,-33.1196,20.2309,,Pienaarspoort2,-,-,100,-,,,,,,False
Coal_Flexibilisation,renewables,,,,,,,,,,,,,,,,,,,,,,,,,,,,,,,,,,,ignore,Great_kei,BW6fail,wind,,,,140.0,2030,2050,,,,,,,,,,,,,,-,0.0,,,,-32.6406909910923,27.9566190826853,,Great_kei,-,-,84,-,,,,,,False
Coal_Flexibilisation,renewables,,,,,,,,,,,,,,,,,,,,,,,,,,,,,,,,,,,ignore,Bayview,BW6fail,wind,,,,140.0,2030,2050,,,,,,,,,,,,,,-,0.0,,,,-33.6933,25.7567,,Bayview,-,-,95,-,,,,,,False
Coal_Flexibilisation,renewables,,,,,,,,,,,,,,,,,,,,,,,,,,,,,,,,,,,ignore,Langhoogte,BW6fail,wind,,,,80.0,2030,2050,,,,,,,,,,,,,,-,0.0,,,,-34.05048675,24.90607333,,Langhoogte,-,-,80,-,,,,,,False
Coal_Flexibilisation,renewables,,,,,,,,,,,,,,,,,,,,,,,,,,,,,,,,,,,ignore,Eskom Komati Solar PV,BW6,wind,,,,100.0,2028,2053,,,,,,,,,,,,,,600,0.0,,,,-26.09078,29.47446,,Eskom_Komati,Single Axis,1.2,100,-,,,,,,False
Coal_Flexibilisation,renewables,,,,,,,,,,,,,,,,,,,,,,,,,,,,,,,,,,,ignore,Eskom Komati Wind,BW5,wind,,,,70.0,2028,2048,,,,,,,,,,,,,,600,0.0,,,,-26.09078,29.47446,,Eskom_Komati,-,-,120,-,,,,,,False
Coal_Flexibilisation,storage,,,,,,,,,,,,,,,,,,,,,,,,,,,,,,,,,,,BASE,Drakensberg,eskom,phs,,,,1000.0,pre,post,,,,,,,,,,,,,,0.0001,222.0,,,,-28.56283,29.08275,,,,,,,0.737,21.7,21.7,,,False
Coal_Flexibilisation,storage,,,,,,,,,,,,,,,,,,,,,,,,,,,,,,,,,,,BASE,Ingula,eskom,phs,,,,1324.0,pre,post,,,,,,,,,,,,,,0.0002,2796.0,,,,-28.165,29.3512,,,,,,,0.78,27.4,20.694864048338367,,,False
Coal_Flexibilisation,storage,,,,,,,,,,,,,,,,,,,,,,,,,,,,,,,,,,,BASE,Palmiet,eskom,phs,,,,400.0,pre,post,,,,,,,,,,,,,,0.0003,222.0,,,,-34.19722,18.97361,,,,,,,0.779,10.0,25.0,,,False
Coal_Flexibilisation,storage,,,,,,,,,,,,,,,,,,,,,,,,,,,,,,,,,,,BASE,Steenbras,CoCT,phs,,,,180.0,pre,post,,,,,,,,,,,,,,0.0004,222.0,,,,-34.153,18.9,,,,,,,0.72,2.7,15.000000000000002,,,False
Coal_Flexibilisation,storage,,,,,,,,,,,,,,,,,,,,,,,,,,,,,,,,,,,BASE,Aggeneis,BW1,battery_4h,,,,77.0,2025,2040,,,,,,,,,,,,,,0.0,855.0,,,,-29.3,18.8,,,,,,,0.89,0.308,4.0,,,False
Coal_Flexibilisation,storage,,,,,,,,,,,,,,,,,,,,,,,,,,,,,,,,,,,BASE,Ferrum,BW1,battery_4h,,,,103.0,2025,2040,,,,,,,,,,,,,,0.0,855.0,,,,-27.73,23.06,,,,,,,0.89,0.412,4.0,,,False
Coal_Flexibilisation,storage,,,,,,,,,,,,,,,,,,,,,,,,,,,,,,,,,,,BASE,Mookodi,BW1,battery_4h,,,,77.0,2025,2040,,,,,,,,,,,,,,0.0,855.0,,,,-27.01,24.74,,,,,,,0.89,0.308,4.0,,,False
Coal_Flexibilisation,storage,,,,,,,,,,,,,,,,,,,,,,,,,,,,,,,,,,,BASE,Nieuwehoop,BW1,battery_4h,,,,103.0,2025,2040,,,,,,,,,,,,,,0.0,855.0,,,,-29.15,21.34,,,,,,,0.89,0.412,4.0,,,False
Coal_Flexibilisation,storage,,,,,,,,,,,,,,,,,,,,,,,,,,,,,,,,,,,BASE,Garona,BW1,battery_4h,,,,153.0,2025,2040,,,,,,,,,,,,,,0.0,855.0,,,,-28.74,21.99,,,,,,,0.89,0.612,4.0,,,False
Coal_Flexibilisation,storage,,,,,,,,,,,,,,,,,,,,,,,,,,,,,,,,,,,BASE,Mercury,BW2,battery_4h,,,,76.0,2027,2042,,,,,,,,,,,,,,0.0,855.0,,,,-26.99,26.67,,,,,,,0.89,0.304,4.0,,,False
Coal_Flexibilisation,storage,,,,,,,,,,,,,,,,,,,,,,,,,,,,,,,,,,,BASE,Carnel,BW2,battery_4h,,,,77.0,2027,2042,,,,,,,,,,,,,,0.0,855.0,,,,-26.42,27.31,,,,,,,0.89,0.308,4.0,,,False
Coal_Flexibilisation,storage,,,,,,,,,,,,,,,,,,,,,,,,,,,,,,,,,,,BASE,Hermes,BW2,battery_4h,,,,77.0,2027,2042,,,,,,,,,,,,,,0.0,855.0,,,,-26.9,26.78,,,,,,,0.89,0.308,4.0,,,False
Coal_Flexibilisation,storage,,,,,,,,,,,,,,,,,,,,,,,,,,,,,,,,,,,BASE,Ngwedi,BW2,battery_4h,,,,77.0,2027,2042,,,,,,,,,,,,,,0.0,855.0,,,,-25.41,27.09,,,,,,,0.89,0.308,4.0,,,False
Coal_Flexibilisation,storage,,,,,,,,,,,,,,,,,,,,,,,,,,,,,,,,,,,BASE,Midas,BW2,battery_4h,,,,77.0,2027,2042,,,,,,,,,,,,,,0.0,855.0,,,,-26.38,27.53,,,,,,,0.89,0.308,4.0,,,False
Coal_Flexibilisation,storage,,,,,,,,,,,,,,,,,,,,,,,,,,,,,,,,,,,BASE,Marang,BW2,battery_4h,,,,77.0,2027,2042,,,,,,,,,,,,,,0.0,855.0,,,,-25.61,27.33,,,,,,,0.89,0.308,4.0,,,False
Coal_Flexibilisation,storage,,,,,,,,,,,,,,,,,,,,,,,,,,,,,,,,,,,BASE,Bighorn,BW2,battery_4h,,,,77.0,2027,2042,,,,,,,,,,,,,,0.0,855.0,,,,-25.68,27.51,,,,,,,0.89,0.308,4.0,,,False
Coal_Flexibilisation,storage,,,,,,,,,,,,,,,,,,,,,,,,,,,,,,,,,,,BASE,Ararat,BW2,battery_4h,,,,77.0,2027,2042,,,,,,,,,,,,,,0.0,855.0,,,,-25.56,27.19,,,,,,,0.89,0.308,4.0,,,False
Coal_Flexibilisation,storage,,,,,,,,,,,,,,,,,,,,,,,,,,,,,,,,,,,BASE,Witzenberg,eskom,battery_4h,,,,17.0,2026,2041,,,,,,,,,,,,,,0.0,855.0,,,,-33.23,19.32,,,,,,,0.89,0.068,4.0,,,False
Coal_Flexibilisation,storage,,,,,,,,,,,,,,,,,,,,,,,,,,,,,,,,,,,BASE,Ashton,eskom,battery_4h,,,,17.0,2026,2041,,,,,,,,,,,,,,0.0,855.0,,,,-33.8,20.14,,,,,,,0.89,0.068,4.0,,,False
Coal_Flexibilisation,storage,,,,,,,,,,,,,,,,,,,,,,,,,,,,,,,,,,,BASE,Cuprum,eskom,battery_4h,,,,70.0,2026,2041,,,,,,,,,,,,,,0.0,855.0,,,,-29.96,22.3,,,,,,,0.89,0.28,4.0,,,False
Coal_Flexibilisation,storage,,,,,,,,,,,,,,,,,,,,,,,,,,,,,,,,,,,BASE,Kiwano,eskom,battery_4h,,,,40.0,2026,2041,,,,,,,,,,,,,,0.0,855.0,,,,-28.54,21.12,,,,,,,0.89,0.16,4.0,,,False
Coal_Flexibilisation,storage,,,,,,,,,,,,,,,,,,,,,,,,,,,,,,,,,,,BASE,Skaapvlei,eskom,battery_4h,,,,80.0,2025,2040,,,,,,,,,,,,,,0.0,855.0,,,,-31.56,18.13,,,,,,,0.89,0.32,4.0,,,False
Coal_Flexibilisation,storage,,,,,,,,,,,,,,,,,,,,,,,,,,,,,,,,,,,BASE,Melkhout,eskom,battery_4h,,,,35.0,2025,2040,,,,,,,,,,,,,,0.0,855.0,,,,-34.0,24.78,,,,,,,0.89,0.14,4.0,,,False
Coal_Flexibilisation,storage,,,,,,,,,,,,,,,,,,,,,,,,,,,,,,,,,,,BASE,Elandskop,eskom,battery_4h,,,,8.0,2025,2040,,,,,,,,,,,,,,0.0,855.0,,,,-29.67,30.08,,,,,,,0.89,0.032,4.0,,,False
Coal_Flexibilisation,storage,,,,,,,,,,,,,,,,,,,,,,,,,,,,,,,,,,,BASE,Pongola,eskom,battery_4h,,,,40.0,2025,2040,,,,,,,,,,,,,,0.0,855.0,,,,-27.45,31.64,,,,,,,0.89,0.16,4.0,,,False
Coal_Flexibilisation,storage,,,,,,,,,,,,,,,,,,,,,,,,,,,,,,,,,,,BASE,Hex,eskom,battery_4h,,,,20.0,2025,2040,,,,,,,,,,,,,,0.0,855.0,,,,-33.64,19.48,,,,,,,0.89,0.08,4.0,,,False
Coal_Flexibilisation,storage,,,,,,,,,,,,,,,,,,,,,,,,,,,,,,,,,,,BASE,Graafwater,eskom,battery_4h,,,,5.0,2025,2040,,,,,,,,,,,,,,0.0,855.0,,,,-32.18,18.6,,,,,,,0.89,0.02,4.0,,,False
Coal_Flexibilisation,storage,,,,,,,,,,,,,,,,,,,,,,,,,,,,,,,,,,,BASE,Paleisheuwel,eskom,battery_4h,,,,9.5,2025,2040,,,,,,,,,,,,,,0.0,855.0,,,,-32.42,18.74,,,,,,,0.89,0.038,4.0,,,False
Coal_Flexibilisation,storage,,,,,,,,,,,,,,,,,,,,,,,,,,,,,,,,,,,BASE,Rietfontein,eskom,battery_4h,,,,1.54,2025,2040,,,,,,,,,,,,,,0.0,855.0,,,,-26.73,20.03,,,,,,,0.89,0.0061600000000000005,4.0,,,False
Coal_Flexibilisation,storage,,,,,,,,,,,,,,,,,,,,,,,,,,,,,,,,,,,BASE,Eskom Komati,eskom,battery_4h,,,,150.0,2027,2042,,,,,,,,,,,,,,0.0,855.0,,,,-26.09078,29.47446,,,,,,,0.89,0.6,4.0,,,False
