{
"type": "FeatureCollection",
"name": "za_rsa_planned_tdp_lines",
"crs": { "type": "name", "properties": { "name": "urn:ogc:def:crs:OGC:1.3:CRS84" } },
"features": [
{ "type": "Feature", "properties": { "LINE_START": "JUNO", "LINE_END": "AURORA", "DESIGN_VOL": 400.0, "LINE_STATU": "PLANNED", "BUILD_YEAR": 2031.0, "CHECK": null, "Length": null }, "geometry": { "type": "LineString", "coordinates": [ [ 18.440500957299424, -31.606443539189023 ], [ 18.388786263185111, -31.599979202424734 ], [ 18.369393252892245, -31.641997391392611 ], [ 18.356464579363667, -31.719569432564079 ], [ 18.421107947006554, -32.104197470039267 ], [ 18.424340115388699, -32.314288414878654 ], [ 18.45989396759229, -32.404789129578695 ], [ 18.414643610242265, -32.466200328839442 ], [ 18.388786263185111, -32.582558390596638 ], [ 18.259499527899333, -32.795881503818173 ], [ 18.230410012460034, -32.921936070721806 ], [ 18.233642180842178, -33.009204617039707 ] ] } },
{ "type": "Feature", "properties": { "LINE_START": "JUNO", "LINE_END": "GROMIS", "DESIGN_VOL": 400.0, "LINE_STATU": "PLANNED", "BUILD_YEAR": 2024.0, "CHECK": null, "Length": null }, "geometry": { "type": "LineString", "coordinates": [ [ 18.444945188824953, -31.607049570760797 ], [ 18.308386074679348, -31.556950960837561 ], [ 18.166170665864993, -31.308882037507978 ], [ 18.004562246757772, -31.286256858832967 ], [ 17.788006965154093, -31.137577113254324 ], [ 17.788006965154093, -30.924254000032789 ], [ 17.57791602031471, -30.636591014021956 ], [ 17.539129999728978, -30.436196574328999 ], [ 17.27409219239313, -30.358624533157528 ], [ 17.248234845335976, -29.867334939071576 ], [ 17.180359309310937, -29.595832794971443 ] ] } },
{ "type": "Feature", "properties": { "LINE_START": "GROMIS", "LINE_END": "NAMA", "DESIGN_VOL": 400.0, "LINE_STATU": "PLANNED", "BUILD_YEAR": 2029.0, "CHECK": null, "Length": null }, "geometry": { "type": "LineString", "coordinates": [ [ 17.183591477693088, -29.599064963353594 ], [ 17.393682422532475, -29.561895026958933 ], [ 17.464790126939654, -29.566743279532151 ], [ 17.694274082071907, -29.689565678053636 ], [ 17.881739848236283, -29.631386647175031 ] ] } },
{ "type": "Feature", "properties": { "LINE_START": "NAMA", "LINE_END": "AGGENEIS", "DESIGN_VOL": 400.0, "LINE_STATU": "PLANNED", "BUILD_YEAR": 2040.0, "CHECK": null, "Length": null }, "geometry": { "type": "LineString", "coordinates": [ [ 17.884972016618427, -29.624922310410742 ], [ 18.001330078375627, -29.54411810085713 ], [ 18.269600054093615, -29.515028585417831 ], [ 18.531405693047315, -29.334027156017743 ], [ 18.802907837147448, -29.295241135432008 ] ] } },
{ "type": "Feature", "properties": { "LINE_START": "AGGENEIS", "LINE_END": "PAULPOTS", "DESIGN_VOL": 400.0, "LINE_STATU": "PLANNED", "BUILD_YEAR": 2030.0, "CHECK": null, "Length": null }, "geometry": { "type": "LineString", "coordinates": [ [ 18.804523921338518, -29.295241135432022 ], [ 18.940274993388584, -29.159490063381956 ], [ 19.357224714685216, -29.056060675153333 ], [ 19.577012164671036, -28.855666235460379 ] ] } },
{ "type": "Feature", "properties": { "LINE_START": "AGGENEIS", "LINE_END": "ARIES", "DESIGN_VOL": 400.0, "LINE_STATU": "PLANNED", "BUILD_YEAR": 2029.0, "CHECK": null, "Length": null }, "geometry": { "type": "LineString", "coordinates": [ [ 18.807756089720662, -29.298473303814166 ], [ 18.98875751912075, -29.220901262642698 ], [ 19.829121298478302, -29.324330650871321 ], [ 20.168498978603466, -29.321098482489177 ], [ 20.6436277307787, -29.388974018514208 ], [ 20.792307476357344, -29.495635575124975 ] ] } },
{ "type": "Feature", "properties": { "LINE_START": "ARIES", "LINE_END": "UPINGTON", "DESIGN_VOL": 400.0, "LINE_STATU": "PLANNED", "BUILD_YEAR": 2026.0, "CHECK": null, "Length": null }, "geometry": { "type": "LineString", "coordinates": [ [ 20.795539644739485, -29.495635575124982 ], [ 20.734128445478738, -28.787790699435352 ], [ 20.701806761657295, -28.755469015613908 ], [ 20.759985792535893, -28.703754321499598 ], [ 20.940987221935984, -28.694057816353165 ], [ 21.10582780942535, -28.619717943563842 ], [ 21.131685156482504, -28.542145902392374 ] ] } },
{ "type": "Feature", "properties": { "LINE_START": "ARIES", "LINE_END": "KRONOS", "DESIGN_VOL": 400.0, "LINE_STATU": "PLANNED", "BUILD_YEAR": 2029.0, "CHECK": null, "Length": null }, "geometry": { "type": "LineString", "coordinates": [ [ 20.795539644739481, -29.492403406742845 ], [ 21.351472606468324, -29.647547489085778 ], [ 22.34051613140452, -30.019246853032385 ] ] } },
{ "type": "Feature", "properties": { "LINE_START": "ARIES", "LINE_END": "UMTU", "DESIGN_VOL": 765.0, "LINE_STATU": "PLANNED", "BUILD_YEAR": 2032.0, "CHECK": "OK", "Length": 368040.0 }, "geometry": { "type": "LineString", "coordinates": [ [ 22.906145598279821, -27.225845328764063 ], [ 22.636259538370755, -27.275943938687295 ], [ 22.410007751620647, -27.395534168826639 ], [ 21.498536267855926, -28.080753865841263 ], [ 21.162390756112906, -28.26175529524135 ], [ 20.981389326712815, -28.420131545966427 ], [ 20.923210295834217, -28.542953944487916 ], [ 20.687262003937672, -28.717491037123718 ], [ 20.661404656880514, -28.73365187903444 ], [ 20.696958509084105, -28.811223920205904 ], [ 20.735744529669837, -29.182923284152515 ], [ 20.795539644739513, -29.49321144883837 ] ] } },
{ "type": "Feature", "properties": { "LINE_START": "UPINGTON", "LINE_END": "FERRUM", "DESIGN_VOL": 400.0, "LINE_STATU": "PLANNED", "BUILD_YEAR": 2027.0, "CHECK": null, "Length": null }, "geometry": { "type": "LineString", "coordinates": [ [ 21.132493198578064, -28.539721776105772 ], [ 21.0549211574066, -28.465381903316452 ], [ 21.180975724310233, -28.345791673177107 ], [ 21.349048480181743, -28.329630831266385 ], [ 21.45571003679251, -28.423363714348575 ], [ 21.669033150014041, -28.403970704055709 ], [ 21.762766033096231, -28.420131545966431 ], [ 22.758273894796716, -28.022574834962665 ], [ 22.913417977139648, -27.757537027626821 ], [ 22.90695364037536, -27.679964986455357 ], [ 23.016847365368271, -27.679964986455357 ], [ 23.055633385954003, -27.73491184895181 ] ] } },
{ "type": "Feature", "properties": { "LINE_START": "FERRUM", "LINE_END": "OLIEN", "DESIGN_VOL": 400.0, "LINE_STATU": "PLANNED", "BUILD_YEAR": 2040.0, "CHECK": null, "Length": null }, "geometry": { "type": "LineString", "coordinates": [ [ 23.055633385954003, -27.731679680569659 ], [ 23.062097722718292, -27.79632304821255 ], [ 23.443493591811336, -28.187415422452023 ], [ 23.553387316804248, -28.252058790094914 ], [ 23.624495021211423, -28.332862999648523 ] ] } },
{ "type": "Feature", "properties": { "LINE_START": "FERRUM", "LINE_END": "BOUNDARY", "DESIGN_VOL": 400.0, "LINE_STATU": "PLANNED", "BUILD_YEAR": 2040.0, "CHECK": null, "Length": null }, "geometry": { "type": "LineString", "coordinates": [ [ 23.058865554336148, -27.731679680569659 ], [ 23.184920121239781, -27.799555216594694 ], [ 23.49844045430779, -28.148629401866291 ], [ 23.605102010918557, -28.21973710627347 ], [ 23.679441883707877, -28.32316649450209 ], [ 24.212749666761709, -28.494471418755744 ], [ 24.429304948365388, -28.581739965073645 ], [ 24.801004312311996, -28.610829480512944 ], [ 24.881808521865608, -28.727187542270144 ] ] } },
{ "type": "Feature", "properties": { "LINE_START": "OLIEN", "LINE_END": "BOUNDARY", "DESIGN_VOL": 400.0, "LINE_STATU": "PLANNED", "BUILD_YEAR": 2040.0, "CHECK": null, "Length": null }, "geometry": { "type": "LineString", "coordinates": [ [ 23.621262852829279, -28.329630831266378 ], [ 23.70853139914718, -28.413667209202135 ], [ 24.238607013818864, -28.581739965073645 ], [ 24.61353854614762, -28.675472848155835 ], [ 24.775146965254841, -28.675472848155835 ], [ 24.885040690247752, -28.720723205505855 ] ] } },
{ "type": "Feature", "properties": { "LINE_START": "KRONOS", "LINE_END": "HYDRA", "DESIGN_VOL": 400.0, "LINE_STATU": "PLANNED", "BUILD_YEAR": 2029.0, "CHECK": null, "Length": null }, "geometry": { "type": "LineString", "coordinates": [ [ 22.334859836735795, -30.020054895127931 ], [ 23.058865554336155, -30.378825585545954 ], [ 23.41440407637204, -30.543666173035323 ], [ 23.540458643275674, -30.60830954067821 ], [ 23.750549588115064, -30.63093471935322 ], [ 23.989730048393749, -30.711738928906833 ], [ 24.089927268240228, -30.714971097288977 ] ] } },
{ "type": "Feature", "properties": { "LINE_START": "DELPHI", "LINE_END": "EROS", "DESIGN_VOL": 765.0, "LINE_STATU": "PLANNED", "BUILD_YEAR": null, "CHECK": "OK", "Length": 402860.0 }, "geometry": { "type": "LineString", "coordinates": [ [ 26.806362782908817, -32.011474639576747 ], [ 26.849997056067767, -32.079350175601782 ], [ 26.942113854958883, -32.079350175601782 ], [ 27.029382401276784, -31.962992113844582 ], [ 27.014837643557133, -31.822392789221297 ], [ 27.203919493912583, -31.686641717171231 ], [ 27.24755376707153, -31.502408119388999 ], [ 27.40754610198768, -31.444229088510401 ], [ 27.572386689477046, -31.410291320497883 ], [ 27.649958730648514, -31.3569605421925 ], [ 27.965095147907597, -31.371505299912151 ], [ 28.105694472530878, -31.410291320497883 ], [ 28.192963018848779, -31.347264037046067 ], [ 28.367500111484578, -31.381201805058584 ], [ 28.425679142363176, -31.342415784472848 ], [ 28.542037204120376, -31.221209470142433 ], [ 28.813539348220509, -31.196968207276349 ], [ 28.905656147111625, -31.061217135226283 ], [ 28.968683430563441, -30.857590527151185 ], [ 29.191703048931409, -30.813956253992234 ], [ 29.356543636420774, -30.799411496272587 ], [ 29.560170244495872, -30.576391877904619 ], [ 29.642590538240555, -30.537605857318887 ], [ 29.734707337131674, -30.576391877904619 ], [ 29.909244429767472, -30.605481393343918 ] ] } },
{ "type": "Feature", "properties": { "LINE_START": "ZANOKHANYO", "LINE_END": "DELPHI", "DESIGN_VOL": 765.0, "LINE_STATU": "PLANNED", "BUILD_YEAR": null, "CHECK": "OK", "Length": 292972.0 }, "geometry": { "type": "LineString", "coordinates": [ [ 24.28570446807111, -32.936455342240066 ], [ 24.574454355656691, -32.958003841313619 ], [ 24.811487845465752, -32.768377049466366 ], [ 25.045778818120155, -32.696187736809961 ], [ 25.42869729465983, -32.718712353077002 ], [ 25.634640510075396, -32.785615848725207 ], [ 25.906151598402136, -32.682183053172167 ], [ 25.932009797290398, -32.595989056877961 ], [ 26.065610491546412, -32.423601064289556 ], [ 26.134565688581777, -32.298619769662956 ], [ 26.242308183949529, -32.199496673924628 ], [ 26.311263380984894, -32.130541476889263 ], [ 26.604322968385183, -32.147780276148104 ], [ 26.776710960973592, -32.07882507911274 ], [ 26.806878859676562, -32.00556018226267 ] ] } },
{ "type": "Feature", "properties": { "LINE_START": "POSEIDON", "LINE_END": "PEMBROKE", "DESIGN_VOL": 400.0, "LINE_STATU": "PLANNED", "BUILD_YEAR": 2028.0, "CHECK": null, "Length": null }, "geometry": { "type": "LineString", "coordinates": [ [ 25.925545247568333, -32.741441425624444 ], [ 26.356515229039349, -32.765144774605346 ], [ 26.753007611992686, -32.823325722103938 ], [ 27.061151148744464, -32.836254821548067 ], [ 27.330507387163852, -32.859958170528969 ], [ 27.477037180863995, -32.937532767193751 ], [ 27.524443878825807, -32.879351819695167 ] ] } },
{ "type": "Feature", "properties": { "LINE_START": "BOUNDARY", "LINE_END": "BETA", "DESIGN_VOL": 400.0, "LINE_STATU": "PLANNED", "BUILD_YEAR": 2040.0, "CHECK": null, "Length": null }, "geometry": { "type": "LineString", "coordinates": [ [ 24.881251111216251, -28.730457679321251 ], [ 25.161381599172412, -28.575308485991684 ], [ 25.316530792501979, -28.545140587288714 ], [ 25.639758278605242, -28.662579907239557 ], [ 25.704403775825895, -28.721838279691823 ] ] } },
{ "type": "Feature", "properties": { "LINE_START": "MOOKODI", "LINE_END": "HERMES", "DESIGN_VOL": 400.0, "LINE_STATU": "PLANNED", "BUILD_YEAR": 2028.0, "CHECK": null, "Length": null }, "geometry": { "type": "LineString", "coordinates": [ [ 24.744687498337527, -27.009001959582879 ], [ 24.770545697225788, -26.990685735370363 ], [ 24.921385190740644, -27.018698784165977 ], [ 26.153959337747754, -26.943279037408548 ], [ 26.712065463752722, -26.926040238149707 ], [ 26.785330360602792, -26.900182039261445 ] ] } },
{ "type": "Feature", "properties": { "LINE_START": "HERA", "LINE_END": "WESTGATE", "DESIGN_VOL": 400.0, "LINE_STATU": "PLANNED", "BUILD_YEAR": 2040.0, "CHECK": null, "Length": null }, "geometry": { "type": "LineString", "coordinates": [ [ 27.662084916657882, -26.446922829061162 ], [ 27.664239766565238, -26.346452952130733 ], [ 27.672859166194659, -26.322749603149823 ], [ 27.719188439202792, -26.275342905188012 ], [ 27.729962688739569, -26.165445559912904 ], [ 27.755820887627831, -26.148206760654062 ] ] } },
{ "type": "Feature", "properties": { "LINE_START": "ETNA", "LINE_END": "QUATTRO", "DESIGN_VOL": 275.0, "LINE_STATU": "PLANNED", "BUILD_YEAR": 2040.0, "CHECK": null, "Length": null }, "geometry": { "type": "LineString", "coordinates": [ [ 27.875415057486038, -26.385240250463116 ], [ 27.881879607208102, -26.353994926806468 ], [ 27.908276518573203, -26.353456214329629 ], [ 27.929825017646753, -26.328675440395045 ], [ 27.928747592693075, -26.279113892525878 ] ] } },
{ "type": "Feature", "properties": { "LINE_START": "QUATTRO", "LINE_END": "ETNA", "DESIGN_VOL": 275.0, "LINE_STATU": "PLANNED", "BUILD_YEAR": 2040.0, "CHECK": null, "Length": null }, "geometry": { "type": "LineString", "coordinates": [ [ 27.928747592693075, -26.280191317479556 ], [ 27.937905704799334, -26.295275266831041 ], [ 27.937366992322495, -26.339449689931818 ], [ 27.910970080957394, -26.361536901482211 ], [ 27.88672801949965, -26.363153038912724 ], [ 27.875953769962877, -26.384162825509438 ] ] } },
{ "type": "Feature", "properties": { "LINE_START": "ETNA", "LINE_END": "GLOCKNER", "DESIGN_VOL": 400.0, "LINE_STATU": "PLANNED", "BUILD_YEAR": 2027.0, "CHECK": null, "Length": null }, "geometry": { "type": "LineString", "coordinates": [ [ 27.87595376996288, -26.383624113032596 ], [ 27.880263469777592, -26.420256561457634 ], [ 27.866256945379785, -26.454195447498474 ], [ 27.883495744638623, -26.494060170784543 ], [ 27.906660381142693, -26.508066695182354 ], [ 27.906121668665854, -26.551702405806292 ], [ 27.955144504058183, -26.59749296633759 ], [ 27.988544677622183, -26.605034941013333 ] ] } },
{ "type": "Feature", "properties": { "LINE_START": "GLOCKNER", "LINE_END": "ETNA", "DESIGN_VOL": 400.0, "LINE_STATU": "PLANNED", "BUILD_YEAR": 2027.0, "CHECK": null, "Length": null }, "geometry": { "type": "LineString", "coordinates": [ [ 27.987467252668477, -26.604765584774889 ], [ 27.966188109833347, -26.586718716800789 ], [ 27.949488023051344, -26.583486441939758 ], [ 27.911508793434212, -26.546315281037881 ], [ 27.911778149672632, -26.504834420321298 ], [ 27.888882869406981, -26.486787552347192 ], [ 27.873529563817076, -26.456619653644221 ], [ 27.889421581883813, -26.412983943020283 ], [ 27.875415057486002, -26.383354756794152 ] ] } },
{ "type": "Feature", "properties": { "LINE_START": "JUPITER", "LINE_END": "BRENNER", "DESIGN_VOL": 275.0, "LINE_STATU": "PLANNED", "BUILD_YEAR": 2040.0, "CHECK": null, "Length": null }, "geometry": { "type": "LineString", "coordinates": [ [ 28.114603397202419, -26.229282988418255 ], [ 28.121067946924484, -26.254602474829678 ], [ 28.134535758845452, -26.278844536287423 ], [ 28.152313270581132, -26.300931747837812 ], [ 28.226116879908044, -26.270763849134841 ], [ 28.249281516412111, -26.278305823810584 ], [ 28.277294565207729, -26.278305823810584 ] ] } },
{ "type": "Feature", "properties": { "LINE_START": "BRENNER", "LINE_END": "NEVIS", "DESIGN_VOL": 275.0, "LINE_STATU": "PLANNED", "BUILD_YEAR": 2033.0, "CHECK": null, "Length": null }, "geometry": { "type": "LineString", "coordinates": [ [ 28.277294565207729, -26.278305823810584 ], [ 28.329549675461088, -26.255141187306517 ], [ 28.417359809185808, -26.285847798486326 ], [ 28.498166680711623, -26.266454149320129 ], [ 28.539647541428209, -26.242750800339223 ] ] } },
{ "type": "Feature", "properties": { "LINE_START": "PERSEUS", "LINE_END": "ZEUS", "DESIGN_VOL": 765.0, "LINE_STATU": "PLANNED", "BUILD_YEAR": 2031.0, "CHECK": "OK", "Length": 428857.1 }, "geometry": { "type": "LineString", "coordinates": [ [ 29.08967569868982, -26.705841358608772 ], [ 28.989758764338042, -26.705095709844951 ], [ 28.829444280116903, -26.699876168498218 ], [ 28.540132559755037, -26.737158606689178 ], [ 28.478503675306985, -26.752911515905545 ], [ 28.260863834664121, -26.787389114423224 ], [ 28.131517037182089, -26.778914937463057 ], [ 28.073391892724217, -26.84987976173651 ], [ 28.077701592538929, -26.895131609790969 ], [ 27.974930796780047, -27.01528559559376 ], [ 27.872990851340194, -27.15371359867358 ], [ 27.870836001432846, -27.205429996450107 ], [ 27.674744659863535, -27.509263833387173 ], [ 27.612254012550235, -27.662258176809392 ], [ 27.336433224408783, -27.946698364580264 ], [ 27.092935184877664, -28.106157257724544 ], [ 26.983037839602556, -28.129860606705449 ], [ 26.877450194142156, -28.254841901332046 ], [ 26.819269246643568, -28.254841901332046 ], [ 26.556377557946245, -28.403526544939545 ], [ 26.433551113227008, -28.418610494291034 ], [ 25.950864733979468, -28.599617886508859 ], [ 25.745076567827059, -28.633018060072871 ] ] } },
{ "type": "Feature", "properties": { "LINE_START": "KUSILE", "LINE_END": "APOLLO", "DESIGN_VOL": 400.0, "LINE_STATU": "PLANNED", "BUILD_YEAR": 2040.0, "CHECK": null, "Length": null }, "geometry": { "type": "LineString", "coordinates": [ [ 28.912234558221719, -25.913193442632934 ], [ 28.883144084472427, -25.87063515696267 ], [ 28.763011202137381, -25.872790006870027 ], [ 28.695133430055698, -25.846931807981768 ], [ 28.672507506028467, -25.846931807981768 ], [ 28.659578406584338, -25.865248032194284 ], [ 28.58308123487323, -25.856628632564867 ], [ 28.538906811772453, -25.87279000687003 ], [ 28.516280887745225, -25.859860907425897 ], [ 28.476416164459156, -25.88895138117519 ], [ 28.394531867979662, -25.919657992354995 ], [ 28.325576670944301, -25.920196704831834 ], [ 28.292176497380296, -25.936896791613837 ], [ 28.275476410598294, -25.919657992354995 ] ] } },
{ "type": "Feature", "properties": { "LINE_START": "MBEWU", "LINE_END": "INVUBA", "DESIGN_VOL": 400.0, "LINE_STATU": "PLANNED", "BUILD_YEAR": 2023.0, "CHECK": null, "Length": null }, "geometry": { "type": "LineString", "coordinates": [ [ 31.754212229784656, -28.701569222750415 ], [ 31.840406226078862, -28.682175573584217 ], [ 31.982626319964297, -28.672478749001119 ], [ 32.036497567648176, -28.688640123306282 ] ] } },
{ "type": "Feature", "properties": { "LINE_START": "UMFOLOZI", "LINE_END": "MBEWU", "DESIGN_VOL": 765.0, "LINE_STATU": "PLANNED", "BUILD_YEAR": null, "CHECK": "OK", "Length": 94054.6 }, "geometry": { "type": "LineString", "coordinates": [ [ 31.185331854242872, -28.213495718734478 ], [ 31.362029546645989, -28.282450915769843 ], [ 31.43960414331077, -28.273831516140422 ], [ 31.484855991365229, -28.349251262897848 ], [ 31.571049987659432, -28.34494156308314 ], [ 31.777915578765519, -28.558271703911291 ], [ 31.810238327375846, -28.635846300576077 ], [ 31.754212229784613, -28.702646647704082 ] ] } },
{ "type": "Feature", "properties": { "LINE_START": "ISUNDU", "LINE_END": "VENUS", "DESIGN_VOL": 765.0, "LINE_STATU": "PLANNED", "BUILD_YEAR": 2032.0, "CHECK": "OK", "Length": 119170.3 }, "geometry": { "type": "LineString", "coordinates": [ [ 30.521638082777503, -29.658322581616048 ], [ 30.547496281665762, -29.563509185692425 ], [ 30.543186581851053, -29.404050292548149 ], [ 30.485005634352465, -29.300617496995102 ], [ 30.325546741208189, -29.218733200515612 ], [ 30.273830343431666, -29.214423500700899 ], [ 30.017403204456418, -29.020487009038945 ], [ 29.969996506494606, -28.942912412374163 ], [ 29.845015211868009, -28.938602712559454 ] ] } },
{ "type": "Feature", "properties": { "LINE_START": "VENUS", "LINE_END": "EROS", "DESIGN_VOL": 400.0, "LINE_STATU": "PLANNED", "BUILD_YEAR": 2040.0, "CHECK": null, "Length": null }, "geometry": { "type": "LineString", "coordinates": [ [ 29.850402336636385, -28.937525287605769 ], [ 29.949525432374717, -28.979544860799194 ], [ 29.979693331077691, -29.056042032510298 ], [ 30.068042177279249, -29.151932853387599 ], [ 30.062655052510859, -29.219810625469286 ], [ 30.113294025333705, -29.281223847828905 ], [ 30.173629822739645, -29.378192093659884 ], [ 30.202720296488941, -29.437450466112139 ], [ 30.168242697971262, -29.521489612498989 ], [ 30.196255746766877, -29.581825409904933 ], [ 30.194100896859524, -29.607683608793192 ], [ 30.282449743061083, -29.713271254253591 ], [ 30.346017815328043, -29.732664903419792 ], [ 30.483928209398769, -29.746671427817599 ], [ 30.525947782592194, -29.746671427817599 ], [ 30.603522379256979, -29.853336498231677 ], [ 30.677864701060724, -29.991246892302399 ], [ 30.673555001246015, -30.120537886743705 ], [ 30.514096108101736, -30.223970682296748 ], [ 30.503321858564963, -30.282151629795337 ], [ 30.425747261900177, -30.387739275255736 ], [ 30.432211811622246, -30.426526573588127 ], [ 30.434366661529598, -30.51272056988233 ], [ 30.356792064864809, -30.57305636728827 ], [ 30.177939522554336, -30.631237314786858 ], [ 30.001241830151219, -30.63554701460157 ], [ 29.90427358432024, -30.603224265991244 ] ] } },
{ "type": "Feature", "properties": { "LINE_START": "NORMANDIE", "LINE_END": "IPHIVA", "DESIGN_VOL": 400.0, "LINE_STATU": "PLANNED", "BUILD_YEAR": 2025.0, "CHECK": null, "Length": null }, "geometry": { "type": "LineString", "coordinates": [ [ 30.875455058519147, -27.160037865769119 ], [ 30.921090064390096, -27.169479591121728 ], [ 30.944694377771622, -27.197804767179562 ], [ 31.05012697754244, -27.219835459668985 ], [ 31.157133198205358, -27.336283405684515 ], [ 31.182311132478986, -27.392933757800179 ], [ 31.309774424739231, -27.441716005455334 ], [ 31.495461690007236, -27.471614802405266 ], [ 31.711047752225177, -27.509381703815709 ], [ 31.928207435335217, -27.515676187384116 ], [ 31.986431408342984, -27.540854121657741 ] ] } },
{ "type": "Feature", "properties": { "LINE_START": "MARATHON", "LINE_END": "GUMENI", "DESIGN_VOL": 400.0, "LINE_STATU": "PLANNED", "BUILD_YEAR": 2031.0, "CHECK": null, "Length": null }, "geometry": { "type": "LineString", "coordinates": [ [ 30.925810927066397, -25.407024191967757 ], [ 30.848703503353409, -25.384993499478334 ], [ 30.806215739266662, -25.430628505349283 ], [ 30.705504002172152, -25.447938335162402 ], [ 30.696062276819539, -25.471542648543927 ], [ 30.689767793251132, -25.542355588688508 ], [ 30.631543820243369, -25.58169611099105 ], [ 30.530832083148855, -25.594285078127864 ], [ 30.467887247464784, -25.663524397380343 ], [ 30.414384137133325, -25.688702331653971 ], [ 30.359307405909764, -25.728042853956516 ], [ 30.231844113649522, -25.75007354644594 ] ] } },
{ "type": "Feature", "properties": { "LINE_START": "NZHELELE", "LINE_END": "BORUTHO", "DESIGN_VOL": 400.0, "LINE_STATU": "PLANNED", "BUILD_YEAR": 2032.0, "CHECK": null, "Length": null }, "geometry": { "type": "LineString", "coordinates": [ [ 29.938757222495479, -22.648073362890358 ], [ 29.916726530006056, -22.682693022516595 ], [ 29.82860376004836, -22.695281989653406 ], [ 29.768806166148494, -22.770815792474288 ], [ 29.63347476942775, -22.783404759611102 ], [ 29.583118900880493, -22.818024419237339 ], [ 29.504437856275409, -22.814877177453138 ], [ 29.280983689596965, -22.940766848821273 ], [ 29.29357265673378, -23.091834454463037 ], [ 29.331339558144222, -23.170515499068124 ], [ 29.280983689596965, -23.378233456825548 ], [ 29.240069546402321, -23.472650710351651 ], [ 29.199155403207676, -23.740166262008941 ], [ 29.073265731839541, -23.884939384082298 ], [ 28.978848478313438, -23.900675593003314 ] ] } },
{ "type": "Feature", "properties": { "LINE_START": "NZHELELE", "LINE_END": "TABOR", "DESIGN_VOL": 400.0, "LINE_STATU": "PLANNED", "BUILD_YEAR": 2032.0, "CHECK": null, "Length": null }, "geometry": { "type": "LineString", "coordinates": [ [ 29.935609980711277, -22.65122060467456 ], [ 29.963935156769107, -22.692134747869204 ], [ 29.916726530006056, -22.761374067121679 ], [ 29.910432046437649, -22.880969254921407 ], [ 29.989113091042732, -22.978533750231716 ], [ 29.951346189632293, -23.117012388736665 ], [ 29.866370661458802, -23.154779290147104 ], [ 29.822309276479952, -23.255491027241614 ], [ 29.82860376004836, -23.356202764336125 ], [ 29.784542375069513, -23.371938973257141 ] ] } },
{ "type": "Feature", "properties": { "LINE_START": "SPENCER", "LINE_END": "FOSKOR", "DESIGN_VOL": 400.0, "LINE_STATU": "PLANNED", "BUILD_YEAR": 2029.0, "CHECK": null, "Length": null }, "geometry": { "type": "LineString", "coordinates": [ [ 30.379371072283956, -23.488386919272667 ], [ 30.417137973694398, -23.513564853546296 ], [ 30.43602142439962, -23.611129348856601 ], [ 30.495819018299482, -23.636307283130229 ], [ 30.539880403278332, -23.730724536656329 ], [ 30.577647304688771, -23.774785921635178 ], [ 30.602825238962399, -23.929000769061144 ], [ 30.640592140372839, -23.96047318690318 ], [ 30.930138384519552, -23.919559043708535 ], [ 30.964758044145793, -24.023418022587247 ], [ 31.030850121614062, -24.080068374702908 ], [ 31.131561858708572, -24.029712506155654 ] ] } },
{ "type": "Feature", "properties": { "LINE_START": "MERENSKY", "LINE_END": "FOSKOR", "DESIGN_VOL": 400.0, "LINE_STATU": "PLANNED", "BUILD_YEAR": 2024.0, "CHECK": null, "Length": null }, "geometry": { "type": "LineString", "coordinates": [ [ 30.223582603965895, -24.717384836004101 ], [ 30.31327899481569, -24.589921543743863 ], [ 30.440742287075928, -24.522255845383491 ], [ 30.554042991307252, -24.523829466275593 ], [ 30.61698782699132, -24.45773738880732 ], [ 30.602825238962403, -24.371188239741727 ], [ 30.668917316430672, -24.273623744431422 ], [ 30.772776295309384, -24.201237183394742 ], [ 30.879782515972298, -24.072200270242401 ], [ 31.128414616924363, -24.02499164347935 ] ] } },
{ "type": "Feature", "properties": { "LINE_START": "SILIMELA", "LINE_END": "MANOGENG", "DESIGN_VOL": 400.0, "LINE_STATU": "PLANNED", "BUILD_YEAR": 2024.0, "CHECK": null, "Length": null }, "geometry": { "type": "LineString", "coordinates": [ [ 29.29986714030218, -25.089152771763121 ], [ 29.405299740072994, -25.021487073402749 ], [ 29.518600444304315, -24.982146551100207 ], [ 29.627180285859335, -24.974278446639698 ], [ 29.682257017082893, -24.953821375042374 ], [ 29.76093806168798, -24.977425688423899 ], [ 29.776674270608996, -25.019913452510647 ], [ 29.831751001832554, -25.037223282323765 ], [ 29.850634452537776, -25.0702693210579 ], [ 29.823882897372048, -25.108036222468343 ] ] } },
{ "type": "Feature", "properties": { "LINE_START": "MANOGENG", "LINE_END": "SENAKANGWEDI", "DESIGN_VOL": 400.0, "LINE_STATU": "PLANNED", "BUILD_YEAR": 2040.0, "CHECK": null, "Length": null }, "geometry": { "type": "LineString", "coordinates": [ [ 29.822309276479945, -25.111183464252544 ], [ 29.89154859573242, -25.112757085144647 ], [ 29.880533249487709, -25.023060694294848 ], [ 30.012717404424251, -24.91133361095563 ], [ 30.052057926726796, -24.912907231847729 ], [ 30.118150004195066, -24.815342736537424 ] ] } },
{ "type": "Feature", "properties": { "LINE_START": "MANOGENG", "LINE_END": "SEKHUKHUNE", "DESIGN_VOL": 400.0, "LINE_STATU": "PLANNED", "BUILD_YEAR": 2032.0, "CHECK": null, "Length": null }, "geometry": { "type": "LineString", "coordinates": [ [ 29.823882897372048, -25.111183464252544 ], [ 29.896269458408725, -25.11433070603675 ], [ 29.880533249487709, -25.023060694294848 ], [ 30.014291025316354, -24.91133361095563 ], [ 30.127591729547678, -24.925496198984543 ] ] } },
{ "type": "Feature", "properties": { "LINE_START": "BORUTHO", "LINE_END": "SILIMELA", "DESIGN_VOL": 400.0, "LINE_STATU": "PLANNED", "BUILD_YEAR": 2029.0, "CHECK": null, "Length": null }, "geometry": { "type": "LineString", "coordinates": [ [ 28.974521020860141, -23.900282187780263 ], [ 28.99183085067326, -23.930180984730196 ], [ 28.982389125320648, -23.972668748816943 ], [ 29.050054823681023, -24.15363515140864 ], [ 29.045333961004715, -24.306276377942503 ], [ 29.001272576025869, -24.400693631468606 ], [ 28.977668262644343, -24.429018807526436 ], [ 28.980815504428548, -24.539172269973555 ], [ 29.183812599509668, -24.978212498869922 ], [ 29.289245199280483, -25.009684916711958 ], [ 29.298686924633095, -25.088365961317042 ] ] } },
{ "type": "Feature", "properties": { "LINE_START": "AURORA", "LINE_END": "JUNO", "DESIGN_VOL": 400.0, "LINE_STATU": "PLANNED", "BUILD_YEAR": 2031.0, "CHECK": null, "Length": null }, "geometry": { "type": "LineString", "coordinates": [ [ 18.233986530259251, -33.006289175588854 ], [ 18.511193372875159, -32.423824797949479 ], [ 18.473242436088455, -32.295121621020677 ], [ 18.403940725434484, -31.648305654916886 ], [ 18.443541702951045, -31.608704677400326 ] ] } },
{ "type": "Feature", "properties": { "LINE_START": "THYSPUNT", "LINE_END": "GRASSRIDGE", "DESIGN_VOL": 400.0, "LINE_STATU": "PLANNED", "BUILD_YEAR": 2027.0, "CHECK": null, "Length": null }, "geometry": { "type": "LineString", "coordinates": [ [ 24.713696476406135, -34.15801760502881 ], [ 24.664195254510439, -34.012814020801429 ], [ 24.68729582472843, -33.936912147228028 ], [ 24.80939883873782, -33.940212228687741 ], [ 24.848999816254377, -33.861010273654621 ], [ 24.908401282529216, -33.854410110735195 ], [ 24.928201771287494, -33.801608807379786 ], [ 24.977702993183193, -33.801608807379786 ], [ 24.994203400481759, -33.712506607967526 ], [ 25.073405355514875, -33.712506607967526 ], [ 25.271410243097666, -33.814809133218638 ], [ 25.334111790832218, -33.682805874830109 ], [ 25.548617085713573, -33.696006200668961 ], [ 25.637719285125833, -33.715806689427239 ] ] } },
{ "type": "Feature", "properties": { "LINE_START": "THYSPUNT", "LINE_END": "DEDISA", "DESIGN_VOL": 400.0, "LINE_STATU": "PLANNED", "BUILD_YEAR": 2027.0, "CHECK": null, "Length": null }, "geometry": { "type": "LineString", "coordinates": [ [ 24.710396394946422, -34.15801760502881 ], [ 24.716996557865848, -33.986413369123724 ], [ 24.829199327496099, -33.986413369123724 ], [ 24.868800305012655, -33.907211414090604 ], [ 24.954602422965198, -33.897311169711465 ], [ 24.951302341505485, -33.844509866356056 ], [ 25.014003889240037, -33.841209784896343 ], [ 25.047004703837167, -33.762007829863229 ], [ 25.258209917258814, -33.867610436574047 ], [ 25.357212361050209, -33.841209784896343 ], [ 25.367112605429348, -33.738907259645231 ], [ 25.535416759874721, -33.755407666943796 ], [ 25.67732026264239, -33.745507422564657 ] ] } },
{ "type": "Feature", "properties": { "LINE_START": "DEDISA", "LINE_END": "POSEIDON SOUTH", "DESIGN_VOL": 400.0, "LINE_STATU": "PLANNED", "BUILD_YEAR": 2040.0, "CHECK": null, "Length": null }, "geometry": { "type": "LineString", "coordinates": [ [ 25.674020181182676, -33.748807504024363 ], [ 25.829124009789197, -33.247195122147957 ], [ 25.862124824386331, -33.12839218959828 ], [ 25.822523846869771, -33.012889338508323 ] ] } },
{ "type": "Feature", "properties": { "LINE_START": "MAKHANDA", "LINE_END": "POSEIDON SOUTH", "DESIGN_VOL": 400.0, "LINE_STATU": "PLANNED", "BUILD_YEAR": 2040.0, "CHECK": null, "Length": null }, "geometry": { "type": "LineString", "coordinates": [ [ 26.644244130338357, -33.233994796309105 ], [ 26.57494241968438, -33.181193492953696 ], [ 26.261434681011629, -33.092091293541436 ], [ 25.868724987305757, -33.075590886242871 ], [ 25.822523846869771, -33.019489501427749 ] ] } },
{ "type": "Feature", "properties": { "LINE_START": "GAMMA", "LINE_END": "GRASSRIDGE", "DESIGN_VOL": 765.0, "LINE_STATU": "PLANNED", "BUILD_YEAR": 2031.0, "CHECK": "OK", "Length": 354948.0 }, "geometry": { "type": "LineString", "coordinates": [ [ 23.397292464370523, -31.671073303073598 ], [ 23.444516279677892, -31.795879100671648 ], [ 23.437145806382382, -32.069252584044015 ], [ 23.477502410527496, -32.305761054847935 ], [ 23.722457612431555, -32.372396377971263 ], [ 24.021321452360773, -32.5312213676007 ], [ 24.166366027947696, -32.679639072852439 ], [ 24.277679306886498, -32.87190746374673 ], [ 24.287798695880934, -32.935996927378156 ], [ 24.766783108284258, -32.976474483355908 ], [ 24.884842646552677, -33.050683335981759 ], [ 24.888215776217489, -33.121519058942816 ], [ 24.881469516887865, -33.249697986205682 ], [ 24.952305239848922, -33.34414561682042 ], [ 25.272752558006076, -33.394742561792604 ], [ 25.518991023537364, -33.590384082351704 ], [ 25.54597606085586, -33.667966064642386 ], [ 25.630304302476166, -33.721936139279379 ] ] } },
{ "type": "Feature", "properties": { "LINE_START": "GAMMA", "LINE_END": "GRASSRIDGE", "DESIGN_VOL": 765.0, "LINE_STATU": "PLANNED", "BUILD_YEAR": 2029.0, "CHECK": "OK", "Length": 354674.8 }, "geometry": { "type": "LineString", "coordinates": [ [ 25.626931172811354, -33.71856300961457 ], [ 25.5291104125318, -33.678085453636825 ], [ 25.488632856554055, -33.597130341681329 ], [ 25.242394391022767, -33.418354469446285 ], [ 24.952305239848922, -33.374503783803732 ], [ 24.847738220239744, -33.256444245535306 ], [ 24.864603868563805, -33.067548984305823 ], [ 24.753290589625003, -32.996713261344766 ], [ 24.284425566216115, -32.939370057042964 ], [ 24.115769082975508, -32.656027165198736 ], [ 23.967351377723773, -32.517728848941438 ], [ 23.698055944808928, -32.389289840171543 ], [ 23.445592537482522, -32.334855350859527 ], [ 23.406174459015205, -32.074883738110778 ], [ 23.41931381850431, -31.813973599684232 ], [ 23.403195441283934, -31.679506127235619 ] ] } },
{ "type": "Feature", "properties": { "LINE_START": "NEPTUNE", "LINE_END": "PEMBROKE", "DESIGN_VOL": 400.0, "LINE_STATU": "PLANNED", "BUILD_YEAR": 2026.0, "CHECK": null, "Length": null }, "geometry": { "type": "LineString", "coordinates": [ [ 27.523473326852024, -32.882870135157383 ], [ 27.762965533053688, -32.839019449514822 ], [ 27.811875913193465, -32.842392579179638 ], [ 27.856569881252227, -32.902265630730049 ] ] } },
{ "type": "Feature", "properties": { "LINE_START": "BETA", "LINE_END": "HARVARD", "DESIGN_VOL": 400.0, "LINE_STATU": "PLANNED", "BUILD_YEAR": 2023.0, "CHECK": null, "Length": null }, "geometry": { "type": "LineString", "coordinates": [ [ 25.701983307853467, -28.720428128779094 ], [ 25.804863762630241, -28.674890878304129 ], [ 25.868953226261674, -28.759219119924431 ], [ 25.848714448272801, -28.779457897913307 ], [ 25.975206810703259, -28.995338196461287 ], [ 26.044355968831908, -29.027382928277003 ], [ 26.057848487491157, -29.089785827076028 ], [ 26.110131997295746, -29.104964910567684 ] ] } },
{ "type": "Feature", "properties": { "LINE_START": "SORATA", "LINE_END": "TUGELA", "DESIGN_VOL": 400.0, "LINE_STATU": "PLANNED", "BUILD_YEAR": 2030.0, "CHECK": null, "Length": null }, "geometry": { "type": "LineString", "coordinates": [ [ 28.911516183922281, -28.300473485509979 ], [ 29.053187629844391, -28.364562949141412 ], [ 29.107157704481388, -28.437085236934873 ], [ 29.210038159258161, -28.551771645538487 ], [ 29.324724567861775, -28.580443247689391 ] ] } },
{ "type": "Feature", "properties": { "LINE_START": "APOLLO", "LINE_END": "LEPINI", "DESIGN_VOL": 275.0, "LINE_STATU": "PLANNED", "BUILD_YEAR": 2024.0, "CHECK": null, "Length": null }, "geometry": { "type": "LineString", "coordinates": [ [ 28.276946165729495, -25.919043942152562 ], [ 28.199364183438814, -25.917357377320155 ], [ 28.204845519144133, -25.94054764376574 ], [ 28.196834336190204, -25.958256574506002 ], [ 28.199364183438814, -25.980603558535385 ], [ 28.178703764241838, -26.032887068339974 ] ] } },
{ "type": "Feature", "properties": { "LINE_START": "HECTOR", "LINE_END": "ISUNDU", "DESIGN_VOL": 400.0, "LINE_STATU": "PLANNED", "BUILD_YEAR": 2027.0, "CHECK": null, "Length": null }, "geometry": { "type": "LineString", "coordinates": [ [ 30.523872163702528, -29.657314893180693 ], [ 30.662170479959826, -29.778747561113931 ] ] } },
{ "type": "Feature", "properties": { "LINE_START": "AGGENEIS", "LINE_END": "PAULPOTS", "DESIGN_VOL": 275.0, "LINE_STATU": "PLANNED", "BUILD_YEAR": 2026.0, "CHECK": null, "Length": null }, "geometry": { "type": "LineString", "coordinates": [ [ 18.801194552420448, -29.300293686278206 ], [ 18.908049024798871, -29.215804103467359 ], [ 19.412501533934226, -29.116404594278126 ], [ 19.422441484853149, -29.071674815142973 ], [ 19.487051165826148, -29.06670483968351 ], [ 19.576510724096458, -28.857965870386124 ] ] } },
{ "type": "Feature", "properties": { "LINE_START": "SENAKANGWEDI", "LINE_END": "SEKHUKHUNE", "DESIGN_VOL": 275.0, "LINE_STATU": "PLANNED", "BUILD_YEAR": 2032.0, "CHECK": null, "Length": null }, "geometry": { "type": "LineString", "coordinates": [ [ 30.11658617974966, -24.813648340249259 ], [ 30.125283636803719, -24.845953180735759 ], [ 30.104161241101007, -24.905592886249298 ], [ 30.125283636803719, -24.92671528195201 ] ] } },
{ "type": "Feature", "properties": { "LINE_START": "FOSKOR", "LINE_END": "MERENSKY", "DESIGN_VOL": 275.0, "LINE_STATU": "PLANNED", "BUILD_YEAR": 2029.0, "CHECK": null, "Length": null }, "geometry": { "type": "LineString", "coordinates": [ [ 31.129218679614961, -24.026528476857017 ], [ 31.106853790047385, -24.056348329613787 ], [ 31.017394231777075, -24.063803292802977 ], [ 30.900599808479729, -24.13089796150571 ], [ 30.823565188858073, -24.232782458424673 ], [ 30.654586023236376, -24.364486808100406 ], [ 30.63470612139853, -24.483766219127485 ], [ 30.57009644042553, -24.535950961451832 ], [ 30.465726955776834, -24.553345875559948 ], [ 30.433422115290334, -24.540920936911295 ], [ 30.321597667452448, -24.612985581073488 ], [ 30.219713170533485, -24.717355065722181 ] ] } },
{ "type": "Feature", "properties": { "LINE_START": "KWAGGA", "LINE_END": "DIPHORORO", "DESIGN_VOL": 275.0, "LINE_STATU": "PLANNED", "BUILD_YEAR": 2027.0, "CHECK": null, "Length": null }, "geometry": { "type": "LineString", "coordinates": [ [ 28.106231106397416, -25.757943677546955 ], [ 28.103746118667686, -25.728123824790185 ], [ 28.050318882478471, -25.66724162541178 ], [ 28.039136437694683, -25.581509548736065 ], [ 28.103746118667686, -25.560387153033354 ] ] } },
{ "type": "Feature", "properties": { "LINE_START": "DIPHORORO", "LINE_END": "PELLY", "DESIGN_VOL": 275.0, "LINE_STATU": "PLANNED", "BUILD_YEAR": 2027.0, "CHECK": null, "Length": null }, "geometry": { "type": "LineString", "coordinates": [ [ 28.101261130937953, -25.560387153033354 ], [ 28.141020934613646, -25.499504953654949 ], [ 28.174568268965015, -25.508202410709007 ], [ 28.179538244424474, -25.467200113168449 ], [ 28.254087876316401, -25.458502656114391 ], [ 28.267755308829919, -25.422470334033292 ], [ 28.292605186127226, -25.415015370844102 ] ] } },
{ "type": "Feature", "properties": { "LINE_START": "BETA", "LINE_END": "HARVARD", "DESIGN_VOL": 400.0, "LINE_STATU": "PLANNED", "BUILD_YEAR": 2023.0, "CHECK": null, "Length": null }, "geometry": { "type": "LineString", "coordinates": [ [ 25.703247971747739, -28.719427804453634 ], [ 25.810723691058598, -28.647363160291441 ], [ 25.896455767734309, -28.763536336656355 ], [ 25.87843960669376, -28.776582522237437 ], [ 25.99274904226138, -28.974139046751038 ], [ 26.071026155747901, -29.023838801345654 ], [ 26.105815983964131, -29.103358408697041 ] ] } },
{ "type": "Feature", "properties": { "LINE_START": "ISUNDU", "LINE_END": "MBEWU", "DESIGN_VOL": 400.0, "LINE_STATU": "PLANNED", "BUILD_YEAR": 2032.0, "CHECK": null, "Length": null }, "geometry": { "type": "LineString", "coordinates": [ [ 31.764288356294294, -28.694577927156278 ], [ 31.652463908456408, -28.697062914886008 ], [ 31.480999755104982, -28.746762669480624 ], [ 31.418875061861716, -28.642393184831928 ], [ 31.398995160023869, -28.620028295264351 ], [ 31.381600245915752, -28.523113773804852 ], [ 31.262320834888673, -28.388924436399385 ], [ 31.259835847158943, -28.319344779966922 ], [ 31.138071448402133, -28.180185467101996 ], [ 31.016307049645324, -28.15285060207496 ], [ 30.964122307320977, -28.180185467101996 ], [ 30.862237810402014, -28.18267045483173 ], [ 30.795143141699281, -28.219945270777689 ], [ 30.658468816564085, -28.217460283047959 ], [ 30.598829111050545, -28.237340184885806 ], [ 30.332935423969349, -28.249765123534459 ], [ 30.310570534401773, -28.287039939480422 ], [ 30.405000068131542, -28.465959056021042 ], [ 30.402515080401812, -28.562873577480541 ], [ 30.424879969969389, -28.597663405696775 ], [ 30.422394982239659, -28.677183013048161 ], [ 30.400030092672083, -28.756702620399547 ], [ 30.467124761374812, -28.866042080507704 ], [ 30.452214834996429, -28.94804667558882 ], [ 30.531734442347815, -29.03999122158886 ], [ 30.511854540509969, -29.149330681697016 ], [ 30.474579724564006, -29.194060460832169 ], [ 30.474579724564006, -29.271095080453826 ], [ 30.452214834996429, -29.392859479210635 ], [ 30.511854540509969, -29.452499184724175 ], [ 30.514339528239699, -29.571778595751255 ], [ 30.519309503699155, -29.659995660156699 ] ] } },
{ "type": "Feature", "properties": { "LINE_START": "ISUNDU", "LINE_END": "MBEWU", "DESIGN_VOL": 400.0, "LINE_STATU": "PLANNED", "BUILD_YEAR": 2032.0, "CHECK": null, "Length": null }, "geometry": { "type": "LineString", "coordinates": [ [ 30.52552197302348, -29.658753166291834 ], [ 30.544159380996462, -29.605325930102623 ], [ 30.524279479158615, -29.571778595751255 ], [ 30.52552197302348, -29.438831752210657 ], [ 30.474579724563998, -29.38416202215658 ], [ 30.48576216934779, -29.295944957751136 ], [ 30.499429601861308, -29.277307549778154 ], [ 30.499429601861308, -29.186605497642979 ], [ 30.530491948482936, -29.150573175561874 ], [ 30.559069307374841, -29.037506233859123 ], [ 30.479549700023455, -28.936864230805025 ], [ 30.489489650942378, -28.844919684804985 ], [ 30.437304908618032, -28.746762669480617 ], [ 30.452214834996415, -28.683395482372482 ], [ 30.447244859536955, -28.590208442507574 ], [ 30.428607451563966, -28.529326243129159 ], [ 30.432334933158561, -28.443594166453448 ], [ 30.335420411699069, -28.284554951750675 ], [ 30.35405781967205, -28.259705074453368 ], [ 30.637346420861363, -28.265917543777693 ], [ 30.674621236807326, -28.229885221696598 ], [ 30.815023043537117, -28.237340184885788 ], [ 30.883360206104712, -28.205035344399288 ], [ 30.987729690753408, -28.203792850534423 ], [ 31.028731988293966, -28.177700479372252 ], [ 31.131858979077794, -28.207520332129022 ], [ 31.228773500537297, -28.341709669534485 ], [ 31.239955945321086, -28.401349375048024 ], [ 31.356750368618435, -28.57529851612918 ], [ 31.379115258186001, -28.627483258453523 ], [ 31.426330025050884, -28.680910494642735 ], [ 31.487212224429289, -28.781552497696833 ], [ 31.756833393105083, -28.703275384210315 ] ] } },
{ "type": "Feature", "properties": { "LINE_START": "MBEWU", "LINE_END": "INYANINGA", "DESIGN_VOL": 400.0, "LINE_STATU": "PLANNED", "BUILD_YEAR": 2028.0, "CHECK": null, "Length": null }, "geometry": { "type": "LineString", "coordinates": [ [ 31.759318380834806, -28.699547902615706 ], [ 31.791623221321306, -28.756702620399516 ], [ 31.841322975915922, -28.798947411804939 ], [ 31.692223712132073, -28.868527068237402 ], [ 31.580399264294186, -28.985321491534748 ], [ 31.476029779645494, -29.035021246129364 ], [ 31.37911525818599, -29.144360706237521 ], [ 31.100796632456138, -29.32576481050787 ], [ 31.162921325699411, -29.420194344237643 ], [ 31.058551841050715, -29.50468392704849 ], [ 31.090856681537218, -29.586688522129606 ] ] } },
{ "type": "Feature", "properties": { "LINE_START": "ARIADNE", "LINE_END": "INSUNDU", "DESIGN_VOL": 400.0, "LINE_STATU": "PLANNED", "BUILD_YEAR": 2027.0, "CHECK": null, "Length": null }, "geometry": { "type": "LineString", "coordinates": [ [ 30.390090141753117, -29.728332822724269 ], [ 30.485762169347755, -29.702240451562098 ], [ 30.521794491428849, -29.65875316629181 ] ] } },
{ "type": "Feature", "properties": { "LINE_START": "WITKOP", "LINE_END": "MEDUPI", "DESIGN_VOL": 400.0, "LINE_STATU": "PLANNED", "BUILD_YEAR": 2024.0, "CHECK": null, "Length": null }, "geometry": { "type": "LineString", "coordinates": [ [ 29.363790209374287, -24.041438403235297 ], [ 29.324030405698593, -24.011618550478527 ], [ 29.202266006941784, -23.927128967667681 ], [ 29.105351485482281, -23.951978844964991 ], [ 28.996012025374124, -23.867489262154141 ], [ 28.926432368941661, -23.832699433937911 ], [ 28.886672565265968, -23.832699433937911 ], [ 28.807152957914582, -23.753179826586525 ], [ 28.742543276941582, -23.616505501451329 ], [ 28.640658780022619, -23.586685648694559 ], [ 28.571079123590156, -23.584200660964829 ], [ 28.496529491698233, -23.554380808208059 ], [ 28.36979511748196, -23.581715673235099 ], [ 28.302700448779227, -23.643840366478369 ], [ 28.195845976400804, -23.671175231505408 ], [ 28.113841381319688, -23.643840366478369 ], [ 28.051716688076414, -23.653780317397292 ], [ 27.969712092995298, -23.591655624154022 ], [ 27.924982313860145, -23.606565550532405 ], [ 27.793277964184412, -23.611535525991869 ], [ 27.778368037806025, -23.596625599613482 ], [ 27.562174105319446, -23.666205256045945 ], [ 27.562174105319446, -23.696025108802715 ] ] } },
{ "type": "Feature", "properties": { "LINE_START": "WITKOP", "LINE_END": "SEKHUKHUNE", "DESIGN_VOL": 400.0, "LINE_STATU": "PLANNED", "BUILD_YEAR": 2032.0, "CHECK": null, "Length": null }, "geometry": { "type": "LineString", "coordinates": [ [ 29.359441480847227, -24.043923390965013 ], [ 29.421566174090501, -24.066288280532593 ], [ 29.473750916414847, -24.232782458424555 ], [ 29.558240499225693, -24.232782458424555 ], [ 29.764494480793353, -24.260117323451595 ], [ 29.863893989982586, -24.227812482965096 ], [ 29.983173401009662, -24.282482213019172 ], [ 30.037843131063742, -24.284967200748902 ], [ 30.174517456198934, -24.456431354100328 ], [ 30.172032468469205, -24.533465973721984 ], [ 30.172032468469205, -24.598075654694984 ], [ 30.224217210793551, -24.717355065722064 ], [ 30.132272664793511, -24.82669452583022 ], [ 30.127302689334051, -24.923609047289723 ] ] } },
{ "type": "Feature", "properties": { "LINE_START": "WITKOP", "LINE_END": "SENAKANGWEDI", "DESIGN_VOL": 400.0, "LINE_STATU": "PLANNED", "BUILD_YEAR": 2025.0, "CHECK": null, "Length": null }, "geometry": { "type": "LineString", "coordinates": [ [ 29.359441480847231, -24.041438403235283 ], [ 29.394231309063464, -24.093623145559629 ], [ 29.441446075928347, -24.250177372532672 ], [ 29.515995707820274, -24.282482213019172 ], [ 29.553270523766233, -24.252662360262402 ], [ 29.848984063604203, -24.294907151667825 ], [ 29.985658388739395, -24.359516832640828 ], [ 30.104937799766475, -24.471341280478715 ], [ 30.164577505280015, -24.521041035073331 ], [ 30.162092517550285, -24.615470568803101 ], [ 30.211792272144901, -24.712385090262604 ], [ 30.114877750685398, -24.816754574911297 ] ] } },
{ "type": "Feature", "properties": { "LINE_START": "SILIMELA", "LINE_END": "EMKHIWENI", "DESIGN_VOL": 400.0, "LINE_STATU": "PLANNED", "BUILD_YEAR": 2026.0, "CHECK": null, "Length": null }, "geometry": { "type": "LineString", "coordinates": [ [ 29.294831799874217, -25.080784521195177 ], [ 29.376836394955333, -25.090724472114101 ], [ 29.441446075928333, -25.36158813465476 ], [ 29.525935658739183, -25.416257864708836 ], [ 29.483690867333756, -25.475897570222376 ], [ 29.508540744631066, -25.533052288006186 ], [ 29.478720891874296, -25.624996834006225 ], [ 29.481205879604026, -25.719426367735995 ], [ 29.43150612500941, -25.761671159141418 ], [ 29.451386026847256, -25.818825876925228 ], [ 29.40168627225264, -25.875980594709038 ] ] } },
{ "type": "Feature", "properties": { "LINE_START": "CAMDEN", "LINE_END": "SOL", "DESIGN_VOL": 400.0, "LINE_STATU": "PLANNED", "BUILD_YEAR": 2024.0, "CHECK": null, "Length": null }, "geometry": { "type": "LineString", "coordinates": [ [ 30.090027873388074, -26.614021950439081 ], [ 29.1407625606309, -26.683601606871544 ], [ 29.091062806036284, -26.693541557790468 ], [ 29.103487744684937, -26.549412269466082 ], [ 29.123367646522784, -26.536987330817428 ] ] } },
{ "type": "Feature", "properties": { "LINE_START": "PLUTO", "LINE_END": "MAHIKENG", "DESIGN_VOL": 400.0, "LINE_STATU": "PLANNED", "BUILD_YEAR": 2032.0, "CHECK": null, "Length": null }, "geometry": { "type": "LineString", "coordinates": [ [ 27.45842586760314, -26.217666407547018 ], [ 27.269566800143597, -26.207726456628095 ], [ 27.22235203327871, -26.158026702033478 ], [ 27.013613063981325, -26.200271493438901 ], [ 26.857058837008282, -26.165481665222671 ], [ 26.717899524143355, -26.175421616141595 ], [ 26.586195174467623, -26.143116775655095 ], [ 26.34018138922427, -26.133176824736172 ], [ 26.27557170825127, -26.085962057871285 ], [ 26.196052100899884, -26.100871984249672 ], [ 26.039497873926845, -26.175421616141595 ], [ 25.897853573332185, -26.068567143763168 ], [ 25.761179248196992, -26.021352376898285 ], [ 25.746269321818605, -25.854858199006319 ], [ 25.718934456791569, -25.795218493492779 ], [ 25.728874407710492, -25.690849008844086 ], [ 25.664264726737489, -25.64114925424947 ], [ 25.557410254359066, -25.680909057925163 ] ] } },
{ "type": "Feature", "properties": { "LINE_START": "MAHIKENG", "LINE_END": "MOOKODI", "DESIGN_VOL": 400.0, "LINE_STATU": "PLANNED", "BUILD_YEAR": 2036.0, "CHECK": null, "Length": null }, "geometry": { "type": "LineString", "coordinates": [ [ 25.562380229818523, -25.678424070195437 ], [ 25.24430180041298, -26.118266898357792 ], [ 25.211996959926481, -26.180391591601062 ], [ 25.092717548899401, -26.240031297114601 ], [ 25.015682929277745, -26.381675597709258 ], [ 24.906343469169588, -26.493500045547144 ], [ 24.829308849547935, -26.508409971925531 ], [ 24.811913935439819, -26.553139751060684 ], [ 24.829308849547935, -26.640114321601263 ], [ 24.749789242196549, -26.851338278628383 ], [ 24.665299659385699, -26.891098082304076 ], [ 24.650389733007316, -26.968132701925732 ], [ 24.747304254466815, -27.010377493331156 ] ] } },
{ "type": "Feature", "properties": { "LINE_START": "FERRUM", "LINE_END": "MOOKODI", "DESIGN_VOL": 400.0, "LINE_STATU": "PLANNED", "BUILD_YEAR": 2028.0, "CHECK": null, "Length": null }, "geometry": { "type": "LineString", "coordinates": [ [ 23.057512598249858, -27.728538947223349 ], [ 23.122122279222857, -27.651504327601693 ], [ 23.025207757763354, -27.45767528468269 ], [ 22.920838273114661, -27.417915481006997 ], [ 22.925808248574125, -27.273786192682611 ], [ 23.025207757763354, -27.196751573060954 ], [ 23.21903680068236, -27.194266585331224 ], [ 23.31346633441213, -27.263846241763687 ], [ 23.812948868088025, -27.241481352196107 ], [ 23.894953463169141, -27.199236560790684 ], [ 24.049022702412451, -27.206691523979877 ], [ 24.444135751439653, -27.057592260196028 ], [ 24.700089487601925, -27.002922530141952 ], [ 24.744819266737082, -27.007892505601411 ] ] } },
{ "type": "Feature", "properties": { "LINE_START": "AGGENEIS", "LINE_END": "GROEIPUNT", "DESIGN_VOL": 400.0, "LINE_STATU": "PLANNED", "BUILD_YEAR": 2029.0, "CHECK": null, "Length": null }, "geometry": { "type": "LineString", "coordinates": [ [ 18.808183580410155, -29.299051192413224 ], [ 18.539804905599226, -29.331356032899723 ], [ 18.259001292139644, -29.525185075818726 ] ] } },
{ "type": "Feature", "properties": { "LINE_START": "DROERIVIER", "LINE_END": "GOURIKWA", "DESIGN_VOL": 400.0, "LINE_STATU": "PLANNED", "BUILD_YEAR": 2035.0, "CHECK": null, "Length": null }, "geometry": { "type": "LineString", "coordinates": [ [ 22.529452705682033, -32.39658839752267 ], [ 22.569212509357726, -32.51586780854975 ], [ 22.569212509357726, -32.838916213414763 ], [ 22.559272558438803, -32.938315722603988 ], [ 22.549332607519879, -33.112264863685148 ], [ 22.569212509357726, -33.276274053847381 ], [ 22.444963122871187, -33.430343293090694 ], [ 22.449933098330646, -33.51483287590154 ], [ 22.42508322103334, -33.57944255687454 ], [ 22.410173294654953, -33.713631894280006 ], [ 22.355503564600877, -33.847821231685472 ], [ 22.350533589141413, -33.952190716334165 ], [ 22.191494374438644, -34.031710323685552 ], [ 22.067244987952101, -34.046620250063938 ], [ 21.967845478762868, -34.121169881955858 ], [ 21.962875503303408, -34.165899661091018 ] ] } },
{ "type": "Feature", "properties": { "LINE_START": "KOEBERG", "LINE_END": "ACACIA", "DESIGN_VOL": 400.0, "LINE_STATU": "PLANNED", "BUILD_YEAR": 2026.0, "CHECK": null, "Length": null }, "geometry": { "type": "LineString", "coordinates": [ [ 18.45158784119376, -33.593109989388068 ], [ 18.477680212355935, -33.680084559928645 ], [ 18.462770285977548, -33.722329351334068 ], [ 18.519925003761358, -33.754634191820571 ], [ 18.50625757124784, -33.804333946415184 ], [ 18.537319917869475, -33.883853553766571 ] ] } },
{ "type": "Feature", "properties": { "LINE_START": "GAMMA", "LINE_END": "PERSEUS", "DESIGN_VOL": 765.0, "LINE_STATU": "PLANNED", "BUILD_YEAR": 2031.0, "CHECK": "OK", "Length": 413683.9 }, "geometry": { "type": "LineString", "coordinates": [ [ 23.404168386547251, -31.678426943630466 ], [ 23.395470929493193, -31.587724891495292 ], [ 23.887498499979898, -30.916778204467956 ], [ 23.882528524520435, -30.787558842521953 ], [ 24.26788629124724, -30.413507734750361 ], [ 24.527775642564123, -30.032254959941159 ], [ 24.75505803022493, -29.754202363712558 ], [ 24.939062799954758, -29.533316441139405 ], [ 25.09475123211157, -29.305300312153847 ], [ 25.681113097055359, -28.656118719789305 ], [ 25.751239297278012, -28.635559468575057 ] ] } },
{ "type": "Feature", "properties": { "LINE_START": "ARIES", "LINE_END": "JUNO", "DESIGN_VOL": 765.0, "LINE_STATU": "PLANNED", "BUILD_YEAR": 2032.0, "CHECK": "OK", "Length": 344408.3 }, "geometry": { "type": "LineString", "coordinates": [ [ 20.822626899518117, -29.513142597592395 ], [ 19.85845166038256, -30.358038425700872 ], [ 19.85442604410229, -30.360956072779398 ], [ 19.849932846822984, -30.363084318329147 ], [ 19.845125085601254, -30.364350684368507 ], [ 19.645322818135217, -30.397651062279515 ], [ 19.567054025655928, -30.480523901375232 ], [ 19.562407552305825, -30.484444642169649 ], [ 19.557000270500584, -30.487223711519079 ], [ 19.551107539814502, -30.488719588529918 ], [ 19.4528838627946, -30.502113726305357 ], [ 19.231019656851732, -30.796324955925247 ], [ 19.227545238975424, -30.800117002061484 ], [ 19.223413533414352, -30.803179713708886 ], [ 19.218775111141579, -30.805401477039666 ], [ 19.213799009312538, -30.806701324748268 ], [ 19.06649254138016, -30.830460432479295 ], [ 18.853234059387006, -30.995251077655823 ], [ 18.849707199447636, -30.997559639827589 ], [ 18.845863416045905, -30.999289821752544 ], [ 18.660190444406595, -31.065941657725631 ], [ 18.47092468183325, -31.340377013456983 ], [ 18.466099792842105, -31.610570796960971 ] ] } },
{ "type": "Feature", "properties": { "LINE_START": "LETHABO", "LINE_END": "MAKALU", "DESIGN_VOL": 275.0, "LINE_STATU": "PLANNED", "BUILD_YEAR": 2023.0, "CHECK": null, "Length": null }, "geometry": { "type": "LineString", "coordinates": [ [ 27.857519996050751, -26.67893104681492 ], [ 27.864006878175527, -26.700750559416438 ], [ 27.889954406674626, -26.694853393848458 ], [ 27.92061966762811, -26.752645616414636 ], [ 27.929465415980072, -26.752645616414636 ], [ 27.926516833196086, -26.789208042936096 ], [ 27.910004769605749, -26.824001319787165 ] ] } },
{ "type": "Feature", "properties": { "LINE_START": "MEDUPI", "LINE_END": "NGWEDI", "DESIGN_VOL": 765.0, "LINE_STATU": "PLANNED", "BUILD_YEAR": 2024.0, "CHECK": "OK", "Length": 216298.9 }, "geometry": { "type": "LineString", "coordinates": [ [ 27.083664444392902, -25.401457555651788 ], [ 27.225196418024357, -25.375510027152686 ], [ 27.303039003521661, -25.285873110519432 ], [ 27.298321271067277, -25.208030525022131 ], [ 27.310115602203233, -25.170288665387076 ], [ 27.265297143886606, -25.090087213662581 ], [ 27.25114394652346, -24.804664400172477 ], [ 27.267656010113797, -24.764563674310232 ], [ 27.25114394652346, -24.604160770861245 ], [ 27.418623448654017, -24.049827207471374 ], [ 27.409187983745252, -23.907115800726327 ], [ 27.43277664601716, -23.821017183433856 ], [ 27.495286601037723, -23.746712897277341 ], [ 27.570770320307833, -23.738456865482174 ], [ 27.562514288512663, -23.699535572733524 ] ] } },
{ "type": "Feature", "properties": { "LINE_START": "APOLLO", "LINE_END": "LEPINI", "DESIGN_VOL": 400.0, "LINE_STATU": "PLANNED", "BUILD_YEAR": 2027.0, "CHECK": null, "Length": null }, "geometry": { "type": "LineString", "coordinates": [ [ 28.276661038794686, -25.919818409076928 ], [ 28.247175210954797, -25.914510960065751 ], [ 28.178768090366262, -25.916869826292942 ], [ 28.167563475787105, -25.926305291201704 ], [ 28.146333679742384, -25.919818409076932 ], [ 28.123334734027274, -25.930433307099289 ], [ 28.047851014757164, -25.900357762702605 ], [ 27.984161626623006, -25.902126912372999 ], [ 27.988879359077391, -25.928074440872098 ], [ 28.010698871678905, -25.952252819700806 ], [ 28.0118783047925, -25.981148930983895 ], [ 28.037236116734803, -25.987635813108671 ], [ 28.039594982961994, -25.995891844903838 ], [ 28.033108100837218, -26.01653192439176 ], [ 28.049030447870759, -26.028915972084512 ], [ 28.070849960472273, -26.014762774721365 ] ] } },
{ "type": "Feature", "properties": { "LINE_START": "MATLA", "LINE_END": "JUPITER", "DESIGN_VOL": 400.0, "LINE_STATU": "PLANNED", "BUILD_YEAR": 2030.0, "CHECK": null, "Length": null }, "geometry": { "type": "LineString", "coordinates": [ [ 29.140300936224968, -26.274532917990747 ], [ 29.104917942817103, -26.250944255718835 ], [ 28.687398620604302, -26.279250650445128 ], [ 28.637862429833294, -26.248585389491645 ], [ 28.543507780745657, -26.25802085440041 ], [ 28.42556446938611, -26.2863272491267 ], [ 28.331209820298472, -26.25802085440041 ], [ 28.258084967255552, -26.283968382899509 ], [ 28.225060840074878, -26.276891784217938 ], [ 28.147218254577577, -26.295762714035465 ], [ 28.119501576408087, -26.251533972275634 ], [ 28.114488985675305, -26.228829884838923 ] ] } },
{ "type": "Feature", "properties": { "LINE_START": "LULAMISA", "LINE_END": "KUSILE", "DESIGN_VOL": 400.0, "LINE_STATU": "PLANNED", "BUILD_YEAR": 2023.0, "CHECK": null, "Length": null }, "geometry": { "type": "LineString", "coordinates": [ [ 28.010109155122084, -25.964931725671921 ], [ 28.016006320690064, -25.94841966208158 ], [ 27.994186808088546, -25.926600149480063 ], [ 27.994776524645346, -25.905370353435345 ], [ 28.048440731313939, -25.90949836933293 ], [ 28.09443862274416, -25.937215047502423 ], [ 28.108591820107307, -25.933087031604838 ], [ 28.123924450584049, -25.939573913729614 ], [ 28.151641128753543, -25.928959015707257 ], [ 28.166973759230284, -25.938394480616019 ], [ 28.189972704945394, -25.926010432923267 ], [ 28.235970596375619, -25.921882417025682 ], [ 28.257790108977133, -25.935445897832029 ], [ 28.306146866634549, -25.933087031604838 ], [ 28.402860381949385, -25.9177544011281 ], [ 28.475395518435505, -25.890627439515402 ], [ 28.51608596085455, -25.861141611675517 ], [ 28.543802639024044, -25.872346226254674 ], [ 28.583903364886289, -25.857603312334728 ], [ 28.6593870841564, -25.866449060686694 ], [ 28.673540281519546, -25.848167847425966 ], [ 28.700667243132241, -25.848167847425966 ], [ 28.764946347823187, -25.871756509697878 ], [ 28.881710226069142, -25.870577076584283 ], [ 28.910606337352231, -25.914216101787314 ] ] } },
{ "type": "Feature", "properties": { "LINE_START": "ARIES", "LINE_END": "UMTU", "DESIGN_VOL": 765.0, "LINE_STATU": "PLANNED", "BUILD_YEAR": 2032.0, "CHECK": "OK", "Length": 380328.6 }, "geometry": { "type": "LineString", "coordinates": [ [ 20.795550928861399, -29.498352514348362 ], [ 20.740972314163113, -29.398291720734839 ], [ 20.707185552683221, -29.246251294075332 ], [ 20.694190644421724, -29.125398647243415 ], [ 20.67729726368178, -29.01884039949914 ], [ 20.692891153595575, -28.98765261967155 ], [ 20.685094208638677, -28.883693353579577 ], [ 20.64091152054959, -28.77193714253071 ], [ 20.6045257774174, -28.713460055353973 ], [ 20.714982497640118, -28.657581949829538 ], [ 20.804647364644445, -28.600404353478954 ], [ 20.895611722474921, -28.505541523170031 ], [ 20.929398483954813, -28.46655679838554 ], [ 20.941093901390158, -28.404181238730356 ], [ 21.000870479393043, -28.335308224944427 ], [ 21.043753676655982, -28.31321688089988 ], [ 21.102230763832715, -28.263836229506193 ], [ 21.1542103968787, -28.231348958852454 ], [ 21.221783919838483, -28.198861688198711 ], [ 21.269865080406021, -28.175470853328019 ], [ 21.333540130887354, -28.145582564326578 ], [ 21.377722818976441, -28.126090201934332 ], [ 21.438798887805476, -28.088404967975993 ], [ 21.488179539199162, -28.058516678974549 ], [ 21.545357135549747, -28.014333990885461 ], [ 21.588240332812685, -27.972750284448672 ], [ 21.646717419989418, -27.937664032142631 ], [ 21.694798580556956, -27.906476252315041 ], [ 21.75197617690754, -27.857095600921355 ], [ 21.79226039251818, -27.824608330267612 ], [ 21.848138498042616, -27.763532261438581 ], [ 21.887123222827103, -27.734943463263285 ], [ 21.94560031000384, -27.692060266000347 ], [ 21.983285543962179, -27.663471467825055 ], [ 22.045661103617363, -27.628385215519014 ], [ 22.08464582840185, -27.593298963212973 ], [ 22.149620369709336, -27.551715256776188 ], [ 22.187305603667674, -27.515329513643994 ], [ 22.249681163322858, -27.464649371424159 ], [ 22.288665888107346, -27.436060573248866 ], [ 22.349741956936381, -27.394476866812077 ], [ 22.392625154199319, -27.364588577810636 ], [ 22.512178310205087, -27.302213018155452 ], [ 22.573254379034118, -27.267126765849412 ], [ 22.627832993732405, -27.255431348414067 ], [ 22.690208553387588, -27.228142041064924 ], [ 22.753883603868921, -27.221644586934175 ], [ 22.788969856174962, -27.208649678672678 ], [ 22.860441851613192, -27.207350187846529 ], [ 22.902025558049981, -27.228142041064924 ], [ 22.902025558049981, -27.228142041064924 ] ] } },
{ "type": "Feature", "properties": { "LINE_START": "MERCURY", "LINE_END": "UMTU", "DESIGN_VOL": 765.0, "LINE_STATU": "PLANNED", "BUILD_YEAR": 2032.0, "CHECK": "OK", "Length": 414989.0 }, "geometry": { "type": "LineString", "coordinates": [ [ 22.901163975826584, -27.227655666777295 ], [ 22.90875289002317, -27.225758438228148 ], [ 22.920136261318049, -27.224809823953574 ], [ 22.936262703985797, -27.221963981129853 ], [ 22.962823903673851, -27.213426452658695 ], [ 22.975155889243304, -27.210580609834974 ], [ 22.979898960616168, -27.210580609834974 ], [ 22.987487874812757, -27.207734767011257 ], [ 22.994128174734769, -27.206786152736683 ], [ 22.99981986038221, -27.204888924187536 ], [ 23.004562931755075, -27.203940309912962 ], [ 23.009306003127943, -27.202991695638389 ], [ 23.014049074500811, -27.202043081363815 ], [ 23.019740760148249, -27.201094467089241 ], [ 23.024483831521117, -27.200145852814668 ], [ 23.031124131443129, -27.200145852814668 ], [ 23.043456117012582, -27.197300009990951 ], [ 23.04819918838545, -27.196351395716377 ], [ 23.054839488307461, -27.19445416716723 ], [ 23.061479788229477, -27.192556938618083 ], [ 23.066222859602341, -27.191608324343509 ], [ 23.071914545249783, -27.189711095794362 ], [ 23.076657616622647, -27.188762481519788 ], [ 23.081400687995515, -27.187813867245215 ], [ 23.087092373642953, -27.186865252970641 ], [ 23.092784059290395, -27.186865252970641 ], [ 23.101321587761554, -27.185916638696071 ], [ 23.106064659134422, -27.185916638696071 ], [ 23.11175634478186, -27.185916638696071 ], [ 23.117448030429301, -27.184968024421497 ], [ 23.125036944625887, -27.184019410146924 ], [ 23.129780015998755, -27.184019410146924 ], [ 23.134523087371619, -27.184019410146924 ], [ 23.141163387293634, -27.18307079587235 ], [ 23.147803687215646, -27.181173567323203 ], [ 23.153495372863087, -27.181173567323203 ], [ 23.159187058510526, -27.180224953048629 ], [ 23.163930129883394, -27.180224953048629 ], [ 23.168673201256262, -27.179276338774056 ], [ 23.1743648869037, -27.179276338774056 ], [ 23.181005186825711, -27.179276338774056 ], [ 23.210965768559493, -27.168172993203253 ], [ 23.28914721412707, -27.233347352424737 ], [ 23.294838899774511, -27.234295966699307 ], [ 23.300530585421949, -27.234295966699307 ], [ 23.307170885343965, -27.23524458097388 ], [ 23.31475979954055, -27.236193195248454 ], [ 23.319502870913418, -27.236193195248454 ], [ 23.328040399384577, -27.236193195248454 ], [ 23.338475156404883, -27.236193195248454 ], [ 23.347961299150615, -27.236193195248454 ], [ 23.358396056170925, -27.234295966699307 ], [ 23.366933584642084, -27.234295966699307 ], [ 23.373573884564095, -27.233347352424737 ], [ 23.382111413035254, -27.232398738150163 ], [ 23.388751712957269, -27.231450123875589 ], [ 23.399186469977575, -27.229552895326442 ], [ 23.410569841272455, -27.229552895326442 ], [ 23.423850441116482, -27.229552895326442 ], [ 23.42859351248935, -27.229552895326442 ], [ 23.439028269509656, -27.228604281051869 ], [ 23.447565797980815, -27.228604281051869 ], [ 23.452308869353683, -27.228604281051869 ], [ 23.462743626373989, -27.228604281051869 ], [ 23.475075611943442, -27.228604281051869 ], [ 23.482664526140027, -27.227655666777295 ], [ 23.495945125984054, -27.226707052502721 ], [ 23.501636811631492, -27.226707052502721 ], [ 23.513020182926372, -27.226707052502721 ], [ 23.528198011319546, -27.226707052502721 ], [ 23.541478611163573, -27.225758438228148 ], [ 23.552861982458452, -27.224809823953574 ], [ 23.558553668105894, -27.224809823953574 ], [ 23.5689884251262, -27.224809823953574 ], [ 23.58037179642108, -27.224809823953574 ], [ 23.588909324892239, -27.224809823953574 ], [ 23.599344081912545, -27.224809823953574 ], [ 23.610727453207424, -27.224809823953574 ], [ 23.617367753129439, -27.224809823953574 ], [ 23.622110824502304, -27.224809823953574 ], [ 23.630648352973466, -27.224809823953574 ], [ 23.636340038620904, -27.224809823953574 ], [ 23.64298033854292, -27.224809823953574 ], [ 23.650569252739505, -27.224809823953574 ], [ 23.657209552661516, -27.225758438228148 ], [ 23.661952624034384, -27.225758438228148 ], [ 23.672387381054691, -27.225758438228148 ], [ 23.679027680976702, -27.225758438228148 ], [ 23.685667980898717, -27.225758438228148 ], [ 23.690411052271585, -27.226707052502721 ], [ 23.696102737919023, -27.226707052502721 ], [ 23.701794423566465, -27.226707052502721 ], [ 23.710331952037624, -27.226707052502721 ], [ 23.716972251959636, -27.227655666777295 ], [ 23.725509780430798, -27.227655666777295 ], [ 23.734047308901957, -27.227655666777295 ], [ 23.740687608823968, -27.228604281051869 ], [ 23.745430680196836, -27.228604281051869 ], [ 23.750173751569701, -27.228604281051869 ], [ 23.756814051491716, -27.228604281051869 ], [ 23.762505737139154, -27.228604281051869 ], [ 23.769146037061169, -27.228604281051869 ], [ 23.775786336983181, -27.228604281051869 ], [ 23.78337525117977, -27.227655666777295 ], [ 23.791912779650929, -27.225758438228148 ], [ 23.800450308122088, -27.223861209679001 ], [ 23.808039222318676, -27.221963981129853 ], [ 23.814679522240688, -27.221015366855283 ], [ 23.82037120788813, -27.219118138306136 ], [ 23.829857350633862, -27.214375066933268 ], [ 23.839558396842254, -27.1979664277994 ], [ 23.919027092443752, -27.190659710068935 ], [ 23.924718778091194, -27.189711095794362 ], [ 23.932307692287779, -27.188762481519788 ], [ 23.942742449308085, -27.187813867245215 ], [ 23.947485520680953, -27.186865252970641 ], [ 23.955074434877538, -27.185916638696071 ], [ 23.96076612052498, -27.185916638696071 ], [ 23.970252263270712, -27.184968024421497 ], [ 23.977841177467297, -27.184968024421497 ], [ 23.989224548762177, -27.18307079587235 ], [ 24.000607920057057, -27.182122181597776 ], [ 24.005350991429925, -27.181173567323203 ], [ 24.01293990562651, -27.181173567323203 ], [ 24.019580205548525, -27.180224953048629 ], [ 24.02432327692139, -27.180224953048629 ], [ 24.029066348294258, -27.178327724499482 ], [ 24.03855249103999, -27.177379110224908 ], [ 24.046141405236575, -27.176430495950335 ], [ 24.053730319433164, -27.174533267401188 ], [ 24.058473390806029, -27.174533267401188 ], [ 24.06416507645347, -27.173584653126618 ], [ 24.070805376375482, -27.172636038852044 ], [ 24.077445676297497, -27.169790196028323 ], [ 24.084085976219509, -27.166944353204602 ], [ 24.093572118965241, -27.164098510380882 ], [ 24.099263804612683, -27.162201281831734 ], [ 24.104955490260124, -27.160304053282591 ], [ 24.110647175907562, -27.15745821045887 ], [ 24.117287475829578, -27.153663753360576 ], [ 24.122979161477016, -27.150817910536855 ], [ 24.127722232849884, -27.147972067713138 ], [ 24.132465304222748, -27.145126224889417 ], [ 24.137208375595616, -27.14322899634027 ], [ 24.142900061243054, -27.139434539241975 ], [ 24.150488975439643, -27.136588696418258 ], [ 24.162820961009096, -27.130897010770816 ], [ 24.170409875205682, -27.127102553672522 ], [ 24.177050175127693, -27.124256710848805 ], [ 24.187484932148003, -27.12046225375051 ], [ 24.192228003520867, -27.118565025201363 ], [ 24.196971074893735, -27.116667796652216 ], [ 24.202662760541173, -27.114770568103069 ], [ 24.208354446188615, -27.111924725279351 ], [ 24.212148903286909, -27.109078882455631 ], [ 24.216891974659774, -27.108130268181057 ], [ 24.225429503130933, -27.104335811082763 ], [ 24.233018417327521, -27.100541353984472 ], [ 24.238710102974959, -27.098644125435325 ], [ 24.245350402896975, -27.095798282611604 ], [ 24.250093474269839, -27.092952439787883 ], [ 24.257682388466428, -27.089157982689592 ], [ 24.263374074113866, -27.086312139865871 ], [ 24.270962988310451, -27.082517682767577 ], [ 24.277603288232466, -27.078723225669286 ], [ 24.285192202429052, -27.075877382845565 ], [ 24.28993527380192, -27.073031540021844 ], [ 24.297524187998505, -27.06923708292355 ], [ 24.302267259371373, -27.067339854374403 ], [ 24.307958945018811, -27.064494011550686 ], [ 24.313650630666253, -27.062596783001538 ], [ 24.319342316313694, -27.059750940177818 ], [ 24.325982616235706, -27.056905097354097 ], [ 24.33072568760857, -27.055956483079523 ], [ 24.34116044462888, -27.052162025981232 ], [ 24.345903516001744, -27.051213411706659 ], [ 24.35349243019833, -27.048367568882938 ], [ 24.361081344394918, -27.045521726059217 ], [ 24.368670258591504, -27.043624497510073 ], [ 24.373413329964372, -27.0426758832355 ], [ 24.384796701259251, -27.038881426137205 ], [ 24.390488386906689, -27.037932811862632 ], [ 24.396180072554131, -27.036035583313485 ], [ 24.400923143926995, -27.034138354764337 ], [ 24.410409286672731, -27.03129251194062 ], [ 24.415152358045596, -27.030343897666047 ], [ 24.422741272242185, -27.027498054842326 ], [ 24.431278800713343, -27.024652212018605 ], [ 24.436021872086211, -27.022754983469458 ], [ 24.44171355773365, -27.021806369194884 ], [ 24.449302471930238, -27.019909140645737 ], [ 24.460685843225114, -27.01706329782202 ], [ 24.472069214519998, -27.015166069272873 ], [ 24.480606742991156, -27.013268840723725 ], [ 24.485349814364021, -27.012320226449152 ], [ 24.49293872856061, -27.011371612174578 ], [ 24.498630414208048, -27.009474383625431 ], [ 24.50716794267921, -27.008525769350857 ], [ 24.511911014052075, -27.007577155076287 ], [ 24.519499928248663, -27.006628540801714 ], [ 24.526140228170675, -27.00567992652714 ], [ 24.534677756641834, -27.003782697977993 ], [ 24.541318056563849, -27.002834083703419 ], [ 24.548906970760434, -27.001885469428846 ], [ 24.553650042133302, -27.000936855154272 ], [ 24.561238956329888, -26.999988240879699 ], [ 24.57072509907562, -26.997142398055978 ], [ 24.577365398997635, -26.996193783781408 ], [ 24.5821084703705, -26.995245169506834 ], [ 24.589697384567089, -26.99429655523226 ], [ 24.597286298763674, -26.992399326683113 ], [ 24.603926598685689, -26.99145071240854 ], [ 24.608669670058553, -26.990502098133966 ], [ 24.616258584255139, -26.989553483859392 ], [ 24.62195026990258, -26.988604869584819 ], [ 24.627641955550018, -26.987656255310245 ], [ 24.635230869746607, -26.985759026761098 ], [ 24.64471701249234, -26.983861798211954 ], [ 24.651357312414351, -26.982913183937381 ], [ 24.657048998061793, -26.981964569662807 ], [ 24.662740683709231, -26.981015955388234 ], [ 24.669380983631246, -26.98006734111366 ], [ 24.676021283553258, -26.979118726839086 ], [ 24.680764354926126, -26.978170112564513 ], [ 24.688353269122711, -26.977221498289939 ], [ 24.694044954770153, -26.976272884015366 ], [ 24.700685254692164, -26.975324269740792 ], [ 24.707325554614179, -26.974375655466218 ], [ 24.713017240261618, -26.973427041191645 ], [ 24.718708925909059, -26.972478426917071 ], [ 24.725349225831071, -26.971529812642501 ], [ 24.730092297203939, -26.971529812642501 ], [ 24.73673259712595, -26.970581198367928 ], [ 24.743372897047966, -26.969632584093354 ], [ 24.749064582695404, -26.96868396981878 ], [ 24.753807654068272, -26.966786741269633 ], [ 24.761396568264857, -26.96583812699506 ], [ 24.767088253912299, -26.96583812699506 ], [ 24.772779939559737, -26.96583812699506 ], [ 24.777523010932605, -26.964889512720486 ], [ 24.782266082305469, -26.964889512720486 ], [ 24.790803610776631, -26.964889512720486 ], [ 24.79934113924779, -26.963940898445912 ], [ 24.805981439169802, -26.963940898445912 ], [ 24.816416196190112, -26.963940898445912 ], [ 24.82495372466127, -26.963940898445912 ], [ 24.830645410308708, -26.963940898445912 ], [ 24.83633709595615, -26.964889512720486 ], [ 24.842028781603588, -26.964889512720486 ], [ 24.846771852976456, -26.964889512720486 ], [ 24.853412152898468, -26.96583812699506 ], [ 24.859103838545909, -26.96583812699506 ], [ 24.865744138467921, -26.966786741269633 ], [ 24.872384438389936, -26.96868396981878 ], [ 24.879973352586521, -26.969632584093354 ], [ 24.885665038233963, -26.970581198367928 ], [ 24.892305338155975, -26.971529812642501 ], [ 24.897997023803416, -26.971529812642501 ], [ 24.903688709450854, -26.972478426917071 ], [ 24.91032900937287, -26.973427041191645 ], [ 24.916020695020308, -26.973427041191645 ], [ 24.921712380667749, -26.973427041191645 ], [ 24.928352680589761, -26.973427041191645 ], [ 24.934044366237202, -26.973427041191645 ], [ 24.940684666159214, -26.972478426917071 ], [ 24.947324966081226, -26.971529812642501 ], [ 24.953965266003241, -26.970581198367928 ], [ 24.960605565925253, -26.969632584093354 ], [ 24.967245865847268, -26.96868396981878 ], [ 24.973886165769279, -26.966786741269633 ], [ 24.981475079965868, -26.964889512720486 ], [ 24.986218151338733, -26.963940898445912 ], [ 24.992858451260748, -26.962992284171339 ], [ 24.997601522633612, -26.962043669896765 ], [ 25.00234459400648, -26.962043669896765 ], [ 25.007087665379345, -26.962043669896765 ], [ 25.015625193850507, -26.962043669896765 ], [ 25.020368265223372, -26.962043669896765 ], [ 25.027008565145387, -26.962043669896765 ], [ 25.031751636518251, -26.962043669896765 ], [ 25.03934055071484, -26.962992284171339 ], [ 25.045980850636852, -26.964889512720486 ], [ 25.054518379108011, -26.966786741269633 ], [ 25.060210064755452, -26.96868396981878 ], [ 25.065901750402894, -26.969632584093354 ], [ 25.070644821775758, -26.972478426917071 ], [ 25.078233735972344, -26.975324269740792 ], [ 25.082976807345212, -26.976272884015366 ], [ 25.08771987871808, -26.977221498289939 ], [ 25.092462950090944, -26.977221498289939 ], [ 25.099103250012959, -26.978170112564513 ], [ 25.108589392758692, -26.979118726839086 ], [ 25.11428107840613, -26.98006734111366 ], [ 25.121869992602718, -26.981015955388234 ], [ 25.12851029252473, -26.981964569662807 ], [ 25.134201978172172, -26.981964569662807 ], [ 25.138945049545036, -26.981964569662807 ], [ 25.146533963741625, -26.981964569662807 ], [ 25.155071492212784, -26.981964569662807 ], [ 25.161711792134795, -26.981964569662807 ], [ 25.168352092056811, -26.981964569662807 ], [ 25.173095163429675, -26.981964569662807 ], [ 25.183529920449985, -26.981964569662807 ], [ 25.192067448921144, -26.981015955388234 ], [ 25.198707748843155, -26.981015955388234 ], [ 25.206296663039744, -26.979118726839086 ], [ 25.211039734412608, -26.979118726839086 ], [ 25.217680034334624, -26.978170112564513 ], [ 25.224320334256635, -26.978170112564513 ], [ 25.230012019904077, -26.975324269740792 ], [ 25.236652319826089, -26.974375655466218 ], [ 25.241395391198957, -26.973427041191645 ], [ 25.247087076846395, -26.972478426917071 ], [ 25.252778762493836, -26.971529812642501 ], [ 25.257521833866701, -26.971529812642501 ], [ 25.262264905239569, -26.970581198367928 ], [ 25.269853819436154, -26.969632584093354 ], [ 25.275545505083596, -26.969632584093354 ], [ 25.283134419280181, -26.96868396981878 ], [ 25.287877490653049, -26.967735355544207 ], [ 25.29451779057506, -26.966786741269633 ], [ 25.303055319046223, -26.966786741269633 ], [ 25.312541461791955, -26.96583812699506 ], [ 25.319181761713967, -26.964889512720486 ], [ 25.332462361557994, -26.963940898445912 ], [ 25.338154047205435, -26.962992284171339 ], [ 25.3428971185783, -26.962992284171339 ], [ 25.348588804225741, -26.962992284171339 ], [ 25.35428048987318, -26.962992284171339 ], [ 25.360920789795195, -26.962992284171339 ], [ 25.365663861168059, -26.962992284171339 ], [ 25.373252775364648, -26.962992284171339 ], [ 25.37989307528666, -26.962992284171339 ], [ 25.386533375208671, -26.962992284171339 ], [ 25.395070903679834, -26.962992284171339 ], [ 25.410248732073004, -26.962992284171339 ], [ 25.415940417720446, -26.962992284171339 ], [ 25.420683489093314, -26.962992284171339 ], [ 25.427323789015325, -26.963940898445912 ], [ 25.434912703211911, -26.964889512720486 ], [ 25.439655774584779, -26.967735355544207 ], [ 25.444398845957643, -26.970581198367928 ], [ 25.448193303055938, -26.973427041191645 ], [ 25.453884988703379, -26.975324269740792 ], [ 25.458628060076244, -26.976272884015366 ], [ 25.463371131449112, -26.977221498289939 ], [ 25.470960045645697, -26.979118726839086 ], [ 25.479497574116859, -26.98006734111366 ], [ 25.487086488313444, -26.98006734111366 ], [ 25.493726788235456, -26.981015955388234 ], [ 25.500367088157471, -26.981015955388234 ], [ 25.507956002354057, -26.981015955388234 ], [ 25.514596302276072, -26.981964569662807 ], [ 25.519339373648936, -26.981964569662807 ], [ 25.524082445021804, -26.981964569662807 ], [ 25.53451720204211, -26.983861798211954 ], [ 25.539260273414975, -26.983861798211954 ], [ 25.544951959062416, -26.984810412486524 ], [ 25.550643644709858, -26.984810412486524 ], [ 25.556335330357296, -26.985759026761098 ], [ 25.561078401730164, -26.987656255310245 ], [ 25.568667315926749, -26.988604869584819 ], [ 25.575307615848764, -26.990502098133966 ], [ 25.58289653004535, -26.99145071240854 ], [ 25.591434058516509, -26.99429655523226 ], [ 25.609457729733403, -26.995245169506834 ], [ 25.617995258204562, -26.996193783781408 ], [ 25.624635558126574, -26.996193783781408 ], [ 25.631275858048589, -26.998091012330551 ], [ 25.637916157970601, -26.998091012330551 ], [ 25.644556457892616, -26.999039626605125 ], [ 25.651196757814628, -26.999988240879699 ], [ 25.657837057736643, -27.000936855154272 ], [ 25.665425971933228, -27.001885469428846 ], [ 25.671117657580666, -27.002834083703419 ], [ 25.677757957502681, -27.003782697977993 ], [ 25.683449643150119, -27.00567992652714 ], [ 25.688192714522987, -27.006628540801714 ], [ 25.694833014444999, -27.009474383625431 ], [ 25.703370542916161, -27.009474383625431 ], [ 25.710010842838173, -27.010422997900005 ], [ 25.717599757034762, -27.012320226449152 ], [ 25.726137285505921, -27.014217454998299 ], [ 25.731828971153359, -27.015166069272873 ], [ 25.738469271075374, -27.018011912096593 ], [ 25.747006799546533, -27.021806369194884 ], [ 25.751749870919401, -27.022754983469458 ], [ 25.76028739939056, -27.024652212018605 ], [ 25.765030470763428, -27.027498054842326 ], [ 25.771670770685439, -27.03129251194062 ], [ 25.779259684882025, -27.034138354764337 ], [ 25.788745827627757, -27.038881426137205 ], [ 25.793488899000625, -27.039830040411779 ], [ 25.798231970373493, -27.041727268960926 ], [ 25.803923656020931, -27.043624497510073 ], [ 25.807718113119225, -27.046470340333791 ], [ 25.812461184492093, -27.047418954608364 ], [ 25.837125155631, -27.053110640255809 ], [ 25.84850852692588, -27.054059254530383 ], [ 25.86273774104448, -27.055956483079527 ], [ 25.869378040966495, -27.057853711628674 ], [ 25.986057596739013, -27.080620454218433 ], [ 25.990800668111877, -27.083466297042154 ], [ 25.996492353759319, -27.085363525591301 ], [ 26.008824339328772, -27.091055211238739 ], [ 26.019259096349078, -27.094849668337034 ], [ 26.02874523909481, -27.096746896886181 ], [ 26.033488310467678, -27.097695511160754 ], [ 26.042025838938837, -27.099592739709902 ], [ 26.05151198168457, -27.102438582533622 ], [ 26.056255053057438, -27.103387196808193 ], [ 26.063843967254023, -27.10528442535734 ], [ 26.068587038626891, -27.107181653906487 ], [ 26.074278724274329, -27.109078882455634 ], [ 26.079970409921771, -27.112873339553929 ], [ 26.083764867020065, -27.115719182377646 ], [ 26.089456552667503, -27.118565025201367 ], [ 26.095148238314945, -27.122359482299661 ], [ 26.099891309687809, -27.124256710848808 ], [ 26.105582995335251, -27.128051167947099 ], [ 26.115069138080983, -27.131845625045393 ], [ 26.121709438002995, -27.133742853594541 ], [ 26.130246966474157, -27.135640082143688 ], [ 26.137835880670742, -27.137537310692835 ], [ 26.143527566318184, -27.140383153516552 ], [ 26.149219251965622, -27.142280382065699 ], [ 26.15396232333849, -27.143228996340273 ], [ 26.158705394711355, -27.14512622488942 ], [ 26.164397080358796, -27.146074839163994 ], [ 26.171985994555381, -27.147023453438567 ], [ 26.176729065928249, -27.147023453438567 ], [ 26.189061051497703, -27.147972067713141 ], [ 26.193804122870567, -27.147972067713141 ], [ 26.203290265616303, -27.148920681987715 ], [ 26.209930565538315, -27.148920681987715 ], [ 26.216570865460326, -27.148920681987715 ], [ 26.224159779656915, -27.148920681987715 ], [ 26.230800079578927, -27.148920681987715 ], [ 26.235543150951795, -27.148920681987715 ], [ 26.241234836599233, -27.147972067713141 ], [ 26.248823750795822, -27.147972067713141 ], [ 26.253566822168686, -27.147972067713141 ], [ 26.259258507816128, -27.147023453438567 ], [ 26.266847422012713, -27.147023453438567 ], [ 26.274436336209298, -27.147023453438567 ], [ 26.285819707504182, -27.146074839163994 ], [ 26.290562778877046, -27.146074839163994 ], [ 26.297203078799061, -27.14512622488942 ], [ 26.304791992995646, -27.144177610614847 ], [ 26.310483678643088, -27.142280382065699 ], [ 26.314278135741379, -27.139434539241979 ], [ 26.320918435663394, -27.135640082143688 ], [ 26.326610121310832, -27.131845625045393 ], [ 26.3313531926837, -27.128999782221673 ], [ 26.337993492605712, -27.124256710848808 ], [ 26.345582406802301, -27.120462253750514 ], [ 26.352222706724312, -27.116667796652219 ], [ 26.358863006646324, -27.113821953828499 ], [ 26.364554692293765, -27.110027496730208 ], [ 26.36834914939206, -27.107181653906487 ], [ 26.372143606490351, -27.104335811082766 ], [ 26.377835292137792, -27.101489968259049 ], [ 26.38352697778523, -27.096746896886181 ], [ 26.391115891981819, -27.092952439787886 ], [ 26.395858963354684, -27.091055211238739 ], [ 26.402499263276699, -27.087260754140448 ], [ 26.40629372037499, -27.084414911316728 ], [ 26.410088177473284, -27.080620454218433 ], [ 26.418625705944443, -27.074928768570995 ], [ 26.423368777317311, -27.071134311472701 ], [ 26.430957691513896, -27.065442625825263 ], [ 26.438546605710485, -27.059750940177821 ], [ 26.508839510675706, -27.020973109557978 ], [ 26.518230204774643, -27.009474383625435 ], [ 26.523921890422081, -27.006628540801717 ], [ 26.530562190344096, -27.002834083703423 ], [ 26.535305261716964, -26.999039626605128 ], [ 26.541945561638975, -26.998091012330555 ], [ 26.549534475835561, -26.996193783781408 ], [ 26.555226161483002, -26.994296555232264 ], [ 26.56091784713044, -26.99334794095769 ], [ 26.568506761327029, -26.992399326683117 ], [ 26.573249832699894, -26.991450712408543 ], [ 26.579890132621909, -26.99050209813397 ], [ 26.584633203994773, -26.989553483859396 ], [ 26.593170732465936, -26.988604869584822 ], [ 26.598862418113374, -26.988604869584822 ], [ 26.607399946584536, -26.987656255310249 ], [ 26.614040246506548, -26.986707641035675 ], [ 26.618783317879412, -26.986707641035675 ], [ 26.62352638925228, -26.986707641035675 ], [ 26.629218074899722, -26.988604869584822 ], [ 26.63490976054716, -26.989553483859396 ], [ 26.639652831920028, -26.991450712408543 ], [ 26.64629313184204, -26.992399326683117 ], [ 26.654830660313202, -26.992399326683117 ], [ 26.666214031608078, -26.99050209813397 ], [ 26.670957102980946, -26.988604869584822 ], [ 26.679494631452105, -26.984810412486528 ], [ 26.684237702824973, -26.981964569662811 ], [ 26.688032159923267, -26.97911872683909 ], [ 26.693723845570705, -26.974375655466222 ], [ 26.696569688394426, -26.970581198367931 ], [ 26.699415531218147, -26.966786741269637 ], [ 26.703209988316438, -26.962043669896769 ], [ 26.707953059689306, -26.959197827073051 ], [ 26.7117475167876, -26.955403369974757 ], [ 26.715541973885891, -26.952557527151036 ], [ 26.718387816709612, -26.948763070052742 ], [ 26.722182273807906, -26.945917227229025 ], [ 26.727873959455344, -26.940225541581583 ], [ 26.731668416553639, -26.937379698757862 ], [ 26.735462873651933, -26.934533855934145 ], [ 26.741154559299371, -26.931688013110424 ], [ 26.744949016397666, -26.928842170286703 ], [ 26.751589316319677, -26.925047713188409 ], [ 26.765664792513316, -26.927397454876267 ], [ 26.778564822991338, -26.933847470115278 ], [ 26.78924766073095, -26.93787872963966 ], [ 26.802550817161411, -26.989680414527967 ] ] } },
{ "type": "Feature", "properties": { "LINE_START": "MOOKODI", "LINE_END": "HERMES", "DESIGN_VOL": 400.0, "LINE_STATU": "PLANNED", "BUILD_YEAR": null, "CHECK": null, "Length": null }, "geometry": { "type": "LineString", "coordinates": [ [ 24.745314778329433, -27.000357970422051 ], [ 24.75044738474292, -26.998158281959132 ], [ 24.754846761668762, -26.997425052471492 ], [ 24.761445827057532, -26.996691822983848 ], [ 24.766578433471015, -26.995225364008569 ], [ 24.770977810396861, -26.995225364008569 ], [ 24.775377187322704, -26.995225364008569 ], [ 24.77977656424855, -26.995225364008569 ], [ 24.784909170662033, -26.995225364008569 ], [ 24.790041777075519, -26.995225364008569 ], [ 24.794441154001365, -26.995225364008569 ], [ 24.798107301439568, -26.995225364008569 ], [ 24.801773448877771, -26.995225364008569 ], [ 24.806906055291257, -26.995958593496209 ], [ 24.8113054322171, -26.997425052471492 ], [ 24.814971579655303, -26.998891511446772 ], [ 24.81863772709351, -27.000357970422051 ], [ 24.822303874531713, -27.001091199909695 ], [ 24.826703251457555, -27.002557658884975 ], [ 24.830369398895762, -27.004024117860258 ], [ 24.834035546333965, -27.005490576835538 ], [ 24.838434923259808, -27.006957035810821 ], [ 24.842101070698011, -27.007690265298461 ], [ 24.845767218136217, -27.008423494786101 ], [ 24.853099513012623, -27.00915672427374 ], [ 24.860431807889032, -27.00915672427374 ], [ 24.864831184814875, -27.009889953761384 ], [ 24.869230561740718, -27.010623183249024 ], [ 24.873629938666564, -27.011356412736664 ], [ 24.87876254508005, -27.012089642224304 ], [ 24.883895151493533, -27.012822871711947 ], [ 24.88829452841938, -27.012822871711947 ], [ 24.898559741246348, -27.014289330687227 ], [ 24.902225888684551, -27.014289330687227 ], [ 24.906625265610398, -27.015022560174867 ], [ 24.91102464253624, -27.01575578966251 ], [ 24.914690789974447, -27.01648901915015 ], [ 24.91982339638793, -27.01575578966251 ], [ 24.923489543826136, -27.015022560174867 ], [ 24.927888920751979, -27.014289330687227 ], [ 24.933021527165465, -27.013556101199587 ], [ 24.937420904091308, -27.012822871711947 ], [ 24.941087051529511, -27.011356412736664 ], [ 24.944753198967717, -27.009889953761384 ], [ 24.9498858053812, -27.00915672427374 ], [ 24.954285182307046, -27.00915672427374 ], [ 24.957951329745249, -27.007690265298461 ], [ 24.962350706671092, -27.006957035810821 ], [ 24.966016854109299, -27.004757347347898 ], [ 24.969683001547502, -27.003290888372614 ], [ 24.973349148985704, -27.001091199909695 ], [ 24.977748525911551, -26.999624740934411 ], [ 24.981414673349754, -26.998158281959132 ], [ 24.985814050275597, -26.995958593496209 ], [ 24.990946656689083, -26.993758905033285 ], [ 24.995346033614926, -26.991559216570366 ], [ 24.999012181053132, -26.990825987082722 ], [ 25.002678328491335, -26.989359528107443 ], [ 25.007077705417178, -26.988626298619803 ], [ 25.012943541318304, -26.987893069132159 ], [ 25.01660968875651, -26.987159839644519 ], [ 25.020275836194713, -26.987159839644519 ], [ 25.024675213120556, -26.986426610156879 ], [ 25.031274278509322, -26.984226921693956 ], [ 25.037140114410448, -26.983493692206316 ], [ 25.040806261848655, -26.982760462718677 ], [ 25.046672097749777, -26.981294003743393 ], [ 25.051804704163263, -26.979827544768114 ], [ 25.055470851601466, -26.979827544768114 ], [ 25.059136999039673, -26.97909431528047 ], [ 25.062803146477876, -26.97909431528047 ], [ 25.067935752891362, -26.97762785630519 ], [ 25.072335129817205, -26.97762785630519 ], [ 25.078200965718331, -26.97689462681755 ], [ 25.082600342644174, -26.976161397329907 ], [ 25.08626649008238, -26.975428167842267 ], [ 25.091399096495863, -26.974694938354627 ], [ 25.095065243934069, -26.974694938354627 ], [ 25.102397538810475, -26.973228479379344 ], [ 25.108263374711601, -26.973228479379344 ], [ 25.114129210612727, -26.973228479379344 ], [ 25.122927964464417, -26.972495249891704 ], [ 25.129527029853183, -26.972495249891704 ], [ 25.134659636266669, -26.972495249891704 ], [ 25.141258701655435, -26.972495249891704 ], [ 25.146391308068921, -26.972495249891704 ], [ 25.151523914482404, -26.971762020404064 ], [ 25.15519006192061, -26.971762020404064 ], [ 25.161055897821736, -26.971028790916424 ], [ 25.169854651673422, -26.970295561428781 ], [ 25.176453717062191, -26.970295561428781 ], [ 25.183052782450957, -26.969562331941141 ], [ 25.188185388864444, -26.969562331941141 ], [ 25.191851536302647, -26.969562331941141 ], [ 25.196984142716133, -26.969562331941141 ], [ 25.201383519641976, -26.968829102453501 ], [ 25.205049667080178, -26.968829102453501 ], [ 25.208715814518381, -26.968829102453501 ], [ 25.213115191444228, -26.968829102453501 ], [ 25.216781338882431, -26.968829102453501 ], [ 25.222647174783557, -26.968829102453501 ], [ 25.2270465517094, -26.969562331941141 ], [ 25.233645617098169, -26.969562331941141 ], [ 25.238778223511652, -26.969562331941141 ], [ 25.246110518388061, -26.970295561428781 ], [ 25.252709583776827, -26.970295561428781 ], [ 25.262974796603796, -26.971028790916424 ], [ 25.266640944042003, -26.971028790916424 ], [ 25.270307091480205, -26.971028790916424 ], [ 25.274706468406048, -26.971028790916424 ], [ 25.279839074819535, -26.971028790916424 ], [ 25.290104287646503, -26.971762020404064 ], [ 25.296703353035273, -26.971762020404064 ], [ 25.305502106886962, -26.971762020404064 ], [ 25.309168254325165, -26.971762020404064 ], [ 25.317233778689214, -26.971762020404064 ], [ 25.320899926127417, -26.971762020404064 ], [ 25.329698679979106, -26.971762020404064 ], [ 25.339230663318435, -26.971028790916424 ], [ 25.344363269731922, -26.970295561428781 ], [ 25.350229105633044, -26.970295561428781 ], [ 25.357561400509454, -26.970295561428781 ], [ 25.364893695385859, -26.970295561428781 ], [ 25.370759531286986, -26.969562331941141 ], [ 25.375158908212832, -26.969562331941141 ], [ 25.380291514626315, -26.969562331941141 ], [ 25.383957662064521, -26.969562331941141 ], [ 25.390556727453287, -26.968829102453501 ], [ 25.397155792842053, -26.968095872965861 ], [ 25.403021628743179, -26.966629413990578 ], [ 25.407421005669022, -26.965896184502938 ], [ 25.411087153107228, -26.965896184502938 ], [ 25.418419447983634, -26.964429725527658 ], [ 25.422085595421837, -26.964429725527658 ], [ 25.425751742860044, -26.962963266552375 ], [ 25.430884349273526, -26.961496807577095 ], [ 25.437483414662296, -26.961496807577095 ], [ 25.444815709538702, -26.960763578089452 ], [ 25.451414774927468, -26.960763578089452 ], [ 25.458747069803877, -26.960030348601812 ], [ 25.46314644672972, -26.959297119114172 ], [ 25.467545823655563, -26.958563889626532 ], [ 25.471211971093769, -26.958563889626532 ], [ 25.475611348019612, -26.958563889626532 ], [ 25.482210413408378, -26.957830660138889 ], [ 25.487343019821864, -26.957830660138889 ], [ 25.49247562623535, -26.957830660138889 ], [ 25.496875003161193, -26.957830660138889 ], [ 25.500541150599396, -26.957097430651249 ], [ 25.504207298037603, -26.956364201163609 ], [ 25.510806363426369, -26.955630971675969 ], [ 25.517405428815135, -26.955630971675969 ], [ 25.522538035228621, -26.955630971675969 ], [ 25.526937412154464, -26.955630971675969 ], [ 25.53280324805559, -26.954897742188326 ], [ 25.538669083956716, -26.954897742188326 ], [ 25.548934296783688, -26.953431283213046 ], [ 25.555533362172454, -26.952698053725406 ], [ 25.559932739098297, -26.952698053725406 ], [ 25.564332116024143, -26.951964824237763 ], [ 25.567998263462346, -26.951964824237763 ], [ 25.572397640388189, -26.951964824237763 ], [ 25.576797017314036, -26.951231594750123 ], [ 25.580463164752238, -26.950498365262483 ], [ 25.584862541678085, -26.949765135774843 ], [ 25.589261918603928, -26.9490319062872 ], [ 25.592928066042131, -26.9490319062872 ], [ 25.598060672455617, -26.9490319062872 ], [ 25.603193278869103, -26.9490319062872 ], [ 25.617857868621918, -26.94756544731192 ], [ 25.624456934010684, -26.94683221782428 ], [ 25.63032276991181, -26.94683221782428 ], [ 25.635455376325293, -26.94683221782428 ], [ 25.6391215237635, -26.94683221782428 ], [ 25.645720589152265, -26.946098988336637 ], [ 25.650853195565752, -26.945365758848997 ], [ 25.655252572491595, -26.944632529361357 ], [ 25.66185163788036, -26.943166070386074 ], [ 25.666984244293847, -26.942432840898434 ], [ 25.67138362121969, -26.942432840898434 ], [ 25.675049768657892, -26.942432840898434 ], [ 25.679449145583739, -26.941699611410794 ], [ 25.686048210972505, -26.941699611410794 ], [ 25.691914046873631, -26.940966381923154 ], [ 25.697779882774757, -26.940966381923154 ], [ 25.705112177651166, -26.940966381923154 ], [ 25.711711243039932, -26.940966381923154 ], [ 25.716110619965775, -26.940966381923154 ], [ 25.721976455866901, -26.940966381923154 ], [ 25.725642603305104, -26.940966381923154 ], [ 25.732241668693874, -26.940966381923154 ], [ 25.741040422545559, -26.940966381923154 ], [ 25.749105946909609, -26.940233152435511 ], [ 25.754238553323095, -26.939499922947871 ], [ 25.757904700761298, -26.939499922947871 ], [ 25.761570848199501, -26.939499922947871 ], [ 25.76963637256355, -26.939499922947871 ], [ 25.773302520001753, -26.939499922947871 ], [ 25.776968667439956, -26.938033463972591 ], [ 25.781368044365802, -26.938033463972591 ], [ 25.787967109754568, -26.938033463972591 ], [ 25.792366486680415, -26.938033463972591 ], [ 25.803364928995023, -26.938033463972591 ], [ 25.809230764896149, -26.937300234484951 ], [ 25.812896912334352, -26.937300234484951 ], [ 25.818762748235478, -26.936567004997308 ], [ 25.822428895673685, -26.936567004997308 ], [ 25.826095043111888, -26.935833775509668 ], [ 25.830494420037731, -26.935833775509668 ], [ 25.834893796963577, -26.935100546022028 ], [ 25.842226091839983, -26.934367316534388 ], [ 25.849558386716392, -26.933634087046745 ], [ 25.855424222617515, -26.932167628071465 ], [ 25.860556829031001, -26.931434398583825 ], [ 25.871555271345613, -26.929967939608542 ], [ 25.883286943147866, -26.928501480633262 ], [ 25.886953090586069, -26.927035021657979 ], [ 25.894285385462474, -26.926301792170339 ], [ 25.897951532900681, -26.924835333195055 ], [ 25.903817368801807, -26.924102103707416 ], [ 25.90748351624001, -26.924102103707416 ], [ 25.917015499579339, -26.923368874219776 ], [ 25.920681647017542, -26.923368874219776 ], [ 25.925081023943388, -26.923368874219776 ], [ 25.931680089332154, -26.923368874219776 ], [ 25.93681269574564, -26.923368874219776 ], [ 25.941212072671483, -26.923368874219776 ], [ 25.94561144959733, -26.923368874219776 ], [ 25.950744056010812, -26.922635644732136 ], [ 25.957343121399578, -26.921902415244492 ], [ 25.961009268837785, -26.921169185756852 ], [ 25.965408645763628, -26.921169185756852 ], [ 25.96907479320183, -26.920435956269213 ], [ 25.97714031756588, -26.919702726781573 ], [ 25.983739382954646, -26.918236267806289 ], [ 25.989605218855772, -26.91750303831865 ], [ 25.993271366293975, -26.91750303831865 ], [ 25.999870431682744, -26.916036579343366 ], [ 26.004269808608587, -26.915303349855726 ], [ 26.010868873997353, -26.914570120368086 ], [ 26.014535021435556, -26.913836890880447 ], [ 26.018934398361402, -26.913103661392803 ], [ 26.024800234262528, -26.913103661392803 ], [ 26.030666070163655, -26.912370431905163 ], [ 26.034332217601857, -26.912370431905163 ], [ 26.039464824015344, -26.912370431905163 ], [ 26.043864200941186, -26.912370431905163 ], [ 26.052662954792876, -26.911637202417523 ], [ 26.057795561206362, -26.911637202417523 ], [ 26.061461708644565, -26.911637202417523 ], [ 26.071726921471537, -26.911637202417523 ], [ 26.079059216347943, -26.911637202417523 ], [ 26.082725363786146, -26.911637202417523 ], [ 26.087124740711992, -26.911637202417523 ], [ 26.092257347125475, -26.911637202417523 ], [ 26.097389953538961, -26.911637202417523 ], [ 26.101789330464804, -26.911637202417523 ], [ 26.10692193687829, -26.911637202417523 ], [ 26.110588084316493, -26.911637202417523 ], [ 26.115720690729979, -26.911637202417523 ], [ 26.119386838168182, -26.911637202417523 ], [ 26.126719133044592, -26.911637202417523 ], [ 26.133318198433358, -26.911637202417523 ], [ 26.140650493309764, -26.911637202417523 ], [ 26.147249558698533, -26.910903972929884 ], [ 26.157514771525502, -26.910903972929884 ], [ 26.164847066401908, -26.910903972929884 ], [ 26.168513213840114, -26.910903972929884 ], [ 26.173645820253597, -26.910903972929884 ], [ 26.178778426667083, -26.910903972929884 ], [ 26.184644262568209, -26.910903972929884 ], [ 26.188310410006412, -26.910903972929884 ], [ 26.193443016419899, -26.910903972929884 ], [ 26.200042081808665, -26.910903972929884 ], [ 26.207374376685074, -26.910903972929884 ], [ 26.211040524123277, -26.91017074344224 ], [ 26.21543990104912, -26.91017074344224 ], [ 26.219106048487326, -26.91017074344224 ], [ 26.223505425413169, -26.91017074344224 ], [ 26.230104490801935, -26.91017074344224 ], [ 26.235237097215421, -26.91017074344224 ], [ 26.238903244653624, -26.9094375139546 ], [ 26.242569392091827, -26.9094375139546 ], [ 26.249168457480593, -26.9094375139546 ], [ 26.253567834406439, -26.9094375139546 ], [ 26.260166899795205, -26.907971054979321 ], [ 26.265299506208692, -26.907971054979321 ], [ 26.269698883134534, -26.907237825491677 ], [ 26.27556471903566, -26.906504596004037 ], [ 26.28289701391207, -26.906504596004037 ], [ 26.288029620325553, -26.906504596004037 ], [ 26.293162226739039, -26.905771366516397 ], [ 26.299028062640165, -26.905771366516397 ], [ 26.303427439566011, -26.905771366516397 ], [ 26.309293275467134, -26.905771366516397 ], [ 26.31295942290534, -26.905771366516397 ], [ 26.316625570343543, -26.905038137028757 ], [ 26.321758176757029, -26.905038137028757 ], [ 26.333489848559282, -26.905038137028757 ], [ 26.337889225485124, -26.905038137028757 ], [ 26.341555372923327, -26.905038137028757 ], [ 26.346687979336814, -26.905038137028757 ], [ 26.350354126775017, -26.905038137028757 ], [ 26.354020274213219, -26.905038137028757 ], [ 26.360619339601989, -26.905038137028757 ], [ 26.365018716527832, -26.905038137028757 ], [ 26.370884552428958, -26.906504596004037 ], [ 26.377483617817724, -26.906504596004037 ], [ 26.38408268320649, -26.906504596004037 ], [ 26.389215289619976, -26.906504596004037 ], [ 26.392881437058179, -26.906504596004037 ], [ 26.398747272959305, -26.906504596004037 ], [ 26.403146649885151, -26.906504596004037 ], [ 26.406812797323354, -26.906504596004037 ], [ 26.412678633224481, -26.906504596004037 ], [ 26.416344780662683, -26.906504596004037 ], [ 26.42074415758853, -26.906504596004037 ], [ 26.425143534514373, -26.906504596004037 ], [ 26.428809681952576, -26.906504596004037 ], [ 26.435408747341341, -26.906504596004037 ], [ 26.442741042217751, -26.906504596004037 ], [ 26.455939172995283, -26.906504596004037 ], [ 26.460338549921129, -26.906504596004037 ], [ 26.464004697359332, -26.906504596004037 ], [ 26.467670844797535, -26.906504596004037 ], [ 26.471336992235738, -26.906504596004037 ], [ 26.477936057624508, -26.906504596004037 ], [ 26.48160220506271, -26.906504596004037 ], [ 26.486001581988553, -26.907237825491677 ], [ 26.489667729426756, -26.907237825491677 ], [ 26.497000024303166, -26.907237825491677 ], [ 26.502865860204292, -26.907237825491677 ], [ 26.509464925593058, -26.907237825491677 ], [ 26.515330761494184, -26.907237825491677 ], [ 26.52046336790767, -26.905771366516397 ], [ 26.524129515345873, -26.905771366516397 ], [ 26.529262121759359, -26.905771366516397 ], [ 26.535127957660485, -26.905038137028757 ], [ 26.540993793561611, -26.905038137028757 ], [ 26.544659940999814, -26.904304907541118 ], [ 26.549792547413297, -26.903571678053474 ], [ 26.555658383314423, -26.903571678053474 ], [ 26.560057760240269, -26.903571678053474 ], [ 26.564457137166112, -26.903571678053474 ], [ 26.572522661530162, -26.902838448565834 ], [ 26.578388497431288, -26.902838448565834 ], [ 26.582054644869491, -26.902838448565834 ], [ 26.592319857696463, -26.902838448565834 ], [ 26.599652152572869, -26.902838448565834 ], [ 26.612850283350404, -26.902838448565834 ], [ 26.616516430788607, -26.902105219078194 ], [ 26.622382266689733, -26.902105219078194 ], [ 26.626048414127936, -26.902105219078194 ], [ 26.631181020541423, -26.902105219078194 ], [ 26.640713003880752, -26.901371989590555 ], [ 26.646578839781878, -26.901371989590555 ], [ 26.65097821670772, -26.901371989590555 ], [ 26.654644364145923, -26.901371989590555 ], [ 26.65831051158413, -26.900638760102911 ], [ 26.661976659022333, -26.900638760102911 ], [ 26.670042183386379, -26.899905530615271 ], [ 26.675908019287505, -26.898439071639991 ], [ 26.685440002626837, -26.898439071639991 ], [ 26.68910615006504, -26.898439071639991 ], [ 26.692772297503243, -26.897705842152348 ], [ 26.696438444941446, -26.896972612664708 ], [ 26.700837821867292, -26.896239383177068 ], [ 26.705970428280779, -26.896239383177068 ], [ 26.714769182132464, -26.896239383177068 ], [ 26.722101477008874, -26.895506153689428 ], [ 26.725767624447077, -26.894039694714145 ], [ 26.730167001372919, -26.894039694714145 ], [ 26.734566378298766, -26.893306465226505 ], [ 26.739698984712252, -26.893306465226505 ], [ 26.746298050101018, -26.893306465226505 ], [ 26.751430656514504, -26.893306465226505 ], [ 26.755096803952707, -26.893306465226505 ], [ 26.760229410366193, -26.893306465226505 ], [ 26.763895557804396, -26.893306465226505 ], [ 26.767561705242599, -26.893306465226505 ], [ 26.771961082168442, -26.892573235738865 ], [ 26.777093688581928, -26.891840006251222 ], [ 26.780759836020131, -26.891840006251222 ] ] } },
{ "type": "Feature", "properties": { "LINE_START": "NUWEVELD", "LINE_END": "LOXTON", "DESIGN_VOL": 400.0, "LINE_STATU": "PLANNED", "BUILD_YEAR": null, "CHECK": null, "Length": null }, "geometry": { "type": "LineString", "coordinates": [ [ 22.484735245449428, -31.878313770780007 ], [ 22.492950795204941, -31.87596647084986 ], [ 22.501166344960453, -31.871271870989567 ], [ 22.509381894715961, -31.866577271129277 ], [ 22.516423794506402, -31.860709021303911 ], [ 22.531681244052351, -31.850146171618253 ], [ 22.538723143842788, -31.843104271827816 ], [ 22.545765043633224, -31.834888722072304 ], [ 22.549285993528443, -31.830194122212013 ], [ 22.552806943423665, -31.82549952235172 ], [ 22.556327893318883, -31.817283972596208 ], [ 22.559848843214102, -31.811415722770843 ], [ 22.561022493179173, -31.805547472945477 ], [ 22.564543443074395, -31.799679223120116 ], [ 22.565717093039467, -31.79381097329475 ], [ 22.566890743004539, -31.787942723469385 ], [ 22.569238042934685, -31.778553523748798 ], [ 22.570411692899761, -31.772685273923436 ], [ 22.571585342864832, -31.765643374132996 ], [ 22.571585342864832, -31.758601474342559 ], [ 22.573932642794979, -31.751559574552122 ], [ 22.576279942725122, -31.742170374831534 ], [ 22.577453592690198, -31.733954825076026 ], [ 22.580974542585416, -31.719871025495149 ], [ 22.583321842515563, -31.711655475739637 ], [ 22.58566914244571, -31.702266276019053 ], [ 22.588016442375853, -31.696398026193688 ], [ 22.590363742306, -31.689356126403251 ], [ 22.592711042236147, -31.683487876577885 ], [ 22.593884692201218, -31.67761962675252 ], [ 22.596231992131365, -31.669404076997008 ], [ 22.59740564209644, -31.662362177206571 ], [ 22.598579292061512, -31.652972977485987 ], [ 22.598579292061512, -31.64593107769555 ], [ 22.598579292061512, -31.63888917790511 ], [ 22.598579292061512, -31.631847278114673 ], [ 22.59740564209644, -31.623631728359161 ], [ 22.595058342166293, -31.615416178603649 ], [ 22.593884692201218, -31.609547928778284 ], [ 22.592711042236147, -31.602506028987847 ], [ 22.589190092340928, -31.594290479232335 ], [ 22.586842792410781, -31.588422229406969 ], [ 22.584495492480634, -31.582553979581604 ], [ 22.582148192550488, -31.57316477986102 ], [ 22.578627242655269, -31.564949230105512 ], [ 22.577453592690198, -31.559080980280147 ], [ 22.573932642794979, -31.553212730454781 ], [ 22.570411692899761, -31.548518130594488 ], [ 22.566890743004539, -31.542649880769122 ] ] } },
{ "type": "Feature", "properties": { "LINE_START": "NUWEVELD", "LINE_END": "LOXTON", "DESIGN_VOL": 400.0, "LINE_STATU": "PLANNED", "BUILD_YEAR": null, "CHECK": null, "Length": null }, "geometry": { "type": "LineString", "coordinates": [ [ 22.480040645589135, -31.880661070710151 ], [ 22.487082545379575, -31.879487420745079 ], [ 22.503513644890596, -31.877140120814932 ], [ 22.518771094436545, -31.873619170919714 ], [ 22.531681244052351, -31.870098221024495 ], [ 22.538723143842788, -31.865403621164202 ], [ 22.543417743703081, -31.861882671268983 ], [ 22.548112343563371, -31.856014421443618 ], [ 22.555154243353812, -31.848972521653181 ], [ 22.559848843214102, -31.844277921792887 ], [ 22.56336979310932, -31.838409671967522 ], [ 22.566890743004539, -31.830194122212013 ], [ 22.571585342864832, -31.823152222421573 ], [ 22.576279942725122, -31.814936672666065 ], [ 22.582148192550488, -31.804373822980406 ], [ 22.58566914244571, -31.797331923189969 ], [ 22.592711042236147, -31.787942723469385 ], [ 22.59740564209644, -31.777379873783726 ], [ 22.600926591991659, -31.770337973993289 ], [ 22.604447541886877, -31.764469724167924 ], [ 22.606794841817024, -31.758601474342559 ], [ 22.610315791712242, -31.750385924587047 ], [ 22.613836741607461, -31.742170374831534 ], [ 22.616184041537608, -31.733954825076026 ], [ 22.618531341467751, -31.728086575250661 ], [ 22.622052291362973, -31.719871025495149 ], [ 22.622052291362973, -31.714002775669783 ], [ 22.625573241258191, -31.7046135759492 ], [ 22.626746891223263, -31.697571676158763 ], [ 22.626746891223263, -31.691703426333397 ], [ 22.626746891223263, -31.684661526542957 ], [ 22.626746891223263, -31.678793276717592 ], [ 22.627920541188338, -31.670577726962083 ], [ 22.627920541188338, -31.663535827171643 ], [ 22.627920541188338, -31.656493927381206 ], [ 22.627920541188338, -31.648278377625694 ], [ 22.626746891223263, -31.640062827870182 ], [ 22.625573241258191, -31.631847278114673 ], [ 22.62439959129312, -31.623631728359161 ], [ 22.622052291362973, -31.616589828568724 ], [ 22.618531341467751, -31.609547928778284 ], [ 22.617357691502679, -31.602506028987847 ], [ 22.613836741607461, -31.589595879372045 ], [ 22.611489441677314, -31.582553979581604 ], [ 22.607968491782096, -31.57316477986102 ], [ 22.604447541886877, -31.56847018000073 ], [ 22.600926591991659, -31.563775580140437 ], [ 22.595058342166293, -31.559080980280147 ], [ 22.589190092340928, -31.553212730454781 ], [ 22.583321842515563, -31.547344480629416 ], [ 22.578627242655269, -31.543823530734198 ], [ 22.573932642794979, -31.537955280908832 ], [ 22.569238042934685, -31.533260681048539 ] ] } },
{ "type": "Feature", "properties": { "LINE_START": "DROERIVIER", "LINE_END": "NUWEVELD", "DESIGN_VOL": 400.0, "LINE_STATU": "PLANNED", "BUILD_YEAR": null, "CHECK": null, "Length": null }, "geometry": { "type": "LineString", "coordinates": [ [ 22.518771094436545, -32.415845454783451 ], [ 22.521118394366692, -32.408803554993007 ], [ 22.523465694296839, -32.399414355272427 ], [ 22.52463934426191, -32.39237245548199 ], [ 22.526986644192057, -32.385330555691553 ], [ 22.529333944122204, -32.378288655901109 ], [ 22.532854894017422, -32.370073106145597 ], [ 22.535202193947569, -32.361857556390092 ], [ 22.537549493877716, -32.35364200663458 ], [ 22.539896793807859, -32.347773756809211 ], [ 22.542244093738006, -32.341905506983849 ], [ 22.543417743703081, -32.33603725715848 ], [ 22.545765043633224, -32.327821707402968 ], [ 22.5469386935983, -32.320779807612531 ], [ 22.549285993528443, -32.31491155778717 ], [ 22.55163329345859, -32.306696008031658 ], [ 22.55163329345859, -32.300827758206296 ], [ 22.552806943423665, -32.294959508380927 ], [ 22.555154243353812, -32.289091258555565 ], [ 22.556327893318883, -32.282049358765121 ], [ 22.55867519324903, -32.275007458974684 ], [ 22.559848843214102, -32.269139209149323 ], [ 22.559848843214102, -32.262097309358886 ], [ 22.561022493179173, -32.256229059533517 ], [ 22.561022493179173, -32.24918715974308 ], [ 22.561022493179173, -32.240971609987568 ], [ 22.561022493179173, -32.235103360162206 ], [ 22.559848843214102, -32.225714160441619 ], [ 22.55867519324903, -32.218672260651182 ], [ 22.55867519324903, -32.211630360860745 ], [ 22.557501543283955, -32.205762111035376 ], [ 22.556327893318883, -32.199893861210015 ], [ 22.553980593388737, -32.192851961419578 ], [ 22.55163329345859, -32.185810061629134 ], [ 22.550459643493518, -32.179941811803772 ], [ 22.5469386935983, -32.174073561978403 ], [ 22.543417743703081, -32.168205312153042 ], [ 22.539896793807859, -32.16233706232768 ], [ 22.536375843912641, -32.156468812502311 ], [ 22.532854894017422, -32.151774212642017 ], [ 22.52463934426191, -32.141211362956362 ], [ 22.51994474440162, -32.135343113131 ], [ 22.515250144541326, -32.125953913410413 ], [ 22.511729194646108, -32.121259313550119 ], [ 22.50820824475089, -32.114217413759683 ], [ 22.505860944820743, -32.10600186400417 ], [ 22.502339994925524, -32.098959964213734 ], [ 22.497645395065231, -32.091918064423297 ], [ 22.495298095135087, -32.08487616463286 ], [ 22.489429845309722, -32.075486964912272 ], [ 22.487082545379575, -32.068445065121836 ], [ 22.483561595484357, -32.060229515366323 ], [ 22.480040645589135, -32.048493015715593 ], [ 22.478866995624063, -32.037930166029938 ], [ 22.476519695693916, -32.030888266239501 ], [ 22.474172395763773, -32.023846366449064 ], [ 22.471825095833626, -32.012109866798333 ], [ 22.469477795903479, -32.005067967007889 ], [ 22.468304145938408, -31.998026067217452 ], [ 22.468304145938408, -31.992157817392091 ], [ 22.467130495973333, -31.981594967706432 ], [ 22.467130495973333, -31.972205767985848 ], [ 22.467130495973333, -31.965163868195411 ], [ 22.467130495973333, -31.954601018509752 ], [ 22.467130495973333, -31.94638546875424 ], [ 22.467130495973333, -31.940517218928875 ], [ 22.467130495973333, -31.933475319138438 ], [ 22.467130495973333, -31.925259769382926 ], [ 22.467130495973333, -31.918217869592489 ], [ 22.467130495973333, -31.911175969802052 ], [ 22.467130495973333, -31.900613120116393 ], [ 22.467130495973333, -31.893571220325956 ], [ 22.468304145938408, -31.886529320535516 ], [ 22.469477795903479, -31.880661070710151 ], [ 22.471825095833626, -31.874792820884785 ] ] } },
{ "type": "Feature", "properties": { "LINE_START": "NUWEVELD", "LINE_END": "GAMMA", "DESIGN_VOL": 400.0, "LINE_STATU": "PLANNED", "BUILD_YEAR": null, "CHECK": null, "Length": null }, "geometry": { "type": "LineString", "coordinates": [ [ 22.484735245449428, -31.872445520954642 ], [ 22.491777145239865, -31.873619170919714 ], [ 22.499992694995377, -31.874792820884785 ], [ 22.507034594785814, -31.874792820884785 ], [ 22.515250144541326, -31.87596647084986 ], [ 22.52463934426191, -31.878313770780007 ], [ 22.532854894017422, -31.884182020605373 ], [ 22.537549493877712, -31.887702970500591 ], [ 22.543417743703078, -31.888876620465663 ], [ 22.550459643493518, -31.891223920395809 ], [ 22.557501543283955, -31.893571220325956 ], [ 22.564543443074392, -31.897092170221175 ], [ 22.570411692899757, -31.898265820186246 ], [ 22.575106292760051, -31.901786770081465 ], [ 22.583321842515559, -31.90296042004654 ], [ 22.589190092340925, -31.904134070011612 ], [ 22.597405642096437, -31.905307719976687 ], [ 22.605621191851949, -31.906481369941758 ], [ 22.613836741607461, -31.90765501990683 ], [ 22.623225941328045, -31.908828669871905 ], [ 22.650219890524724, -31.912349619767124 ], [ 22.667824640000816, -31.915870569662342 ], [ 22.68425573951184, -31.918217869592489 ], [ 22.697165889127643, -31.920565169522636 ], [ 22.703034138953008, -31.921738819487707 ], [ 22.708902388778373, -31.921738819487707 ], [ 22.714770638603738, -31.921738819487707 ], [ 22.720638888429104, -31.920565169522636 ], [ 22.728854438184616, -31.919391519557561 ], [ 22.7382436379052, -31.918217869592489 ], [ 22.748806487590855, -31.918217869592489 ], [ 22.755848387381295, -31.918217869592489 ], [ 22.761716637206661, -31.918217869592489 ], [ 22.769932186962169, -31.917044219627414 ], [ 22.7816686866129, -31.917044219627414 ], [ 22.789884236368412, -31.915870569662342 ], [ 22.802794385984214, -31.915870569662342 ], [ 22.809836285774654, -31.915870569662342 ], [ 22.816878185565091, -31.915870569662342 ], [ 22.822746435390457, -31.915870569662342 ], [ 22.83213563511104, -31.915870569662342 ], [ 22.840351184866552, -31.914696919697271 ], [ 22.848566734622064, -31.914696919697271 ], [ 22.85443498444743, -31.913523269732195 ], [ 22.861476884237867, -31.912349619767124 ], [ 22.867345134063232, -31.911175969802052 ], [ 22.876734333783816, -31.910002319836977 ], [ 22.884949883539328, -31.908828669871905 ], [ 22.890818133364693, -31.90765501990683 ], [ 22.899033683120201, -31.906481369941758 ], [ 22.908422882840785, -31.905307719976687 ], [ 22.91429113266615, -31.905307719976687 ], [ 22.920159382491516, -31.904134070011612 ], [ 22.929548582212099, -31.901786770081465 ], [ 22.937764131967612, -31.900613120116393 ], [ 22.945979681723124, -31.899439470151322 ], [ 22.951847931548489, -31.899439470151322 ], [ 22.958889831338926, -31.899439470151322 ], [ 22.964758081164291, -31.898265820186246 ], [ 22.971799980954728, -31.898265820186246 ], [ 22.98001553071024, -31.897092170221175 ], [ 22.987057430500681, -31.897092170221175 ], [ 22.994099330291117, -31.897092170221175 ], [ 23.004662179976773, -31.897092170221175 ], [ 23.010530429802138, -31.895918520256103 ], [ 23.016398679627503, -31.894744870291028 ], [ 23.026961529313162, -31.891223920395809 ], [ 23.034003429103599, -31.887702970500591 ], [ 23.042218978859111, -31.884182020605373 ], [ 23.048087228684476, -31.880661070710151 ], [ 23.053955478509842, -31.878313770780007 ], [ 23.060997378300279, -31.874792820884785 ], [ 23.068039278090716, -31.870098221024495 ], [ 23.076254827846228, -31.866577271129277 ], [ 23.082123077671593, -31.863056321234058 ], [ 23.090338627427105, -31.856014421443618 ], [ 23.097380527217542, -31.851319821583328 ], [ 23.103248777042907, -31.847798871688106 ], [ 23.110290676833344, -31.843104271827816 ], [ 23.116158926658709, -31.840756971897669 ], [ 23.12320082644915, -31.836062372037379 ], [ 23.129069076274515, -31.831367772177085 ], [ 23.136110976064952, -31.827846822281867 ], [ 23.141979225890317, -31.82549952235172 ], [ 23.147847475715682, -31.823152222421573 ], [ 23.153715725541048, -31.820804922491426 ], [ 23.159583975366413, -31.818457622561283 ], [ 23.168973175086997, -31.814936672666065 ], [ 23.176015074877434, -31.811415722770843 ], [ 23.184230624632946, -31.807894772875624 ], [ 23.192446174388458, -31.804373822980406 ], [ 23.198314424213823, -31.800852873085187 ], [ 23.206529973969332, -31.797331923189969 ], [ 23.212398223794697, -31.794984623259822 ], [ 23.218266473620062, -31.791463673364603 ], [ 23.224134723445427, -31.789116373434457 ], [ 23.230002973270793, -31.785595423539238 ], [ 23.237044873061233, -31.78207447364402 ], [ 23.241739472921523, -31.778553523748798 ], [ 23.247607722746888, -31.776206223818654 ], [ 23.253475972572254, -31.772685273923436 ], [ 23.259344222397619, -31.769164324028214 ], [ 23.266386122188056, -31.765643374132996 ], [ 23.274601671943568, -31.762122424237777 ], [ 23.281643571734005, -31.758601474342559 ], [ 23.294553721349811, -31.751559574552118 ], [ 23.306290221000541, -31.746864974691828 ], [ 23.31450577075605, -31.742170374831534 ], [ 23.320374020581415, -31.739823074901391 ], [ 23.325068620441709, -31.736302125006169 ], [ 23.330936870267074, -31.732781175110951 ], [ 23.336805120092439, -31.729260225215732 ], [ 23.341499719952729, -31.725739275320514 ], [ 23.346194319813023, -31.72104467546022 ], [ 23.35323621960346, -31.71635007559993 ], [ 23.360278119393897, -31.711655475739637 ], [ 23.366146369219265, -31.706960875879346 ], [ 23.372014619044627, -31.702266276019053 ], [ 23.377882868869992, -31.698745326123834 ], [ 23.383751118695358, -31.694050726263541 ], [ 23.390793018485798, -31.689356126403251 ] ] } },
{ "type": "Feature", "properties": { "LINE_START": "NUWEVELD", "LINE_END": "GAMMA", "DESIGN_VOL": 400.0, "LINE_STATU": "PLANNED", "BUILD_YEAR": null, "CHECK": null, "Length": null }, "geometry": { "type": "LineString", "coordinates": [ [ 22.487082545379572, -31.888876620465663 ], [ 22.491777145239865, -31.892397570360881 ], [ 22.496471745100159, -31.895918520256103 ], [ 22.503513644890596, -31.90296042004654 ], [ 22.51290284461118, -31.910002319836977 ], [ 22.518771094436545, -31.913523269732195 ], [ 22.530507594087275, -31.921738819487707 ], [ 22.537549493877712, -31.925259769382926 ], [ 22.545765043633224, -31.927607069313073 ], [ 22.552806943423661, -31.928780719278144 ], [ 22.559848843214102, -31.931128019208291 ], [ 22.570411692899757, -31.932301669173366 ], [ 22.576279942725122, -31.933475319138438 ], [ 22.583321842515559, -31.935822619068585 ], [ 22.591537392271071, -31.935822619068585 ], [ 22.597405642096437, -31.936996269033656 ], [ 22.603273891921802, -31.938169918998732 ], [ 22.610315791712239, -31.938169918998732 ], [ 22.616184041537604, -31.938169918998732 ], [ 22.623225941328045, -31.938169918998732 ], [ 22.630267841118481, -31.939343568963803 ], [ 22.636136090943847, -31.939343568963803 ], [ 22.642004340769212, -31.940517218928875 ], [ 22.647872590594577, -31.940517218928875 ], [ 22.654914490385014, -31.94169086889395 ], [ 22.660782740210379, -31.942864518859022 ], [ 22.666650990035745, -31.945211818789168 ], [ 22.679561139651547, -31.94638546875424 ], [ 22.692471289267353, -31.948732768684387 ], [ 22.698339539092718, -31.948732768684387 ], [ 22.714770638603738, -31.949906418649459 ], [ 22.724159838324322, -31.949906418649459 ], [ 22.730028088149687, -31.949906418649459 ], [ 22.735896337975053, -31.949906418649459 ], [ 22.742938237765493, -31.949906418649459 ], [ 22.748806487590855, -31.949906418649459 ], [ 22.757022037346367, -31.949906418649459 ], [ 22.772279486892316, -31.949906418649459 ], [ 22.784015986543046, -31.949906418649459 ], [ 22.805141685914361, -31.949906418649459 ], [ 22.825093735320603, -31.949906418649459 ], [ 22.835656585006259, -31.949906418649459 ], [ 22.841524834831624, -31.949906418649459 ], [ 22.847393084656989, -31.949906418649459 ], [ 22.853261334482355, -31.949906418649459 ], [ 22.862650534202938, -31.949906418649459 ], [ 22.87086608395845, -31.949906418649459 ], [ 22.887297183469471, -31.947559118719315 ], [ 22.896686383190058, -31.947559118719315 ], [ 22.910770182770932, -31.94638546875424 ], [ 22.917812082561372, -31.94638546875424 ], [ 22.927201282281956, -31.94638546875424 ], [ 22.933069532107321, -31.945211818789168 ], [ 22.938937781932687, -31.944038168824093 ], [ 22.949500631618342, -31.94169086889395 ], [ 22.958889831338926, -31.940517218928875 ], [ 22.970626330989656, -31.939343568963803 ], [ 22.982362830640387, -31.936996269033656 ], [ 22.990578380395899, -31.935822619068585 ], [ 22.997620280186336, -31.93464896910351 ], [ 23.00700947990692, -31.932301669173366 ], [ 23.012877729732285, -31.931128019208291 ], [ 23.023440579417944, -31.927607069313073 ], [ 23.034003429103599, -31.925259769382926 ], [ 23.041045328894036, -31.922912469452779 ], [ 23.046913578719401, -31.920565169522636 ], [ 23.053955478509842, -31.915870569662342 ], [ 23.060997378300279, -31.913523269732195 ], [ 23.068039278090716, -31.910002319836977 ], [ 23.075081177881156, -31.90765501990683 ], [ 23.080949427706521, -31.905307719976687 ], [ 23.086817677531887, -31.901786770081465 ], [ 23.097380527217542, -31.899439470151322 ], [ 23.104422427007982, -31.897092170221175 ], [ 23.110290676833344, -31.895918520256103 ], [ 23.118506226588856, -31.891223920395809 ], [ 23.124374476414221, -31.887702970500591 ], [ 23.130242726239587, -31.885355670570444 ], [ 23.138458275995099, -31.881834720675226 ], [ 23.144326525820464, -31.879487420745079 ], [ 23.152542075575973, -31.87596647084986 ], [ 23.163104925261631, -31.872445520954642 ], [ 23.171320475017144, -31.868924571059424 ], [ 23.17836237480758, -31.86422997119913 ], [ 23.184230624632946, -31.861882671268983 ], [ 23.191272524423383, -31.858361721373765 ], [ 23.198314424213823, -31.856014421443618 ], [ 23.20535632400426, -31.852493471548399 ], [ 23.214745523724844, -31.846625221723034 ], [ 23.225308373410503, -31.841930621862744 ], [ 23.233523923166011, -31.838409671967522 ], [ 23.240565822956452, -31.836062372037379 ], [ 23.24878137271196, -31.830194122212013 ], [ 23.264038822257913, -31.824325872386648 ], [ 23.268733422118203, -31.820804922491426 ], [ 23.279296271803862, -31.817283972596208 ], [ 23.283990871664152, -31.813763022700989 ], [ 23.289859121489517, -31.811415722770843 ], [ 23.295727371314882, -31.807894772875624 ], [ 23.300421971175176, -31.804373822980406 ], [ 23.306290221000541, -31.799679223120116 ], [ 23.315679420721125, -31.79381097329475 ], [ 23.325068620441709, -31.785595423539238 ], [ 23.330936870267074, -31.780900823678945 ], [ 23.340326069987658, -31.775032573853579 ], [ 23.347367969778094, -31.769164324028214 ], [ 23.352062569638388, -31.764469724167924 ], [ 23.356757169498678, -31.760948774272705 ], [ 23.361451769358972, -31.757427824377487 ], [ 23.367320019184337, -31.752733224517193 ], [ 23.372014619044627, -31.749212274621975 ], [ 23.376709218904921, -31.744517674761681 ], [ 23.381403818765214, -31.738649424936316 ], [ 23.387272068590576, -31.732781175110951 ], [ 23.39196666845087, -31.729260225215732 ], [ 23.397834918276235, -31.723391975390367 ], [ 23.401355868171454, -31.718697375530077 ], [ 23.406050468031747, -31.712829125704712 ], [ 23.409571417926966, -31.708134525844418 ] ] } },
{ "type": "Feature", "properties": { "LINE_START": "LOXTON", "LINE_END": "SIYONEZA", "DESIGN_VOL": 400.0, "LINE_STATU": "PLANNED", "BUILD_YEAR": null, "CHECK": null, "Length": null }, "geometry": { "type": "LineString", "coordinates": [ [ 22.565717093039463, -31.543823530734201 ], [ 22.571585342864829, -31.543823530734201 ], [ 22.577453592690194, -31.543823530734201 ], [ 22.584495492480631, -31.544997180699276 ], [ 22.590363742305996, -31.546170830664348 ], [ 22.597405642096437, -31.548518130594495 ], [ 22.603273891921802, -31.549691780559566 ], [ 22.610315791712239, -31.549691780559566 ], [ 22.617357691502676, -31.550865430524638 ], [ 22.624399591293116, -31.553212730454785 ], [ 22.6337887910137, -31.55438638041986 ], [ 22.642004340769212, -31.555560030384932 ], [ 22.647872590594574, -31.556733680350003 ], [ 22.654914490385014, -31.556733680350003 ], [ 22.660782740210379, -31.556733680350003 ], [ 22.668998289965892, -31.557907330315079 ], [ 22.6772138397214, -31.557907330315079 ], [ 22.686603039441984, -31.557907330315079 ], [ 22.695992239162571, -31.557907330315079 ], [ 22.708902388778373, -31.557907330315079 ], [ 22.714770638603738, -31.557907330315079 ], [ 22.725333488289394, -31.557907330315079 ], [ 22.731201738114759, -31.557907330315079 ], [ 22.7382436379052, -31.556733680350003 ], [ 22.744111887730561, -31.556733680350003 ], [ 22.751153787521002, -31.55438638041986 ], [ 22.757022037346367, -31.552039080489713 ], [ 22.767584887032022, -31.548518130594495 ], [ 22.773453136857388, -31.546170830664348 ], [ 22.782842336577971, -31.544997180699276 ], [ 22.788710586403337, -31.543823530734201 ], [ 22.794578836228702, -31.54264988076913 ], [ 22.800447086054067, -31.541476230804054 ], [ 22.809836285774651, -31.539128930873908 ], [ 22.815704535600016, -31.539128930873908 ], [ 22.8250937353206, -31.537955280908836 ], [ 22.834482935041187, -31.535607980978689 ], [ 22.846219434691914, -31.533260681048546 ], [ 22.855608634412498, -31.530913381118399 ], [ 22.862650534202938, -31.529739731153324 ], [ 22.869692433993375, -31.527392431223181 ], [ 22.87556068381874, -31.526218781258105 ], [ 22.881428933644106, -31.522697831362887 ], [ 22.887297183469471, -31.519176881467668 ], [ 22.893165433294836, -31.51565593157245 ], [ 22.90255463301542, -31.510961331712156 ], [ 22.910770182770932, -31.505093081886791 ], [ 22.915464782631222, -31.501572131991573 ], [ 22.923680332386734, -31.498051182096354 ], [ 22.936590482002536, -31.489835632340842 ], [ 22.943632381792977, -31.483967382515477 ], [ 22.948326981653267, -31.480446432620258 ], [ 22.953021581513561, -31.47692548272504 ], [ 22.961237131269073, -31.4698835829346 ], [ 22.969452681024581, -31.465188983074309 ], [ 22.975320930849946, -31.461668033179091 ], [ 22.981189180675312, -31.455799783353726 ], [ 22.987057430500677, -31.452278833458507 ], [ 22.991752030360971, -31.448757883563289 ], [ 22.998793930151407, -31.444063283702995 ], [ 23.003488530011701, -31.440542333807777 ], [ 23.01170407976721, -31.434674083982411 ], [ 23.017572329592575, -31.431153134087193 ], [ 23.029308829243305, -31.424111234296753 ], [ 23.037524378998818, -31.419416634436462 ], [ 23.043392628824183, -31.415895684541244 ], [ 23.051608178579695, -31.41120108468095 ], [ 23.060997378300279, -31.407680134785732 ], [ 23.071560227985934, -31.401811884960367 ], [ 23.082123077671593, -31.397117285100073 ], [ 23.090338627427101, -31.393596335204855 ], [ 23.097380527217542, -31.391249035274708 ], [ 23.103248777042907, -31.387728085379489 ], [ 23.110290676833344, -31.383033485519199 ], [ 23.117332576623781, -31.379512535623981 ], [ 23.123200826449146, -31.375991585728759 ], [ 23.131416376204658, -31.37247063583354 ], [ 23.136110976064952, -31.368949685938322 ], [ 23.140805575925242, -31.365428736043103 ], [ 23.153715725541048, -31.358386836252663 ], [ 23.160757625331485, -31.353692236392373 ], [ 23.16662587515685, -31.350171286497154 ], [ 23.173667774947287, -31.346650336601936 ], [ 23.180709674737727, -31.341955736741642 ], [ 23.187751574528164, -31.336087486916277 ], [ 23.194793474318601, -31.32904558712584 ], [ 23.199488074178895, -31.325524637230622 ], [ 23.20535632400426, -31.319656387405256 ], [ 23.211224573829625, -31.313788137579891 ], [ 23.218266473620062, -31.307919887754526 ], [ 23.222961073480356, -31.303225287894232 ], [ 23.228829323305717, -31.297357038068867 ], [ 23.234697573131083, -31.291488788243502 ], [ 23.241739472921523, -31.285620538418137 ], [ 23.247607722746888, -31.280925938557846 ], [ 23.253475972572254, -31.275057688732481 ], [ 23.260517872362691, -31.268015788942044 ], [ 23.265212472222984, -31.263321189081751 ], [ 23.269907072083274, -31.259800239186532 ], [ 23.274601671943568, -31.255105639326239 ], [ 23.279296271803858, -31.25158468943102 ], [ 23.282817221699077, -31.246890089570726 ], [ 23.28751182155937, -31.242195489710436 ], [ 23.292206421419664, -31.237500889850143 ], [ 23.298074671245026, -31.232806289989853 ], [ 23.302769271105319, -31.228111690129559 ], [ 23.308637520930684, -31.223417090269269 ], [ 23.312158470825903, -31.218722490408975 ], [ 23.316853070686197, -31.214027890548685 ], [ 23.322721320511562, -31.20815964072332 ], [ 23.328589570336927, -31.202291390897955 ], [ 23.333284170197217, -31.198770441002736 ], [ 23.340326069987654, -31.190554891247224 ], [ 23.347367969778094, -31.184686641421859 ], [ 23.352062569638385, -31.176471091666347 ], [ 23.355583519533607, -31.171776491806057 ], [ 23.359104469428825, -31.167081891945763 ], [ 23.361451769358972, -31.161213642120398 ], [ 23.36497271925419, -31.156519042260104 ], [ 23.36966731911448, -31.149477142469667 ], [ 23.374361918974774, -31.14243524267923 ], [ 23.380230168800139, -31.134219692923718 ], [ 23.383751118695358, -31.128351443098353 ], [ 23.387272068590576, -31.123656843238059 ], [ 23.390793018485795, -31.118962243377769 ], [ 23.394313968381013, -31.114267643517476 ], [ 23.407224117996819, -31.102531143866749 ], [ 23.414266017787256, -31.096662894041383 ], [ 23.418960617647549, -31.093141944146161 ], [ 23.423655217507839, -31.088447344285871 ], [ 23.429523467333205, -31.084926394390653 ], [ 23.436565367123642, -31.081405444495431 ], [ 23.442433616949007, -31.077884494600212 ], [ 23.4471282168093, -31.074363544704994 ], [ 23.451822816669594, -31.070842594809776 ], [ 23.457691066494959, -31.068495294879629 ], [ 23.462385666355249, -31.063800695019339 ], [ 23.470601216110762, -31.059106095159045 ], [ 23.477643115901198, -31.055585145263827 ], [ 23.482337715761492, -31.052064195368608 ], [ 23.487032315621782, -31.047369595508314 ], [ 23.491726915482076, -31.043848645613096 ], [ 23.499942465237588, -31.037980395787731 ], [ 23.504637065097878, -31.033285795927441 ], [ 23.511678964888315, -31.028591196067147 ], [ 23.51754721471368, -31.023896596206853 ], [ 23.522241814573974, -31.019201996346563 ], [ 23.528110064399339, -31.013333746521198 ], [ 23.533978314224704, -31.007465496695833 ], [ 23.543367513945288, -30.998076296975249 ], [ 23.5515830637008, -30.993381697114955 ], [ 23.55627766356109, -30.988687097254665 ], [ 23.558624963491237, -30.9828188474293 ], [ 23.562145913386455, -30.97577694763886 ], [ 23.565666863281674, -30.971082347778569 ], [ 23.569187813176896, -30.966387747918276 ], [ 23.572708763072114, -30.959345848127839 ], [ 23.576229712967333, -30.954651248267545 ], [ 23.57857701289748, -30.94878299844218 ] ] } },
{ "type": "Feature", "properties": { "LINE_START": "LOXTON", "LINE_END": "SIYONEZA", "DESIGN_VOL": 400.0, "LINE_STATU": "PLANNED", "BUILD_YEAR": null, "CHECK": null, "Length": null }, "geometry": { "type": "LineString", "coordinates": [ [ 22.572758992829904, -31.562601930175369 ], [ 22.577453592690194, -31.566122880070587 ], [ 22.584495492480631, -31.568470180000734 ], [ 22.590363742305996, -31.569643829965809 ], [ 22.599752942026583, -31.571991129895952 ], [ 22.605621191851945, -31.574338429826099 ], [ 22.615010391572532, -31.576685729756246 ], [ 22.625573241258188, -31.579033029686393 ], [ 22.631441491083553, -31.580206679651464 ], [ 22.637309740908918, -31.580206679651464 ], [ 22.64552529066443, -31.580206679651464 ], [ 22.651393540489796, -31.58138032961654 ], [ 22.658435440280233, -31.582553979581611 ], [ 22.665477340070669, -31.584901279511758 ], [ 22.671345589896035, -31.58607492947683 ], [ 22.678387489686475, -31.58607492947683 ], [ 22.68425573951184, -31.58607492947683 ], [ 22.691297639302277, -31.58607492947683 ], [ 22.697165889127643, -31.58607492947683 ], [ 22.703034138953008, -31.58607492947683 ], [ 22.71124968870852, -31.58607492947683 ], [ 22.718291588498957, -31.58607492947683 ], [ 22.727680788219541, -31.58607492947683 ], [ 22.737069987940124, -31.58607492947683 ], [ 22.746459187660708, -31.58607492947683 ], [ 22.753501087451149, -31.584901279511758 ], [ 22.759369337276514, -31.583727629546683 ], [ 22.768758536997098, -31.582553979581611 ], [ 22.785189636508118, -31.580206679651464 ], [ 22.792231536298555, -31.579033029686393 ], [ 22.79809978612392, -31.579033029686393 ], [ 22.803968035949286, -31.577859379721318 ], [ 22.809836285774651, -31.575512079791174 ], [ 22.818051835530163, -31.571991129895952 ], [ 22.8250937353206, -31.568470180000734 ], [ 22.830961985145965, -31.566122880070587 ], [ 22.83683023497133, -31.564949230105515 ], [ 22.841524834831624, -31.561428280210297 ], [ 22.849740384587136, -31.557907330315079 ], [ 22.855608634412498, -31.555560030384932 ], [ 22.862650534202938, -31.552039080489713 ], [ 22.868518784028304, -31.54734448062942 ], [ 22.87556068381874, -31.543823530734201 ], [ 22.884949883539324, -31.537955280908836 ], [ 22.890818133364689, -31.535607980978689 ], [ 22.900207333085273, -31.529739731153324 ], [ 22.911943832736004, -31.522697831362887 ], [ 22.920159382491516, -31.518003231502597 ], [ 22.926027632316881, -31.51565593157245 ], [ 22.930722232177171, -31.512134981677232 ], [ 22.937764131967612, -31.509787681747085 ], [ 22.942458731827902, -31.506266731851866 ], [ 22.949500631618342, -31.502745781956644 ], [ 22.954195231478632, -31.499224832061426 ], [ 22.961237131269073, -31.495703882166207 ], [ 22.969452681024581, -31.489835632340842 ], [ 22.976494580815022, -31.486314682445624 ], [ 22.982362830640387, -31.482793732550405 ], [ 22.989404730430824, -31.479272782655187 ], [ 22.998793930151407, -31.474578182794893 ], [ 23.004662179976773, -31.4698835829346 ], [ 23.010530429802138, -31.466362633039381 ], [ 23.017572329592575, -31.461668033179091 ], [ 23.024614229383015, -31.458147083283873 ], [ 23.030482479208381, -31.455799783353726 ], [ 23.036350729033746, -31.452278833458507 ], [ 23.046913578719401, -31.447584233598214 ], [ 23.052781828544767, -31.444063283702995 ], [ 23.05747642840506, -31.440542333807777 ], [ 23.063344678230422, -31.437021383912558 ], [ 23.069212928055787, -31.434674083982411 ], [ 23.076254827846228, -31.429979484122118 ], [ 23.08447037760174, -31.424111234296753 ], [ 23.091512277392177, -31.419416634436462 ], [ 23.099727827147689, -31.413548384611097 ], [ 23.106769726938126, -31.410027434715879 ], [ 23.112637976763491, -31.40650648482066 ], [ 23.119679876553928, -31.400638234995291 ], [ 23.126721776344368, -31.397117285100073 ], [ 23.13259002616973, -31.393596335204855 ], [ 23.137284626030024, -31.390075385309636 ], [ 23.14432652582046, -31.385380785449343 ], [ 23.150194775645826, -31.383033485519199 ], [ 23.154889375506119, -31.379512535623981 ], [ 23.160757625331485, -31.377165235693834 ], [ 23.165452225191775, -31.373644285798616 ], [ 23.17132047501714, -31.371296985868469 ], [ 23.17836237480758, -31.36777603597325 ], [ 23.185404274598017, -31.364255086078028 ], [ 23.192446174388454, -31.36073413618281 ], [ 23.19831442421382, -31.357213186287591 ], [ 23.203009024074113, -31.353692236392373 ], [ 23.208877273899478, -31.350171286497154 ], [ 23.214745523724844, -31.346650336601936 ], [ 23.220613773550209, -31.343129386706714 ], [ 23.226482023375574, -31.339608436811496 ], [ 23.232350273200939, -31.337261136881352 ], [ 23.242913122886595, -31.330219237090912 ], [ 23.254649622537325, -31.324350987265547 ], [ 23.260517872362691, -31.320830037370328 ], [ 23.267559772153128, -31.316135437510034 ], [ 23.272254372013421, -31.312614487614816 ], [ 23.278122621838786, -31.309093537719598 ], [ 23.283990871664152, -31.303225287894232 ], [ 23.288685471524442, -31.298530688033942 ], [ 23.295727371314882, -31.291488788243502 ], [ 23.306290221000538, -31.280925938557846 ], [ 23.313332120790978, -31.273884038767406 ], [ 23.318026720651268, -31.270363088872188 ], [ 23.322721320511562, -31.264494839046822 ], [ 23.327415920371852, -31.259800239186532 ], [ 23.33093687026707, -31.255105639326239 ], [ 23.335631470127364, -31.249237389500873 ], [ 23.341499719952729, -31.242195489710436 ], [ 23.346194319813019, -31.235153589919999 ], [ 23.352062569638385, -31.228111690129559 ], [ 23.356757169498678, -31.222243440304194 ], [ 23.361451769358972, -31.216375190478828 ], [ 23.36497271925419, -31.211680590618538 ], [ 23.368493669149409, -31.206985990758245 ], [ 23.372014619044627, -31.201117740932879 ], [ 23.377882868869992, -31.194075841142443 ], [ 23.381403818765211, -31.188207591317077 ], [ 23.384924768660429, -31.183512991456784 ], [ 23.388445718555651, -31.178818391596494 ], [ 23.39196666845087, -31.1741237917362 ], [ 23.39666126831116, -31.16942919187591 ], [ 23.400182218206378, -31.164734592015616 ], [ 23.4037031681016, -31.160039992155326 ], [ 23.410745067892037, -31.152998092364886 ], [ 23.414266017787256, -31.148303492504596 ], [ 23.418960617647549, -31.143608892644302 ], [ 23.424828867472915, -31.137740642818937 ], [ 23.43069711729828, -31.131872392993571 ], [ 23.43539171715857, -31.126004143168206 ], [ 23.440086317018864, -31.121309543307916 ], [ 23.444780916879154, -31.116614943447622 ], [ 23.448301866774372, -31.111920343587332 ], [ 23.456517416529884, -31.104878443796892 ], [ 23.461212016390178, -31.101357493901673 ], [ 23.465906616250468, -31.096662894041383 ], [ 23.471774866075833, -31.093141944146161 ], [ 23.476469465936127, -31.088447344285871 ], [ 23.485858665656711, -31.081405444495431 ], [ 23.490553265517001, -31.077884494600212 ], [ 23.496421515342366, -31.072016244774847 ], [ 23.502289765167731, -31.066147994949482 ], [ 23.508158014993096, -31.061453395089192 ], [ 23.514026264818462, -31.056758795228898 ], [ 23.519894514643827, -31.05323784533368 ], [ 23.529283714364411, -31.045022295578168 ], [ 23.533978314224704, -31.040327695717878 ], [ 23.538672914084994, -31.036806745822659 ], [ 23.546888463840506, -31.032112145962365 ], [ 23.557451313526165, -31.023896596206853 ], [ 23.562145913386455, -31.019201996346563 ], [ 23.566840513246749, -31.015681046451345 ], [ 23.570361463141968, -31.010986446591051 ], [ 23.575056063002258, -31.002770896835539 ], [ 23.57857701289748, -30.996902647010174 ], [ 23.586792562652988, -30.983992497394372 ], [ 23.589139862583135, -30.978124247569006 ], [ 23.596181762373575, -30.968735047848423 ], [ 23.599702712268794, -30.960519498092911 ], [ 23.602050012198937, -30.954651248267545 ], [ 23.598529062303719, -30.949956648407255 ], [ 23.593834462443429, -30.946435698512037 ] ] } },
{ "type": "Feature", "properties": { "LINE_START": "SIYONEZA", "LINE_END": "HYDRA", "DESIGN_VOL": 765.0, "LINE_STATU": "PLANNED", "BUILD_YEAR": null, "CHECK": "OK", "Length": 82570.4 }, "geometry": { "type": "LineString", "coordinates": [ [ 23.582025180380676, -30.956678681582499 ], [ 23.592237546495529, -30.966105481073132 ], [ 23.595379812992405, -30.969247747570009 ], [ 23.607163312355695, -30.977888980436422 ], [ 23.616590111846328, -30.985744646678615 ], [ 23.626016911336961, -30.993600312920808 ], [ 23.631515877706494, -30.999099279290345 ], [ 23.635443710827595, -31.002241545787221 ], [ 23.638585977324471, -31.004598245659878 ], [ 23.642513810445568, -31.006954945532538 ], [ 23.644870510318224, -31.010097212029414 ], [ 23.648012776815101, -31.017167311647391 ], [ 23.651940609936201, -31.021880711392704 ], [ 23.654297309808857, -31.025022977889584 ], [ 23.657439576305734, -31.028950811010681 ], [ 23.660581842802614, -31.032093077507557 ], [ 23.662938542675271, -31.035235344004434 ], [ 23.664509675923711, -31.039163177125531 ], [ 23.666866375796367, -31.043876576870847 ], [ 23.669223075669024, -31.047018843367724 ], [ 23.672365342165904, -31.05251780973726 ], [ 23.67472204203856, -31.055660076234137 ], [ 23.67707874191122, -31.058802342731013 ], [ 23.679435441783877, -31.061944609227893 ], [ 23.681792141656533, -31.06508687572477 ], [ 23.684148841529193, -31.069800275470087 ], [ 23.68650554140185, -31.072942541966963 ], [ 23.68964780789873, -31.07687037508806 ], [ 23.692790074395607, -31.082369341457596 ], [ 23.695146774268263, -31.086297174578693 ], [ 23.69828904076514, -31.089439441075569 ], [ 23.7006457406378, -31.092581707572446 ], [ 23.703002440510456, -31.095723974069326 ], [ 23.705359140383116, -31.099651807190423 ], [ 23.709286973504213, -31.103579640311519 ], [ 23.713214806625309, -31.107507473432616 ], [ 23.716357073122186, -31.110649739929492 ], [ 23.718713772994846, -31.113792006426369 ], [ 23.721856039491723, -31.116148706299029 ], [ 23.724998305988599, -31.119290972795906 ], [ 23.728926139109696, -31.122433239292782 ], [ 23.733639538855012, -31.124789939165442 ], [ 23.737567371976109, -31.126361072413879 ], [ 23.741495205097205, -31.127932205662319 ], [ 23.745423038218302, -31.127146639038099 ], [ 23.748565304715179, -31.124789939165442 ], [ 23.752493137836275, -31.123218805917002 ], [ 23.757992104205812, -31.119290972795906 ], [ 23.760348804078472, -31.116148706299029 ], [ 23.764276637199568, -31.112220873177932 ], [ 23.768204470320665, -31.107507473432616 ], [ 23.772132303441762, -31.102008507063079 ], [ 23.776060136562858, -31.097295107317763 ], [ 23.779987969683955, -31.094152840820886 ], [ 23.783130236180831, -31.091010574324009 ], [ 23.787058069301928, -31.087868307827133 ], [ 23.790985902423024, -31.085511607954473 ], [ 23.796484868792561, -31.082369341457596 ], [ 23.800412701913658, -31.07922707496072 ], [ 23.804340535034754, -31.07608480846384 ], [ 23.807482801531631, -31.072942541966963 ], [ 23.810625068028507, -31.070585842094307 ], [ 23.813767334525387, -31.067443575597427 ], [ 23.817695167646484, -31.06430130910055 ], [ 23.82083743414336, -31.061159042603673 ], [ 23.824765267264457, -31.058016776106797 ], [ 23.827907533761334, -31.054874509609917 ], [ 23.831049800258214, -31.05251780973726 ], [ 23.83419206675509, -31.049375543240384 ], [ 23.836548766627747, -31.046233276743507 ], [ 23.838119899876187, -31.042305443622411 ], [ 23.840476599748843, -31.03837761050131 ], [ 23.842047732997283, -31.033664210755997 ], [ 23.842833299621503, -31.029736377634897 ], [ 23.84440443286994, -31.024237411265364 ], [ 23.84518999949416, -31.020309578144268 ], [ 23.84754669936682, -31.014810611774731 ], [ 23.848332265991036, -31.010882778653635 ], [ 23.849117832615256, -31.006954945532538 ], [ 23.851474532487916, -31.003027112411441 ], [ 23.853831232360573, -30.998313712666125 ], [ 23.856187932233233, -30.993600312920808 ], [ 23.85775906548167, -30.989672479799712 ], [ 23.860901331978546, -30.984959080054395 ], [ 23.863258031851206, -30.980245680309078 ], [ 23.866400298348083, -30.974746713939545 ], [ 23.867185864972303, -30.969247747570009 ], [ 23.869542564844959, -30.963748781200472 ], [ 23.871113698093399, -30.959820948079376 ], [ 23.872684831341839, -30.955893114958279 ], [ 23.875041531214496, -30.949608581964526 ], [ 23.879754930959812, -30.940967349098113 ], [ 23.880540497584033, -30.937039515977016 ], [ 23.883682764080909, -30.92996941635904 ], [ 23.886039463953566, -30.926041583237943 ], [ 23.888396163826226, -30.91975705024419 ], [ 23.890752863698882, -30.914258083874653 ], [ 23.891538430323102, -30.90875911750512 ], [ 23.892323996947322, -30.904045717759804 ], [ 23.893109563571542, -30.898546751390267 ], [ 23.894680696819979, -30.89304778502073 ], [ 23.895466263444199, -30.888334385275414 ], [ 23.897037396692639, -30.883620985530101 ], [ 23.897822963316859, -30.878907585784784 ], [ 23.898608529941075, -30.874979752663688 ], [ 23.900965229813735, -30.870266352918371 ], [ 23.902536363062172, -30.866338519797274 ], [ 23.904107496310612, -30.861625120051958 ], [ 23.904893062934832, -30.856911720306641 ], [ 23.906464196183272, -30.852983887185545 ], [ 23.908035329431709, -30.847484920816008 ], [ 23.908820896055929, -30.842771521070691 ], [ 23.911177595928585, -30.836486988076938 ], [ 23.912748729177025, -30.832559154955842 ], [ 23.914319862425465, -30.828631321834745 ], [ 23.916676562298122, -30.823132355465209 ], [ 23.919033262170778, -30.819204522344112 ], [ 23.921389962043438, -30.813705555974575 ], [ 23.924532228540315, -30.808206589605042 ], [ 23.926888928412975, -30.804278756483946 ], [ 23.930031194909851, -30.800350923362849 ], [ 23.933173461406728, -30.796423090241749 ], [ 23.935530161279388, -30.792495257120652 ], [ 23.939457994400485, -30.788567423999556 ], [ 23.941814694273141, -30.785425157502679 ], [ 23.944956960770018, -30.783068457630023 ], [ 23.948884793891114, -30.779140624508926 ], [ 23.953598193636431, -30.77442722476361 ], [ 23.957526026757527, -30.77128495826673 ], [ 23.963024993127064, -30.766571558521417 ], [ 23.971666225993477, -30.76107259215188 ], [ 23.976379625738794, -30.757930325655003 ], [ 23.98030745885989, -30.754788059158123 ], [ 23.985020858605207, -30.752431359285467 ], [ 23.99209095822318, -30.74850352616437 ], [ 23.996018791344277, -30.746146826291714 ], [ 24.000732191089593, -30.744575693043274 ], [ 24.00623115745913, -30.742218993170614 ], [ 24.015657956949759, -30.739076726673737 ], [ 24.01880022344664, -30.736720026801081 ], [ 24.024299189816173, -30.73514889355264 ], [ 24.029012589561489, -30.732792193679984 ], [ 24.033725989306806, -30.730435493807324 ], [ 24.037653822427902, -30.728864360558887 ], [ 24.041581655548999, -30.727293227310447 ], [ 24.044723922045875, -30.724936527437791 ], [ 24.049437321791192, -30.723365394189351 ], [ 24.053365154912289, -30.721794260940911 ], [ 24.056507421409169, -30.719437561068254 ], [ 24.062006387778702, -30.717866427819814 ] ] } },
{ "type": "Feature", "properties": { "LINE_START": "SIYONEZA", "LINE_END": "HYDRA", "DESIGN_VOL": 765.0, "LINE_STATU": "PLANNED", "BUILD_YEAR": null, "CHECK": "OK", "Length": 90990.4 }, "geometry": { "type": "LineString", "coordinates": [ [ 23.577311780635359, -30.957464248206719 ], [ 23.580454047132239, -30.962963214576256 ], [ 23.583596313629116, -30.966105481073132 ], [ 23.586738580125992, -30.968462180945789 ], [ 23.589095279998652, -30.971604447442665 ], [ 23.592237546495529, -30.973961147315325 ], [ 23.595379812992405, -30.977888980436422 ], [ 23.597736512865065, -30.981816813557518 ], [ 23.600878779361942, -30.985744646678615 ], [ 23.603235479234598, -30.990458046423932 ], [ 23.605592179107258, -30.993600312920808 ], [ 23.608734445604135, -30.999099279290345 ], [ 23.611876712101012, -31.003812679035661 ], [ 23.613447845349452, -31.007740512156758 ], [ 23.615804545222108, -31.013239478526291 ], [ 23.617375678470548, -31.017952878271608 ], [ 23.618946811718985, -31.022666278016924 ], [ 23.620517944967425, -31.028165244386461 ], [ 23.622089078215865, -31.036020910628654 ], [ 23.623660211464301, -31.042305443622411 ], [ 23.625231344712741, -31.047804409991944 ], [ 23.627588044585398, -31.05173224311304 ], [ 23.629159177833838, -31.055660076234137 ], [ 23.631515877706494, -31.060373475979453 ], [ 23.633872577579154, -31.06508687572477 ], [ 23.636229277451811, -31.070585842094307 ], [ 23.638585977324471, -31.074513675215403 ], [ 23.640157110572908, -31.080012641584936 ], [ 23.641728243821348, -31.083940474706033 ], [ 23.643299377069788, -31.090225007699789 ], [ 23.645656076942444, -31.096509540693546 ], [ 23.647227210190884, -31.101222940438859 ], [ 23.648798343439321, -31.105150773559956 ], [ 23.650369476687761, -31.109864173305272 ], [ 23.653511743184637, -31.116148706299029 ], [ 23.655868443057297, -31.119290972795906 ], [ 23.659010709554174, -31.122433239292782 ], [ 23.662152976051051, -31.126361072413879 ], [ 23.665295242547927, -31.128717772286539 ], [ 23.669223075669024, -31.132645605407635 ], [ 23.672365342165904, -31.135787871904512 ], [ 23.67472204203856, -31.138930138401388 ], [ 23.677864308535437, -31.141286838274048 ], [ 23.681006575032317, -31.145214671395145 ], [ 23.684148841529193, -31.148356937892022 ], [ 23.68729110802607, -31.153070337637338 ], [ 23.68964780789873, -31.156212604134215 ], [ 23.692004507771387, -31.159354870631091 ], [ 23.695932340892483, -31.162497137127971 ], [ 23.69907460738936, -31.164853837000628 ], [ 23.703002440510456, -31.166424970249068 ], [ 23.707715840255773, -31.166424970249068 ], [ 23.711643673376869, -31.166424970249068 ], [ 23.715571506497966, -31.164068270376408 ], [ 23.718713772994846, -31.160926003879531 ], [ 23.721070472867503, -31.157783737382655 ], [ 23.724212739364379, -31.153070337637338 ], [ 23.727355005861256, -31.149928071140462 ], [ 23.730497272358136, -31.146785804643581 ], [ 23.734425105479232, -31.143643538146705 ], [ 23.738352938600329, -31.141286838274048 ], [ 23.741495205097205, -31.138144571777168 ], [ 23.746208604842522, -31.133431172031855 ], [ 23.749350871339399, -31.130288905534975 ], [ 23.752493137836275, -31.127146639038099 ], [ 23.755635404333155, -31.124004372541222 ], [ 23.757992104205812, -31.119290972795906 ], [ 23.760348804078472, -31.116148706299029 ], [ 23.763491070575348, -31.113006439802149 ], [ 23.767418903696445, -31.109864173305272 ], [ 23.770561170193321, -31.107507473432616 ], [ 23.773703436690198, -31.105150773559956 ], [ 23.777631269811295, -31.102008507063079 ], [ 23.780773536308175, -31.098866240566203 ], [ 23.783915802805051, -31.096509540693546 ], [ 23.787058069301928, -31.093367274196666 ], [ 23.790985902423024, -31.088653874451349 ], [ 23.794128168919901, -31.084726041330253 ], [ 23.797270435416781, -31.082369341457596 ], [ 23.799627135289438, -31.07922707496072 ], [ 23.801983835162098, -31.07608480846384 ], [ 23.805126101658974, -31.073728108591183 ], [ 23.807482801531631, -31.070585842094307 ], [ 23.811410634652727, -31.06665800897321 ], [ 23.815338467773824, -31.062730175852113 ], [ 23.818480734270704, -31.058802342731013 ], [ 23.8224085673918, -31.0540889429857 ], [ 23.825550833888677, -31.050161109864604 ], [ 23.827907533761334, -31.047018843367724 ], [ 23.830264233633994, -31.043876576870847 ], [ 23.83497763337931, -31.037592043877094 ], [ 23.840476599748843, -31.030521944259117 ], [ 23.84597556611838, -31.024237411265364 ], [ 23.849117832615256, -31.018738444895828 ], [ 23.853831232360573, -31.014025045150511 ], [ 23.856187932233233, -31.010882778653635 ], [ 23.860901331978546, -31.005383812284098 ], [ 23.864829165099643, -31.001455979163001 ], [ 23.867971431596523, -30.997528146041905 ], [ 23.871899264717619, -30.992029179672372 ], [ 23.875041531214496, -30.986530213302835 ], [ 23.877398231087156, -30.981816813557518 ], [ 23.878969364335592, -30.977103413812202 ], [ 23.880540497584033, -30.970818880818449 ], [ 23.882897197456689, -30.966891047697352 ], [ 23.885253897329349, -30.960606514703596 ], [ 23.887610597202006, -30.953536415085622 ], [ 23.892323996947322, -30.944895182219209 ], [ 23.895466263444199, -30.937039515977016 ], [ 23.897037396692639, -30.9323261162317 ], [ 23.898608529941075, -30.927612716486383 ], [ 23.900965229813735, -30.922113750116846 ], [ 23.901750796437955, -30.91818591699575 ], [ 23.903321929686392, -30.913472517250433 ], [ 23.904107496310612, -30.90875911750512 ], [ 23.905678629559052, -30.90483128438402 ], [ 23.905678629559052, -30.900117884638707 ], [ 23.907249762807488, -30.89461891826917 ], [ 23.909606462680149, -30.890691085148074 ], [ 23.911963162552805, -30.886763252026977 ], [ 23.915105429049682, -30.882049852281661 ], [ 23.916676562298122, -30.878122019160564 ], [ 23.919033262170778, -30.874979752663688 ], [ 23.921389962043438, -30.869480786294151 ], [ 23.923746661916095, -30.864767386548834 ], [ 23.926103361788755, -30.860839553427738 ], [ 23.928460061661411, -30.855340587058201 ], [ 23.930031194909851, -30.850627187312885 ], [ 23.932387894782508, -30.845128220943351 ], [ 23.933173461406728, -30.841200387822255 ], [ 23.934744594655168, -30.837272554701158 ], [ 23.937101294527825, -30.831773588331622 ], [ 23.941029127648921, -30.823917922089429 ], [ 23.943385827521581, -30.819990088968332 ], [ 23.945742527394238, -30.816062255847235 ], [ 23.948884793891114, -30.811348856101919 ], [ 23.951241493763774, -30.808206589605042 ], [ 23.955954893509091, -30.802707623235506 ], [ 23.959097160005967, -30.798779790114409 ], [ 23.961453859878624, -30.795637523617533 ], [ 23.964596126375504, -30.790924123872216 ], [ 23.967738392872381, -30.786996290751119 ], [ 23.972451792617697, -30.781497324381583 ], [ 23.974808492490354, -30.777569491260486 ], [ 23.97873632561145, -30.77364165813939 ], [ 23.982664158732547, -30.769713825018293 ], [ 23.986591991853643, -30.765000425272977 ], [ 23.988948691726304, -30.7618581587761 ], [ 23.99366209147162, -30.757144759030783 ], [ 23.997589924592717, -30.754788059158123 ], [ 24.001517757713813, -30.750860226037027 ], [ 24.00466002421069, -30.74850352616437 ], [ 24.007802290707566, -30.746146826291714 ], [ 24.010944557204443, -30.743790126419054 ], [ 24.014872390325543, -30.742218993170614 ], [ 24.019585790070856, -30.739076726673737 ], [ 24.023513623191953, -30.736720026801081 ], [ 24.029012589561489, -30.73436332692842 ], [ 24.032940422682586, -30.732792193679984 ], [ 24.037653822427902, -30.730435493807324 ], [ 24.044723922045875, -30.726507660686227 ], [ 24.048651755166972, -30.724936527437791 ], [ 24.052579588288069, -30.723365394189351 ], [ 24.059649687906045, -30.719437561068254 ], [ 24.065148654275578, -30.717080861195594 ], [ 24.069076487396678, -30.716295294571378 ], [ 24.073789887141992, -30.714724161322938 ], [ 24.080859986759968, -30.713153028074498 ] ] } },
{ "type": "Feature", "properties": { "LINE_START": "ZANOKHANYO", "LINE_END": "DELPHI", "DESIGN_VOL": 765.0, "LINE_STATU": "PLANNED", "BUILD_YEAR": null, "CHECK": "OK", "Length": 291645.0 }, "geometry": { "type": "LineString", "coordinates": [ [ 24.286857450628311, -32.921005375973586 ], [ 24.56953269210813, -32.942100543248202 ], [ 24.801809489902695, -32.756279105012545 ], [ 24.803971484063204, -32.754829535388907 ], [ 24.806345646336851, -32.753762378257903 ], [ 25.0390694363312, -32.671878081778409 ], [ 25.042023367945031, -32.671155141970317 ], [ 25.045061613198108, -32.671023158155151 ], [ 25.437244296336733, -32.692571657228704 ], [ 25.43968363046374, -32.692901527694794 ], [ 25.44203993156831, -32.693613574471485 ], [ 25.634715317377673, -32.769008290657759 ], [ 25.893504885852202, -32.670421788381745 ], [ 25.917170263357317, -32.591537196698035 ], [ 25.918234766762765, -32.588898262819782 ], [ 25.91976395358267, -32.586498528004469 ], [ 26.052626967787528, -32.415062380643363 ], [ 26.121000426327395, -32.291135487039853 ], [ 26.122379813570117, -32.289052362667697 ], [ 26.124076100314305, -32.287218043285272 ], [ 26.199683372906737, -32.217659352500235 ], [ 26.231581162723696, -32.188313385868632 ], [ 26.300308226343979, -32.119586322248352 ], [ 26.302846114629055, -32.117534538221477 ], [ 26.305757495498412, -32.116059900613784 ], [ 26.308913184592335, -32.115227842332793 ], [ 26.312173157058922, -32.115075283630809 ], [ 26.455709398641094, -32.123518591959176 ], [ 26.601780193562007, -32.132110991660404 ], [ 26.764877914512681, -32.066871903280131 ], [ 26.79255288822306, -31.999661252840639 ] ] } },
{ "type": "Feature", "properties": { "LINE_START": "DELPHI", "LINE_END": "EROS", "DESIGN_VOL": 765.0, "LINE_STATU": "PLANNED", "BUILD_YEAR": null, "CHECK": "OK", "Length": 399213.6 }, "geometry": { "type": "LineString", "coordinates": [ [ 26.82963056055663, -31.996516782517439 ], [ 26.865098573515411, -32.051689247119988 ], [ 26.92828339071799, -32.051689247119988 ], [ 27.000753541909226, -31.955062378865005 ], [ 26.997076047121833, -31.919513262586889 ], [ 26.987323544986669, -31.825239075280312 ], [ 26.9873353815176, -31.819434318808444 ], [ 26.988558386982241, -31.813759850072554 ], [ 26.99093870158454, -31.808465566344303 ], [ 26.994371498925322, -31.803784621971818 ], [ 26.998705602439944, -31.799923160522358 ], [ 27.179386612840528, -31.670203460747583 ], [ 27.220637462832226, -31.496033205227061 ], [ 27.222416129122131, -31.490865757291061 ], [ 27.225176024740076, -31.486148857024983 ], [ 27.228809419177402, -31.482066625183833 ], [ 27.233174485537354, -31.478778408704443 ], [ 27.238100836644339, -31.476412560714227 ], [ 27.39809317156049, -31.418233529835629 ], [ 27.40196819497087, -31.417136397285891 ], [ 27.561327509483423, -31.384327126650952 ], [ 27.634288017395761, -31.33416677746122 ], [ 27.639540911034938, -31.331336412959025 ], [ 27.645278579821348, -31.329698422819462 ], [ 27.651234031300337, -31.32932902806963 ], [ 27.96637044855942, -31.343873785789281 ], [ 27.97245099090599, -31.344840369042977 ], [ 28.100257503417346, -31.380097338011627 ], [ 28.176767806512125, -31.324839896887621 ], [ 28.181656165540897, -31.322019591463942 ], [ 28.18701519844765, -31.320250144380427 ], [ 28.192621823112916, -31.319605212957818 ], [ 28.198242650838552, -31.320111643955816 ], [ 28.270101625436855, -31.334084222349929 ], [ 28.36161781547041, -31.351879037078678 ], [ 28.407819290082571, -31.321078054003902 ], [ 28.494321232131799, -31.230971864369291 ], [ 28.522082961025667, -31.202053396771511 ], [ 28.525816663388703, -31.198803644497147 ], [ 28.530069791090455, -31.196271387019504 ], [ 28.534706147543297, -31.194537714033423 ], [ 28.539577264144317, -31.193658142410563 ], [ 28.584105961022981, -31.18968236590354 ], [ 28.798015297704623, -31.170583317985535 ], [ 28.876207211905623, -31.055353128636696 ], [ 28.88045156074266, -31.049098298771586 ], [ 28.942259335861362, -30.849411640695781 ], [ 28.944619239746192, -30.843950817301415 ], [ 28.94809219474481, -30.839120877129151 ], [ 28.952517564812617, -30.835145221428135 ], [ 28.957690661451245, -30.832207737869453 ], [ 28.963372211251535, -30.830444295112546 ], [ 29.186391829619502, -30.786810021953595 ], [ 29.18927182453081, -30.786402377452102 ], [ 29.343380652343757, -30.772804539703902 ], [ 29.539743050063485, -30.55774096124896 ], [ 29.543755010995149, -30.554128296126489 ], [ 29.548392303126192, -30.551363752494048 ], [ 29.630812596870875, -30.512577731908316 ], [ 29.636277699632387, -30.510674926529514 ], [ 29.642019102215116, -30.509950832000808 ], [ 29.647785515364639, -30.510437140434295 ], [ 29.653324555166019, -30.512112567120901 ], [ 29.742453046368524, -30.549640352890375 ], [ 29.913791858397804, -30.578196821561921 ] ] } },
{ "type": "Feature", "properties": { "LINE_START": "KAPPA", "LINE_END": "STERREKUS", "DESIGN_VOL": 765.0, "LINE_STATU": "PLANNED", "BUILD_YEAR": 2029.0, "CHECK": "OK", "Length": 214112.4 }, "geometry": { "type": "LineString", "coordinates": [ [ 18.494440567703627, -33.720906828885624 ], [ 18.49826987879586, -33.53786575867688 ], [ 18.564899891800717, -33.507231269939012 ], [ 18.624637144839554, -33.432176772531243 ], [ 18.688203708970626, -33.411498492633186 ], [ 18.756365446412378, -33.400010559356481 ], [ 18.81457097501432, -33.373971243929297 ], [ 18.87430822805316, -33.219267075803081 ], [ 18.919494098941509, -33.123534298497248 ], [ 18.953192036553162, -33.033928418938991 ], [ 18.98535824972792, -32.975722890337046 ], [ 19.01063170293666, -32.918283223953551 ], [ 19.075729991504623, -32.885351148560346 ], [ 19.167633457718217, -32.8616094197885 ], [ 19.272556581645407, -32.840931139890444 ], [ 19.383606603320171, -32.852419073167141 ], [ 19.519164215985224, -32.900668392929276 ], [ 19.594218713392994, -32.935898054977827 ], [ 19.636341135407559, -32.966532543715687 ], [ 19.920476018451261, -33.00635737907492 ], [ 20.011613622446411, -33.099792569725409 ] ] } },
{ "type": "Feature", "properties": { "LINE_START": "GAMMA", "LINE_END": "KAPPA", "DESIGN_VOL": 765.0, "LINE_STATU": "PLANNED", "BUILD_YEAR": 2029.0, "CHECK": "OK", "Length": 377033.0 }, "geometry": { "type": "LineString", "coordinates": [ [ 20.013145346883302, -33.102856018599191 ], [ 20.00931603579107, -33.010186690167146 ], [ 20.232181941359041, -32.927473570574911 ], [ 20.338636789723122, -32.895307357400156 ], [ 20.432837842592058, -32.868502179754522 ], [ 20.539292690956142, -32.857014246477824 ], [ 20.610517877271679, -32.851653210948697 ], [ 20.710079965669742, -32.806467340060344 ], [ 20.801983431883336, -32.765876642482674 ], [ 20.824193436218287, -32.757452158079758 ], [ 20.977365879907616, -32.777364575759371 ], [ 21.114455217009564, -32.683163522890439 ], [ 21.157343501242575, -32.659421794118593 ], [ 21.262266625169765, -32.638743514220529 ], [ 21.582397032480458, -32.574411087871013 ], [ 21.859639155558138, -32.503951763773927 ], [ 22.067187816757176, -32.44880968404577 ], [ 22.262482682461069, -32.387540706570036 ], [ 22.329878557684374, -32.358437942269063 ], [ 22.414123401713503, -32.320910693565182 ], [ 22.479987552499914, -32.30789103585159 ], [ 22.581081365334867, -32.297168964793336 ], [ 22.771781057728081, -32.170035836531191 ], [ 22.947929367970808, -32.068176161477794 ], [ 23.053618354116445, -31.986228904104003 ], [ 23.128672851524215, -31.895091300108852 ], [ 23.173858722412565, -31.793231625055448 ], [ 23.270357361936842, -31.691371950002047 ], [ 23.3025235751116, -31.667630221230201 ], [ 23.399022214635878, -31.677586430070008 ] ] } },
{ "type": "Feature", "properties": { "LINE_START": "MERCURY", "LINE_END": "UMTU", "DESIGN_VOL": 765.0, "LINE_STATU": "PLANNED", "BUILD_YEAR": 2032.0, "CHECK": "OK", "Length": 418725.3 }, "geometry": { "type": "LineString", "coordinates": [ [ 22.894781064917609, -27.202124023141408 ], [ 22.902369979114194, -27.200226794592261 ], [ 22.906567347593185, -27.19953192906836 ], [ 22.916749611332115, -27.198683407090115 ], [ 22.929919803329078, -27.196359255561241 ], [ 22.954770532810862, -27.188371521084953 ], [ 22.95690618252225, -27.187782994335105 ], [ 22.969238168091703, -27.184937151511384 ], [ 22.975113972990652, -27.184267967717453 ], [ 22.978247213176463, -27.183093002647777 ], [ 22.983766030166827, -27.181681854489749 ], [ 22.988057140432257, -27.181068838737545 ], [ 22.991497562752219, -27.179922031297558 ], [ 22.994658590493664, -27.179082574744825 ], [ 22.999401661866528, -27.178133960470252 ], [ 23.008887804612268, -27.176236731921101 ], [ 23.009722517982201, -27.176083742252178 ], [ 23.014995613477723, -27.175204893002924 ], [ 23.019322561632574, -27.174339503371954 ], [ 23.024483831521117, -27.17382843693807 ], [ 23.028126893021241, -27.17382843693807 ], [ 23.037538395860988, -27.171656551667361 ], [ 23.038294847124039, -27.171493660548236 ], [ 23.041993428984494, -27.170753944176145 ], [ 23.047609538134495, -27.169149341561859 ], [ 23.054249838056514, -27.167252113012712 ], [ 23.05631851834093, -27.166750589175372 ], [ 23.059454944505674, -27.166123303942424 ], [ 23.063592247619791, -27.164744202904384 ], [ 23.066753275361236, -27.163904746351651 ], [ 23.071496346734101, -27.162956132077078 ], [ 23.076239418106972, -27.1620075178025 ], [ 23.077074131476905, -27.161854528133578 ], [ 23.082765817124343, -27.160905913859004 ], [ 23.087092373642953, -27.160547837094043 ], [ 23.091326465576671, -27.160547837094043 ], [ 23.098415315363965, -27.15976018711768 ], [ 23.101321587761554, -27.159599222819473 ], [ 23.109578248852998, -27.159599222819473 ], [ 23.113121473910695, -27.159008685309857 ], [ 23.114183756735972, -27.158853834874876 ], [ 23.121772670932558, -27.157905220600302 ], [ 23.125036944625887, -27.157701994270326 ], [ 23.132652766211322, -27.157701994270326 ], [ 23.135661940006582, -27.157272112299573 ], [ 23.140573737042679, -27.155868741717832 ], [ 23.147803687215646, -27.154856151446605 ], [ 23.151317276934243, -27.154856151446605 ], [ 23.154860501991916, -27.154265613936992 ], [ 23.159187058510526, -27.153907537172032 ], [ 23.161324192164269, -27.153907537172032 ], [ 23.163511931367719, -27.153469989331342 ], [ 23.168673201256262, -27.152958922897458 ], [ 23.176285434214151, -27.152958922897458 ], [ 23.2018204026473, -27.143495702818086 ], [ 23.207164602066818, -27.142131535645799 ], [ 23.212675760503902, -27.141911190028836 ], [ 23.218111810793097, -27.142844344229861 ], [ 23.223233984751676, -27.144890011223197 ], [ 23.227817300618494, -27.147958338972071 ], [ 23.267874862761044, -27.181351504392104 ], [ 23.299815966686058, -27.207978550822709 ], [ 23.300530585421949, -27.207978550822709 ], [ 23.30425243006788, -27.2082430541778 ], [ 23.310664213251695, -27.209159023204059 ], [ 23.31639826259407, -27.209875779371856 ], [ 23.345588259241403, -27.209875779371856 ], [ 23.353688253699548, -27.208403053106739 ], [ 23.358396056170925, -27.207978550822709 ], [ 23.365063263481783, -27.207978550822709 ], [ 23.369852039918179, -27.207294439903226 ], [ 23.370667612166496, -27.207190900846346 ], [ 23.378796545812001, -27.206287685996845 ], [ 23.384535370968706, -27.2054678538316 ], [ 23.394478667506199, -27.203659981733875 ], [ 23.399186469977575, -27.203235479449845 ], [ 23.427399727735466, -27.203235479449845 ], [ 23.436645602629355, -27.202394945368582 ], [ 23.439028269509656, -27.202286865175271 ], [ 23.473437148889921, -27.202286865175271 ], [ 23.479400252446698, -27.201541477230673 ], [ 23.480789487895514, -27.201405131354122 ], [ 23.494070087739541, -27.200456517079548 ], [ 23.495945125984054, -27.200389636626124 ], [ 23.527259299422973, -27.200389636626124 ], [ 23.539448249745181, -27.199518997317394 ], [ 23.550676440028468, -27.198583314793787 ], [ 23.552861982458452, -27.198492408076977 ], [ 23.650569252739505, -27.198492408076977 ], [ 23.654291097385435, -27.198756911432067 ], [ 23.659079873821813, -27.19944102235155 ], [ 23.685667980898717, -27.19944102235155 ], [ 23.69082925078726, -27.199952088785434 ], [ 23.69301698999071, -27.200389636626124 ], [ 23.710331952037624, -27.200389636626124 ], [ 23.714053796683555, -27.200654139981214 ], [ 23.718842573119932, -27.201338250900697 ], [ 23.734047308901957, -27.201338250900697 ], [ 23.737769153547887, -27.201602754255788 ], [ 23.742557929984265, -27.202286865175271 ], [ 23.77414787392966, -27.202286865175271 ], [ 23.778878597636044, -27.201695524711972 ], [ 23.794403281750821, -27.198245594908688 ], [ 23.801656311409705, -27.196432337493967 ], [ 23.80431737767276, -27.195911068608343 ], [ 23.808608487938194, -27.195298052856138 ], [ 23.810274567811383, -27.194742692898409 ], [ 23.811150404271128, -27.194304774668538 ], [ 23.81690407884042, -27.184572837754398 ], [ 23.819824444135648, -27.180554435122076 ], [ 23.823447888222571, -27.177156384780776 ], [ 23.827645315489768, -27.174499752041832 ], [ 23.832267180525069, -27.172679187083226 ], [ 23.837148816100743, -27.171759552764939 ], [ 23.915654475655664, -27.164541381002209 ], [ 23.920392221572587, -27.163751756682721 ], [ 23.921454504397865, -27.16359690624774 ], [ 23.92904341859445, -27.162648291973166 ], [ 23.929925025407478, -27.162553145836501 ], [ 23.938959717451258, -27.161731810196159 ], [ 23.94232425079241, -27.161058903527927 ], [ 23.944221246987635, -27.160751063424019 ], [ 23.95181016118422, -27.159802449149449 ], [ 23.955074434877538, -27.159599222819473 ], [ 23.959453523061853, -27.159599222819473 ], [ 23.967633582515969, -27.158781216874061 ], [ 23.970252263270712, -27.1586506085449 ], [ 23.975663081538457, -27.1586506085449 ], [ 23.984897992243571, -27.157111456760713 ], [ 23.987039006332193, -27.156844286712563 ], [ 23.996922499558742, -27.156020662277015 ], [ 24.000189721541382, -27.155367217880489 ], [ 24.005350991429925, -27.154856151446605 ], [ 24.011069584466213, -27.154856151446605 ], [ 24.015858360902595, -27.154172040527122 ], [ 24.019184744302638, -27.153935641737455 ], [ 24.019292305411955, -27.153892617293728 ], [ 24.026447667539514, -27.152140916952046 ], [ 24.035610565624893, -27.15122462714351 ], [ 24.04130022439784, -27.150513419796891 ], [ 24.047347408524193, -27.149001623765301 ], [ 24.053730319433164, -27.14821585152459 ], [ 24.056295294877188, -27.14821585152459 ], [ 24.059838519934878, -27.147625314014977 ], [ 24.06044323180754, -27.14753174060511 ], [ 24.063637758499315, -27.147075379649142 ], [ 24.06707873829497, -27.145600674022432 ], [ 24.073719038216979, -27.142754831198712 ], [ 24.076523722413796, -27.141736840518902 ], [ 24.085628020788402, -27.13900555100652 ], [ 24.090941506982691, -27.137234388941756 ], [ 24.094858850183368, -27.135928607874867 ], [ 24.096255564278731, -27.135230250827185 ], [ 24.098224312020399, -27.134245876956349 ], [ 24.104230381056269, -27.130813837507283 ], [ 24.105517969651132, -27.130124741003698 ], [ 24.110305643991865, -27.127730903833331 ], [ 24.114182034087566, -27.125405069775912 ], [ 24.118925105460409, -27.122559226952205 ], [ 24.122691261340446, -27.120691117683663 ], [ 24.124890101464665, -27.119811581633975 ], [ 24.128301785492159, -27.117537125615645 ], [ 24.13365939960676, -27.114792774878495 ], [ 24.140340629513631, -27.112287313663423 ], [ 24.151419162148361, -27.107174144755081 ], [ 24.158640369027236, -27.103563541315644 ], [ 24.160042937203162, -27.102913031666628 ], [ 24.166683237125174, -27.10006718884291 ], [ 24.1680563808135, -27.099523776484769 ], [ 24.178098650437359, -27.095872042076092 ], [ 24.182453960638558, -27.094129917995613 ], [ 24.187197032011433, -27.092232689446462 ], [ 24.188648777263737, -27.091700903762241 ], [ 24.192566120464406, -27.090395122695352 ], [ 24.19446242859004, -27.089446968632533 ], [ 24.196358453760951, -27.088024949754352 ], [ 24.201406929407444, -27.085053554661933 ], [ 24.206987633398363, -27.08327253301292 ], [ 24.208869676525421, -27.08289612438751 ], [ 24.214194698459817, -27.080529447972221 ], [ 24.22124891114909, -27.077002341627587 ], [ 24.224696119697523, -27.075574461094497 ], [ 24.22934931795146, -27.074023395009849 ], [ 24.233341775969063, -27.072312341573735 ], [ 24.2365532755075, -27.070385441850672 ], [ 24.238323968091407, -27.069413427430998 ], [ 24.245912882287989, -27.065618970332711 ], [ 24.25160456793542, -27.062773127508994 ], [ 24.258540124423302, -27.059305349265053 ], [ 24.264546193459164, -27.05587330981599 ], [ 24.268362626596158, -27.05408146130581 ], [ 24.273707292573381, -27.052077211564349 ], [ 24.276395075039588, -27.050464542084626 ], [ 24.278165767623474, -27.049492527664967 ], [ 24.285754681820059, -27.045698070566672 ], [ 24.287750145116203, -27.044801975717796 ], [ 24.291476848497101, -27.043311294365438 ], [ 24.296189438840376, -27.040954999193801 ], [ 24.299636647388819, -27.039527118660708 ], [ 24.303553990589499, -27.038221337593814 ], [ 24.307572810135255, -27.036211927820936 ], [ 24.308975378311164, -27.035561418171927 ], [ 24.315615678233176, -27.032715575348206 ], [ 24.320821346347159, -27.031098747911386 ], [ 24.323607455588263, -27.030541526063164 ], [ 24.332166650314694, -27.027429091617194 ], [ 24.335999174740333, -27.026355676538522 ], [ 24.338655464249328, -27.025824418636724 ], [ 24.344251768562021, -27.023725804519461 ], [ 24.351840682758613, -27.020879961695741 ], [ 24.354698433485954, -27.01999008242333 ], [ 24.362287347682539, -27.018092853874187 ], [ 24.363508988702961, -27.017818148067359 ], [ 24.366645414867744, -27.017190862834404 ], [ 24.376474403629256, -27.013914533247231 ], [ 24.380470144740642, -27.012922087025569 ], [ 24.384125025495269, -27.01231294023313 ], [ 24.387124088673641, -27.011313252507005 ], [ 24.391149101044686, -27.009703247558587 ], [ 24.393360890121293, -27.008930842078634 ], [ 24.402847032867029, -27.006084999254917 ], [ 24.405248016784185, -27.00548616249791 ], [ 24.407904306293187, -27.004954904596108 ], [ 24.41350061060588, -27.002856290478849 ], [ 24.41441897461219, -27.002531161952351 ], [ 24.422222816832811, -26.999929881212143 ], [ 24.426247829203909, -26.998319876263704 ], [ 24.431695315567602, -26.996795644357821 ], [ 24.436350283752954, -26.996019816326928 ], [ 24.442919561021267, -26.99437749700985 ], [ 24.454302932316146, -26.991531654186133 ], [ 24.456359286706508, -26.991103958710379 ], [ 24.467047816734642, -26.989322537039023 ], [ 24.474897693916439, -26.987578119887512 ], [ 24.47544547310261, -26.987462491281015 ], [ 24.480188544475475, -26.986513877006441 ], [ 24.482085540670692, -26.98620603690253 ], [ 24.487088640520515, -26.985580649421301 ], [ 24.490308116578049, -26.984507490735457 ], [ 24.495724141810449, -26.98331793204704 ], [ 24.503126574953392, -26.982495439475603 ], [ 24.506749744163546, -26.981770805633573 ], [ 24.508646740358746, -26.981462965529666 ], [ 24.516006600340933, -26.980542983031892 ], [ 24.521417826358849, -26.97976995074362 ], [ 24.528968707567117, -26.97809197714178 ], [ 24.530955911995903, -26.977729785456486 ], [ 24.537596211917919, -26.976781171181912 ], [ 24.53805378287052, -26.976719894156798 ], [ 24.544688575265301, -26.97589054510745 ], [ 24.54848877224476, -26.975130505711558 ], [ 24.550385768439973, -26.97482266560765 ], [ 24.555787727363452, -26.974147420742216 ], [ 24.563162845269908, -26.971934885370278 ], [ 24.567003254429704, -26.971089485534467 ], [ 24.572920419881523, -26.97024417618421 ], [ 24.576947200481953, -26.969438820064124 ], [ 24.578844196677171, -26.969130979960212 ], [ 24.584856203728346, -26.968379479078816 ], [ 24.590903387854699, -26.966867683047226 ], [ 24.593564454117743, -26.966346414161606 ], [ 24.599481619569541, -26.965501104811349 ], [ 24.603508400170007, -26.964695748691256 ], [ 24.605405396365224, -26.964387908587344 ], [ 24.612461589700253, -26.963505884420467 ], [ 24.617623713383974, -26.962645530473178 ], [ 24.622278681569323, -26.961869702442289 ], [ 24.628847958837635, -26.960227383125211 ], [ 24.630069599858071, -26.959952677318384 ], [ 24.639555742603804, -26.95805544876924 ], [ 24.640995167846409, -26.957808885690447 ], [ 24.647332567874098, -26.956903542829348 ], [ 24.652722441543187, -26.956005230551167 ], [ 24.658414127190621, -26.955056616276597 ], [ 24.6590188390633, -26.954963042866726 ], [ 24.665659138985315, -26.954014428592153 ], [ 24.671576304437064, -26.953169119241903 ], [ 24.675603085037583, -26.952363763121799 ], [ 24.677500081232797, -26.952055923017891 ], [ 24.684556274567825, -26.951173898851014 ], [ 24.689718398251546, -26.950313544903725 ], [ 24.690323110124222, -26.950219971493858 ], [ 24.696963410046234, -26.949271357219285 ], [ 24.703300810074051, -26.948366014358168 ], [ 24.708690683743008, -26.947467702080008 ], [ 24.714382369390453, -26.946519087805431 ], [ 24.714987081263143, -26.94642551439556 ], [ 24.721627381185154, -26.94547690012099 ], [ 24.725349225831071, -26.945212396765903 ], [ 24.728221976043642, -26.945212396765903 ], [ 24.73301075248002, -26.94452828584642 ], [ 24.739348152507837, -26.943622942985304 ], [ 24.741931900578532, -26.943192318306853 ], [ 24.744033611185969, -26.942351634063879 ], [ 24.750543380374943, -26.940672551723011 ], [ 24.758132294571528, -26.939723937448438 ], [ 24.761396568264857, -26.939520711118462 ], [ 24.770174001840612, -26.939520711118462 ], [ 24.772361741044062, -26.939083163277772 ], [ 24.777523010932605, -26.938572096843888 ], [ 24.789346017062893, -26.938572096843888 ], [ 24.796434866850191, -26.937784446867521 ], [ 24.79934113924779, -26.937623482569315 ], [ 24.830645410308708, -26.937623482569315 ], [ 24.834971966827315, -26.937981559334272 ], [ 24.838515191885012, -26.938572096843888 ], [ 24.846771852976456, -26.938572096843888 ], [ 24.850493697622387, -26.938836600198979 ], [ 24.855282474058765, -26.939520711118462 ], [ 24.859103838545909, -26.939520711118462 ], [ 24.86282568319184, -26.939785214473552 ], [ 24.869465983113852, -26.940733828748126 ], [ 24.872974088640884, -26.941481915664262 ], [ 24.877662761301501, -26.942821536424439 ], [ 24.88323762627985, -26.943518394546732 ], [ 24.884299909105128, -26.943673244981714 ], [ 24.889689782774216, -26.944571557259895 ], [ 24.894175659316272, -26.945212396765903 ], [ 24.897997023803416, -26.945212396765903 ], [ 24.902323580322008, -26.945570473530861 ], [ 24.907713453991001, -26.946468785809024 ], [ 24.912199330533166, -26.947109625315047 ], [ 24.932174045076906, -26.947109625315047 ], [ 24.936962821513283, -26.946425514395564 ], [ 24.943603121435309, -26.94547690012099 ], [ 24.95024342135731, -26.94452828584642 ], [ 24.956883721279322, -26.943579671571847 ], [ 24.961744418560215, -26.942885286246003 ], [ 24.966656215596313, -26.941481915664262 ], [ 24.967503254860308, -26.941255097633746 ], [ 24.975092169056897, -26.939357869084599 ], [ 24.976313810077322, -26.939083163277775 ], [ 24.981056881450186, -26.938134549003202 ], [ 24.982496306692802, -26.937887985924405 ], [ 24.9884134721446, -26.937042676574148 ], [ 24.992440252745066, -26.936237320454055 ], [ 24.997601522633612, -26.935726254020167 ], [ 25.031751636518251, -26.935726254020167 ], [ 25.03501591021158, -26.935929480350143 ], [ 25.042604824408169, -26.936878094624717 ], [ 25.046570500887807, -26.937687458565968 ], [ 25.052456104767934, -26.939369059674576 ], [ 25.060227428182728, -26.94109602043342 ], [ 25.062840676738002, -26.941819848379655 ], [ 25.066573426166855, -26.943064098189272 ], [ 25.0702283069215, -26.943673244981714 ], [ 25.074994727403201, -26.944935941655693 ], [ 25.079441949165219, -26.947065586156135 ], [ 25.082129731631408, -26.948678255635848 ], [ 25.085481787724742, -26.94993527667085 ], [ 25.090325816437204, -26.950904082413341 ], [ 25.092462950090944, -26.950904082413341 ], [ 25.096184794736875, -26.951168585768432 ], [ 25.102274926466652, -26.952038604586971 ], [ 25.111208073513435, -26.95293191929165 ], [ 25.112915949277301, -26.95315938772745 ], [ 25.118078072960945, -26.954019741674724 ], [ 25.125134266296048, -26.954901765841612 ], [ 25.125591837248649, -26.954963042866726 ], [ 25.130380613685027, -26.955647153786209 ], [ 25.182072326736247, -26.955647153786209 ], [ 25.189161176523545, -26.954859503809843 ], [ 25.192067448921144, -26.954698539511636 ], [ 25.195467926897027, -26.954698539511636 ], [ 25.199913752130772, -26.9535870832032 ], [ 25.206296663039744, -26.952801310962489 ], [ 25.209169413252312, -26.952801310962489 ], [ 25.213958189688693, -26.952117200043006 ], [ 25.217680034334624, -26.951852696687915 ], [ 25.218107635117629, -26.951852696687915 ], [ 25.218242513725638, -26.951785257383911 ], [ 25.222165019770244, -26.950203939979392 ], [ 25.226290175258146, -26.949271357219285 ], [ 25.232207340709895, -26.948426047869035 ], [ 25.236234121310414, -26.947620691748931 ], [ 25.237068834680347, -26.947467702080008 ], [ 25.242760520327785, -26.946519087805434 ], [ 25.248452205975244, -26.945570473530861 ], [ 25.252778762493836, -26.945212396765903 ], [ 25.254915896147576, -26.945212396765903 ], [ 25.257103635351026, -26.944774848925213 ], [ 25.25900063154624, -26.944467008821306 ], [ 25.266589545742825, -26.943518394546732 ], [ 25.269853819436154, -26.943315168216756 ], [ 25.273907042030075, -26.943315168216756 ], [ 25.278916023785047, -26.942689045497385 ], [ 25.282716220764506, -26.941929006101493 ], [ 25.284155646007118, -26.9416824430227 ], [ 25.29079594592913, -26.940733828748126 ], [ 25.29451779057506, -26.940469325393035 ], [ 25.301742721583096, -26.940469325393035 ], [ 25.309369785338259, -26.939706619017517 ], [ 25.315459917068036, -26.938836600198979 ], [ 25.317306723469454, -26.938638977297312 ], [ 25.329354727604915, -26.937778405573351 ], [ 25.333827490686829, -26.937032945059698 ], [ 25.338154047205435, -26.936674868294741 ], [ 25.420683489093314, -26.936674868294741 ], [ 25.424405333739244, -26.936939371649832 ], [ 25.430817116923055, -26.937855340676091 ], [ 25.43817697690524, -26.938775323173864 ], [ 25.44350009022466, -26.940012552240656 ], [ 25.448452901974242, -26.942322514783267 ], [ 25.45319597334711, -26.945168357606988 ], [ 25.457939044719982, -26.948014200430716 ], [ 25.460189295483588, -26.949527265666642 ], [ 25.460567169645774, -26.949810671288283 ], [ 25.460652903800046, -26.949839249339707 ], [ 25.46378932996479, -26.950466534572655 ], [ 25.468532401337654, -26.951415148847225 ], [ 25.469754042358087, -26.951689854654052 ], [ 25.475625650177744, -26.953157756608967 ], [ 25.480955167830597, -26.953749925237062 ], [ 25.487086488313444, -26.953749925237062 ], [ 25.490808332959375, -26.954014428592153 ], [ 25.495597109395753, -26.954698539511636 ], [ 25.507956002354057, -26.954698539511636 ], [ 25.511677846999987, -26.954963042866726 ], [ 25.516466623436369, -26.955647153786209 ], [ 25.524082445021804, -26.955647153786209 ], [ 25.52879024749318, -26.95607165607024 ], [ 25.536890241951323, -26.957544382335357 ], [ 25.539260273414975, -26.957544382335357 ], [ 25.543586829933567, -26.957902459100314 ], [ 25.547130054991257, -26.958492996609927 ], [ 25.550643644709858, -26.958492996609927 ], [ 25.554970201228468, -26.958851073374888 ], [ 25.560661886875906, -26.959799687649461 ], [ 25.566109373239598, -26.961323919555344 ], [ 25.567705676640664, -26.961962440915769 ], [ 25.571931589620078, -26.962490680038197 ], [ 25.575897266099712, -26.963300043979448 ], [ 25.580585938760329, -26.964639664739625 ], [ 25.586160803738679, -26.965336522861918 ], [ 25.591218827675345, -26.966483819518565 ], [ 25.596375782945259, -26.968202804608538 ], [ 25.610840942402685, -26.968964128790507 ], [ 25.612364002131002, -26.969088717928443 ], [ 25.6194528519183, -26.96987636790481 ], [ 25.624635558126574, -26.96987636790481 ], [ 25.631865508299523, -26.970888958176033 ], [ 25.63496174227225, -26.971773596453954 ], [ 25.637916157970601, -26.971773596453954 ], [ 25.641638002616531, -26.972038099809044 ], [ 25.648278302538547, -26.972986714083618 ], [ 25.654918602460558, -26.973935328358191 ], [ 25.661330385644373, -26.974851297384451 ], [ 25.668690245626557, -26.975771279882224 ], [ 25.669752528451838, -26.975926130317209 ], [ 25.675142402120795, -26.976824442595369 ], [ 25.681479802148612, -26.977729785456486 ], [ 25.68608025513268, -26.978815805088018 ], [ 25.690217558246758, -26.980194906126044 ], [ 25.69335398441153, -26.980822191359 ], [ 25.698559652525507, -26.982439018795819 ], [ 25.700234866749206, -26.983156967748833 ], [ 25.703370542916161, -26.983156967748833 ], [ 25.707092387562092, -26.983421471103924 ], [ 25.713732687484104, -26.984370085378497 ], [ 25.716393753747145, -26.984891354264118 ], [ 25.723646783406029, -26.986704611678839 ], [ 25.731158683291333, -26.988373922764463 ], [ 25.736155527671968, -26.989206730161236 ], [ 25.742195909155885, -26.990976547266982 ], [ 25.748836209077901, -26.993822390090703 ], [ 25.749157785989983, -26.993962753538714 ], [ 25.755029097680868, -26.99657222540133 ], [ 25.756911140807944, -26.996948634026744 ], [ 25.757458919994118, -26.997064262633245 ], [ 25.765996448465277, -26.998961491182392 ], [ 25.77003792741526, -27.000207711989738 ], [ 25.773827598152891, -27.002085214081387 ], [ 25.778330622243605, -27.004787028535812 ], [ 25.782891645395729, -27.007393327479885 ], [ 25.788500346518322, -27.009496590400857 ], [ 25.791029191060467, -27.01059934240746 ], [ 25.797363034380012, -27.013766264067232 ], [ 25.798650168889168, -27.014023690969065 ], [ 25.803262941882927, -27.015394933206025 ], [ 25.807287954254011, -27.017004938154457 ], [ 25.81224595365093, -27.018657604620099 ], [ 25.816137744534249, -27.020313074983541 ], [ 25.818498128528873, -27.021803009258278 ], [ 25.841197763431918, -27.027041386543601 ], [ 25.850694069355864, -27.027832745370596 ], [ 25.851986734511307, -27.02797269763963 ], [ 25.866215948629907, -27.029869926188773 ], [ 25.869967691217443, -27.030651657474156 ], [ 25.875524296734802, -27.032239259050545 ], [ 25.891185156703241, -27.035295036605362 ], [ 25.991097654512537, -27.054790158129126 ], [ 25.995489922112004, -27.056051416457873 ], [ 25.999597795501352, -27.058053456281222 ], [ 26.001863637216779, -27.059412961310478 ], [ 26.00481465138931, -27.060396632701323 ], [ 26.007520882092066, -27.061468380870341 ], [ 26.018853028376157, -27.066698602232226 ], [ 26.026377328369396, -27.069434711320678 ], [ 26.033906508983353, -27.07094054744347 ], [ 26.038649580356221, -27.07188916171804 ], [ 26.039197359542396, -27.072004790324542 ], [ 26.047734888013554, -27.073902018873689 ], [ 26.04958809274455, -27.074385227024202 ], [ 26.057887835754475, -27.076875149927179 ], [ 26.061416322945963, -27.077580847365475 ], [ 26.062637963966413, -27.077855553172306 ], [ 26.070226878162998, -27.079752781721453 ], [ 26.073618010136325, -27.080849318151586 ], [ 26.077643022507409, -27.082459323100018 ], [ 26.082601021904328, -27.08411198956566 ], [ 26.088877000025217, -27.0871814688293 ], [ 26.094568685672659, -27.090975925927594 ], [ 26.095760859447715, -27.091819406852643 ], [ 26.097656884618633, -27.093241425730831 ], [ 26.101226058845949, -27.095026012844489 ], [ 26.104054828418391, -27.096667611575032 ], [ 26.107466512445892, -27.098942067593367 ], [ 26.109665352570119, -27.099821603643058 ], [ 26.11448958543869, -27.102359297222467 ], [ 26.117901269466191, -27.104633753240801 ], [ 26.123593376739993, -27.106910596150321 ], [ 26.128184692134088, -27.108222400548634 ], [ 26.135956015548871, -27.109949361307475 ], [ 26.136629877383132, -27.110108438507801 ], [ 26.144218791579718, -27.112005667056948 ], [ 26.149605386849171, -27.113998298335947 ], [ 26.153624206394952, -27.116007708108835 ], [ 26.155987167062261, -27.116795361664604 ], [ 26.159123593227033, -27.117422646897559 ], [ 26.1637363662208, -27.118793889134523 ], [ 26.165838076828212, -27.119634573377489 ], [ 26.168194074913682, -27.120027239725069 ], [ 26.173624457608902, -27.12070603756197 ], [ 26.176729065928249, -27.12070603756197 ], [ 26.178747519585677, -27.120783555891997 ], [ 26.190071766864779, -27.121654651836543 ], [ 26.193804122870567, -27.121654651836543 ], [ 26.19642280362531, -27.121785260165705 ], [ 26.20460286307943, -27.122603266111117 ], [ 26.233365055022951, -27.122603266111117 ], [ 26.236908280080623, -27.122012728601504 ], [ 26.241234836599233, -27.121654651836543 ], [ 26.251388726239824, -27.121654651836543 ], [ 26.254931951297522, -27.121064114326927 ], [ 26.259258507816128, -27.12070603756197 ], [ 26.27334167438104, -27.12070603756197 ], [ 26.283634165074201, -27.119848330004206 ], [ 26.285819707504182, -27.119757423287396 ], [ 26.288692457716749, -27.119757423287396 ], [ 26.293481234153131, -27.119073312367913 ], [ 26.293938805105732, -27.119012035342799 ], [ 26.298387176354002, -27.118455988936763 ], [ 26.29848768621541, -27.118380606540708 ], [ 26.301221040968077, -27.116584623388682 ], [ 26.307074347430078, -27.113239876838971 ], [ 26.312011845559937, -27.109948211419063 ], [ 26.3130699225485, -27.109278627108175 ], [ 26.316911753688466, -27.106973528424195 ], [ 26.322696805338246, -27.102841348674353 ], [ 26.326223986427273, -27.100717698491927 ], [ 26.33315954291513, -27.097249920247997 ], [ 26.339165611950996, -27.09381788079893 ], [ 26.341855768721782, -27.092478274646329 ], [ 26.346275178142523, -27.090584242037441 ], [ 26.349348623667947, -27.088535278353824 ], [ 26.352558699866101, -27.086127721205209 ], [ 26.356353156964381, -27.083281878381495 ], [ 26.360374100311923, -27.080796798725878 ], [ 26.363333794065657, -27.079316951849012 ], [ 26.366678978701543, -27.076529297985772 ], [ 26.371757471606792, -27.0732078845293 ], [ 26.37934638580338, -27.069413427431005 ], [ 26.38134184909951, -27.068517332582136 ], [ 26.384388363725051, -27.06729872673192 ], [ 26.388019584193533, -27.065223743607074 ], [ 26.389007013920782, -27.064483171311636 ], [ 26.391478954243635, -27.062011230988784 ], [ 26.395489901722396, -27.058723040592099 ], [ 26.40307716169734, -27.053664867275472 ], [ 26.481509003661532, -27.001509825359445 ], [ 26.482189968059394, -27.000999102061048 ], [ 26.486612017018931, -26.997461462893419 ], [ 26.493278333499166, -26.993576804890843 ], [ 26.495477173623385, -26.992697268841155 ], [ 26.498888857650879, -26.990422812822825 ], [ 26.499946934639443, -26.989753228511937 ], [ 26.504690006012311, -26.986907385688216 ], [ 26.506460698596207, -26.98593537126855 ], [ 26.511499026534949, -26.983416207299182 ], [ 26.515723836102744, -26.981002030403296 ], [ 26.518864902354423, -26.978489177401954 ], [ 26.522754442268877, -26.975907758768674 ], [ 26.52703888254031, -26.974054163757113 ], [ 26.531583417071033, -26.972986714083621 ], [ 26.536879738645062, -26.972230096715901 ], [ 26.542171026993447, -26.970907274628807 ], [ 26.546903863853025, -26.969329662342282 ], [ 26.550899604964393, -26.968337216120627 ], [ 26.556591290611831, -26.967388601846054 ], [ 26.557653573437111, -26.967233751411069 ], [ 26.564288365831935, -26.966404402361714 ], [ 26.568088562811347, -26.965644362965833 ], [ 26.569527988053963, -26.965397799887036 ], [ 26.575445153505761, -26.964552490536779 ], [ 26.579471934106227, -26.963747134416685 ], [ 26.581726931597174, -26.963397032281005 ], [ 26.590264460068337, -26.962448418006431 ], [ 26.593170732465936, -26.962287453708225 ], [ 26.597404824399636, -26.962287453708225 ], [ 26.604085079361283, -26.96154520315693 ], [ 26.610318401860617, -26.960654728514168 ], [ 26.614040246506548, -26.960390225159077 ], [ 26.62352638925228, -26.960390225159077 ], [ 26.627741971957541, -26.960730049906456 ], [ 26.631848686882272, -26.961740748145697 ], [ 26.635581436311142, -26.962984997955321 ], [ 26.63923631706577, -26.963594144747759 ], [ 26.644683803429462, -26.965118376653642 ], [ 26.646497742039053, -26.96584395209748 ], [ 26.648163453002336, -26.966081910806519 ], [ 26.652652564384358, -26.966081910806519 ], [ 26.659081349491206, -26.965010446622042 ], [ 26.660722184352764, -26.96435411267742 ], [ 26.667334939971969, -26.961415110179995 ], [ 26.669533351817439, -26.960096063072715 ], [ 26.671702220430451, -26.958469411612956 ], [ 26.674514322255675, -26.956125993425267 ], [ 26.675515755693155, -26.954790748841962 ], [ 26.678361598516869, -26.950996291743678 ], [ 26.678865082014966, -26.950346381907107 ], [ 26.682659539113256, -26.945603310534239 ], [ 26.685891587849504, -26.942227530421871 ], [ 26.68966978955412, -26.939476671959543 ], [ 26.691634736527604, -26.938297703775454 ], [ 26.693138293557951, -26.936794146745108 ], [ 26.695957067261631, -26.934349437273486 ], [ 26.696743819688319, -26.933759372953471 ], [ 26.697333884008334, -26.932972620526783 ], [ 26.702597367183667, -26.927709137351457 ], [ 26.704895567353702, -26.925985487223933 ], [ 26.709264736225691, -26.921616318351941 ], [ 26.712083509929386, -26.919171608880305 ], [ 26.71587796702768, -26.916325766056584 ], [ 26.719672424125989, -26.91347992323286 ], [ 26.723693367473487, -26.910994843577267 ], [ 26.727262541700782, -26.90921025646362 ], [ 26.729158566871707, -26.907788237585425 ], [ 26.731891921624349, -26.905992254433414 ], [ 26.738532221546361, -26.90219779733512 ], [ 26.744039595792163, -26.899836443914964 ], [ 26.749938374216978, -26.898782131744333 ], [ 26.755922743311796, -26.899089520090165 ], [ 26.769998219505435, -26.901439261778023 ], [ 26.773806611906959, -26.902371125633188 ], [ 26.777434298691755, -26.903858442519386 ], [ 26.789123229546774, -26.909702907946897 ], [ 26.798539215271511, -26.913256110107174 ], [ 26.803060678772731, -26.915477682543614 ], [ 26.807075995029678, -26.918520091398435 ], [ 26.810438031731938, -26.922271854383467 ], [ 26.813023594541612, -26.926595496510242 ], [ 26.814737941275133, -26.931332587554383 ], [ 26.828041097705594, -26.98313427244269 ] ] } },
{ "type": "Feature", "properties": { "LINE_START": "ARIES", "LINE_END": "JUNO", "DESIGN_VOL": 765.0, "LINE_STATU": "PLANNED", "BUILD_YEAR": null, "CHECK": "OK", "Length": 347215.3 }, "geometry": { "type": "LineString", "coordinates": [ [ 20.804871221248831, -29.492880235332152 ], [ 19.840695982113274, -30.337776063440629 ], [ 19.631957012815889, -30.372565891656862 ], [ 19.547467430005039, -30.462025449927172 ], [ 19.438127969896883, -30.476935376305555 ], [ 19.209509098761643, -30.780103879332721 ], [ 19.055439859518334, -30.804953756630027 ], [ 18.836760939302021, -30.973932922251723 ], [ 18.642931896383018, -31.043512578684187 ], [ 18.444132878004552, -31.331771155332962 ], [ 18.439162902545089, -31.610089781062811 ] ] } },
{ "type": "Feature", "properties": { "LINE_START": "JUNO", "LINE_END": "STERREKUS", "DESIGN_VOL": 765.0, "LINE_STATU": "PLANNED", "BUILD_YEAR": 2032.0, "CHECK": "OK", "Length": 249813.0 }, "geometry": { "type": "LineString", "coordinates": [ [ 18.442807718289817, -31.618262731119387 ], [ 18.407261620224165, -31.684580078256793 ], [ 18.405790637470844, -31.688025659519568 ], [ 18.404949592145201, -31.691676476312992 ], [ 18.404764786291949, -31.695418356494869 ], [ 18.405241999352057, -31.699134280093958 ], [ 18.435752792207261, -31.838010992400399 ], [ 18.445709680693934, -31.935483690217296 ], [ 18.445763602200024, -31.935958515899969 ], [ 18.45104416939111, -31.978203053428643 ], [ 18.45901884297627, -32.042000442109924 ], [ 18.470090882726794, -32.135321920007215 ], [ 18.477482535732005, -32.242500888582761 ], [ 18.477558795284594, -32.243354630006266 ], [ 18.48710849327238, -32.330362989450542 ], [ 18.488642206746675, -32.336272747036851 ], [ 18.513884795134103, -32.396223894456995 ], [ 18.520925539648459, -32.415863865997039 ], [ 18.511305075096423, -32.43779852517568 ], [ 18.464112604272739, -32.529888178773092 ], [ 18.463686846587699, -32.530699419767558 ], [ 18.371611952663756, -32.706139420352372 ], [ 18.371053359650098, -32.707286430549296 ], [ 18.331147754547988, -32.795912500601212 ], [ 18.289000171054624, -32.886157914669354 ], [ 18.287756428664551, -32.889548416282032 ], [ 18.2614107287873, -32.986149315831945 ], [ 18.235594059467648, -33.041788689365681 ], [ 18.199609873296485, -33.068887891297052 ], [ 18.1973741916634, -33.070830754278887 ], [ 18.176021066962708, -33.092183878979576 ], [ 18.173329827919037, -33.095479342019892 ], [ 18.171351363263518, -33.099246107455542 ], [ 18.170165473827467, -33.103332243831844 ], [ 18.162220125101626, -33.146535077528597 ], [ 18.161878308889818, -33.150934755197554 ], [ 18.162455386478957, -33.15530979615388 ], [ 18.163926318595667, -33.159470368304611 ], [ 18.166227281809469, -33.163235945312472 ], [ 18.184203896617678, -33.186743826215512 ], [ 18.207421253354042, -33.236365235710878 ], [ 18.215864659652969, -33.281396735971846 ], [ 18.216858093744939, -33.284950902670666 ], [ 18.218453225180291, -33.288278750011223 ], [ 18.239309765585617, -33.323536234982136 ], [ 18.239488735918155, -33.323833207084007 ], [ 18.269606794116374, -33.372896495439164 ], [ 18.285460336492655, -33.407486042441967 ], [ 18.28609108226717, -33.408749286548876 ], [ 18.305457869786402, -33.444503355815151 ], [ 18.307895139042216, -33.448076062803047 ], [ 18.311007163245563, -33.451079364653417 ], [ 18.314664247836319, -33.453388097843451 ], [ 18.318713982696067, -33.45490604521158 ], [ 18.364563435199464, -33.466924833731881 ], [ 18.404798082013158, -33.505351181812379 ], [ 18.405962460573814, -33.506384158015344 ], [ 18.420908255771035, -33.518692459942464 ], [ 18.417273126541055, -33.532973324774538 ], [ 18.416642597229156, -33.53718791295551 ], [ 18.416868305344629, -33.541443424275556 ], [ 18.417941118107514, -33.545567668875982 ], [ 18.4407839956943, -33.607144121501229 ], [ 18.442686688748029, -33.611012182323783 ], [ 18.445332968610764, -33.614415024998927 ], [ 18.44861327233771, -33.617211762892019 ], [ 18.477233171309202, -33.636963524154034 ], [ 18.490219682576281, -33.690208220349071 ] ] } },
{ "type": "Feature", "properties": { "LINE_START": "JUNO", "LINE_END": "STERREKUS", "DESIGN_VOL": 765.0, "LINE_STATU": "PLANNED", "BUILD_YEAR": 2032.0, "CHECK": "OK", "Length": 248554.5 }, "geometry": { "type": "LineString", "coordinates": [ [ 18.461479881627035, -31.628271010668136 ], [ 18.425933783561383, -31.694588357805543 ], [ 18.456705032633138, -31.834650594959751 ], [ 18.466785269398027, -31.933330807500216 ], [ 18.480048738825509, -32.039438562920068 ], [ 18.491190053144592, -32.133343926466644 ], [ 18.498617596023983, -32.241043298217797 ], [ 18.50816729401177, -32.328051657662073 ], [ 18.533633155312533, -32.388533078251392 ], [ 18.543713392077422, -32.416651633437652 ], [ 18.53044992264994, -32.446892343732308 ], [ 18.482919307302126, -32.539641840129839 ], [ 18.390370708254856, -32.715984441017206 ], [ 18.350404868483455, -32.804744285810955 ], [ 18.308195203377437, -32.895122627567368 ], [ 18.281379651427731, -32.993446318049621 ], [ 18.252577762296564, -33.055519354970237 ], [ 18.212354434372006, -33.085810996987497 ], [ 18.191001309671314, -33.107164121688186 ], [ 18.183055960945474, -33.150366955384939 ], [ 18.202422748464706, -33.175692754448548 ], [ 18.227748547528318, -33.229820442643323 ], [ 18.236687064844883, -33.277492534998366 ], [ 18.257543605250209, -33.312750019969279 ], [ 18.288331831562836, -33.362905033801134 ], [ 18.304719113309876, -33.398659103067409 ], [ 18.324085900829107, -33.434413172333684 ], [ 18.375234083251694, -33.447820948308532 ], [ 18.419430085539172, -33.490030613414554 ], [ 18.444755884602785, -33.51088715381988 ], [ 18.437803704467676, -33.538199290064952 ], [ 18.460646582054462, -33.599775742690198 ], [ 18.495904067025371, -33.624108373163082 ], [ 18.510801595886317, -33.685188241492966 ] ] } }
]
}
